{
    "BirthDateValue": "Народився: {0}",
    "BirthPlaceValue": "Місце народження: {0}",
    "ButtonAddUser": "Додати користувача",
    "ButtonCancel": "Скасувати",
    "ButtonFilter": "Фільтр",
    "ButtonNew": "Новий",
    "ButtonRename": "Перейменувати",
    "ButtonResetPassword": "Скинути пароль",
    "ButtonSave": "Зберігти",
    "ButtonSignOut": "Sign out",
    "DeathDateValue": "Помер: {0}",
    "Dislike": "Не подобається",
    "Favorite": "Улюблене",
    "FolderTypeBooks": "Книги",
    "FolderTypeMovies": "Фільми",
    "FolderTypeMusic": "Музика",
    "FolderTypeTvShows": "ТБ",
    "HeaderAlbums": "Альбоми",
    "HeaderAutomaticUpdates": "Автоматичне оновлення",
    "HeaderBooks": "Книги",
    "HeaderDeleteDevice": "Видалить пристрій",
    "HeaderLatestEpisodes": "Останні епізоди",
    "HeaderLatestMedia": "Останні медіа",
    "HeaderLatestMovies": "Останні фільми",
    "HeaderLatestMusic": "Остання музика",
    "HeaderMovies": "Фільми",
    "HeaderSeasons": "Сезони",
    "HeaderSeries": "Series",
    "HeaderSettings": "Налаштування",
    "HeaderTracks": "Доріжки",
    "HeaderUsers": "Користувачі",
    "LabelBirthDate": "Дата народження:",
    "LabelBirthYear": "Рік народження:",
    "LabelCountry": "Країна:",
    "LabelCurrentPassword": "Поточний пароль:",
    "LabelDeathDate": "Дата смерті:",
    "LabelLanguage": "Мова:",
    "LabelNewPassword": "Новий пароль:",
    "LabelNext": "Вперед",
    "LabelPath": "Шлях:",
    "LabelPrevious": "Назад",
    "LabelYourFirstName": "Ім’я:",
    "Like": "Подобається",
    "MediaInfoAspectRatio": "Співвідношення сторін",
    "MediaInfoChannels": "Канали",
    "MediaInfoCodec": "Кодек",
    "MediaInfoContainer": "Контейнер",
    "MediaInfoDefault": "Типово",
    "MediaInfoLanguage": "Мова",
    "MediaInfoLevel": "Рівень",
    "MediaInfoPath": "Шлях",
    "MediaInfoProfile": "Профіль",
    "MediaInfoSize": "Розмір",
    "MessageContactAdminToResetPassword": "Будь ласка, зверніться до адміністратора для скидання вашого паролю.",
    "OptionAlbum": "Альбом",
    "OptionArtist": "Актор",
    "OptionBlockMovies": "Фільми",
    "OptionBlockTrailers": "Трейлери",
    "OptionDislikes": "Не подобається",
    "OptionFavorite": "Улюблене",
    "OptionHasSubtitles": "Субтитри",
    "OptionLikes": "Подобається",
    "OptionNameSort": "Ім’я",
    "ParentalRating": "Parental Rating",
    "Save": "Зберігти",
    "Settings": "Налаштування",
    "TabCollections": "Колекції",
    "TabEpisodes": "Епізоди",
    "TabGenres": "Жанри",
    "TabMetadata": "Метадані",
    "TabMovies": "Фільми",
    "TabNetworks": "Мережі",
    "TabNotifications": "Повідомлення",
    "TabPassword": "Пароль",
    "TabPlugins": "Додатки",
    "TabProfile": "Профіль",
    "TabProfiles": "Профілі",
    "TabTrailers": "Трейлери",
    "TabUsers": "Користувачі",
    "ValueAlbumCount": "{0} альбомів",
    "ValueDiscNumber": "Диск {0}",
    "ValueEpisodeCount": "{0} епізодів",
    "ValueMinutes": "{0} хвилин",
    "ValueMovieCount": "{0} фільмів",
    "ValueMusicVideoCount": "{0} музичних кліпів",
    "ValueOneAlbum": "1 альбом",
    "ValueOneEpisode": "1 епізод",
    "ValueOneMovie": "1 фільм",
    "ValueOneMusicVideo": "1 музичний кліп",
    "ValueOneSeries": "1 серія",
    "ValueOneSong": "1 пісня",
    "ValueSeriesCount": "{0} серій",
    "ValueSongCount": "{0} пісень"
}
