{
    "Absolute": "Absoluto",
    "Accept": "Aceptar",
    "AccessRestrictedTryAgainLater": "El acceso está restringido actualmente. Por favor intentelo más tarde.",
    "Add": "Agregar",
    "AddItemToCollectionHelp": "Agregue items a colecciones buscándolas y usando el menú de de clic derecho o de toque para agregarlos a una colección.",
    "AddToCollection": "Agregar a Colección",
    "AddToPlayQueue": "Agregar a la cola de reproducción",
    "AddToPlaylist": "Agregar a lista de reproducción",
    "AddedOnValue": "Agregado {0}",
    "AdditionalNotificationServices": "Explore el catálogo de complementos para instalar servicios de notificación adicionales.",
    "Advanced": "Avanzado",
    "AirDate": "Fecha de emisión",
    "Aired": "Transmitido",
    "Albums": "Álbumes",
    "Alerts": "Alertas",
    "All": "Todo",
    "AllChannels": "Todos los canales",
    "AllComplexFormats": "Todos los formatos complejos (ASS, SSA, VOBSUB, PGS, SUB/IDX, etc.)",
    "AllEpisodes": "Todos los episodios",
    "AllLanguages": "Todos los idiomas",
    "AllLibraries": "Todas las bibliotecas",
    "AllowHWTranscodingHelp": "Si se habilita, permite a la sintonizadora transcodificar transmisiones al vuelo. Esto podría ayudar a reducir la transcodificacion requerida por el Servidor Jellyfin.",
    "AllowMediaConversion": "Permitir conversión de medios",
    "AllowMediaConversionHelp": "Permitir o denegar acceso a la función de convertir medios.",
    "AllowOnTheFlySubtitleExtraction": "Permitir la extracción de subtitulos al vuelo",
    "AllowOnTheFlySubtitleExtractionHelp": "Los subtitulos embebidos puedes ser extraídos de los videos y enviados a las aplicaciones Jellyfin en texto plano esto para prevenir la transcodificacion del video. En algunos sistemas esto puede tomar un tiempo mas largo y causar problemas de reproducción durante el proceso de extracción. Deshabilite esto para tener subtitulos embebidos \"quemados\" en la transcodificacion de video cuando no son soportados nativamente por el dispositivo cliente.",
    "AllowRemoteAccess": "Permitir conexiones remotas a este Servidor Jellyfin.",
    "AllowRemoteAccessHelp": "Si se deshabilita, todas las conexiones remotas serán bloqueadas.",
    "AllowedRemoteAddressesHelp": "Lista separada por comas de direcciones IP/mascaras de subred para las redes a las que se les permitirá conectarse remotamente. Si se deja en blanco, todas las IP remotas serán permitidas.",
    "AlwaysPlaySubtitles": "Siempre mostrar subtítulos",
    "AlwaysPlaySubtitlesHelp": "Los subtítulos que coincidan con el lenguaje preferido serán cargados independientemente del lenguaje del audio.",
    "AnamorphicVideoNotSupported": "Video anamorfico no soportado",
    "AndroidUnlockRestoreHelp": "Para restaurar su compra previa, por favor asegúrese de que se encuentra registrado en el dispositivo con la misma cuenta de Google (o Amazon) con que hizo la compra. Asegúrese que la tienda de aplicaciones esta habilitada, no esta restringida por cualquier control parental y que tiene una conexión de internet activa. Esto se tiene que hacer solo una vez para restaurar su compra previa.",
    "AnyLanguage": "Cualquier idioma",
    "Anytime": "En cualquier momento",
    "AroundTime": "Alrededor de {0}",
    "Art": "Arte",
    "Artists": "Artistas",
    "AsManyAsPossible": "Tantos como sea posible",
    "Ascending": "Ascendente",
    "AspectRatio": "Relación de aspecto",
    "AttributeNew": "Nuevo",
    "AutoBasedOnLanguageSetting": "Auto (basado en la configuración del lenguaje)",
    "Backdrop": "Imagen de Fondo",
    "Backdrops": "Imágenes de fondo",
    "Banner": "Cartel",
    "BestFit": "Mejor ajuste",
    "BirthDateValue": "Nacimiento: {0}",
    "BirthLocation": "Lugar de nacimiento",
    "BirthPlaceValue": "Lugar de nacimiento: {0}",
    "Blacklist": "Bloqueados",
    "BookLibraryHelp": "Los libros de texto y audio libros son soportados. Revise la {0}Guía para Nomenclatura de Libros{1}.",
    "Books": "Libros",
    "Box": "Caja",
    "BoxRear": "Reverso de caja",
    "Browse": "Navegar",
    "BrowsePluginCatalogMessage": "Explorar el catalogo de complementos para ver los complementos disponibles.",
    "BurnSubtitlesHelp": "Determina si el servidor debería quemar los subtitulos al convertir el video dependiendo en el formato de los subtitulos. Evitar los subtitulos quemados mejorara el rendimiento del servidor. Elija \"Auto\" para quemar los formatos basados en imágenes (por ejemplo VOBSUB, PGS, SUB/IDX, etc.) así como ciertos subtitulos ASS/SSA",
    "ButtonAdd": "Agregar",
    "ButtonAddMediaLibrary": "Agregar Biblioteca de Medios",
    "ButtonAddScheduledTaskTrigger": "Agregar Disparador",
    "ButtonAddServer": "Agregar Servidor",
    "ButtonAddUser": "Agregar Usuario",
    "ButtonArrowDown": "Abajo",
    "ButtonArrowLeft": "Izquierda",
    "ButtonArrowRight": "Derecha",
    "ButtonArrowUp": "Arriba",
    "ButtonAudioTracks": "Pistas de Audio",
    "ButtonBack": "Atrás",
    "ButtonCancel": "Cancelar",
    "ButtonChangeContentType": "Cambiar tipo de contenido",
    "ButtonChangeServer": "Cambiar Servidor",
    "ButtonConnect": "Conectar",
    "ButtonDelete": "Eliminar",
    "ButtonDeleteImage": "Eliminar Imagen",
    "ButtonDown": "Abajo",
    "ButtonDownload": "Descargar",
    "ButtonEdit": "Editar",
    "ButtonEditImages": "Editar imágenes",
    "ButtonEditOtherUserPreferences": "Editar el perfíl de este usuario. imágen y preferencias personales.",
    "ButtonFilter": "Filtro",
    "ButtonForgotPassword": "Olvidé contraseña",
    "ButtonFullscreen": "Pantalla completa",
    "ButtonGotIt": "Hecho",
    "ButtonGuide": "Guía",
    "ButtonHelp": "Ayuda",
    "ButtonHome": "Inicio",
    "ButtonLearnMore": "Aprenda más",
    "ButtonLibraryAccess": "Acceso a biblioteca",
    "ButtonManualLogin": "Inicio de Sesión Manual",
    "ButtonMore": "Más",
    "ButtonMoreInformation": "Mas Información",
    "ButtonNetwork": "Red",
    "ButtonNew": "Nuevo",
    "ButtonNextTrack": "Pista siguiente",
    "ButtonOff": "Apagar",
    "ButtonOpen": "Abrir",
    "ButtonOther": "Otros",
    "ButtonParentalControl": "Control parental",
    "ButtonPause": "Pausar",
    "ButtonPlay": "Reproducir",
    "ButtonPreviousTrack": "Pista anterior",
    "ButtonProfile": "Perfíl",
    "ButtonQuickStartGuide": "Guía de Inicio Rápido",
    "ButtonRefresh": "Actualizar",
    "ButtonRefreshGuideData": "Actualizar Datos de la Guía",
    "ButtonRemove": "Eliminar",
    "ButtonRename": "Renombrar",
    "ButtonRepeat": "Repetir",
    "ButtonResetEasyPassword": "Restaurar código pin sencillo",
    "ButtonResetPassword": "Restablecer Contraseña",
    "ButtonRestart": "Reiniciar",
    "ButtonResume": "Continuar",
    "ButtonRevoke": "Revocar",
    "ButtonSave": "Guardar",
    "ButtonScanAllLibraries": "Escanear Todas las Bibliotecas",
    "ButtonSearch": "Búsqueda",
    "ButtonSelectDirectory": "Seleccionar Carpeta",
    "ButtonSelectServer": "Seleccionar Servidor",
    "ButtonSelectView": "Seleccionar vista",
    "ButtonSend": "Enviar",
    "ButtonSettings": "Configuración",
    "ButtonShuffle": "Aleatorio",
    "ButtonShutdown": "Apagar",
    "ButtonSignIn": "Iniciar Sesión",
    "ButtonSignOut": "Cerrar sesión",
    "ButtonSort": "Ordenar",
    "ButtonSplitVersionsApart": "Separar Versiones",
    "ButtonStart": "Iniciar",
    "ButtonStop": "Detener",
    "ButtonSubmit": "Enviar",
    "ButtonSubtitles": "Subtítulos",
    "ButtonUninstall": "Desinstalar",
    "ButtonUp": "Arriba",
    "ButtonUpload": "Subir",
    "ButtonViewWebsite": "Ver sitio web",
    "ButtonWebsite": "Sitio web",
    "CancelRecording": "Cancelar grabación",
    "CancelSeries": "Cancelar serie",
    "Categories": "Categorías",
    "ChangingMetadataImageSettingsNewContent": "Cambios en las configuraciones de descarga de metadatos o arte solo se aplicaran a contenido nuevo agregado a su biblioteca. Para aplicar los cambios a los títulos existentes, necesita actualizar los metadatos manualmente.",
    "ChannelAccessHelp": "Seleccione los canales a compartir con este usuario. Los administradores podrán editar todos los canales empleando el administrador de metadatos.",
    "ChannelNameOnly": "Canal {0} solamente",
    "ChannelNumber": "Numero de canal",
    "Channels": "Canales",
    "CinemaModeConfigurationHelp": "El modo cine trae la experiencia del cine directo al la sala de TV con la habilidad de reproducir tráilers e intros personalizados antes de la presentación estelar.",
    "Collections": "Colecciones",
    "ColorPrimaries": "Colores primarios",
    "ColorSpace": "Espacio de color",
    "ColorTransfer": "Transferencia de color",
    "CommunityRating": "Calificación de la comunidad",
    "Composer": "Compositor",
    "ConfigureDateAdded": "Configure como la fecha de adición es determinada en el Panel de Control del Servidor Jellyfin bajo la configuración de Bibliotecas",
    "ConfirmDeleteImage": "¿Eliminar imagen?",
    "ConfirmDeleteItem": "Al eliminar este ítem se eliminará tanto del sistema de archivos como de su biblioteca de medios. ¿Esta seguro de querer continuar?",
    "ConfirmDeleteItems": "Al borrar estos items serán eliminados tanto del sistema de archivos como de la biblioteca de medios. ¿Esta seguro que desea continuar?",
    "ConfirmDeletion": "Confirmar Eliminación",
    "ConfirmEndPlayerSession": "¿Desea cerrar Jellyfin en {0}?",
    "Connect": "Conectar",
    "ContinueWatching": "Continuar viendo",
    "Continuing": "Continuando",
    "CriticRating": "Calificación de la crítica",
    "CustomDlnaProfilesHelp": "Crear un perfil personalizado para un nuevo dispositivo o reemplazar un perfil del sistema.",
    "DateAdded": "Fecha de adición",
    "DatePlayed": "Fecha de reproducción",
    "DeathDateValue": "Fallcimiento: {0}",
    "Default": "Por defecto",
    "DefaultErrorMessage": "Ha ocurrido un error al procesar la solicitud. Por favor inténtelo de nuevo mas tarde.",
    "DefaultMetadataLangaugeDescription": "Estas son sus configuraciones por defecto y puedes ser personalizadas independientemente en cada biblioteca.",
    "DefaultSubtitlesHelp": "Los subtitulos son cargados basados en los indicadores \"por defecto\" y \"forzado\" incluidos en los metadatos. Las preferencias de idioma son consideradas cuando hay múltiples opciones disponibles.",
    "Delete": "Eliminar",
    "DeleteDeviceConfirmation": "¿Está seguro de querer eliminar este dispositivo? Volverá a aparecer la siguiente vez que un usuario inicie sesión en él.",
    "DeleteImage": "Eliminar imagen",
    "DeleteImageConfirmation": "¿Está seguro de querer eliminar esta imagen?",
    "DeleteMedia": "Eliminar medios",
    "DeleteUser": "Eliminar Usuario",
    "DeleteUserConfirmation": "¿Está seguro de querer eliminar este usuario?",
    "Depressed": "Depresión",
    "Descending": "Descendente",
    "Desktop": "Escritorio",
    "DetectingDevices": "Detectando dispositivos",
    "DeviceAccessHelp": "Esto solo aplica a dispositivos que pueden ser identificados de manera individual y no evitará acceso al navegador. Al filtrar el acceso de usuarios a dispositivos se impedirá que utilicen nuevos dispositivos hasta que hayan sido aprobados aquí.",
    "DirectPlaying": "Reproducción directa",
    "DirectStreamHelp1": "El medio es compatible con el dispositivo en cuanto a la resolución y tipo de medio (H.264, AC3, etc.), pero es un es un contenedor de archivo incompatible (.mkv, .avi, .wmv, etc.). El video sera re empaquetado al vuelo antes de transmitirlo al dispositivo.",
    "DirectStreamHelp2": "La Transmisión Directa de un archivo usa muy poco poder de procesamiento sin ninguna perdida en la calidad de video.",
    "DirectStreaming": "Transmisión Directa",
    "DirectorsValue": "Directores: {0}",
    "Disabled": "Desactivado",
    "Disc": "DIsco",
    "Disconnect": "Desconectar",
    "Dislike": "No me gusta",
    "Display": "Pantalla",
    "DisplayInMyMedia": "Mostrar en pantalla de inicio",
    "DisplayInOtherHomeScreenSections": "Mostrar en las secciones de la pantalla de inicio como Recientes o Continua Viendo",
    "DisplayMissingEpisodesWithinSeasons": "Desplegar episiodos faltantes en las temporadas",
    "DisplayMissingEpisodesWithinSeasonsHelp": "Debe habilitarse también en las bibliotecas de TV en la configuraciòn del Servidor Jellyfin.",
    "DisplayModeHelp": "Seleccione el tipo de pantalla en la que se encuentra ejecutando Jellyfin.",
    "DoNotRecord": "No grabar",
    "Down": "Abajo",
    "Download": "Descargar",
    "DownloadsValue": "{0} descargas",
    "DrmChannelsNotImported": "Los canales con DRM no serán importados.",
    "DropShadow": "Mostrar sombra",
    "EasyPasswordHelp": "Tu código pin sencillo es usado para el acceso sin conexión con las aplicaciones Jellyfin soportadas, y también puede ser usado para iniciar sesión más fácilmente cuando esta conectado dentro de su red.",
    "Edit": "Editar",
    "EditImages": "Editar imágenes",
    "EditMetadata": "Editar metadatos",
    "EditSubtitles": "Editar subtítulos",
    "EnableBackdrops": "Habilitar imágenes de fondo",
    "EnableBackdropsHelp": "Al habilitarse, las imágenes de fondo serán deplegadas en el fondo de algunas páginas mientras navega en la biblioteca.",
    "EnableCinemaMode": "Activar modo cine",
    "EnableColorCodedBackgrounds": "Habilitar fondos con código de color",
    "EnableDebugLoggingHelp": "El registro de depuración debería ser habilitado solamente para propósitos de solución de problemas. El incremento en el archivo de sistema podría prevenir que el servidor entre en modo suspendido bajo algunos entornos.",
    "EnableDisplayMirroring": "Habilitar duplicación de pantalla",
    "EnableExternalVideoPlayers": "Habilitar reproductores externos de video",
    "EnableExternalVideoPlayersHelp": "Un menú de reproductor externo se mostrara cuando inicie la reproducción de un video.",
    "EnableHardwareEncoding": "Habilitar codificación por hardware",
    "EnableNextVideoInfoOverlay": "Habilitar ver la información del siguiente video durante la reproducción",
    "EnableNextVideoInfoOverlayHelp": "Al finalizar un video, mostrar información sobre el siguiente video a reproducir en la lista de reproducción.",
    "EnablePhotos": "Habilitar fotografías",
    "EnablePhotosHelp": "Las fotografías serán detectadas y mostradas junto con otros archivos de medios.",
    "EnableStreamLooping": "Repetir automáticamente transmisiones en vivo",
    "EnableStreamLoopingHelp": "Habilite esta opción si las transmisiones en vivo contienen solo unos pocos segundos de datos y necesitan ser solicitadas continuamente. Habilitarlo cuando no es requerido puede causar problemas.",
    "EnableThemeSongs": "Habilitar canciones de tema",
    "EnableThemeSongsHelp": "Al habilitarse, las canciones de tema serán reproducidas en el fondo mientras navega en la biblioteca.",
    "EnableThemeVideos": "Habilitar videos de tema",
    "EnableThemeVideosHelp": "Al habilitarse, los videos de tema serán reproducidos en el fondo mientras navega en la biblioteca.",
    "Ended": "Finalizado",
    "EndsAtValue": "Termina a las {0}",
    "Episodes": "Episodios",
    "ErrorAddingListingsToSchedulesDirect": "Hubo un error agregando la programación de su cuenta de Schedules Direct. Schedules Direct solo permite un numero limitado de programaciones por cuenta. Tal vez necesite acceder al sitio web de Schedules Direct y eliminar otras programaciones de su cuenta antes de continuar.",
    "ErrorAddingMediaPathToVirtualFolder": "Hubo un error agregando la ruta de medios. Por favor asegúrese de que la ruta es valida y que el proceso del Servidor Jellyfin tenga acceso a ese destino.",
    "ErrorAddingTunerDevice": "Hubo un error al agregar el dispositivo sintonizador. Por favor asegúrese de que este disponible e intente de nuevo.",
    "ErrorAddingXmlTvFile": "Hubo un error accediendo al archivo XmlTV. Por favor asegúrese de que el archivo existe e intente de nuevo.",
    "ErrorDeletingItem": "Hubo un error eliminando el ítem del Servidor Jellyfin. Por favor verifique tenga permisos de escritura en la carpeta de medios e intente de nuevo.",
    "ErrorGettingTvLineups": "Hubo un error al descargar la programación de TV. Por favor asegúrese que su información este correctas e intente de nuevo.",
    "ErrorMessageStartHourGreaterThanEnd": "El horario de fin debe ser mayor al de comienzo.",
    "ErrorPleaseSelectLineup": "Por favor seleccione una programación e intente de nuevo. Si no hay disponible ninguna, entonces por favor verifique que su nombre de usuario, contraseña, y código postal sean correctos.",
    "ErrorSavingTvProvider": "Hubo un error al salvar el proveedor de TV. Por favor asegúrese de que este disponible e intente de nuevo.",
    "EveryNDays": "Cada {0} días",
    "ExitFullscreen": "Salir de Pantalla Completa",
    "ExtraLarge": "Extra grande",
    "ExtractChapterImagesHelp": "Extraer las imágenes de los capítulos permitirá a las aplicaciones Jellyfin mostrar una menú de selección de escenas grafico. El proceso puede ser lento, hacer uso intensivo del cpu y requerir el uso de varios gigabytes de espacio. Se ejecuta como una tarea nocturna programada, aunque puede configurarse en el área de tareas programadas. No se recomienda ejecutarlo durante un horario de uso intensivo.",
    "FFmpegSavePathNotFound": "No fue posible localizar FFmpeg usando la ruta que introdujo. FFprobe también es requerido y debe de estar en la misma carpeta. Estos componentes normalmente están empaquetados en la misma descarga. Por favor verifique la ruta e intente de nuevo.",
    "FastForward": "Avance Rápido",
    "Favorite": "Favorito",
    "Favorites": "Favoritos",
    "Features": "Características",
    "File": "Archivo",
    "FileNotFound": "Archivo no encontrado.",
    "FileReadCancelled": "La lectura del archivo ha sido cancelada.",
    "FileReadError": "Ha ocurrido un error al leer el archivo.",
    "Filters": "Filtros",
    "FolderTypeBooks": "Libros",
    "FolderTypeMovies": "Películas",
    "FolderTypeMusic": "Música",
    "FolderTypeMusicVideos": "Videos musicales",
    "FolderTypeTvShows": "Series de TV",
    "FolderTypeUnset": "Contenido mixto",
    "Folders": "Carpetas",
    "ForAdditionalLiveTvOptions": "Para proveedores adicionales de TV en Vivo, de clic en la pestaña de Servicios para ver las opciones disponibles.",
    "FormatValue": "Formato: {0}",
    "Friday": "Viernes",
    "Fullscreen": "Pantalla Completa",
    "GenreValue": "Genero: {0}",
    "Genres": "Géneros",
    "GenresValue": "Géneros: {0}",
    "GroupBySeries": "Agrupar por series",
    "GroupVersions": "Agrupar versiones",
    "GuestStar": "Estrella invitada",
    "Guide": "Guía",
    "GuideProviderLogin": "Iniciar Sesión",
    "GuideProviderSelectListings": "Elegir Listados",
    "H264CrfHelp": "El \"Factor de Transferencia Constante\" o \"Constant Rate Factor\" (CFR) es la configuración por defecto para el codificador x264. Puede poner valores entre 0 y 51, donde los valores mas bajos dan como resultado mejor calidad (a expensas de archivos mas grandes). Los valores comunes son entre 18 y 28. El valor por defecto para x264 es 23, puede usar este valor como punto de referencia.",
    "H264EncodingPresetHelp": "Elija un valor mas rápido para mejorar el rendimiento, o uno mas lento para mejorar la calidad.",
    "HDPrograms": "Programas en HD",
    "HandledByProxy": "Manejado por un proxy inverso",
    "HardwareAccelerationWarning": "Habilitar la aceleración por hardware podría causar inestabilidad en algunos entornos, Asegúrese de que su sistema operativo y controladores de video están actualizados. Si tiene dificultades reproduciendo vides después de habilitar esto, necesita cambiar las configuraciones de nuevo a Auto.",
    "HeaderAccessSchedule": "Acceder Programación",
    "HeaderAccessScheduleHelp": "Crear programación de acceso para limitar el acceso a ciertos horarios.",
    "HeaderActiveDevices": "Dispositivos Activos",
    "HeaderActiveRecordings": "Grabaciones Activas",
    "HeaderActivity": "Actividad",
    "HeaderAddScheduledTaskTrigger": "Agregar Disparador",
    "HeaderAddToCollection": "Agregar a Colección",
    "HeaderAddToPlaylist": "Agregar a Lista de Reproducción",
    "HeaderAddUpdateImage": "Agregar/Actualizar Imagen",
    "HeaderAddUser": "Agregar Usuario",
    "HeaderAdditionalParts": "Partes Adicionales",
    "HeaderAlbumArtists": "Artistas del álbum",
    "HeaderAlbums": "Álbumes",
    "HeaderAlert": "Alerta",
    "HeaderAllowMediaDeletionFrom": "Permitir Eliminacion de Medios De",
    "HeaderApiKey": "Llave de API",
    "HeaderApiKeys": "Llaves de API",
    "HeaderApiKeysHelp": "Son necesarias aplicaciones externas para obtener una clave Api para comunicarse con el Servidor Jellyfin. Las clave son emitidas accediendo con una cuenta Jellyfin, u obteniendo manualmente la clave de la aplicación.",
    "HeaderAppearsOn": "Aparece En",
    "HeaderAudioBooks": "Audio Libros",
    "HeaderAudioSettings": "Configuración de Audio",
    "HeaderAutomaticUpdates": "Actualizaciones Automáticas",
    "HeaderBlockItemsWithNoRating": "Bloquear ítems sin clasificación o con información de clasificación desconocida:",
    "HeaderBooks": "Libros",
    "HeaderBranding": "Establecer Marca",
    "HeaderCancelRecording": "Cancelar Grabación",
    "HeaderCancelSeries": "Cancelar Serie",
    "HeaderCastAndCrew": "Reparto & Personal:",
    "HeaderCastCrew": "Reparto y Personal",
    "HeaderChangeFolderType": "Cambiar Tipo de Contenido",
    "HeaderChangeFolderTypeHelp": "Para cambiar el tipo, por favor elimine y reconstruya la biblioteca con el nuevo tipo.",
    "HeaderChannelAccess": "Acceso a los Canales",
    "HeaderChannels": "Canales",
    "HeaderChapterImages": "Imagenes de Capitulo",
    "HeaderCodecProfile": "Perfil de Codecs",
    "HeaderCodecProfileHelp": "Los perfiles de codificación indican las limitaciones de un dispositivo al reproducir con codecs específicos. Si aplica una limitación el medio será transcodificado, aún si el codec ha sido configurado para reprodución directa.",
    "HeaderConfigureRemoteAccess": "Configurar Acceso Remoto",
    "HeaderConfirmPluginInstallation": "Confirmar Instalación de Complemento",
    "HeaderConfirmProfileDeletion": "Confirmar Eliminación del Perfil",
    "HeaderConfirmRevokeApiKey": "Revocar llave de API",
    "HeaderConnectToServer": "Conectarse al servidor",
    "HeaderConnectionFailure": "Falla de Conexión",
    "HeaderContainerProfile": "Perfil del Contenedor",
    "HeaderContainerProfileHelp": "Los perfiles de contenedor indican las limitaciones de un dispositivo al reproducir formatos específicos. Si aplica una limitación el medio será transcodificado, aún si el formato ha sifo configurado para reproducción directa.",
    "HeaderContinueListening": "Continuar Escuchando",
    "HeaderContinueWatching": "Continuar Viendo",
    "HeaderCustomDlnaProfiles": "Perfiles Personalizados",
    "HeaderDateIssued": "Fecha de Emisión",
    "HeaderDefaultRecordingSettings": "Configuración Predeterminada de Grabaciones",
    "HeaderDeleteDevice": "Eliminar Dispositivo",
    "HeaderDeleteItem": "Eliminar Ítem",
    "HeaderDeleteItems": "Borrar items",
    "HeaderDeleteProvider": "Eliminar Proveedor",
    "HeaderDeleteTaskTrigger": "Borrar Disparador de Tarea",
    "HeaderDetectMyDevices": "Detectar Mis Dispositivos",
    "HeaderDeveloperInfo": "Info del desarrollador",
    "HeaderDeviceAccess": "Acceso a Dispositivos",
    "HeaderDevices": "Dispositivos",
    "HeaderDirectPlayProfile": "Perfil de Reproducción Directa",
    "HeaderDirectPlayProfileHelp": "Agregue perfiles de reproducción directa para indicar que formatos puede manejar el dispositivo de manera nativa.",
    "HeaderDisplay": "Pantalla",
    "HeaderDisplaySettings": "Configuración de Pantalla",
    "HeaderDownloadSync": "Descargar y Sincronizar",
    "HeaderEasyPinCode": "Código Pin Sencillo",
    "HeaderEditImages": "Editar imágenes",
    "HeaderEnabledFields": "Campos Habilitados",
    "HeaderEnabledFieldsHelp": "Desmarcar un campo para bloquearlo y prevenir que sus datos cambien.",
    "HeaderEpisodes": "Episodios",
    "HeaderExternalIds": "IDs Externos:",
    "HeaderFeatureAccess": "Permisos de acceso",
    "HeaderFeatures": "Características",
    "HeaderFetchImages": "Buscar imágenes:",
    "HeaderFetcherSettings": "Configuración de Recolectores",
    "HeaderFilters": "Filtros",
    "HeaderForKids": "Para Niños",
    "HeaderForgotPassword": "Contraseña Olvidada",
    "HeaderFrequentlyPlayed": "Reproducido Frecuentemente",
    "HeaderGenres": "Géneros",
    "HeaderGuideProviders": "Proveedores de Guías de TV",
    "HeaderHomeScreen": "Pantalla de Inicio",
    "HeaderHomeScreenSettings": "Configuración de pantalla de inicio",
    "HeaderHttpHeaders": "Encabezados Http",
    "HeaderIdentification": "Identificación",
    "HeaderIdentificationCriteriaHelp": "Introduzca, al menos, un criterio de identificación.",
    "HeaderIdentificationHeader": "Encabezado de Identificación",
    "HeaderIdentifyItemHelp": "Introduzca uno o más criterios de búsqueda. Elimine criterios para expandir los resultados.",
    "HeaderImageOptions": "Opciones de Imagen",
    "HeaderImageSettings": "Configuración de Imágenes",
    "HeaderInstall": "Instalar",
    "HeaderInstantMix": "Mezcla Instantánea",
    "HeaderItems": "Ítems",
    "HeaderJellyfinServer": "Servidor Jellyfin",
    "HeaderKeepRecording": "Conservar Grabaciones",
    "HeaderKeepSeries": "Conservar Serie",
    "HeaderKodiMetadataHelp": "Para habilitar o deshabilitar los metadatos Nfo, edite una biblioteca en la configuracion de bibliotecas de Jellyfin y busque la sección de grabadores de metadatos.",
    "HeaderLatestEpisodes": "Episodios Recientes",
    "HeaderLatestMedia": "Agregadas Recientemente",
    "HeaderLatestMovies": "Películas Recientes",
    "HeaderLatestMusic": "Música Reciente",
    "HeaderLatestRecordings": "Grabaciones Recientes",
    "HeaderLibraries": "Bibliotecas",
    "HeaderLibraryAccess": "Acceso a la Biblioteca",
    "HeaderLibraryFolders": "Carpetas de Biblioteca",
    "HeaderLibraryOrder": "Orden de Bibliotecas",
    "HeaderLibrarySettings": "Configuraciones de Biblioteca",
    "HeaderLiveTV": "TV en Vivo",
    "HeaderLiveTv": "TV en Vivo",
    "HeaderLiveTvTunerSetup": "Configuración del sintonizador de TV",
    "HeaderLoginFailure": "Falló el Inicio de Sesión",
    "HeaderMedia": "Medios",
    "HeaderMediaFolders": "Carpetas de Medios",
    "HeaderMediaInfo": "Info del Medio",
    "HeaderMetadataSettings": "Configuración de metadatos",
    "HeaderMoreLikeThis": "Mas Como Esto",
    "HeaderMovies": "Películas",
    "HeaderMusicQuality": "Calidad de Musica",
    "HeaderMusicVideos": "Videos Musicales",
    "HeaderMyDevice": "Mi Dispositivo",
    "HeaderMyMedia": "Mis Medios",
    "HeaderMyMediaSmall": "Mis medios (pequeño)",
    "HeaderNewApiKey": "Nueva llave de API",
    "HeaderNewDevices": "Nuevos Dispositivos",
    "HeaderNextEpisodePlayingInValue": "El Siguiente Episodio se Reproducirá en {0}",
    "HeaderNextUp": "A Continuación",
    "HeaderNextVideoPlayingInValue": "El Siguiente Video se Reproducirá en {0}",
    "HeaderOnNow": "Transmitiéndo Ahora",
    "HeaderOtherItems": "Otros Ítems",
    "HeaderParentalRatings": "Clasificación Parental",
    "HeaderPassword": "Contraseña",
    "HeaderPasswordReset": "Restablecer Contraseña",
    "HeaderPaths": "Rutas",
    "HeaderPendingInvitations": "Invitaciones Pendientes",
    "HeaderPeople": "Personas",
    "HeaderPhotoAlbums": "Álbumes de Fotos",
    "HeaderPinCodeReset": "Restablecer Código Pin",
    "HeaderPlayAll": "Reproducir Todo",
    "HeaderPlayOn": "Reproducir En",
    "HeaderPlayback": "Reproducción de Medios",
    "HeaderPlaybackError": "Error de Reproducción",
    "HeaderPlaybackSettings": "Configuración de Reproducción",
    "HeaderPleaseSignIn": "Por favor inicie sesión",
    "HeaderPluginInstallation": "Instalación de complemento",
    "HeaderPreferredMetadataLanguage": "Idioma Preferido para Metadatos",
    "HeaderProfile": "Perfíl",
    "HeaderProfileInformation": "Información de Perfil",
    "HeaderProfileServerSettingsHelp": "Estos valores controlan como el Servidor Jellyfin se presentara al dispositivo.",
    "HeaderRecentlyPlayed": "Reproducido Recientemente",
    "HeaderRecordingOptions": "Opciones de Grabación",
    "HeaderRecordingPostProcessing": "Post Procesado de las Grabaciones",
    "HeaderRemoteControl": "Control Remoto",
    "HeaderRemoveMediaFolder": "Eliminar Carpteta de Medios",
    "HeaderRemoveMediaLocation": "Eliminar Ubicación de Medios",
    "HeaderResponseProfile": "Perfil de Respuesta:",
    "HeaderResponseProfileHelp": "Los perfiles de respuesta proporcionan un medio para personalizar la información enviada a un dispositivo cuando se reproducen ciertos tipos de medios.",
    "HeaderRestart": "Reiniciar",
    "HeaderRevisionHistory": "Historial de Versiones",
    "HeaderRunningTasks": "Tareas en Ejecución",
    "HeaderScenes": "Escenas",
    "HeaderSchedule": "Programación",
    "HeaderSeasons": "Temporadas",
    "HeaderSecondsValue": "{0} Segundos",
    "HeaderSelectCertificatePath": "Seleccione la Ruta del Certificado",
    "HeaderSelectMetadataPath": "Seleccionar Ruta para Metadatos",
    "HeaderSelectMetadataPathHelp": "Explore o introduzca la ruta donde desea almacenar los metadatos. La carpeta debe tener permisos de escritura.",
    "HeaderSelectPath": "Seleccionar Ruta",
    "HeaderSelectServer": "Seleccionar Servidor",
    "HeaderSelectServerCachePath": "Seleccionar ruta para Caché del Servidor",
    "HeaderSelectServerCachePathHelp": "Explore o introduzca la ruta a utilizar para los archivos del caché del servidor. La carpeta debe tener permisos de escritura.",
    "HeaderSelectTranscodingPath": "Seleccionar Ruta para Transcodificación Temporal",
    "HeaderSelectTranscodingPathHelp": "Explore o introduzca la ruta a utilizar para los archivos temporales de transcodificación. La carpeta debe tener permisos de escritura.",
    "HeaderSendMessage": "Enviar Mensaje",
    "HeaderSeries": "Series:",
    "HeaderSeriesOptions": "Opciones de Serie",
    "HeaderSeriesStatus": "Estado de la Serie",
    "HeaderServerSettings": "Configuración del Servidor",
    "HeaderSettings": "Configuración",
    "HeaderSetupLibrary": "Configurar sus bibliotecas de medios",
    "HeaderShutdown": "Apagar",
    "HeaderSortBy": "Ordenar Por",
    "HeaderSortOrder": "Ordenado Por",
    "HeaderSpecialEpisodeInfo": "Información del Episodio Especial",
    "HeaderSpecialFeatures": "Características Especiales",
    "HeaderStartNow": "Iniciar Ahora",
    "HeaderStatus": "Estado",
    "HeaderStopRecording": "Detener Grabación",
    "HeaderSubtitleAppearance": "Apariencia de Subtitulos",
    "HeaderSubtitleDownloads": "Descarga de Subtitulos",
    "HeaderSubtitleProfile": "Perfíl de Subtítulo",
    "HeaderSubtitleProfiles": "Perfiles de Subtítulos",
    "HeaderSubtitleProfilesHelp": "Los perfiles de subtítulos describen el formato del subtítulo soportado por el dispositivo.",
    "HeaderSubtitleSettings": "Configuración de Subtitulos",
    "HeaderSystemDlnaProfiles": "Perfiles del Sistema",
    "HeaderTags": "Etiquetas",
    "HeaderTaskTriggers": "Disparadores de Tarea",
    "HeaderThisUserIsCurrentlyDisabled": "Este usuario se encuentra actualmente deshabilitado",
    "HeaderTracks": "Pistas",
    "HeaderTranscodingProfile": "Perfil de Transcodificación",
    "HeaderTranscodingProfileHelp": "Agruegue perfiles de transcodificación para indicar que formatos deben ser usados cuando se requiera transcodificar.",
    "HeaderTunerDevices": "Sintonizadores",
    "HeaderTuners": "Sintonizador",
    "HeaderTypeImageFetchers": "{0} Recolectores de Imágenes",
    "HeaderTypeText": "Introduzca Texto",
    "HeaderUpcomingOnTV": "Próximamente en TV",
    "HeaderUploadImage": "Subir Imagen",
    "HeaderUploadNewImage": "Subir Nueva Imagen",
    "HeaderUser": "Usuario",
    "HeaderUsers": "Usuarios",
    "HeaderVideoQuality": "Calidad de Video",
    "HeaderVideoType": "Tipo de Video",
    "HeaderVideoTypes": "Tipos de Video",
    "HeaderXmlDocumentAttribute": "Atributo del Documento XML",
    "HeaderXmlDocumentAttributes": "Atributos del Documento XML",
    "HeaderXmlSettings": "Configuración XML",
    "HeaderYears": "Años",
    "HeadersFolders": "Carpetas",
    "Help": "Ayuda",
    "Hide": "Ocultar",
    "HideWatchedContentFromLatestMedia": "Ocultar contenido ya visto de Agregadas Recientemente",
    "Home": "Inicio",
    "HttpsRequiresCert": "Para habilitar las conexiones seguras, es necesario proporcionar un certificado SSL de confianza, como el de \"Lets Encrypt\". Por favor proporcione un certificado, o desactive las conexiones seguras.",
    "Identify": "Identificar",
    "Images": "Imágenes",
    "ImportFavoriteChannelsHelp": "Si se habilita, solo los canales marcados como favoritos en el dispositivo sintonizador serán importados.",
    "ImportMissingEpisodesHelp": "Si se habilita, se importara a su base de datos de Jellyfin información sobre episodios faltantes y se mostrara dentro de las temporadas y series. Esto podría ocasionar escaneos de biblioteca significativamente mas largos.",
    "InstallingPackage": "Instalando {0}",
    "InstantMix": "Mix instantáneo",
    "ItemCount": "{0} ítems",
    "Items": "Ítems",
    "Kids": "Niños",
    "Label3DFormat": "Formato 3D:",
    "LabelAbortedByServerShutdown": "(Abortada por apagado del servidor)",
    "LabelAccessDay": "Día de la semana:",
    "LabelAccessEnd": "Horario de fin:",
    "LabelAccessStart": "Horario de comienzo:",
    "LabelAirDays": "Se emite los días:",
    "LabelAirTime": "Duración:",
    "LabelAirsAfterSeason": "Transmisión después de la temporada:",
    "LabelAirsBeforeEpisode": "Transmisión antes del episodio:",
    "LabelAirsBeforeSeason": "Transmisión antes de la temporada:",
    "LabelAlbum": "Álbum",
    "LabelAlbumArtHelp": "PN usado para arte del álbum, dentro del atributo dlna:profileID en upnp:albumArtURI. Algunos dispositivos requieren valores específicos, independientemente del tamaño de la imagen.",
    "LabelAlbumArtMaxHeight": "Altura máxima para arte del álbum:",
    "LabelAlbumArtMaxHeightHelp": "Máxima resolución para arte del album expuesta via upnp:albumArtURI.",
    "LabelAlbumArtMaxWidth": "Ancho máximo para arte del álbum:",
    "LabelAlbumArtMaxWidthHelp": "Máxima resolución para arte del album expuesta via upnp:albumArtURI.",
    "LabelAlbumArtPN": "PN para arte del álbum:",
    "LabelAlbumArtists": "Artistas del álbum:",
    "LabelAll": "Todos",
    "LabelAllowHWTranscoding": "Permitir transcodificacion de hardware",
    "LabelAllowServerAutoRestart": "Permite al servidor reiniciar automáticamente para aplicar actualizaciones",
    "LabelAllowServerAutoRestartHelp": "El servidor reiniciará únicamente durante periodos ociosos, cuando no haya usuarios activos.",
    "LabelAllowedRemoteAddresses": "Filtrar IP remota:",
    "LabelAllowedRemoteAddressesMode": "Modo de filtrado de IP remota:",
    "LabelAppName": "Nombre del App",
    "LabelAppNameExample": "Ejemplo: Sickbeard, NzbDrone",
    "LabelArtists": "Artistas:",
    "LabelArtistsHelp": "Separar múltiples empleando ;",
    "LabelAudioLanguagePreference": "Idioma preferido de audio:",
    "LabelAutomaticallyRefreshInternetMetadataEvery": "Actualizar automáticamente metadatos de internet:",
    "LabelBindToLocalNetworkAddress": "Atar a la dirección de red local:",
    "LabelBindToLocalNetworkAddressHelp": "Opcional. Forzar la dirección IP local a la que se vinculara el servidor http. Si se deja en blanco, el servidor vinculara todas las direcciones disponibles. Cambiando este valor se requerirá reiniciar el Servidor Jellyfin.",
    "LabelBirthDate": "Fecha de Nacimiento:",
    "LabelBirthYear": "Año de nacimiento:",
    "LabelBlastMessageInterval": "Intervalo de mensajes de vida (segundos)",
    "LabelBlastMessageIntervalHelp": "Determina la duración en segundos del intervalo entre mensajes de vida.",
    "LabelBlockContentWithTags": "Bloquear ítems con etiquetas:",
    "LabelBurnSubtitles": "Subtitulos quemados:",
    "LabelCache": "Caché:",
    "LabelCachePath": "Ruta para el Caché:",
    "LabelCachePathHelp": "Especifique una ubicación personalizada para los archivos de caché del servidor, tales como imágenes. Dejar en blanco para utilizar la configuración por defecto.",
    "LabelCancelled": "Cancelado",
    "LabelCertificatePassword": "Contraseña del certificado:",
    "LabelCertificatePasswordHelp": "Si su certificado requiere de una contraseña, por favor introdúzcala aquí.",
    "LabelChannels": "Canales:",
    "LabelCollection": "Colección:",
    "LabelCommunityRating": "Calificación de la comunidad:",
    "LabelContentType": "Tipo de Contenido:",
    "LabelCountry": "País:",
    "LabelCriticRating": "Calificación de la crítica:",
    "LabelCurrentPassword": "Contraseña actual:",
    "LabelCustomCertificatePath": "Ruta personalizada del certificado ssl:",
    "LabelCustomCertificatePathHelp": "Trayectoria a un archivo PKCS #12 que contiene el certificado y la llave privada para habilitar soporte a TLS en un dominio personalizado.",
    "LabelCustomCss": "css personalizado:",
    "LabelCustomCssHelp": "Aplicar tu propia css personalizada a la interfaz web.",
    "LabelCustomDeviceDisplayName": "Nombre a mostrar:",
    "LabelCustomDeviceDisplayNameHelp": "Proporcione un nombre personalizado para mostrar o déjelo vacío para usar el nombre reportado por el dispositivo.",
    "LabelCustomRating": "Calificación personalizada:",
    "LabelDashboardTheme": "Tema del panel de control del Servidor:",
    "LabelDateAdded": "Fecha de adición:",
    "LabelDateAddedBehavior": "Comportamiento de fecha de adición para nuevo contenido:",
    "LabelDateAddedBehaviorHelp": "Si se encuentra un valor en los metadados siempre será empleado antes que cualquiera de estas opciones.",
    "LabelDateTimeLocale": "Configuración regional de Fecha y Hora:",
    "LabelDay": "Día:",
    "LabelDeathDate": "Fecha de defunción:",
    "LabelDefaultScreen": "Pantalla por defecto:",
    "LabelDefaultUser": "Usuario por defecto:",
    "LabelDefaultUserHelp": "Determina que usuario de la biblioteca será mostrado en los dispositivos conectados. Este puede ser reemplazado para cada dispositivo empleando perfiles.",
    "LabelDeviceDescription": "Descripción del dispositivo",
    "LabelDidlMode": "Modo DIDL:",
    "LabelDiscNumber": "Número de disco:",
    "LabelDisplayLanguage": "Lenguaje de Despliege:",
    "LabelDisplayLanguageHelp": "La traducción de Jellyfin es un proyecto en curso.",
    "LabelDisplayMissingEpisodesWithinSeasons": "Mostar episodios no disponibles en las temporadas",
    "LabelDisplayMode": "Modo de Pantalla:",
    "LabelDisplayName": "Nombre a mostrar:",
    "LabelDisplayOrder": "Orden para mostrar:",
    "LabelDisplayPluginsFor": "Mostrar complementos para:",
    "LabelDisplaySpecialsWithinSeasons": "Mostrar especiales dentro de las temporadas en que fueron transmitidos",
    "LabelDownMixAudioScale": "Fortalecimiento de audio durante el downmix:",
    "LabelDownMixAudioScaleHelp": "Fortalezca el audio cuando se hace down mix. Coloque 1 para preservar el valor del volumen original.",
    "LabelDownloadLanguages": "Descargar lenguajes:",
    "LabelDropImageHere": "Arrastre la imagen aquí, o de clic para navegar.",
    "LabelDropShadow": "Mostrar sombra:",
    "LabelEasyPinCode": "Código pin sencillo:",
    "LabelEmbedAlbumArtDidl": "Incrustar arte del álbum en DIDL",
    "LabelEmbedAlbumArtDidlHelp": "Algunos dispositivos prefieren este método para obtener arte del álbum. Otros podrían fallar al reproducir con esta opción habilitada.",
    "LabelEnableAutomaticPortMap": "Habilitar mapeo automático de puertos",
    "LabelEnableAutomaticPortMapHelp": "Intentar mapear automáticamente el puerto público con el puerto local via UPnP. Esto podría no funcionar con algunos modelos de ruteadores.",
    "LabelEnableBlastAliveMessages": "Bombardeo de mensajes de vida",
    "LabelEnableBlastAliveMessagesHelp": "Habilite esto si el servidor no es detectado de manera confiable por otros dispositivos UPnP en su red.",
    "LabelEnableDebugLogging": "Habilitar bitácoras de depuración",
    "LabelEnableDlnaClientDiscoveryInterval": "Intervalo de Detección de Clientes (segundos)",
    "LabelEnableDlnaClientDiscoveryIntervalHelp": "Determina la duración en segundos entre búsquedas SSDP realizadas por Jellyfin.",
    "LabelEnableDlnaDebugLogging": "Habilitar el registro de DLNA en la bitácora",
    "LabelEnableDlnaDebugLoggingHelp": "Esto creará archivos de bitácora muy grandes y solo se recomienda cuando se requiera solucionar problemas.",
    "LabelEnableDlnaPlayTo": "Habilitar Reproducir En mediante DLNA",
    "LabelEnableDlnaPlayToHelp": "Jellyfin puede detectar dispositivos dentro de su red y ofrecer la capacidad de controlarlas remotamente.",
    "LabelEnableDlnaServer": "Habilitar servidor DLNA",
    "LabelEnableDlnaServerHelp": "Permite a dispositivos UPnP en su red navegar y reproducir contenido de Jellyfin.",
    "LabelEnableHardwareDecodingFor": "Habilitar decodificacion por hardware para:",
    "LabelEnableRealtimeMonitor": "Activar monitoreo en tiempo real",
    "LabelEnableRealtimeMonitorHelp": "Los cambios en los archivos serán procesados inmediatamente, en los sistemas de archivo que lo soporten.",
    "LabelEnableSingleImageInDidlLimit": "Limitar a una sola imagen incrustada",
    "LabelEnableSingleImageInDidlLimitHelp": "Algunos dispositivos no renderisaran apropiadamente si hay múltiples imágenes incrustadas en el Didl.",
    "LabelEndDate": "Fecha de Fin:",
    "LabelEpisodeNumber": "Episodio numero:",
    "LabelEvent": "Evento:",
    "LabelEveryXMinutes": "Cada:",
    "LabelExternalDDNS": "Dominio externo:",
    "LabelExternalDDNSHelp": "Si tiene un DNS dinámico introdúzcalo aquí. Las aplicaciones Jellyfin lo usaran cuando se conecte remotamente. Este campo es obligatorio si se utiliza un certificado ssl personalizado. Ejemplo: midominio.com.",
    "LabelExtractChaptersDuringLibraryScan": "Extraer imágenes de capítulos durante la exploración de la biblioteca",
    "LabelExtractChaptersDuringLibraryScanHelp": "Si se activa, las imágenes de capítulos serán extraídas cuando los videos sean importados durante la exploración de la biblioteca. Si se deshabilita, serán extraídas durante la ejecución de la tarea programada de extracción de imágenes de capítulos, permitiéndo que la exploración normal de la biblioteca se complete más rápidamente.",
    "LabelFailed": "Fallido",
    "LabelFanartApiKey": "Clave api personal:",
    "LabelFanartApiKeyHelp": "Solicitar fanart sin una clave API personal muestra los imagenes que fueron aprobadas hace 7 días. Con una clave API personal se reduce a 48 horas y si eres miembro VIP de fanart será alrededor de 10 minutos.",
    "LabelFileOrUrl": "Archivo o url:",
    "LabelFinish": "Terminar",
    "LabelFont": "Fuente:",
    "LabelForgotPasswordUsernameHelp": "Introduce tu nombre de usuario, si lo recuerdas.",
    "LabelFormat": "Formato:",
    "LabelFriendlyName": "Nombre amistoso:",
    "LabelServerNameHelp": "Este nombre será usado para identificar este servidor. Si se deja en blanco, se usará el nombre de la computadora.",
    "LabelGroupMoviesIntoCollections": "Agrupar películas en colecciones",
    "LabelGroupMoviesIntoCollectionsHelp": "Cuando se muestran listados de películas, las películas que pertenecen a una colección serán mostradas agrupadas en un solo ítem.",
    "LabelH264Crf": "CRF de codificación H264:",
    "LabelH264EncodingPreset": "Codificación H264 predefinido:",
    "LabelHardwareAccelerationType": "Aceleración por Hardware:",
    "LabelHardwareAccelerationTypeHelp": "Disponible únicamente en sistemas soportados.",
    "LabelHomeNetworkQuality": "Calidad en Red Local:",
    "LabelHomeScreenSectionValue": "Pagina de inicio sección {0}:",
    "LabelHttpsPort": "Número de puerto https local:",
    "LabelHttpsPortHelp": "El numero de puerto tcp con el que se deberá vincular el servidor https de Jellyfin.",
    "LabelIconMaxHeight": "Altura máxima de ïcono:",
    "LabelIconMaxHeightHelp": "Máxima resolución para iconos expuesta via upnp:icon.",
    "LabelIconMaxWidth": "Ancho máximo de ïcono:",
    "LabelIconMaxWidthHelp": "Máxima resolución para iconos expuesta via upnp:icon.",
    "LabelIdentificationFieldHelp": "Una subcadena insensible a la diferencia entre minúsculas y mayúsculas o expresión regex.",
    "LabelImageFetchersHelp": "Habilite y priorice sus recolectores de imágenes preferidos.",
    "LabelImageType": "Tipo de imagen:",
    "LabelImportOnlyFavoriteChannels": "Restringir a canales marcados como favoritos",
    "LabelInNetworkSignInWithEasyPassword": "Habilitar inicio de sesión con mi código pin sencillo para conexiones dentro de la red",
    "LabelInNetworkSignInWithEasyPasswordHelp": "Si se habilita, podrá usar su código pin sencillo para iniciar sesión en las aplicaciones Jellyfin desde su red de hogar. Su contraseña regular sera requerida solamente cuando este fuera de casa. Si el código pin es dejado en blanco, no necesitara una contraseña dentro de su red de hogar.",
    "LabelInternetQuality": "Calidad en internet:",
    "LabelKeepUpTo": "Mantener hasta:",
    "LabelKidsCategories": "Categorías infantiles:",
    "LabelKodiMetadataDateFormat": "Formato de fecha de estreno:",
    "LabelKodiMetadataDateFormatHelp": "Todas las fechas en los nfo´s serán leídas y escritas utilizando este formato.",
    "LabelKodiMetadataEnableExtraThumbs": "Copiar extrafanart en extrathumbs",
    "LabelKodiMetadataEnableExtraThumbsHelp": "Cuando se descargan imágenes pueden ser almacenadas tanto en extrafanart como extrathumb para maximizar la compatibilidad con skins de Kodi.",
    "LabelKodiMetadataEnablePathSubstitution": "Habilitar sustitución de ruta",
    "LabelKodiMetadataEnablePathSubstitutionHelp": "Habilita la sustitución de rutas de imágenes usando la configuración de sustitución de rutas del servidor.",
    "LabelKodiMetadataSaveImagePaths": "Guardar rutas de imágenes en los archivos nfo",
    "LabelKodiMetadataSaveImagePathsHelp": "Esto se recomienda si tiene nombres de imagenes que no se ajustan a los lineamientos de Kodi.",
    "LabelKodiMetadataUser": "Guardar información de vistos a nfo's para:",
    "LabelKodiMetadataUserHelp": "Habilitar esto para guardar los datos de items ya vistos en los archivos Nfo para que otras aplicaciones pueda utilizarlas.",
    "LabelLanNetworks": "Redes LAN:",
    "LabelLanguage": "Idioma:",
    "LabelLineup": "Programación:",
    "LabelLocalAccessUrl": "Acceso en casa (LAN): {0}",
    "LabelLocalHttpServerPortNumber": "Número de puerto http local:",
    "LabelLocalHttpServerPortNumberHelp": "El numero de puerto tcp con el que se deberá vincular el servidor http de Jellyfin.",
    "LabelLockItemToPreventChanges": "Bloquear este ítem para evitar cambios futuros",
    "LabelLoginDisclaimer": "Aviso legal:",
    "LabelLoginDisclaimerHelp": "Esto se mostrara al final de la pagina de inicio de sesión.",
    "LabelLogs": "Bitácoras:",
    "LabelManufacturer": "Fabricante:",
    "LabelManufacturerUrl": "URL del fabricante:",
    "LabelMatchType": "Tipo de Coincidencia:",
    "LabelMaxBackdropsPerItem": "Número máximo de imágenes de fondo por ítem:",
    "LabelMaxChromecastBitrate": "Tasa maxima de bits para El Chromecast:",
    "LabelMaxParentalRating": "Máxima clasificación parental permitida:",
    "LabelMaxResumePercentage": "Porcentaje máximo para continuar:",
    "LabelMaxResumePercentageHelp": "Se asumirá que los títulos han sido reproducidos por completo si se detienen después de este momento",
    "LabelMaxScreenshotsPerItem": "Número máximo de capturas de pantalla por ítem:",
    "LabelMaxStreamingBitrate": "Calidad máxima de la transmisión:",
    "LabelMaxStreamingBitrateHelp": "Especifique una tasa de bits máxima al transferir en tiempo real.",
    "LabelMessageText": "Texto del Mensaje:",
    "LabelMessageTitle": "Título del Mensaje:",
    "LabelMetadata": "Metadatos:",
    "LabelMetadataDownloadLanguage": "Lenguaje preferido para descargas:",
    "LabelMetadataDownloadersHelp": "Habilite y priorice sus recolectores de metadatos preferidos. Los recolectores de metadatos de menor prioridad solo serán utilizados para llenar información faltante.",
    "LabelMetadataPath": "Ruta para metadatos:",
    "LabelMetadataPathHelp": "Especifique una ubicación personalizada para ilustraciones y metadatos descargados.",
    "LabelMetadataReaders": "Lectores de metadatos:",
    "LabelMetadataReadersHelp": "Ordene sus fuentes de metadatos locales por prioridad. El primer archivo encontrado será leído.",
    "LabelMetadataSavers": "Grabadores de metadatos:",
    "LabelMetadataSaversHelp": "Seleccione los formatos de archivo con los que se guardaran sus metadatos.",
    "LabelMethod": "Método:",
    "LabelMinBackdropDownloadWidth": "Anchura mínima de descarga de imágenes de fondo:",
    "LabelMinResumeDuration": "Duración mínima para continuar (segundos):",
    "LabelMinResumeDurationHelp": "Los titulos con duración menor a esto no podrán ser continuados",
    "LabelMinResumePercentage": "Porcentaje mínimo para continuar:",
    "LabelMinResumePercentageHelp": "Se asumirá que los títulos no han sido reproducidos si se detienen antes de este momento",
    "LabelMinScreenshotDownloadWidth": "Anchura mínima de descarga de capturas de pantalla:",
    "LabelModelDescription": "Descripción del modelo:",
    "LabelModelName": "Nombre del modelo:",
    "LabelModelNumber": "Número del modelo:",
    "LabelModelUrl": "URL del modelo:",
    "LabelMonitorUsers": "Monitorear actividad desde:",
    "LabelMovieCategories": "Categorías de películas:",
    "LabelMoviePrefix": "Prefijo de la película:",
    "LabelMoviePrefixHelp": "Si un prefijo es aplicado al titulo de las películas, introdúzcalo aquí para que emby pueda tratarlo adecuadamente.",
    "LabelMovieRecordingPath": "Ruta para grabaciones de Películas (opcional):",
    "LabelMusicStreamingTranscodingBitrate": "Tasa de transcodificación de música:",
    "LabelMusicStreamingTranscodingBitrateHelp": "Especifique la tasa de bits máxima al transferir musica en tiempo real",
    "LabelName": "Nombre:",
    "LabelNewName": "Nuevo nombre:",
    "LabelNewPassword": "Nueva contraseña:",
    "LabelNewPasswordConfirm": "Confirmación de contraseña nueva:",
    "LabelNewsCategories": "Categorías de Noticias:",
    "LabelNext": "Siguiente",
    "LabelNotificationEnabled": "Habilitar esta notificación",
    "LabelNumber": "Número:",
    "LabelNumberOfGuideDays": "Número de días de datos de la programación a descargar",
    "LabelNumberOfGuideDaysHelp": "Descargar más días de datos de programación permite programar con mayor anticipación y ver más listados, pero tomará más tiempo en descargar. Auto hará la selección basada en el número de canales.",
    "LabelOptionalNetworkPath": "(Opcional) Carpeta de red compartida:",
    "LabelOptionalNetworkPathHelp": "Si esta carpeta es compartida en su red, proveer la ruta del recurso compartido de red puede permitir a las aplicaciones Jellyfin en otros dispositivos acceder a los archivos de medios directamente.",
    "LabelOriginalAspectRatio": "Relación de aspecto original:",
    "LabelOriginalTitle": "Titulo original:",
    "LabelOverview": "Sinopsis:",
    "LabelParentNumber": "Número antecesor:",
    "LabelParentalRating": "Clasificación parental:",
    "LabelPassword": "Contraseña:",
    "LabelPasswordConfirm": "Contraseña (confirmar):",
    "LabelPasswordRecoveryPinCode": "Código pin:",
    "LabelPath": "Ruta:",
    "LabelPersonRole": "Rol:",
    "LabelPersonRoleHelp": "Ejemplo: Conductor de camión de helados",
    "LabelPlaceOfBirth": "Lugar de nacimiento:",
    "LabelPlayDefaultAudioTrack": "Reproducir la pista de audio por defecto independientemente del lenguaje",
    "LabelPlaylist": "Lista de Reproducción:",
    "LabelPostProcessor": "Aplicación de Post Procesado:",
    "LabelPostProcessorArguments": "Argumentos de linea de comando para el post-procesador:",
    "LabelPostProcessorArgumentsHelp": "Use {path} como la ruta a el archivo de grabado.",
    "LabelPreferredDisplayLanguage": "Idioma de pantalla preferido:",
    "LabelPreferredDisplayLanguageHelp": "La traducción de Jellyfin es un proyecto en curso.",
    "LabelPreferredSubtitleLanguage": "Idioma preferido para subtitulos:",
    "LabelPrevious": "Anterior",
    "LabelProfileAudioCodecs": "Codecs de Audio:",
    "LabelProfileCodecsHelp": "Separados por comas. Puede dejarse vació para aplicarlo a todos los codecs.",
    "LabelProfileContainer": "Contenedor:",
    "LabelProfileContainersHelp": "Separados por comas. Puede dejarse vació para aplicarlo a todos los contenedores.",
    "LabelProfileVideoCodecs": "Codecs de Video:",
    "LabelProtocol": "Protocolo:",
    "LabelProtocolInfo": "Información del protocolo:",
    "LabelProtocolInfoHelp": "El valor que será utilizado cuando se responde a solicitudes GetProtocolInfo desde el dispositivo.",
    "LabelPublicHttpPort": "Número de puerto http publico:",
    "LabelPublicHttpPortHelp": "El numero de puerto que debe ser mapeado a el puerto http local.",
    "LabelPublicHttpsPort": "Número de puerto https publico:",
    "LabelPublicHttpsPortHelp": "El número de puerto público que deberá ser mapeado al puerto local de https.",
    "LabelReadHowYouCanContribute": "Infórmese de cómo puede contribuir.",
    "LabelReasonForTranscoding": "Motivo para transcodificar:",
    "LabelRecord": "Grabar:",
    "LabelRecordingPath": "Ruta por defecto para grabaciones:",
    "LabelRecordingPathHelp": "Especifique la locación para guardar grabaciones. Si se deja en blanco, se usara la carpeta de datos de programa del servidor.",
    "LabelRefreshMode": "Modo de actualización:",
    "LabelReleaseDate": "Fecha de estreno:",
    "LabelRemoteAccessUrl": "Acceso remoto (WAN): {0}",
    "LabelRemoteClientBitrateLimit": "Limite de tasa de bits para transmisión por Internet (Mbps):",
    "LabelRemoteClientBitrateLimitHelp": "Un límite opcional en la tasa de bits para cada transmisión para todos los dispositivos fuera de la red local. Esto es útil para evitar que los clientes soliciten una tasa de bits mayor a la que su conexión de internet puede soportar. Puede resultar en un incremente en la carga del CPU de su servidor para poder transmitir videos al vuelo a una resolución baja.",
    "LabelRunningOnPort": "Ejecutándose en el puerto http {0}.",
    "LabelRunningOnPorts": "Ejecutándose en el puerto http {0} y el puerto https {1}.",
    "LabelRuntimeMinutes": "Duración (minutos):",
    "LabelSaveLocalMetadata": "Guardar ilustraciones en las carpetas de medios",
    "LabelSaveLocalMetadataHelp": "Guardar ilustraciones directamente en las carpetas de medios los colocará en un lugar donde se pueden editar fácilmente.",
    "LabelScheduledTaskLastRan": "Ejecutado hace {0}, tomando {1}.",
    "LabelScreensaver": "Protector de Pantalla:",
    "LabelSeasonNumber": "Temporada numero:",
    "LabelSecureConnectionsMode": "Modo de conexión segura:",
    "LabelSelectFolderGroups": "Agrupar automáticamente el contenido de las siguientes carpetas en vistas tales como Películas, Música y TV:",
    "LabelSelectFolderGroupsHelp": "Las carpetas sin marcar serán mostradas individualmente en su propia vista.",
    "LabelSelectUsers": "Seleccionar Usuarios:",
    "LabelSelectVersionToInstall": "Seleccionar versión a instalar:",
    "LabelSendNotificationToUsers": "Enviar la notificación a:",
    "LabelSerialNumber": "Número de serie:",
    "LabelSeriesRecordingPath": "Ruta para grabaciones de Series (Opcional):",
    "LabelServerHost": "Servidor:",
    "LabelServerHostHelp": "192.168.1.100 O https://miservidor.com",
    "LabelServerPort": "Puerto:",
    "LabelSimultaneousConnectionLimit": "Limite de transmisiones simultaneas:",
    "LabelSkin": "Piel:",
    "LabelSkipBackLength": "Longitud de salto hacia atrás:",
    "LabelSkipForwardLength": "Longitud de salto hacia adelante:",
    "LabelSkipIfAudioTrackPresent": "Omitir si la pista de audio por defecto coincide con el lenguaje de descarga",
    "LabelSkipIfAudioTrackPresentHelp": "Desactive esto para asegurar que todos los videos tengan subtítulos, independientemente del lenguaje del audio.",
    "LabelSkipIfGraphicalSubsPresent": "Omitir si el video ya contiene subtítulos embebidos",
    "LabelSkipIfGraphicalSubsPresentHelp": "Manteniendo las versiones de texto de los subtitulos resultara una entrega mas eficiente de los mismos y disminuirá las posibilidades de que un video sea transcodificado.",
    "LabelSonyAggregationFlags": "Banderas de agregación Sony:",
    "LabelSonyAggregationFlagsHelp": "Determina el contenido del elemento aggregationFlags en el namespace urn:schemas-sonycom:av.",
    "LabelSortBy": "Ordenar por:",
    "LabelSortOrder": "Modo de ordenar:",
    "LabelSortTitle": "Titulo para ordenar:",
    "LabelSoundEffects": "Efectos de Sonido:",
    "LabelSource": "Fuente:",
    "LabelSpecialSeasonsDisplayName": "Nombre de la temporada de Especiales:",
    "LabelSportsCategories": "Categorías de Deportes:",
    "LabelStartWhenPossible": "Iniciar cuando sea posible:",
    "LabelStatus": "Estado:",
    "LabelStopWhenPossible": "Detener cuando sea posible:",
    "LabelStopping": "Deteniendo",
    "LabelSubtitleDownloaders": "Recolectores de Subtitulos:",
    "LabelSubtitleFormatHelp": "Ejemplo: srt",
    "LabelSubtitlePlaybackMode": "Modo de subtítulo:",
    "LabelSubtitles": "Subtítulos:",
    "LabelSupportedMediaTypes": "Tipos de Medios Soportados:",
    "LabelTVHomeScreen": "Modo de pantalla de TV:",
    "LabelTag": "Etiqueta:",
    "LabelTagline": "Eslogan",
    "LabelTextBackgroundColor": "Color de fondo para el texto:",
    "LabelTextColor": "Color de texto:",
    "LabelTextSize": "Tamaño de texto:",
    "LabelTheme": "Tema:",
    "LabelTime": "Hora:",
    "LabelTimeLimitHours": "Límite de Tiempo (horas):",
    "LabelTitle": "Titulo:",
    "LabelTrackNumber": "Número de Pista:",
    "LabelTranscodingAudioCodec": "Codec de audio:",
    "LabelTranscodingContainer": "Contenedor:",
    "LabelTranscodingTempPathHelp": "Esta carpeta contiene archivos de trabajo usados por el transcodificador. Especifique una ruta personalizada, o déjela vacía para utilizar su valor por omisión en la carpeta de datos del servidor.",
    "LabelTranscodingThreadCount": "Conteo de hilos de transcodificación:",
    "LabelTranscodingThreadCountHelp": "Elija el numero máximo de hilos a usar para transcodificar. Reduciendo el conteo de hilos disminuirá el uso del cpu pero es posible que no convierta lo suficientemente rápido para obtener una reproducción fluida.",
    "LabelTranscodingVideoCodec": "Codec de video:",
    "LabelTriggerType": "Tipo de Evento:",
    "LabelTunerIpAddress": "Dirección IP del Sintonizador:",
    "LabelTunerType": "Tipo de sintonizador:",
    "LabelType": "Tipo:",
    "LabelTypeMetadataDownloaders": "{0} recolectores de metadatos:",
    "LabelTypeText": "Texto",
    "LabelUseNotificationServices": "Emplear los siguientes servicios:",
    "LabelUser": "Usuario:",
    "LabelUserAgent": "Agente de usuario:",
    "LabelUserLibrary": "Biblioteca del Usuario:",
    "LabelUserLibraryHelp": "Seleccione la biblioteca de usuario que se mostrara en el dispositivo. Deje vacío para heredar la configuración por defecto.",
    "LabelUserRemoteClientBitrateLimitHelp": "Esto tendrá prioridad sobre el valor por defecto de las configuraciones de reproducción del servidor.",
    "LabelUsername": "Nombre Usuario:",
    "LabelVaapiDevice": "Dispositivo VA API:",
    "LabelVaapiDeviceHelp": "Este es un nodo de renderizado que es usado para aceleración por hardware.",
    "LabelValue": "Valor:",
    "LabelVersion": "Versión:",
    "LabelVersionInstalled": "{0} instalado",
    "LabelVersionNumber": "Versión {0}",
    "LabelXDlnaCap": "X-DLNA cap:",
    "LabelXDlnaCapHelp": "Determina el contenido del elemento X_DLNACAP en el namespace urn:schemas-dlna-org:device-1-0.",
    "LabelXDlnaDoc": "X-DLNA Doc:",
    "LabelXDlnaDocHelp": "Determina el contenido del elemento X_DLNADOC en el namespace urn:schemas-dlna-org:device-1-0.",
    "LabelYear": "Año:",
    "LabelYourFirstName": "Su nombre:",
    "LabelYoureDone": "¡Ha terminado!",
    "LabelZipCode": "Código Postal:",
    "LabelffmpegPath": "Ruta FFmpeg:",
    "LabelffmpegPathHelp": "La ruta hacia el archivo de aplicación de ffmpeg, o la carpeta que contenga ffmpeg.",
    "LanNetworksHelp": "Lista separada por comas de direcciones IP/mascaras de subred para las redes que serán consideradas como locales al enforzar restricciones de ancho de banda. Si se establece, todas las demás direcciones IP serán consideradas como redes externas y estarán sujetas a restricciones de ancho de banda. Si se deja en blanco, sólo la subred del servidor será considerada como red local.",
    "Large": "Grande",
    "LatestFromLibrary": "Más recientes {0}",
    "LearnHowToCreateSynologyShares": "Aprenda como compartir carpetas en Synology.",
    "LearnHowYouCanContribute": "Aprenda como puede contribuír.",
    "LibraryAccessHelp": "Seleccione las carpetas de medios para compartir con este usuario. Los administradores podrán editar todas las carpetas usando el administrador de metadatos.",
    "Like": "Me gusta",
    "LinksValue": "Enlaces: {0}",
    "List": "Lista",
    "Live": "En Vivo",
    "LiveBroadcasts": "Transmisiones en vivo",
    "LiveTV": "TV en Vivo",
    "Logo": "Logotipo",
    "ManageLibrary": "Administrar biblioteca",
    "ManageRecording": "Administrar grabaciones",
    "MapChannels": "Mapear Canales",
    "MarkPlayed": "Marcar como Reproducido",
    "MarkUnplayed": "Marcar como No Reproducido",
    "MaxParentalRatingHelp": "El contenido con clasificación parental superior se ocultará para este usuario.",
    "MediaInfoAnamorphic": "Anamórfico",
    "MediaInfoAspectRatio": "Relación de aspecto",
    "MediaInfoBitDepth": "Profundidad de bit",
    "MediaInfoBitrate": "Tasa de bits",
    "MediaInfoChannels": "Canales",
    "MediaInfoCodecTag": "Etiqueta de Codec",
    "MediaInfoContainer": "Contenedor",
    "MediaInfoDefault": "Por defecto",
    "MediaInfoExternal": "Externo",
    "MediaInfoForced": "Forzado",
    "MediaInfoFramerate": "Velocidad de cuadro",
    "MediaInfoInterlaced": "Entrelazado",
    "MediaInfoLanguage": "Lenguaje",
    "MediaInfoLayout": "Esquema",
    "MediaInfoLevel": "Nivel",
    "MediaInfoPath": "Ruta",
    "MediaInfoPixelFormat": "Formato de pixel",
    "MediaInfoProfile": "Perfíl",
    "MediaInfoRefFrames": "Tramas de referencia",
    "MediaInfoResolution": "Resolución",
    "MediaInfoSampleRate": "Tasa de muestreo",
    "MediaInfoSize": "Tamaño",
    "MediaInfoTimestamp": "Fecha y hora",
    "MediaIsBeingConverted": "Los medios están siendo convertidos a un formato compatible con el dispositivo que esta reproduciendo el medio.",
    "Menu": "Menú",
    "MessageAlreadyInstalled": "Esta versión ya se encuentra instalada.",
    "MessageAreYouSureDeleteSubtitles": "¿Está seguro de querer eliminar este archivo de subtitulos?",
    "MessageAreYouSureYouWishToRemoveMediaFolder": "¿Está seguro de querer eliminar esta carpeta de medios?",
    "MessageConfirmDeleteGuideProvider": "¿Está seguro de querer eliminar este proveedor de guía?",
    "MessageConfirmDeleteTunerDevice": "¿Está seguro de querer eliminar este dispositivo?",
    "MessageConfirmProfileDeletion": "¿Está seguro de querer eliminar este perfil?",
    "MessageConfirmRecordingCancellation": "¿cancelar esta grabación?",
    "MessageConfirmRemoveMediaLocation": "¿Está seguro de querer eliminar esta ubicación?",
    "MessageConfirmRestart": "¿Esta seguro de que desea reiniciar el Servidor Jellyfin?",
    "MessageConfirmRevokeApiKey": "¿Esta seguro de querer revocar esta clave api? La conexión de la aplicación con el Servidor Jellyfin sera terminada abruptamente.",
    "MessageConfirmShutdown": "¿Esta seguro de querer detener el Servidor Jellyfin?",
    "MessageContactAdminToResetPassword": "Por favor contacte a su administrador para restablecer su contraseña.",
    "MessageCreateAccountAt": "Crear una cuenta en {0}",
    "MessageDeleteTaskTrigger": "¿Está seguro de querer eliminar este disparador de tarea?",
    "MessageDirectoryPickerBSDInstruction": "Para BSD, quizás necesite configurar el almacenamiento dentro de su \"FreeNAS Jail\" de manera que permita a Jellyfin accesarlo.",
    "MessageDirectoryPickerInstruction": "Las rutas de red pueden ser introducidas manualmente en caso de que el botón de Red no pueda localizar sus dispositivos. Por ejemplo, {0} or {1}.",
    "MessageDirectoryPickerLinuxInstruction": "Para Linux en Arch Linux, CentOS, Debian, Dedora, OpenSuse, o Ubuntu, debe dar al usuario de sistema Jellyfin al menos permisos de lectura a las rutas de almacenamiento.",
    "MessageDownloadQueued": "Descargar cola.",
    "MessageEnablingOptionLongerScans": "Habilitar esta opción podría resultar en escaneos de bibliotecas significativamente mas largos.",
    "MessageFileReadError": "Hubo un error al leer el archivo. Por favor intente de nuevo.",
    "MessageForgotPasswordFileCreated": "El siguiente archivo fue creado en tu servidor y contiene instrucciones de como proceder:",
    "MessageForgotPasswordInNetworkRequired": "Por favor intente de nuevo dentro de su red de hogar para iniciar el proceso de restablecimiento de contraseña.",
    "MessageInstallPluginFromApp": "El complemento debe estar instalado desde la aplicación en la que va a utilizarlo.",
    "MessageInvalidForgotPasswordPin": "Se introdujo un pin expirado o invalido. Por favor intente de nuevo.",
    "MessageInvalidUser": "Nombre del usuario o contraseña inválidos. Por favor intenta de nuevo.",
    "MessageItemSaved": "Ítem guardado.",
    "MessageItemsAdded": "Ítems agregados.",
    "MessageLeaveEmptyToInherit": "Dejar vacío para heredar la configuración del ítem padre, o el valor global por omisión.",
    "MessageNoAvailablePlugins": "No hay complementos disponibles.",
    "MessageNoMovieSuggestionsAvailable": "No hay sugerencias de películas disponibles en este momento. Comienza a ver y a calificar tus películas, y regresa para ver tus recomendaciones.",
    "MessageNoPluginsInstalled": "No tienes extensiones instaladas.",
    "MessageNoServersAvailableToConnect": "No hay servidores disponibles para conectarse. Si se le ha invitado a compartir un servidor, asegúrese de aceptarlo aquí abajo o haciendo clic en la liga del correo electrónico.",
    "MessageNoTrailersFound": "No se encontraron tráilers. Instale el canal de tráilers para mejorar su experiencia con películas al agregar una biblioteca de tráilers desde el Internet.",
    "MessageNothingHere": "Nada aquí.",
    "MessagePasswordResetForUsers": "Las contraseñas han sido eliminadas para los siguientes usuarios. Para acceder, inicie sesión con la contraseña en blanco.",
    "MessagePlayAccessRestricted": "La reproducción de este contenido se encuentra restringida actualmente. Por favor contacte a su administrador del Servidor Jellyfin para mas información.",
    "MessagePleaseEnsureInternetMetadata": "Por favor asegúrese que la descarga de metadatos de internet esta habilitada.",
    "MessagePleaseWait": "Espere por favor. Esto podría tomar un minuto.",
    "MessagePluginConfigurationRequiresLocalAccess": "Para configurar este complemento por favor inicie sesión en su servidor local directamente.",
    "MessagePluginInstallDisclaimer": "Los complementos desarrollados por miembros de la comunidad Jellyfin son una gran forma de mejorar su experiencia con Jellyfin con características y beneficios adicionales. Antes de instalar, conozca el impacto que pueden ocasionar en su Servidor Jellyfin, tales como exploración de la biblioteca que puede tomar más tiempo, procesamiento en segundo plano adicional y estabilidad del sistema reducida.",
    "MessageReenableUser": "Vea abajo para volverlo a habilitar",
    "MessageSettingsSaved": "Configuración guardada.",
    "MessageTheFollowingLocationWillBeRemovedFromLibrary": "Las siguientes ubicaciones de medios serán eliminadas de su biblioteca Jellyfin:",
    "MessageUnableToConnectToServer": "No es posible conectarse al servidor seleccionado en este momento. Por favor asegúrese de que se encuentra en ejecución e inténtelo nuevamente.",
    "MessageUnsetContentHelp": "El contenido será mostrado como carpetas simples. Para mejores resultados utilice el administrador de metadatos para establecer los tipos de contenido para las sub-carpetas.",
    "MessageYouHaveVersionInstalled": "Actualmente cuenta con la vesión {0} instalada.",
    "Metadata": "Metadatos",
    "MetadataManager": "Administrador de Metadatos",
    "MetadataSettingChangeHelp": "Cambiar los ajustes de metadata afectará al contenido nuevo añadido a partir de ahora. Para actualizar el contenido existente, abra la pantalla de detalles y haga clic en actualizar, o realice actualizaciones masivas usando el administrador de metadata.",
    "MinutesAfter": "minutos despues",
    "MinutesBefore": "Minutos antes",
    "Mobile": "Móvil / Tableta",
    "Monday": "Lunes",
    "More": "Mas",
    "MoreFromValue": "Mas de {0}",
    "MoreUsersCanBeAddedLater": "Se pueden agregar más usuarios posteriormente en el Panel de Control.",
    "MoveLeft": "Mover a la izquierda",
    "MoveRight": "Mover a la derecha",
    "MovieLibraryHelp": "Vea la {0}Guía para nombrar películas en Jellyfin{1}.",
    "Movies": "Películas",
    "Mute": "Silenciar",
    "MySubtitles": "Mis Subtitulos",
    "Name": "Nombre",
    "Never": "Nunca",
    "NewCollection": "Nueva Colección",
    "NewCollectionHelp": "Las colecciones le permiten disfrutar de agrupaciones personalizadas de películas y otros contenidos de la biblioteca.",
    "NewCollectionNameExample": "Ejemplo: Colección Guerra de las Galaxias",
    "NewEpisodes": "Episodios nuevos",
    "NewEpisodesOnly": "Solo episodios nuevos",
    "News": "Noticias",
    "Next": "Siguiente",
    "NextUp": "A Continuación",
    "NoNewDevicesFound": "No se encontraron nuevos dispositivos. Para agregar un sintonizador nuevo, cierre este cuadro de dialogo e introduzca a la información del dispositivo manualmente.",
    "NoNextUpItemsMessage": "No se encontró nada. ¡Comienza a ver tus programas!",
    "NoPluginConfigurationMessage": "El complemento no tiene configuraciones disponibles.",
    "NoSubtitleSearchResultsFound": "No se encontraron resultados.",
    "NoSubtitles": "Sin Subtitulos",
    "NoSubtitlesHelp": "Los subtítulos no serán cargados por defecto. Pero pueden ser activados manualmente durante la reproducción.",
    "None": "Ninguno",
    "NumLocationsValue": "{0} carpetas",
    "Off": "Apagar",
    "OneChannel": "Un canal",
    "OnlyForcedSubtitles": "Únicamente subtítulos forzados",
    "OnlyForcedSubtitlesHelp": "Se cargarán únicamente subtítulos marcados como forzados.",
    "OnlyImageFormats": "Solo formato de imagen (VOBSUB, PGS, SUB/IDX, etc.)",
    "OpenSubtitleInstructions": "Necesita configurar la información de cuenta de Open Subtitles en la pantalla de configuración de Open Subtitles en el Panel de Control del Servidor.",
    "OptionAdminUsers": "Administradores",
    "OptionAlbum": "Álbum",
    "OptionAlbumArtist": "Artista del Álbum",
    "OptionAllUsers": "Todos los usuarios",
    "OptionAllowAudioPlaybackTranscoding": "Permitir la reproducción de audio que requiera de transcodificación",
    "OptionAllowBrowsingLiveTv": "Permitir acceso a TV en Vivo",
    "OptionAllowContentDownloading": "Permitir descarga y sincronización de medios",
    "OptionAllowLinkSharing": "Permitir compartir medios en redes sociales",
    "OptionAllowLinkSharingHelp": "Solo son compartidas paginas web que contengan información sobre los medios. Los archivos de medios nunca son compartidos públicamente. Son compartidos por un tiempo limitado y expiraran después de {0} días.",
    "OptionAllowManageLiveTv": "Permitir gestión de grabación de TV en Vivo",
    "OptionAllowMediaPlayback": "Permitir reproducción de medios",
    "OptionAllowMediaPlaybackTranscodingHelp": "Restringir el acceso a transcodificacion podría causar fallas en la reproducción in las aplicaciones Jellyfin debido a los formatos de medios no soportados.",
    "OptionAllowRemoteControlOthers": "Permitir control remoto de otros usuarios",
    "OptionAllowRemoteSharedDevices": "Permitir control remoto de dispositivos compartidos",
    "OptionAllowRemoteSharedDevicesHelp": "Los dispositivos dnla son considerados como compartidos hasta que algún usuario comienza a controlarlo.",
    "OptionAllowSyncTranscoding": "Permitir descarga y sincronización de medios que requieran transcodificación",
    "OptionAllowUserToManageServer": "Permitir a este usuario administrar el servidor",
    "OptionAllowVideoPlaybackRemuxing": "Permitir reproducción de video que requiera conversión sin re-codificar",
    "OptionAllowVideoPlaybackTranscoding": "Permitir la reproducción de video que requiera de transcodificación",
    "OptionArtist": "Artista",
    "OptionAscending": "Ascendente",
    "OptionAuto": "Automático",
    "OptionAutomatic": "Automático",
    "OptionAutomaticallyGroupSeries": "Fusionar automáticamente series esparcidas a través de múltiples carpetas",
    "OptionAutomaticallyGroupSeriesHelp": "Si se habilita, las series que se reparten a través de múltiples carpetas dentro de esta biblioteca serán fusionadas en una sola serie.",
    "OptionBlockBooks": "Libros",
    "OptionBlockChannelContent": "Contenido de Canales de Internet",
    "OptionBlockLiveTvChannels": "Canales de TV en Vivo",
    "OptionBlockMovies": "Películas",
    "OptionBlockMusic": "Música",
    "OptionBlockTrailers": "Tráilers",
    "OptionBlockTvShows": "Programas de TV",
    "OptionCommunityRating": "Calificación de la Comunidad",
    "OptionContinuing": "Continuando",
    "OptionCriticRating": "Calificación de la Crítica",
    "OptionCustomUsers": "Personalizado",
    "OptionDaily": "Diario",
    "OptionDateAdded": "Fecha de Adición",
    "OptionDateAddedFileTime": "Emplear fecha de creación del archivo",
    "OptionDateAddedImportTime": "Emplear la fecha de escaneo en la biblioteca",
    "OptionDatePlayed": "Fecha de Reproducción",
    "OptionDescending": "Descendente",
    "OptionDisableUser": "Desactivar este usuario",
    "OptionDisableUserHelp": "Si está desactivado, el servidor no aceptará conexiones de este usuario. Las conexiones existentes serán finalizadas abruptamente.",
    "OptionDislikes": "No me gusta",
    "OptionDisplayFolderView": "Mostrar una vista de carpetas para mostrar carpetas de medios simples",
    "OptionDisplayFolderViewHelp": "Se se habilita, las aplicaciones Jellyfin mostraran una categoría llamada Carpetas junto con su biblioteca de medios. Esto es útil si prefiere tener  vistas sencillas de las carpetas.",
    "OptionDownloadArtImage": "Arte",
    "OptionDownloadBackImage": "Reverso",
    "OptionDownloadBannerImage": "Cartél",
    "OptionDownloadBoxImage": "Caja",
    "OptionDownloadDiscImage": "DIsco",
    "OptionDownloadImagesInAdvance": "Descargar las imágenes desde el inicio",
    "OptionDownloadImagesInAdvanceHelp": "Por defecto, la mayoría de las imágenes son descargadas solo cuando son solicitadas por alguna aplicación Jellyfin. Habilite esta opción para descargar todas las imágenes desde por adelantado, conforme se vayan agregando mas medios. Esto podría causar escaneos de bibliotecas mas largos.",
    "OptionDownloadMenuImage": "Menú",
    "OptionDownloadPrimaryImage": "Principal",
    "OptionDownloadThumbImage": "Miniatura",
    "OptionDvd": "DVD",
    "OptionEmbedSubtitles": "Embeber dentro del contenedor",
    "OptionEnableAccessFromAllDevices": "Habilitar acceso desde todos los dispositivos",
    "OptionEnableAccessToAllChannels": "Habilitar acceso a todos los canales",
    "OptionEnableAccessToAllLibraries": "Habilitar el acceso a todas las bibliotecas",
    "OptionEnableAutomaticServerUpdates": "Habilitar actualizaciones automáticas del servidor",
    "OptionEnableExternalContentInSuggestions": "Habilitar contenido externo en las sugerencias",
    "OptionEnableExternalContentInSuggestionsHelp": "Permitir que los trailers de Internet y programas de tv en vivo sean incluidos dentro del contenido sugerido.",
    "OptionEnableForAllTuners": "Habilitar para todos los dispositivos sintonizadores",
    "OptionEnableM2tsMode": "Habilitar modo M2ts:",
    "OptionEnableM2tsModeHelp": "Habilita el modo m2ts cuando se codifican mpegs.",
    "OptionEnded": "Finalizado",
    "OptionEquals": "Igual a",
    "OptionEstimateContentLength": "Estimar la duración del contenido cuando se transcodifica",
    "OptionEveryday": "Todos los días",
    "OptionExternallyDownloaded": "Descarga externa",
    "OptionExtractChapterImage": "Habilitar extracción de imágenes de capitulo",
    "OptionFavorite": "Favoritos",
    "OptionFriday": "Viernes",
    "OptionHasSpecialFeatures": "Características Especiales",
    "OptionHasSubtitles": "Subtítulos",
    "OptionHasThemeSong": "Canción del Tema",
    "OptionHasThemeVideo": "Video del Tema",
    "OptionHasTrailer": "Tráiler",
    "OptionHideUser": "Ocultar este usuario en las pantallas de inicio de sesión",
    "OptionHideUserFromLoginHelp": "Útil para cuentas privadas o de administrador ocultas. El usuario tendrá que iniciar sesión manualmente introduciendo su nombre de usuario y contraseña.",
    "OptionHlsSegmentedSubtitles": "Subtítulos segmentados HIs",
    "OptionHomeVideos": "Videos caseros y fotografías",
    "OptionIgnoreTranscodeByteRangeRequests": "Ignorar solicitudes de transcodificación de rango de byte",
    "OptionIgnoreTranscodeByteRangeRequestsHelp": "Si se habilita, estas solicitudes seran honradas pero se ignorará el encabezado de rango de byte.",
    "OptionImdbRating": "Calificación de IMDb",
    "OptionLikes": "Me gusta",
    "OptionMax": "Máximo",
    "OptionMissingEpisode": "Episodios Faltantes",
    "OptionMonday": "Lunes",
    "OptionNameSort": "Nombre",
    "OptionNew": "Nuevo...",
    "OptionNone": "Ninguno",
    "OptionOnAppStartup": "Al iniciar la aplicación",
    "OptionOnInterval": "En un intervalo",
    "OptionParentalRating": "Clasificación Parental",
    "OptionPlainStorageFolders": "Mostrar todas las carpetas como carpetas de almacenamiento simples",
    "OptionPlainStorageFoldersHelp": "Si se habilita, todos las carpetas serán representadas en DIDL como \"object.container.storageFolder\" en lugar de un tipo más específico, como \"object.container.person.musicArtist\".",
    "OptionPlainVideoItems": "Mostrar todos los videos como elementos de video simples",
    "OptionPlainVideoItemsHelp": "Se se habilita, todos los videos serán representados en DIDL como \"object.item.videoItem\" en lugar de un tipo más específico, como \"object.item.videoItem.movie\".",
    "OptionPlayCount": "Contador",
    "OptionPlayed": "Reproducido",
    "OptionPremiereDate": "Fecha de Estreno",
    "OptionProfilePhoto": "Foto",
    "OptionProfileVideoAudio": "Audio del Video",
    "OptionProtocolHls": "Transmisión en vivo por Http",
    "OptionReleaseDate": "Fecha de Estreno",
    "OptionReportByteRangeSeekingWhenTranscoding": "Reportar que el servidor soporta busqueda de bytes al transcodificar",
    "OptionReportByteRangeSeekingWhenTranscodingHelp": "Esto es requerido para algunos dispositivos que no pueden hacer búsquedas por tiempo muy bien.",
    "OptionRequirePerfectSubtitleMatch": "Solo descargar subtitulos que corresponden perfectamente para mis archivos de video",
    "OptionRequirePerfectSubtitleMatchHelp": "Solicitar una coincidencia perfecta filtrara los subtitulos para incluir solo aquellos que han sido verificados exactamente con su archivo de video. Desmarcar esta opción incrementara las probabilidades de que los subtitulos sean descargados, a la vez que incrementara las posibilidades de obtener subtitulos mal sincronizados o con texto incorrecto.",
    "OptionResElement": "Elemento res",
    "OptionResumable": "Reanudable",
    "OptionRuntime": "Duración",
    "OptionSaturday": "Sábado",
    "OptionSaveMetadataAsHidden": "Guardar metadatos e imágenes como archivos ocultos",
    "OptionSaveMetadataAsHiddenHelp": "Cambiar esto aplicará a nuevos metadatos alamacenados en lo sucesivo. Los archivos de metadatos existentes serán actualizados la próxima vez que sean guardados por el Servidor Jellyfin.",
    "OptionSpecialEpisode": "Especiales",
    "OptionSubstring": "Subcadena",
    "OptionSunday": "Domingo",
    "OptionThursday": "Jueves",
    "OptionTrackName": "Nombre de la Pista",
    "OptionTuesday": "Martes",
    "OptionTvdbRating": "Calificación de Tvdb",
    "OptionUnairedEpisode": "Episodios no Emitidos",
    "OptionUnplayed": "No reproducido",
    "OptionWakeFromSleep": "Al Despertar",
    "OptionWednesday": "Miércoles",
    "OptionWeekdays": "Entre semana",
    "OptionWeekends": "Fines de semana",
    "OptionWeekly": "Semanal",
    "OriginalAirDateValue": "Fecha de emisión original: {0}",
    "Overview": "Sinopsis",
    "PackageInstallCancelled": "{0} instalación cancelada.",
    "PackageInstallCompleted": "{0} instalación completada.",
    "PackageInstallFailed": "{0} instalación fallida.",
    "ParentalRating": "Clasificación Parental",
    "PasswordMatchError": "La Contraseña y la confirmación de la contraseña deben coincidir.",
    "PasswordResetComplete": "La contraseña ha sido restablecida.",
    "PasswordResetConfirmation": "¿Está seguro de querer restablecer la contraseña?",
    "PasswordResetHeader": "Restablecer Contraseña",
    "PasswordSaved": "Contraseña guardada.",
    "People": "Personas",
    "PerfectMatch": "Coincidencia exacta",
    "Photos": "Fotos",
    "PictureInPicture": "Pantalla en pantalla",
    "PinCodeResetComplete": "El código pin ha sido restablecido.",
    "PinCodeResetConfirmation": "¿Esta seguro de querer restablecer el código pin?",
    "PlaceFavoriteChannelsAtBeginning": "Colocar canales favoritos al inicio",
    "Play": "Reproducir",
    "PlayAllFromHere": "Reproducir todos desde aquí",
    "PlayCount": "Cantidad de reproducciones",
    "PlayFromBeginning": "Reproducir desde el inicio",
    "PlayNext": "Reproducir siguiente",
    "PlayNextEpisodeAutomatically": "Reproducir el siguiente episodio automáticamente",
    "PlaybackSettings": "Configuraciones de Reproducción",
    "PlaybackSettingsIntro": "Para configurar las opciones de reproducción predeterminadas, detenga la reproducción de video. entonces de clic en su icono de usuario en la esquina superior derecha de la aplicación.",
    "Played": "Reproducido",
    "Playlists": "Listas de reproducción",
    "PleaseAddAtLeastOneFolder": "Por favor agregue al menos una carpeta a esta biblioteca dando clic al botón de Agregar.",
    "PleaseConfirmPluginInstallation": "Por favor haga clic en OK para confirmar que ha leido lo que se encuentra arriba y que desea proceder con la instalación del complemento.",
    "PleaseEnterNameOrId": "Por favor introduzca un nombre o id externo.",
    "PleaseRestartServerName": "Por favor reinicie el Servidor Jellyfin - {0}.",
    "PleaseSelectTwoItems": "Por favor selecciona al menos dos ítems.",
    "PluginInstalledMessage": "El complemento ha sido instalado exitosamente. El Servidor Jellyfin necesitará reiniciarse para que los cambios surtan efecto.",
    "PluginTabAppClassic": "Jellyfin para Windows Media Center",
    "PreferEmbeddedTitlesOverFileNames": "Prefererir titulos embebidos por encima de los nombres de archivo",
    "PreferEmbeddedTitlesOverFileNamesHelp": "Esto determina el titulo mostrado por defecto cuando no hay disponibles metadatos en internet o localmente.",
    "PreferredNotRequired": "Preferido, más no es requerido",
    "Premiere": "Premier",
    "Premieres": "Estrenos",
    "Previous": "Anterior",
    "Primary": "Principal",
    "Producer": "Productor",
    "ProductionLocations": "Lugares de produccion",
    "Programs": "Programas",
    "Quality": "Calidad",
    "QueueAllFromHere": "Encolar todos desde aquí",
    "Raised": "Elevacion",
    "Rate": "Calificación",
    "RecentlyWatched": "Visto recientemente",
    "RecommendationBecauseYouLike": "Porque te gustó {0}",
    "RecommendationBecauseYouWatched": "Porque viste {0}",
    "RecommendationDirectedBy": "Dirigido por {0}",
    "RecommendationStarring": "Protagonizado por {0}",
    "Record": "Grabar",
    "RecordSeries": "Grabar Series",
    "RecordingCancelled": "Grabación cancelada.",
    "RecordingPathChangeMessage": "Cambiar su carpeta de grabaciones no moverá sus grabaciones existentes del la antigua locación a la nueva. Necesita moverlas manualmente si lo desea.",
    "RecordingScheduled": "Grabación programada.",
    "Recordings": "Grabaciones",
    "Refresh": "Actualizar",
    "RefreshDialogHelp": "Los metadatos son actualizados basándose en las configuraciones y servicios de internet que que estén activados en el panel de control de su Servidor de Jellyfin.",
    "RefreshMetadata": "Actualizar metadatos",
    "RefreshQueued": "Actualización programada.",
    "ReleaseDate": "Fecha de estreno",
    "RememberMe": "Recuerdame",
    "RemoveFromCollection": "Remover de la colección",
    "RemoveFromPlaylist": "Eliminar de la lista de reproducción",
    "Repeat": "Repetir",
    "RepeatAll": "Repetir todas",
    "RepeatEpisodes": "Repetir episodios",
    "RepeatMode": "Modo de repeticion",
    "RepeatOne": "Repetir uno",
    "ReplaceAllMetadata": "Remplazar todos los metadatos",
    "ReplaceExistingImages": "Reemplazar imágenes existentes",
    "RequiredForAllRemoteConnections": "Requerido para todas las conexiones remotas",
    "RestartPleaseWaitMessage": "Por favor espere mientras el Servidor Jellyfin cierra y reinicia. Este puede tomar un minuto o dos.",
    "ResumeAt": "Reanudar desde {0}",
    "Rewind": "Regresar",
    "RunAtStartup": "Ejecutar al iniciar",
    "Runtime": "Duración",
    "Saturday": "Sábado",
    "Save": "Guardar",
    "SaveSubtitlesIntoMediaFolders": "Guardar subtitulos en las carpetas de medios",
    "SaveSubtitlesIntoMediaFoldersHelp": "Almacenar subtitulos junto al archivo de video permitirá administrarlos con mas facilidad.",
    "ScanForNewAndUpdatedFiles": "Buscar archivos nuevos y actualizados",
    "ScanLibrary": "Escanear biblioteca",
    "Schedule": "Programacion",
    "Screenshot": "Captura de pantalla",
    "Screenshots": "Capturas de pantalla",
    "Search": "Buscar",
    "SearchForCollectionInternetMetadata": "Buscar en internet ilustraciones y metadatos",
    "SearchForMissingMetadata": "Buscar metadatos faltantes",
    "SearchForSubtitles": "Buscar Subtitulos",
    "SearchResults": "Resultados de la búsqueda",
    "SendMessage": "Enviar mensaje",
    "SeriesCancelled": "Serie cancelada.",
    "SeriesDisplayOrderHelp": "Ordenar los episodios por fecha transmisión, orden del dvd o por su numeración absoluta.",
    "SeriesRecordingScheduled": "Grabación de series programadas.",
    "SeriesSettings": "Configuración de la Serie",
    "SeriesYearToPresent": "{0} - Actualidad",
    "ServerNameIsRestarting": "El Servidor Jellyfin - {0} se esta reiniciando.",
    "ServerNameIsShuttingDown": "El Servidor Jellyfin - {0} se esta apagando.",
    "ServerRestartNeededAfterPluginInstall": "El Servidor Jellyfin necesitará reiniciarse después de instalar un complemento.",
    "ServerUpdateNeeded": "Este Servidor Jellyfin necesita ser actualizado. Para descargar la ultima versión, por favor visite {0}",
    "Settings": "Configuración",
    "SettingsSaved": "Configuración guardada.",
    "SettingsWarning": "Cambiar estos valores podría causar inestabilidad o fallas de conexión, si experimenta cualquier problema, recomendamos volver a los valores por defecto.",
    "Share": "Compartir",
    "ShowAdvancedSettings": "Mostrar configuraciones avanzadas",
    "ShowIndicatorsFor": "Mostrar indicadores para:",
    "ShowTitle": "Mostrar titulo",
    "ShowYear": "Mostrar año",
    "Shows": "Programas",
    "Shuffle": "Aleatorio",
    "SimultaneousConnectionLimitHelp": "El numero máximo de transmisiones simultaneas permitidas. Ingrese 0 para ilimitados.",
    "SkipEpisodesAlreadyInMyLibrary": "No grabar episodios que ya se encuentran en mi biblioteca",
    "SkipEpisodesAlreadyInMyLibraryHelp": "Los episodios serán comparados usando el numero de temporada y de episodio, cuando estén disponibles.",
    "Small": "Pequeño",
    "SmallCaps": "Mayúsculas pequeñas",
    "Smaller": "Más pequeño",
    "Smart": "Inteligente",
    "SmartSubtitlesHelp": "Los subtítulos que coincidan con el lenguaje preferido serán cargados cuando el audio se encuentre en un lenguaje extranjero.",
    "Songs": "Canciones",
    "Sort": "Ordenar",
    "SortByValue": "Ordenar por {0}",
    "SortChannelsBy": "Ordenar canales por:",
    "SortName": "Nombre para ordenar",
    "Sports": "Deportes",
    "StatsForNerds": "Estadísticas para los nerds",
    "StopRecording": "Detener grabación",
    "Studios": "Estudios",
    "SubtitleAppearanceSettingsAlsoPassedToCastDevices": "Estos ajustes también aplican a cualquier reproducción de Chromecast iniciada por este dispositivo.",
    "SubtitleAppearanceSettingsDisclaimer": "Estas configuraciones no se aplicaran a subtitulos gráficos (PGS, DVD, etc.) o a subtitulos que tienen sus propias fuentes embebidas (ASS/SSA).",
    "SubtitleDownloadersHelp": "Habilite y priorice sus recolectores de subtitulos en orden de preferencia.",
    "SubtitleSettings": "Configuraciones de Subtitulos",
    "SubtitleSettingsIntro": "Para configurar la apariencia predeterminada de los subtitulos e idioma, detenga la reproducción de video, entonces de clic en su icono de usuario en la parte superior derecha de la aplicación.",
    "Subtitles": "Subtítulos",
    "Suggestions": "Sugerencias",
    "Sunday": "Domingo",
    "Sync": "Sincronizar",
    "SystemDlnaProfilesHelp": "Los perfiles del sistema son de sólo lectura. Los cambios a un perfíl de sistema serán guardados en un perfíl personalizado nuevo.",
    "TabAccess": "Acceso",
    "TabAdvanced": "Avanzado",
    "TabAlbumArtists": "Artistas del Álbum",
    "TabAlbums": "Álbumes",
    "TabArtists": "Artistas",
    "TabCatalog": "Catálogo",
    "TabChannels": "Canales",
    "TabCollections": "Colecciones",
    "TabContainers": "Contenedores",
    "TabDashboard": "Panel de Control",
    "TabDevices": "Dispositivos",
    "TabDirectPlay": "Reproducción Directa",
    "TabDisplay": "Pantalla",
    "TabEpisodes": "Episodios",
    "TabExpert": "Experto",
    "TabFavorites": "Favoritos",
    "TabGenres": "Géneros",
    "TabGuide": "Guía",
    "TabHomeScreen": "Pantalla de Inicio",
    "TabHosting": "Hospedaje",
    "TabLatest": "Recientes",
    "TabLibrary": "Biblioteca",
    "TabLiveTV": "TV en Vivo",
    "TabLogs": "Bitácoras",
    "TabMetadata": "Metadatos",
    "TabMovies": "Películas",
    "TabMusic": "Música",
    "TabMusicVideos": "Videos Musicales",
    "TabMyPlugins": "Mis Complementos",
    "TabNetworks": "Cadenas",
    "TabNfoSettings": "Configuración Nfo",
    "TabNotifications": "Notificaciones",
    "TabOther": "Otros",
    "TabParentalControl": "Control Parental",
    "TabPassword": "Contraseña",
    "TabPlayback": "Reproducción",
    "TabPlaylist": "Lista de Reproducción",
    "TabPlaylists": "Listas de reproducción",
    "TabPlugins": "Complementos",
    "TabProfile": "Perfíl",
    "TabProfiles": "Perfiles",
    "TabRecordings": "Grabaciones",
    "TabResponses": "Respuestas",
    "TabResumeSettings": "Configuración para Continuar",
    "TabScheduledTasks": "Tareas Programadas",
    "TabSecurity": "Seguridad",
    "TabServer": "Servidor",
    "TabSettings": "Configuración",
    "TabShows": "Programas",
    "TabSongs": "Canciones",
    "TabStreaming": "Transmisión",
    "TabSuggestions": "Sugerencias",
    "TabTrailers": "Tráilers",
    "TabTranscoding": "Transcodificación",
    "TabUpcoming": "Proximamente",
    "TabUsers": "Usuarios",
    "Tags": "Etiquetas",
    "TagsValue": "Etiquetas: {0}",
    "TellUsAboutYourself": "Díganos sobre usted",
    "ThemeSongs": "Canciones de Tema",
    "ThemeVideos": "Videos de Tema",
    "TheseSettingsAffectSubtitlesOnThisDevice": "Estas configuraciones solo afectan subtitulo de este dispositivo",
    "ThisWizardWillGuideYou": "Este asistente le guiará a través del proceso de instalación. Para comenzar, por favor seleccione su lenguaje preferido.",
    "Thumb": "Miniatura",
    "Thursday": "Jueves",
    "TitleHardwareAcceleration": "Aceleración por Hardware",
    "TitleHostingSettings": "Configuraciones de Alojamiento",
    "TitlePlayback": "Reproducción",
    "TrackCount": "{0} Pistas",
    "Trailers": "Tráilers",
    "Transcoding": "Transcodificando",
    "Tuesday": "Martes",
    "TvLibraryHelp": "Vea la {0}Guía para nombrar series de TV en Jellyfin{1}.",
    "Uniform": "Uniforme",
    "UninstallPluginConfirmation": "¿Está seguro de querer desinstalar {0}?",
    "UninstallPluginHeader": "Desinstalar Complemento",
    "Unmute": "Activar Sonido",
    "Unplayed": "No reproducido",
    "Unrated": "Sin clasificar",
    "Up": "Arriba",
    "Upload": "Subir",
    "UserAgentHelp": "Suministre un agente de encabezado http personalizado, si fuera necesario.",
    "UserProfilesIntro": "Jellyfin incluye soporte integrado para perfiles de usuario, habilitando a cada usuario para tener sus propias configuraciones de visualización, reproducción y controles parentales.",
    "ValueAlbumCount": "{0} álbumes",
    "ValueAudioCodec": "Códec de Audio: {0}",
    "ValueCodec": "Códec: {0}",
    "ValueConditions": "Condiciones: {0}",
    "ValueContainer": "Contenedor: {0}",
    "ValueDiscNumber": "Disco {0}",
    "ValueEpisodeCount": "{0} episodios",
    "ValueMovieCount": "{0} películas",
    "ValueMusicVideoCount": "{0} videos musicales",
    "ValueOneAlbum": "1 álbum",
    "ValueOneEpisode": "1 episodio",
    "ValueOneMovie": "1 película",
    "ValueOneMusicVideo": "1 video musical",
    "ValueOneSeries": "1 serie",
    "ValueOneSong": "1 canción",
    "ValueSeconds": "{0} segundos",
    "ValueSongCount": "{0} canciones",
    "ValueSpecialEpisodeName": "Especial - {0}",
    "ValueTimeLimitMultiHour": "Límite de tiempo: {0} horas",
    "ValueTimeLimitSingleHour": "Límite de tiempo: 1 hora",
    "ValueVideoCodec": "Códec de Video: {0}",
    "VideoRange": "Rango de video",
    "ViewAlbum": "Ver album",
    "ViewArtist": "Ver artista",
    "ViewPlaybackInfo": "Ver información de reproducción",
    "Watched": "Visto",
    "Wednesday": "Miércoles",
    "WelcomeToProject": "¡Bienvenido a Jellyfin!",
    "Whitelist": "Permitidos",
    "WizardCompleted": "Eso es todo lo que necesitamos por ahora, Jellyfin ha comenzado a recolectar información sobre su biblioteca de medios. Revise algunas de nuestras aplicaciones, y haga clic en <b>Finalizar</b> para ver el <b>Panel de Control</b>.",
    "Writer": "Escritor",
    "XmlDocumentAttributeListHelp": "Estos atributos son aplicados al elemento raíz de cada respuesta XML.",
    "XmlTvKidsCategoriesHelp": "Los programas con estas categorías serán mostrados como programas infantiles. Separe varios con un \"|\".",
    "XmlTvMovieCategoriesHelp": "Los programas con estas categorías serán mostrado como películas. Separe varios con un \"|\".",
    "XmlTvNewsCategoriesHelp": "Los programas con estas categorías serán mostrado como programas noticiosos. Separe varios con un \"|\".",
    "XmlTvPathHelp": "Una ruta a un archivo xml tv. Jellyfin leerá este archivo y periódicamente verificara si se ha actualizado. Usted sera el encargado de crear y actualizar el archivo.",
    "XmlTvSportsCategoriesHelp": "Los programas con estas categorías serán mostrados como programas deportivos. Separe varios con un \"|\".",
    "Yes": "Sí",
    "Yesterday": "Ayer",
    "Actor": "Actor",
    "Audio": "Audio",
    "Auto": "Auto",
    "ButtonInfo": "Info",
    "ButtonNo": "No",
    "ButtonOk": "Ok",
    "ButtonTrailer": "Trailer"
}
