{
    "AddUser": "Lisää Käyttäjä",
    "BrowsePluginCatalogMessage": "Selaa meidän lisäosa listaa katsoaksesi saatavilla olevia lisäosia.",
    "ButtonAddUser": "Lisää Käyttäjä",
    "ButtonCancel": "Lopeta",
    "ButtonDeleteImage": "Poista Kuva",
    "ButtonResetPassword": "Uusi Salasana",
    "ButtonSave": "Tallenna",
    "ButtonSignOut": "Sign out",
    "Delete": "Poista",
    "DeleteImage": "Poista Kuva",
    "DeleteImageConfirmation": "Oletko varma että haluat poistaa tämän kuvan?",
    "DeleteUser": "Poista käyttäjä",
    "DeleteUserConfirmation": "Oletko varma että haluat poistaa tämän käyttäjän?",
    "FileNotFound": "Tiedostoa ei löydy.",
    "FileReadCancelled": "Tiedoston luku on peruutettu.",
    "FileReadError": "Virhe tiedoston luvun aikana.",
    "FolderTypeTvShows": "TV",
    "HeaderCreatePassword": "Luo Salasana:",
    "HeaderParentalRating": "Parental Rating",
    "HeaderSeries": "Series:",
    "HeaderYear": "Year:",
    "LabelAudioLanguagePreference": "Äänen ensisijainen kieli:",
    "LabelConfigureSettings": "Muuta asetuksia",
    "LabelCountry": "Maa:",
    "LabelCurrentPassword": "Tämän hetkinen salsana:",
    "LabelDisplayMissingEpisodesWithinSeasons": "Näytä puuttuvat jaksot tuotantokausissa",
    "LabelDownloadInternetMetadata": "Lataa kuvamateriaali ja metadata internetistä",
    "LabelFinish": "Valmis",
    "LabelFolderType": "Kansion tyyppi:",
    "LabelLanguage": "Kieli:",
    "LabelMaxParentalRating": "Suurin sallittu vanhempien arvostelu:",
    "LabelNewPassword": "Uusi salasana:",
    "LabelNewPasswordConfirm": "Uuden salasanan varmistus:",
    "LabelNext": "Seuraava",
    "LabelPrevious": "Edellinen",
    "LabelSaveLocalMetadata": "Tallenna kuvamateriaali ja metadata media kansioihin.",
    "LabelSaveLocalMetadataHelp": "Kuvamateriaalin ja metadatan tallentaminen suoraan kansioihin missä niitä on helppo muuttaa.",
    "LabelSubtitleLanguagePreference": "Tekstityksien ensisijainen kieli:",
    "LabelUnairedMissingEpisodesWithinSeasons": "Näytä julkaisemattomat jaksot tuotantokausissa",
    "LabelYourFirstName": "Sinun ensimmäinen nimi:",
    "LabelYoureDone": "Olet valmis!",
    "LibraryAccessHelp": "Valitse media kansiot jotka haluat jakaa tämän käyttäjän kanssa. Järjestelmänvalvoja pystyy muokkaamaan kaikkia kansioita käyttäen metadata hallintaa.",
    "MaxParentalRatingHelp": "Suuremman arvosanan takia, sisältö tulla piilottamaan käyttäjältä.",
    "MoreUsersCanBeAddedLater": "Käyttäjiä voi lisätä lisää myöhemmin Dashboardista",
    "NoPluginsInstalledMessage": "Sinulla ei ole mitään lisäosia asennettuna.",
    "OptionRelease": "Virallinen Julkaisu",
    "ParentalRating": "Parental Rating",
    "Password": "Salasana",
    "PasswordMatchError": "Salasana ja salasanan vahvistuksen pitää olla samat.",
    "PasswordResetComplete": "Salasana on palauttettu.",
    "PasswordResetConfirmation": "Oletko varma, että haluat palauttaa salasanan?",
    "PasswordSaved": "Salasana tallennettu.",
    "Save": "Tallenna",
    "SettingsSaved": "Asetukset tallennettu.",
    "TabImage": "Kuva",
    "TabLibraryAccess": "Kirjaston Pääsy",
    "TabPassword": "Salasana",
    "TabProfile": "Profiili",
    "TabProfiles": "Profiilit",
    "TabSecurity": "Suojaus",
    "TellUsAboutYourself": "Kerro meille itsestäsi",
    "ThisWizardWillGuideYou": "Tämä työkalu auttaa sinua asennus prosessin aikana. loittaaksesi valitse kieli.",
    "UninstallPluginConfirmation": "Oletko varma, että haluat poistaa {0}?",
    "UninstallPluginHeader": "Poista Lisäosa",
    "Users": "Käyttäjät",
    "Absolute": "Ehdoton",
    "Accept": "Hyväksy",
    "Actor": "Näyttelijä",
    "Add": "Lisää",
    "AddToCollection": "Lisää kokoelmaan",
    "AddToPlayQueue": "Lisää toistojonoon",
    "AddToPlaylist": "Lisää toistolistalle",
    "AddUserByManually": "Lisää paikallinen käyttäjä lisäämällä käyttäjän tiedot manuaalisesti.",
    "AddedOnValue": "Lisätty {0}",
    "AdditionalNotificationServices": "Selaa lisäosakatalogia asentaaksesi lisää ilmoituspalveluita.",
    "AirDate": "Ensiesityspäivä",
    "Albums": "Albumit",
    "Alerts": "Hälytykset",
    "All": "Kaikki",
    "AllChannels": "Kaikki kanavat",
    "AllComplexFormats": "Kaikki monimutkaiset tiedostomuodot (ASS, SSA, VOBSUB, PGS, SUB/IDX, jne.)",
    "AllEpisodes": "Kaikki jaksot",
    "AllLanguages": "Kaikki kielet",
    "AllLibraries": "Kaikki kirjastot",
    "AllowDeletionFromAll": "Salli tiedostojen poistaminen kaikista kirjastoista",
    "AllowOnTheFlySubtitleExtraction": "Salli tekstitysten purkamien lennossa",
    "AccessRestrictedTryAgainLater": "Pääsy on toistaiseksi estetty. Yritä myöhemmin uudelleen.",
    "AddGuideProviderHelp": "Lisää lähde ohjelmaoppaalle.",
    "AddItemToCollectionHelp": "Lisää nimikkeitä etsimällä niitä ja käyttämällä hiiren oikeaa nappia tai valikkoa lisätäksesi ne kokoelmaan.",
    "Advanced": "Lisäasetukset",
    "Aired": "Esityspäivä",
    "AllowHWTranscodingHelp": "Jos sallittu, salli virittimen muuntaa bittivirta lennossa. Tämä voi vähentää tarvetta muunnokseen Jellyfin palvelimella.",
    "AllowMediaConversion": "Salli median muunto",
    "AllowMediaConversionHelp": "Salli tai kiellä pääsy median muunnostoimintoon.",
    "AllowOnTheFlySubtitleExtractionHelp": "Sulautetut tekstitykset voi erottaa videoista ja toimittaa Jellyfin ohjelmalle tekstinä, jotta videoita ei tarvitse uudelleenkoodata. Joissain järjestelmissä tämä voi viedä paljon aikaa ja aiheuttaa videotoiston pysähtymisen purun ajaksi. Poista tämä liittääksesi tekstiyksen videokuvaankon asiakaslaite ei tue tekstiyksiä.",
    "AllowRemoteAccess": "Salli etäyhteydet tähän Jellyfin palvelimeen.",
    "AllowRemoteAccessHelp": "Jos merkki puuttuu, kaikki ulkopuoliset yhteydet estetään.",
    "AllowSeasonalThemes": "Salli automaattiset vuodenaikateemat",
    "AllowSeasonalThemesHelp": "Jos asetettu, vuodenaikateemat satunnaisesti yliajavat teema-asetuksesi.",
    "AllowedRemoteAddressesHelp": "Pilkuilla eroteltu lista IP osoitteista tai IP/verkonpeite merkinnöistä verkoille, joille sallitaan etäyhteys palvelimeen. Tyhjäksi jätetty lista tarkoittaa, että kaikki osoitteet sallitaan.",
    "AlwaysPlaySubtitles": "Näytä aina tekstitykset",
    "AlwaysPlaySubtitlesHelp": "Kieliasetusta vastaava tekstitys ladataan käyttöön ääniraidan kielestä huolimatta.",
    "AnamorphicVideoNotSupported": "Anamorfinen video ei ole tuettu",
    "AndroidUnlockRestoreHelp": "Palauttaaksesi aikaisemman ostoksesi, varmista, että olet kirjautuneena samalla Google (tai Amazon) tunnuksella, jolla teit alkuperäisen oston. Varmista, että sovelluskauppa on päällä eikä sitä ole rajoitettu vanhempien lukolla. Varmista myös, että sinulla on toimiva internet -yhteys. Sinun tarvitsee tehdä taämä vain kerran.",
    "AnyLanguage": "Mikä tahansa kieli",
    "Anytime": "Koska tahansa",
    "AroundTime": "Noin {0}",
    "Art": "Taide",
    "Artists": "Esiintyjät",
    "AsManyAsPossible": "Niin monta kuin mahdollista",
    "Ascending": "Nousevassa järjestyksessä",
    "AspectRatio": "Kuvasuhde",
    "AttributeNew": "Uusi",
    "Audio": "Ääni"
}
