{
    "ButtonAddUser": "Erstell en User",
    "ButtonCancel": "Abbreche",
    "ButtonDeleteImage": "Lösch Bild",
    "ButtonNew": "Neu",
    "ButtonOk": "OK",
    "ButtonQuickStartGuide": "Schnellstart Instruktione",
    "ButtonResetPassword": "Passwort zrug setze",
    "ButtonSave": "Speichere",
    "ButtonSignOut": "Sign out",
    "ButtonSort": "Sortiere",
    "ChannelAccessHelp": "Wähl en Kanal us, um de mit dem User z'teile. Administratore werded immer d'Möglichkeit ha alli Kanäl mitm Metadate Manager z'bearbeite.",
    "Continuing": "Fortlaufend",
    "DeviceAccessHelp": "Das betrifft nur Grät wo einzigartig indentifiziert werded und tuet ned Browser Zuegriff verhindere. En Filter för Grät Zuegriff verhindered, dass neui Grät dezue gfüegt werded, bovor si ned überprüefd worde sind.",
    "Ended": "Beendent",
    "FolderTypeBooks": "Büecher",
    "FolderTypeMovies": "Film",
    "FolderTypeMusic": "Musig",
    "FolderTypeMusicVideos": "Musigvideos",
    "FolderTypeTvShows": "TV",
    "Friday": "Friitig",
    "HeaderAddUser": "Erstell en User",
    "HeaderAutomaticUpdates": "Automatischi Updates",
    "HeaderDeviceAccess": "Grät Zuegriff",
    "HeaderEasyPinCode": "Eifache Pin Code",
    "HeaderFrequentlyPlayed": "Vell gspellt",
    "HeaderLatestEpisodes": "Letschti Episode",
    "HeaderLatestMovies": "Letschti Film",
    "HeaderLatestSongs": "Letschti Songs",
    "HeaderLatestTrailers": "Letschti Trailer",
    "HeaderManagement": "Verwaltig",
    "HeaderNextUp": "Als nächts",
    "HeaderNowPlaying": "Jetz am spelle",
    "HeaderParentalRating": "Parental Rating",
    "HeaderPaths": "Pfad",
    "HeaderPlaybackSettings": "Abspell iistellige",
    "HeaderRecentlyPlayed": "Erst grad dezue gfüegt",
    "HeaderSeries": "Series",
    "HeaderUploadNewImage": "Lad es neus Bild ue",
    "HeaderUsers": "User",
    "LabelArtists": "Artist:",
    "LabelArtistsHelp": "Trenn mehreri iisträg dur es ;",
    "LabelAudioLanguagePreference": "Audio Sproch iistellig:",
    "LabelContentType": "Date Art:",
    "LabelCountry": "Land:",
    "LabelCurrentPassword": "Jetzigs Passwort:",
    "LabelDisplayMissingEpisodesWithinSeasons": "Zeig fehlendi Episode innerhalb vo de einzelne Staffle",
    "LabelFinish": "Beende",
    "LabelLanguage": "Sproch:",
    "LabelMaxParentalRating": "Maximum erlaubti Kindersicherig:",
    "LabelNewPassword": "Neus Passwort:",
    "LabelNewPasswordConfirm": "Neus Passwort bestätige:",
    "LabelNext": "Nöchst",
    "LabelPrevious": "Vorher",
    "LabelSaveLocalMetadata": "Speicher Bilder und Metadate i d'Medieordner",
    "LabelSaveLocalMetadataHelp": "Wennd Bilder und Metadate direkt i d'Medieordner speicherisch, chasch sie eifach weder finde und au bearbeite.",
    "LabelSelectUsers": "Wähl User:",
    "LabelTimeLimitHours": "Ziitlimit (h):",
    "LabelYourFirstName": "Din Vorname:",
    "LabelYoureDone": "Du besch fertig!",
    "LibraryAccessHelp": "Wähl en Medieordner us, um de mit dem User z'teile. Administratore werded immer d'Möglichkeit ha alli Verzeichnis mitm Metadate Manager z'bearbeite.",
    "MaxParentalRatingHelp": "Date mit enere höhere Kindersicherig werded vo dem User versteckt.",
    "MessageNothingHere": "Nix da.",
    "MessagePleaseEnsureInternetMetadata": "Bitte stell sicher, dass Abelade vo Metadate vom Internet aktiviert worde esch.",
    "Monday": "Mäntig",
    "MoreUsersCanBeAddedLater": "Meh User chönt spöter im Dashboard hinzuegfüegt werde.",
    "NewCollectionNameExample": "Biispell: Star Wars Sammlig",
    "NoNextUpItemsMessage": "Nix da. Fang mal a Serie luege!",
    "OptionAlbumArtist": "Album-Artist",
    "OptionAscending": "Ufstiigend",
    "OptionBluray": "BluRay",
    "OptionCommunityRating": "Community Bewertig",
    "OptionContinuing": "Fortlaufend",
    "OptionCriticRating": "Kritiker Bewertig",
    "OptionDateAdded": "Dezue gfüegt am",
    "OptionDatePlayed": "Abgspellt am",
    "OptionDescending": "Abstiigend",
    "OptionDvd": "DVD",
    "OptionEnableAccessFromAllDevices": "Aktiviere de Zuegriff vo allne Grät",
    "OptionEnableAccessToAllChannels": "Aktiviere de Zuegriff zu allne Kanäl",
    "OptionEnableAccessToAllLibraries": "Aktiviere de Zuegriff zu allne Bibliotheke",
    "OptionEnded": "Beendent",
    "OptionFavorite": "Favorite",
    "OptionFriday": "Friitig",
    "OptionHasSubtitles": "Undertitel",
    "OptionImdbRating": "IMDB Bewertig",
    "OptionMonday": "Mäntig",
    "OptionParentalRating": "Altersfriigab",
    "OptionPlayCount": "Zähler",
    "OptionPlayed": "Gspellt",
    "OptionPremiereDate": "Premiere Datum",
    "OptionReleaseDate": "Release Ziit",
    "OptionResumable": "Chan fortgsetzt werde",
    "OptionRuntime": "Laufziit",
    "OptionSaturday": "Samstig",
    "OptionSunday": "Sonntig",
    "OptionThursday": "Donnstig",
    "OptionTuesday": "Tsischtig",
    "OptionUnplayed": "Ungspellt",
    "OptionWednesday": "Mittwoch",
    "ParentalRating": "Parental Rating",
    "Saturday": "Samstig",
    "Save": "Speichere",
    "SearchForCollectionInternetMetadata": "Dursuechs Internet nach Bilder und Metadate",
    "Sunday": "Sonntig",
    "TabAccess": "Zuegriff",
    "TabAdvanced": "Erwiitert",
    "TabAlbumArtists": "Album-Artist",
    "TabAlbums": "Albene",
    "TabArtists": "Artist",
    "TabCatalog": "Katalog",
    "TabEpisodes": "Episode",
    "TabGenres": "Genre",
    "TabLatest": "Letschti",
    "TabMetadata": "Metadate",
    "TabMovies": "Film",
    "TabMusicVideos": "Musigvideos",
    "TabMyPlugins": "Miini Plugins",
    "TabNetworks": "Studios",
    "TabNotifications": "Mitteilige",
    "TabPassword": "Passwort",
    "TabPlaylist": "Playliste",
    "TabProfile": "Profil",
    "TabProfiles": "Profil",
    "TabSecurity": "Sicherheit",
    "TabShows": "Serie",
    "TabSuggestions": "Vorschläg",
    "TabUpcoming": "Usstehend",
    "TellUsAboutYourself": "Verzell was über dech selber",
    "ThisWizardWillGuideYou": "De Assistent hilft der dur de Installations Prozess. Zum afange, wähl bitte dini Sproch us.",
    "Thursday": "Donnstig",
    "Tuesday": "Tsischtig",
    "UserProfilesIntro": "Jellyfin beinhaltet iibauti Unterstützig för User-Profil, wo mer siini eigene Asichte, Spellständ und Altersfriigobe iistelle chan.",
    "Wednesday": "Mittwoch",
    "WelcomeToProject": "Willkomme bi Jellyfin!",
    "WizardCompleted": "Das esch alles wo mer momentan müend wüsse. Jellyfin het i de zwüscheziit agfange informatione über diini medie-bibliothek z'sammle. Lueg der es paar vo eusne Apps a und denn klick uf <b>Beende</b> um zum <b>Server Dashboard</b> z'cho.",
    "Albums": "Albom",
    "Artists": "Könstler",
    "Books": "Büecher",
    "Channels": "Kanäu",
    "Collections": "Sammlige",
    "Favorites": "Favorite",
    "Folders": "Ordner",
    "Genres": "Genres",
    "HeaderAlbumArtists": "Albom-Könstler",
    "HeaderContinueWatching": "Wiiterluege",
    "HeaderFavoriteAlbums": "Lieblingsalbe",
    "HeaderFavoriteArtists": "Lieblings-Interprete",
    "HeaderFavoriteEpisodes": "Lieblingsepisode",
    "HeaderFavoriteShows": "Lieblingsserie",
    "HeaderFavoriteSongs": "Lieblingslieder",
    "HeaderLiveTV": "Live-Färnseh",
    "HeaderRecordingGroups": "Ufnahmegruppe",
    "LabelIpAddressValue": "IP-Adrässe: {0}",
    "LabelRunningTimeValue": "Loufziit: {0}",
    "MessageApplicationUpdated": "Jellyfin Server esch aktualisiert worde",
    "MessageNamedServerConfigurationUpdatedWithValue": "De Serveriistöuigsberiich {0} esch aktualisiert worde",
    "MessageServerConfigurationUpdated": "Serveriistöuige send aktualisiert worde",
    "Movies": "Film",
    "Photos": "Fotis",
    "Playlists": "Wedergabeliste",
    "PluginInstalledWithName": "{0} esch installiert worde",
    "PluginUninstalledWithName": "{0} esch deinstalliert worde",
    "PluginUpdatedWithName": "{0} esch updated worde",
    "ProviderValue": "Aabieter: {0}",
    "Shows": "Serie",
    "Songs": "Lieder",
    "Sync": "Synchronisation",
    "ValueSpecialEpisodeName": "Extra - {0}",
    "VersionNumber": "Version {0}"
}
