{
    "Absolute": "Túpnusqalyq",
    "AccessRestrictedTryAgainLater": "Aǵymda qatynaý shektelgen. Áreketti keıin qaıtalańyz.",
    "Actor": "Aktór",
    "Add": "Ústeý",
    "AddItemToCollectionHelp": "Tarmaqtardy izdep jáne tintýirdiń oń jaq túımeshign basyp jıyntyqtarǵa tarmaqtardy ústeńiz nemese jıyntyqqa ústeý úshin mázirlerdi túrtińiz.",
    "AddToCollection": "Jıyntyqqa ústeý",
    "AddToPlayQueue": "Oınatý kezegine ústeý",
    "AddToPlaylist": "Oınatý tizimine ústeý",
    "AddedOnValue": "Ústelgeni {0}",
    "AdditionalNotificationServices": "Qosymsha habarlandyrý qyzmetterin ornatý úshin plagınder tizimdemesin sholyńyz.",
    "Advanced": "Keńeıtilgen",
    "AirDate": "Efır kúni",
    "Aired": "Efırlik",
    "Albums": "Álbomdar",
    "Alerts": "Eskertýler",
    "All": "Bári",
    "AllChannels": "Barlyq arnalar",
    "AllComplexFormats": "Barlyq kúrdeli pishimderi (ASS, SSA, VOBSUB, PGS, SUB/IDX jáne t.b.)",
    "AllEpisodes": "Barlyq bólimder",
    "AllLanguages": "Barlyq tilder",
    "AllLibraries": "Barlyq tasyǵyshhanalar",
    "AllowHWTranscodingHelp": "Qosylǵanda, aǵyndardy naqty ýaqytta qaıta kodtaýǵa túnerge múmkindik beredi. Bul Jellyfin Server arqyly qaıta kodtaý talabyn azaıtýǵa kómektesýi múmkin.",
    "AllowMediaConversion": "Tasyǵyshderekterdi túrlendirýge ruqsat etý",
    "AllowMediaConversionHelp": "Tasyǵyshderekterdi túrlendirý ereksheligine qatynaý úshin jol berý nemese tıym salý.",
    "AllowOnTheFlySubtitleExtraction": "Naqty ýaqytta sýbtıtrlerdi shyǵarýǵa ruqsat etý",
    "AllowOnTheFlySubtitleExtractionHelp": "Beıne qaıta kodtaýyna tıym salýǵa kómektesý úshin endirilgen sýbtıtrler beıneden shyǵarylyp, Jellyfin qoldanbalaryna kádimgi mátinge pishiminde jetkizilý múmkin. Keıbir júıelerde buǵan uzaq ýaqyt ketýi jáne shyǵarý úrdisi barysynda beıne oınatý toqtatylýy múmkin. Tutynǵysh qurylǵyda olarǵa qoldaý kórsetilmegen kezde, beıne qaıta kodtalý arqyly endirilgen sýbtıtrler jazylýy úshin ony óshirińiz.",
    "AllowRemoteAccess": "Osy Jellyfin Serverine syrtqy qosylymdar úshin ruqsat etý.",
    "AllowRemoteAccessHelp": "Eger jalaýsha alastalǵan bolsa, baryq syrtqy baılanystar qursaýlanady.",
    "AllowedRemoteAddressesHelp": "Qashyqtan qosylýǵa ruqsat etiletin jeliler úshin útirlermen bólingen IP-mekenjaılarynyń tizbesi nemese IP/netmask jazbalar  Eger bos qaldyrylsa, barlyq qashyqtaǵy mekenjaılarǵa ruqsat etiledi.",
    "AlwaysPlaySubtitles": "Sýbtıtrlerdi árqashan oınatý",
    "AlwaysPlaySubtitlesHelp": "Til teńshelimine sáıkes kelgen sýbtıtrler dybys tiline qatyssyz júkteledi.",
    "AnamorphicVideoNotSupported": "Anamorftyq beıne úshin qoldaý kórsetilmeıdi",
    "AndroidUnlockRestoreHelp": "Aldyńǵy satyp alýdy qalpyna keltirý úshin, bastapqyda satyp alý jasalǵan naq sol Google (nemese Amazon) tirkelgisimen qurylǵyǵa kirińiz. Qoldanba dúkeni qosylǵan jáne kezkelgen ata-ana shekteýsiz, jáne belsendi ınternet baılanysy bar ekenine kóz jetkizińiz. Aldyńǵy satyp alý qalpyna keltirý úshin muny tek qana bir ret isteý kerek.",
    "AnyLanguage": "Qaı-qaısy til",
    "Anytime": "Árkezde",
    "AroundTime": "{0} aınalasynda",
    "Art": "Oıý sýret",
    "Artists": "Oryndaýshylar",
    "AsManyAsPossible": "Múmkindiginshe kóp",
    "Ascending": "Artýy boıynsha",
    "AspectRatio": "Pishimdik araqatynasy",
    "AttributeNew": "Jańa",
    "Audio": "Dybys",
    "Auto": "Avtomatty",
    "AutoBasedOnLanguageSetting": "Avtomatty (til teńshelimi negizinde)",
    "Backdrop": "Artqy sýret",
    "Backdrops": "Artqy sýretter",
    "Banner": "Baner",
    "BirthDateValue": "Týǵany: {0}",
    "BirthLocation": "Týǵan orny",
    "BirthPlaceValue": "Týǵan orny: {0}",
    "Blacklist": "Qara tizim",
    "BookLibraryHelp": "Dybystyq jáne mátindik kitaptar qoldaýda. {0}Kitaptar atyn ózgertý Jellyfin-nusqaýlyǵyn{1} sholý.",
    "Books": "Kitaptar",
    "Box": "Qorap",
    "BoxRear": "Qorap arty",
    "Browse": "Sharlaý",
    "BrowsePluginCatalogMessage": "Qoljetimdi plagındermen tanysý úshin plagın tizimdemesin sholyńyz.",
    "BurnSubtitlesHelp": "Sýbtıtrler pishimine baılanysty beıneni túrlendirgen kezde server sýbtıtrlerdi jazyýyn anyqtaıdy. Sýbtıtrler jazýdy qashqaqtaý serverdiń ónimdiligin jaqsartady. Sýretke negizdelgen pishimderdi (mysaly, VOBSUB, PGS, SUB/IDX j.t.b.), sondaı-aq keıbir ASS/SSA sýbtıtrlerin jazý úshin Avtomattyny tańdańyz",
    "ButtonAdd": "Ústeý",
    "ButtonAddMediaLibrary": "Tasyǵyshhanany ústeý",
    "ButtonAddScheduledTaskTrigger": "Trıggerdi ústeý",
    "ButtonAddServer": "Serverdi ústeý",
    "ButtonAddUser": "Paıdalanýshyny ústeý",
    "ButtonArrowDown": "Tómenge",
    "ButtonArrowLeft": "Sol jaqqa",
    "ButtonArrowRight": "Oń jaqqa",
    "ButtonArrowUp": "Joǵaryǵa",
    "ButtonAudioTracks": "Dybys jolshyqtaryna",
    "ButtonBack": "Artqa",
    "ButtonCancel": "Boldyrmaý",
    "ButtonChangeContentType": "Mazmun túrin ózgertý",
    "ButtonChangeServer": "Serverdi aýystyrý",
    "ButtonConnect": "Qosylý",
    "ButtonDelete": "Joıý",
    "ButtonDeleteImage": "Sýretti joıý",
    "ButtonDown": "Tómenge",
    "ButtonDownload": "Júktep alý",
    "ButtonEdit": "Óńdeý",
    "ButtonEditImages": "Sýretterdi óńdeý",
    "ButtonEditOtherUserPreferences": "Osy paıdalanýshynyń profaılyn, sýretin jáne ózindik teńshelimderin óńdeý.",
    "ButtonFilter": "Súzý",
    "ButtonForgotPassword": "Paróldi eske salý",
    "ButtonFullscreen": "Tolyq ekran",
    "ButtonGotIt": "Túsinikti",
    "ButtonGuide": "Telegıd",
    "ButtonHelp": "Anyqtama",
    "ButtonHome": "Basqyǵa",
    "ButtonInfo": "Aqparatqa",
    "ButtonLearnMore": "Kóbirek bilý",
    "ButtonLibraryAccess": "Tasyǵyshhanǵa qatynaý",
    "ButtonManualLogin": "Qolmen kirý",
    "ButtonMore": "Kóbirek",
    "ButtonMoreInformation": "Kóbirek aqparatqa",
    "ButtonNetwork": "Jeli",
    "ButtonNew": "Jasaý",
    "ButtonNextTrack": "Kelesi jolshyqqa",
    "ButtonOff": "Óshir",
    "ButtonOk": "Jaraıdy",
    "ButtonOpen": "Ashý",
    "ButtonOther": "Basqa",
    "ButtonParentalControl": "Mazmundy basqarý",
    "ButtonPause": "Úzý",
    "ButtonPlay": "Oınatý",
    "ButtonPreviousTrack": "Aldyńǵy jolshyqqa",
    "ButtonProfile": "Profaıl",
    "ButtonQuickStartGuide": "Tez bastaý nusqaýlyǵy",
    "ButtonRefresh": "Jańǵyrtý",
    "ButtonRefreshGuideData": "Telegıd derekterin jańǵyrtý",
    "ButtonRemove": "Alastaý",
    "ButtonRename": "Qaıta ataý",
    "ButtonRepeat": "Qaıtalaý",
    "ButtonResetEasyPassword": "Ońaıtylǵan PIN-kodty ysyrý",
    "ButtonResetPassword": "Paróldi ysyrý",
    "ButtonRestart": "Qaıta iske qosý",
    "ButtonResume": "Jalǵastyrý",
    "ButtonRevoke": "Bas tartý",
    "ButtonSave": "Saqtaý",
    "ButtonScanAllLibraries": "Barlyq tasyǵyshhanalardy skanerleý",
    "ButtonSearch": "Izdeý",
    "ButtonSelectDirectory": "Qatalogty tańdaý",
    "ButtonSelectServer": "Serverdi tańdaý",
    "ButtonSelectView": "Kórinisti tańdaý",
    "ButtonSend": "Jiberý",
    "ButtonSettings": "Parametrlerge",
    "ButtonShuffle": "Aralastyrý",
    "ButtonShutdown": "Jumysty aıaqtaý",
    "ButtonSignIn": "Kirý",
    "ButtonSignOut": "Shyǵý",
    "ButtonSort": "Suryptaý",
    "ButtonSplitVersionsApart": "Núsqalardy qaıta bólý",
    "ButtonStart": "Bastaý",
    "ButtonStop": "Toqtatý",
    "ButtonSubmit": "Jiberý",
    "ButtonSubtitles": "Sýbtıtrlerge",
    "ButtonTrailer": "Treıler",
    "ButtonUninstall": "Ornatymdy joıý",
    "ButtonUp": "Joǵaryǵa",
    "ButtonUpdateNow": "Qazir jańartý",
    "ButtonUpload": "Júktep salý",
    "ButtonView": "Qaraý",
    "ButtonViewAlbum": "Álbomdy qaraý",
    "ButtonViewArtist": "Oryndaýshyny qaraý",
    "ButtonViewWebsite": "Ýeb-saıtyn qaraý",
    "ButtonWebsite": "Ýeb-saıty",
    "CancelRecording": "Jazýdy boldyrmaý",
    "CancelSeries": "Telehıkaıany boldyrmaý",
    "Categories": "Sanattar",
    "ChannelAccessHelp": "Bul paıdalanýshymen ortaqtasý úshin arnalardy bólekteńiz. Metaderek retteýshini paıdalanyp ákimshiler barlyq arnalardy óńdeýi múmkin.",
    "ChannelNameOnly": "Tek qana {0} arnasy",
    "ChannelNumber": "Arna nómiri",
    "Channels": "Arnalar",
    "CinemaModeConfigurationHelp": "Kınoteatr rejimi treılerlerdi jáne teńshelgen kórneýdi negizgi fılm aldynda oınatý kınozal áserin jetkizedi.",
    "Collections": "Jıyntyqtar",
    "ColorPrimaries": "Tús negizgileri",
    "ColorSpace": "Tús keńistigi",
    "ColorTransfer": "Tús aýstyrýy",
    "CommunityRating": "Qaýym baǵalaýy",
    "Composer": "Kompozıtor",
    "ConfigureDateAdded": "Ústelgen kúni Jellyfin Server taqtasyndaǵy Tasyǵyshhana parametrlerinde anyqtalady",
    "ConfirmDeleteImage": "Sýretti joıamyz ba?",
    "ConfirmDeleteItem": "Osy tarmaqty joıǵanda, ol faıl júıesinen de, tasyǵyshhanańyzdan da joıylady. Shynymen jalǵastyrý qajet pe?",
    "ConfirmDeleteItems": "Osy tarmaqtardy joıǵanda, olar faıldyq júıesinen de jáne tasyǵyshhanańyzdan da ekeýinde joıylad. Siz jalǵastyrý qalaısyz ba? Shynymen jalǵastyrý qajet pe?",
    "ConfirmDeletion": "Joıýdy rastaý",
    "ConfirmEndPlayerSession": "Jellyfin jumysyn aıaqtaýdy {0} qurylǵyda qalaısyz ba?",
    "Connect": "Qosylý",
    "ContinueWatching": "Qaraýdy jalǵastyrý",
    "Continuing": "Jalǵasýda",
    "CriticRating": "Synshylar baǵalaýy",
    "CustomDlnaProfilesHelp": "Jańa qurylǵy maqsaty úshin teńshelgen profaıldy jasaý ne júıelik profaıldy qaıta anyqtaý.",
    "DateAdded": "Ústelgen kúni",
    "DatePlayed": "Oınatylǵan kúni",
    "DeathDateValue": "Ólgeni: {0}",
    "Default": "Ádepki",
    "DefaultCameraUploadPathHelp": "Teńshelgen júktep salý joldy tańdańyz. Eger anyqtalmasa, ádepki qalta paıdalanylady. Eger teńsheletin jol paıdalanylsa, buny sondaı-aq Jellyfin tasyǵyshhanasyn ornatý jáne teńsheý aımaǵynda tasyǵyshhana sıaqty ústeý qajet.",
    "DefaultErrorMessage": "Saýal óńdelý kezinde qate oryn aldy. Áreketti keıin qaıtalańyz.",
    "DefaultMetadataLangaugeDescription": "Bular sizdiń ádepki maǵynalaryńyz jáne ár tasyǵyshhana negizinde teńsheýge bolady.",
    "DefaultSubtitlesHelp": "Sýbtıtrler engizilgen metaderekterdegi ádepki jáne  májbúrli jalaýshalary negizinde júktelip alynady. Birneshe opsıa qoljetimdi bolǵanda til teńshelimi qarastyrylady.",
    "Delete": "Joıý",
    "DeleteDeviceConfirmation": "Shynymen osy qurylǵyny joıý qajet pe? Bul kelesi rette paıdalanýshy osydan kirgende qaıta paıda bolady.",
    "DeleteImage": "Sýretti joıý",
    "DeleteImageConfirmation": "Shynymen bul sýretti joıý qajet pe?",
    "DeleteMedia": "Tasyǵyshderekti joıý",
    "DeleteUser": "Paıdalanýshyny alastaý",
    "DeleteUserConfirmation": "Shynymen osy paıdalanýshyny joıý qajet pe?",
    "Depressed": "Tómen túsirilgen",
    "Descending": "Kemýi boıynsha",
    "Desktop": "Jumys ústeli",
    "DetectingDevices": "Qurylǵylardy tabýda",
    "DeviceAccessHelp": "Bul tek qana biregeı anyqtalýy múmkin qurylǵylar úshin qoldanylady jáne sholǵyshpen qantynaýǵa tyıym salmaıdy. Paıdalanýshy qurylǵysynan qatynaýdy súzgileýi jańa qurylǵylardy munda bekitilgenshe deıin paıdalanýǵa tyıym salady.",
    "DirectPlaying": "Tikeleı oınatýda",
    "DirectStreamHelp1": "Ajyratymdylyq pen tasyǵyshderekter túrine (H.264, AC3, t.b.) qatysty tasyǵyshderekter qurylǵyǵa sáıkes keledi, biraq syıyspaıtyn faıl konteınerinde (.mkv, .avi, .wmv jáne t.b.) bolyp tur. Qurylǵyǵa taratpas buryn, beıne naqty ýaqytta qaıta jınaqtalady.",
    "DirectStreamHelp2": "Faıldy tikeleı taratý beıne sapasyn joǵaltpaı óte az esepteý qýatyn paıdalanady.",
    "DirectStreaming": "Tikeleı tasymaldanýda",
    "Director": "Rejısór",
    "DirectorValue": "Rejısóri: {0}",
    "DirectorsValue": "Rejısórler; {0}",
    "Disabled": "Ajyratylǵan",
    "Disc": "Dıski",
    "Disconnect": "Ajyratý",
    "Dislike": "Unamaıdy",
    "Display": "Beıneleý",
    "DisplayInMyMedia": "Basqy ekranda beınelenedi",
    "DisplayInOtherHomeScreenSections": "Basqy ekran bólimderinde beıneleý (mys. Eń sońǵy tasyǵyshderekter jáne Kórýdi jalǵastyrý)",
    "DisplayMissingEpisodesWithinSeasons": "Joq bólimderdi maýsym ishinde beıneleý",
    "DisplayMissingEpisodesWithinSeasonsHelp": "Bul sondaı-aq Jellyfin Server ornatýyndaǵy TD tasyǵyshhanalary úshin qosýly bolýy kerek.",
    "DisplayModeHelp": "Jellyfin iske qosylǵanda ekran túrin tańdańyz.",
    "DoNotRecord": "Jazýǵa bolmaıdy",
    "Down": "Tómenge",
    "Download": "Júktep alý",
    "DownloadsValue": "{0} júkteý",
    "DrmChannelsNotImported": "DRM bar arnalar shetten ákelinbeıdi.",
    "DropShadow": "Kóleńkeli",
    "EasyPasswordHelp": "Ońaıtylǵan PIN-kodyńyz qoldaýdaǵy Jellyfin qoldanbalarynan derbes qatynaý úshin paıdalanylady, jáne jeli ishinde ońaıtylyp kirý úshin paıdalanylýy múmkin.",
    "Edit": "Óńdeý",
    "EditImages": "Sýretterdi óńdeý",
    "EditMetadata": "Metaderekterdi óńdeý",
    "EditSubtitles": "Sýbtıtrlerdi óńdeý",
    "EnableBackdrops": "Artqy sýretterdi qosý",
    "EnableBackdropsHelp": "Qosylǵanda, artqy sýretter tasyǵyshhanany sholý kezinde keıbir betterde óńde beınelenedi.",
    "EnableCinemaMode": "Kınoteatr rejimin qosý",
    "EnableColorCodedBackgrounds": "Túspen belgilengen óńderdi qosý",
    "EnableDebugLoggingHelp": "Aqaýlyqtardy joıý jýrnalyn tek qajet bolǵan jaǵdaıda qosý kerek. Faıldyq júıege qatynaý kóbeıýi keıbir ortalarda server kompúterine uıyqtaýǵa jol bermeıdi.",
    "EnableDisplayMirroring": "Beıneleýdiń telnusqasyn qosý",
    "EnableExternalVideoPlayers": "Syrtqy oınatqyshtardy qosý",
    "EnableExternalVideoPlayersHelp": "Syrtqy oınatqysh máziri beıne oınatýdy bastaǵan kezde kórsetiledi.",
    "EnableHardwareEncoding": "Apparatyq kodtaýýdy qosý",
    "EnableNextVideoInfoOverlay": "Oınatý kezinde kelesi beıne týraly aqparatty qosý",
    "EnableNextVideoInfoOverlayHelp": "Beıne sońynda aǵymdaǵy oınatý tizimindegi kelesi beıne týraly aqparatty kórsetý.",
    "EnablePhotos": "Fotosýretterdi qosý",
    "EnablePhotosHelp": "Fotosýretter basqa tasyǵysh faıldarymen qatar anyqtalady jáne beınelenedi.",
    "EnableStreamLooping": "Taratýlardy avtomatty tuıyqtaý",
    "EnableStreamLoopingHelp": "Eger taratý derekterinde tek qana azyn-aýlaq sekýnd bar bolsa jáne ony úzdiksiz suratyp alý qajet bolsa, ony qosyńyz. Bul qajet bolmaǵan jaǵdaıda qosylsa, qıyndyqtar týdyrýy múmkin.",
    "EnableThemeSongs": "Taqyryptyq áýenderdi qosý",
    "EnableThemeSongsHelp": "Qosylǵanda, tasyǵyshhanany sholý kezinde taqyryptyq áýender óńde oınatylady.",
    "EnableThemeVideos": "Taqyryptyq beınelerdi qosý",
    "EnableThemeVideosHelp": "Qosylǵanda, tasyǵyshhanany sholý kezinde taqyryptyq beıneler óńde oınatylady.",
    "Ended": "Aıaqtaldy",
    "EndsAtValue": "Aıaqtalýy: {0}",
    "Episodes": "Bólimder",
    "ErrorAddingListingsToSchedulesDirect": "Schedules Direct tirkelgińizge tizbek ústeý kezinde qate oryn aldy. Schedules Direct tirkelgisinde tizbekterdiń tek qana shekteýli sany rýqsat etiledi. Oryndamas buryn Schedules Direct saıtyna kirip jáne tirkelgiden basqa tizbelerdi alastaý qajet bolýy múmkin.",
    "ErrorAddingMediaPathToVirtualFolder": "Tasyǵyshderekter jolyn ústegen kezinde qate oryn aldy. Jol durys ekenine jáne Jellyfin Server prosesi osy jaıǵasymǵa qatynaıtyna kóz jetkizińiz.",
    "ErrorAddingTunerDevice": "Túner qurylǵysyn ústeý kezinde qate oryn aldy. Bul qatynaýly ekenine kóz jetkizińiz de áreketti qaıtalańyz.",
    "ErrorAddingXmlTvFile": "XmlTV faılyna qatynaý kezinde qate oryn aldy. Faıl bar bolýyna kóz jetkizińiz de áreketti qaıtalańyz.",
    "ErrorDeletingItem": "Jellyfin Server elementin joıý kezinde qate oryn aldy. Jellyfin Server tasyǵysh qaltasyna jazýǵa ruqsaty bar ekenin tekserip, qaıtalap kórińiz.",
    "ErrorGettingTvLineups": "TD kezekterin júktep alý kezinde qate oryn aldy. Málimetterińiz durys ekenine kóz jetkizińiz de áreketti qaıtalańyz.",
    "ErrorMessageStartHourGreaterThanEnd": "Aıaqtaý ýaqyty bastaý ýaqytynan keıinrek bolýy qajet etedi.",
    "ErrorPleaseSelectLineup": "Tizbekti tańdańyz jáne áreketti qaıtalańyz. Eger eshqandaı tizbek qoljetimdi bolmasa, onda paıdalanýshy atyńyzdy, parólińizdi jáne poshta kodyn durys ekenin tekserińiz.",
    "ErrorSavingTvProvider": "TD jetkizýshisin saqtaý kezinde qate oryn aldy. Bul qatynaýly ekenine kóz jetkizińiz de áreketti qaıtalańyz.",
    "EveryNDays": "{0} kún saıyn",
    "ExitFullscreen": "Tolyq ekrandan shyǵý",
    "ExtraLarge": "Óte iri",
    "ExtractChapterImagesHelp": "Sahna sýretterin shyǵaryp alý Jellyfin-qoldanbalaryna sahna bólekteýge arnalǵan syzbalyq mázirlerdi beıneleý úshin ruqsat etedi. Bul proses baıaý, OP kerek qylatyn jáne biraz gıgabaıt keńistikti qajet etetin bolýy múmkin. Ol beınefaıldary tabylǵanda, jáne túngi ýaqytyna josparlaǵan tapsyrma retinde jumys isteıdi. Oryndaý kestesi Josparlaýshy aımaǵynda teńsheledi. Bul tapsyrmany qarbalas saǵattarynda jumys istetkizý usynylmaıdy.",
    "Extras": "Qosymshalar",
    "FFmpegSavePathNotFound": "Bizge siz engizgen FFmpeg jolyn paıdalanyp tabý múmkin bolmady. Sondaı-aq FFprobe talap etiledi jáne sol qaltada bolýy jón. Bul quramdastar ádette sol júkteýmen birge jetkiziledi. Joldy tekserip, qaıtalap kórińiz.",
    "FastForward": "Jyldam alǵa",
    "Favorite": "Tańdaýly",
    "Favorites": "Tańdaýlylar",
    "Features": "Erekshelikter",
    "File": "Faıl",
    "FileNotFound": "Faıl tabylmady.",
    "FileReadCancelled": "Faıl oqýy boldyrylmady.",
    "FileReadError": "Faıldy oqyp jatqanda qate paıda boldy.",
    "Filters": "Súzgiler",
    "FolderTypeBooks": "Kitaptar",
    "FolderTypeMovies": "Kıno",
    "FolderTypeMusic": "Mýzyka",
    "FolderTypeMusicVideos": "Mýzykalyq beıneler",
    "FolderTypeTvShows": "TD",
    "FolderTypeUnset": "Aralas mazmun",
    "Folders": "Qaltalar",
    "ForAdditionalLiveTvOptions": "Qosymsha efırlik TD jetkizýshiler úshin, Qyzmetter qoıyndysyn nuqyp, qoljetimdi opsıalarben tanysyńyz.",
    "FormatValue": "Pishim: {0}",
    "Friday": "juma",
    "Fullscreen": "Tolyq ekran",
    "General": "Jalpy",
    "GenreValue": "Janr: {0}",
    "Genres": "Janrlar",
    "GenresValue": "Janrlar: {0}",
    "GroupBySeries": "Telehıkaıalar boıynsha toptastyrý",
    "GroupVersions": "Nusqalardy toptastyrý",
    "GuestStar": "Shaqyrylǵan aktór",
    "Guide": "Telegıd",
    "GuideProviderLogin": "Kirý",
    "GuideProviderSelectListings": "Tizbelerdi tańdaý",
    "H264CrfHelp": "Baǵalaýdyń turaqty máni (Constant Rate Factor, CRF)  x264 kodtaýyshy úshin ádepki sapa parametri bolyp tabylady. Siz 0 jáne 51 arasyndaǵy mánderin belgileı alasyz, onda tómen mánder (joǵary faıl ólshemderi esebinen) nátıjesinde jaqsy sapaǵa keltiredi. Taǵylyp mánder 18 jáne 28 arasynda bolady. x264 úshin ádepkisi  23 bolyp tabylady, sondyqtan bastaý núktesi retinde osyny paıdalanýyńyzǵa bolady.",
    "H264EncodingPresetHelp": "Ónimdilikti jaqsartý úshin jyldam mánin, nemese sapasyn jaqsartý úshin baıaý mánin tańdańyz.",
    "HDPrograms": "HD-kórsetimder",
    "HandledByProxy": "Keri proksı arqyly óńdeldi",
    "HardwareAccelerationWarning": "Apparattyq jedeldetýdi qosý keıbir ortalarda turaqsyzdyq týdyrýy múmkin. Amaldyq júıeńiz ben beıne draıverlerińiz tolyq jańartylǵanyna kóz jetkizińiz. Eger osyny qosqannan keıin beıne oınatýda  qıyndyq bolsa, parametrdi qaıta Avto úshin ózgertýińiz qajet.",
    "HeaderAccessSchedule": "Qatynaý kestesi",
    "HeaderAccessScheduleHelp": "Qatynaýdy belgili saǵattarǵa shekteý úshin qatynaý kestesin jasańyz.",
    "HeaderActiveDevices": "Belsendi qurylǵylar",
    "HeaderActiveRecordings": "Belsendi jazbalar",
    "HeaderActivity": "Áreketter",
    "HeaderAddScheduledTaskTrigger": "Trıggerdi ústeý",
    "HeaderAddToCollection": "Jıyntyqqa ústeý",
    "HeaderAddToPlaylist": "Oınatý tizimine ústeý",
    "HeaderAddUpdateImage": "Sýretti ústeý/jańartý",
    "HeaderAddUser": "Paıdalanýshyny ústeý",
    "HeaderAdditionalParts": "Jalǵasatyn bólimder",
    "HeaderAdmin": "Basqarý",
    "HeaderAlbumArtists": "Álbom oryndaýshylary",
    "HeaderAlbums": "Álbomdar",
    "HeaderAlert": "Eskertý",
    "HeaderAllowMediaDeletionFrom": "Osydan tasyǵyshderekterdi joıýǵa ruqsat etý",
    "HeaderApiKey": "API-kilt",
    "HeaderApiKeys": "API-kiltter",
    "HeaderApiKeysHelp": "Syrtqy qoldanbalar Jellyfin Server baǵdarlamasymen qatynasý úshin API kilti qajet etedi. Kiltter Jellyfin tirkelgisine kirgende, nemese kiltti qoldanbaǵa qolmen ruqsat etilgende beriledi.",
    "HeaderApp": "Qoldanba",
    "HeaderAppearsOn": "Kórýge bolady",
    "HeaderAudioBooks": "Dybystyq kitaptar",
    "HeaderAudioSettings": "Dybys parametrleri",
    "HeaderAutomaticUpdates": "Avtomatty jańartýlar",
    "HeaderBlockItemsWithNoRating": "Jastas sanaty týraly aqparaty joq nemese ol tanylmaǵan mazmundy qursaýlaý:",
    "HeaderBooks": "Kitaptar",
    "HeaderBranding": "Bezendirý",
    "HeaderBrandingHelp": "Tobyńyzdyń ne uıymyńyzdyń muqtajdyqtaryna úılesimdi Jellyfin bezendirýin teńsheý.",
    "HeaderCameraUpload": "Kameradan júktep salý",
    "HeaderCameraUploadHelp": "Utqyr qurylǵylaryńyzda túsirilgen fotosýretterdi Jellyfin qoldanbalary avtomatty Jellyfin Server ishine júktep salý múmkin.",
    "HeaderCancelRecording": "Jazýdy boldyrmaý",
    "HeaderCancelSeries": "Telehıkaıany boldyrmaý",
    "HeaderCastAndCrew": "Somdaýshylar men túsirýshiler",
    "HeaderCastCrew": "Somdaýshylar men túsirýshiler",
    "HeaderChangeFolderType": "Mazmun túrin ózgertý",
    "HeaderChangeFolderTypeHelp": "Túrdi ózgertý úshin, tasyǵyshhanany alastańyz da, jańa túr arqyly qaıta quryńyz.",
    "HeaderChannelAccess": "Arnaǵa qatynaý",
    "HeaderChannels": "Arnalar",
    "HeaderChapterImages": "Sahna sýretteri",
    "HeaderCodecProfile": "Kodek profaıly",
    "HeaderCodecProfileHelp": "Kodek profaıldary naqty kodekter arqyly oınatqanda qurylǵynyń shekteýlerin kórsetedi. Eger shekteý qoldanylsa, sonda kodek tikeleı oınatý úshin teńshelse de tasyǵyshderekter qaıta kodtalynady.",
    "HeaderConfigureRemoteAccess": "Qashyqtan qatynaýdy teńsheý",
    "HeaderConfirmPluginInstallation": "Plagın ornatymyn rastaý",
    "HeaderConfirmProfileDeletion": "Profaıl joıýdy rastaý",
    "HeaderConfirmRevokeApiKey": "API-kiltten bas tartý",
    "HeaderConnectToServer": "Serverge qosylý",
    "HeaderConnectionFailure": "Qosylý sátsiz",
    "HeaderContainerProfile": "Konteıner profaıly",
    "HeaderContainerProfileHelp": "Konteıner profaıldary naqty pishimder arqyly oınatqanda qurylǵynyń shekteýlerin kórsetedi. Eger shekteý qoldanylsa, sonda konteıner tikeleı oınatý úshin teńshelse de tasyǵyshderekter qaıta kodtalynady.",
    "HeaderContinueListening": "Tyńdaýdy jalǵastyrý",
    "HeaderContinueWatching": "Qaraýdy jalǵastyrý",
    "HeaderCustomDlnaProfiles": "Teńshelgen profaıldar",
    "HeaderDateIssued": "Berilgen kúni",
    "HeaderDefaultRecordingSettings": "Jazbalardyń ádepki parametrleri",
    "HeaderDeleteDevice": "Qurylǵyny joıý",
    "HeaderDeleteItem": "Tarmaqty joıý",
    "HeaderDeleteItems": "Tarmaqtardy joıý",
    "HeaderDeleteProvider": "Jetkizýshini alastaý",
    "HeaderDeleteTaskTrigger": "Tapsyrma trıggerin joıý",
    "HeaderDetectMyDevices": "Qurylǵylarymdy tabý",
    "HeaderDeveloperInfo": "Ázirleýshiler týraly",
    "HeaderDeviceAccess": "Qurylǵyǵa qatynaý",
    "HeaderDevices": "Qurylǵylar",
    "HeaderDirectPlayProfile": "Tikeleı oınatý profaıly",
    "HeaderDirectPlayProfileHelp": "Qurylǵynyń qandaı pishimderdi ádepki óńdetetin múmkindigin kórsetý ushin tikeleı oınatý profaıldaryn ústeý.",
    "HeaderDisplay": "Beıneleý",
    "HeaderDisplaySettings": "Beıneleý parametrleri",
    "HeaderDownloadSync": "Júkteý men úndestirý",
    "HeaderEasyPinCode": "Ońaıtylǵan PIN-kod",
    "HeaderEditImages": "Sýretterdi óńdeý",
    "HeaderEnabledFields": "Qosylǵan órister",
    "HeaderEnabledFieldsHelp": "Qursaýlaý úshin jáne derekter ózgertýine tyıym salý úshin, óristen qusbelgini alyńyz.",
    "HeaderEpisodes": "TD-bólimder",
    "HeaderError": "Qate",
    "HeaderExternalIds": "Syrtqy sáıkestendirgishter:",
    "HeaderFeatureAccess": "Quramdastardy qatynaý",
    "HeaderFeatures": "Erekshelikter",
    "HeaderFetchImages": "Sýretterdi irikteý:",
    "HeaderFetcherSettings": "Irikteýshi parametrleri",
    "HeaderFilters": "Súzgiler",
    "HeaderForKids": "Balalyq",
    "HeaderForgotPassword": "Paróldi umytyńyz ba",
    "HeaderFrequentlyPlayed": "Jıi oınatylǵandar",
    "HeaderGenres": "Janrlar",
    "HeaderGuideProviders": "Telegıd derekterin jetkizýshileri",
    "HeaderHomeScreen": "Basqy ekran",
    "HeaderHomeScreenSettings": "Basqy ekran parametrleri",
    "HeaderHttpHeaders": "HTTP ústińgi derektemeleri",
    "HeaderIdentification": "Anyqtaý",
    "HeaderIdentificationCriteriaHelp": "Eń keminde anyqtaýdyń bir shartyn engizińiz.",
    "HeaderIdentificationHeader": "Anyqtaýdyń ústińgi derektemesi",
    "HeaderIdentifyItemHelp": "Izdeýdiń bir ne birneshe shartyn engizińiz. Izdeý nátıjelerin kóbeıtý úshin shartty alastańyz.",
    "HeaderImageOptions": "Sýret opsıalary",
    "HeaderImageSettings": "Sýret parametrleri",
    "HeaderInstall": "Ornatý",
    "HeaderInstantMix": "Lezdik qospa",
    "HeaderItems": "Tarmaqtar",
    "HeaderKeepRecording": "Jazýdy saqtap qalý",
    "HeaderKeepSeries": "Telehıkaıany saqtap qalý",
    "HeaderKodiMetadataHelp": "NFO metaderekterin qosý nemese óshirý úshin, Jellyfin tasyǵyshhanalar ornatý bóliminde tasyǵyshhana ny óńdeńiz jáne metaderekter saqtaýysh bólimin tabyńyz.",
    "HeaderLatestEpisodes": "Eń keıingi bólimder",
    "HeaderLatestMedia": "Eń keıingi tasyǵyshderekter",
    "HeaderLatestMovies": "Eń keıingi fılmder",
    "HeaderLatestMusic": "Eń keıingi mýzyka",
    "HeaderLatestRecordings": "Eń keıińgi jazbalar",
    "HeaderLibraries": "Tasyǵyshhanalar",
    "HeaderLibraryAccess": "Tasyǵyshhanaǵa qatynaý",
    "HeaderLibraryFolders": "Tasyǵyshhanalyq qaltalar",
    "HeaderLibraryOrder": "Tasyǵyshhana reti",
    "HeaderLibrarySettings": "Tasyǵyshhana parametrleri",
    "HeaderLiveTV": "Efır",
    "HeaderLiveTv": "Efırlik TD",
    "HeaderLiveTvTunerSetup": "Efırlik TD túnerdi ornatý",
    "HeaderLoginFailure": "Kirý sátsizdigi",
    "HeaderMedia": "Tasyǵyshderekter",
    "HeaderMediaFolders": "Tasyǵysh qaltalary",
    "HeaderMediaInfo": "Tasyǵyshderekter týraly",
    "HeaderMetadataSettings": "Metaderekter parametrleri",
    "HeaderMoreLikeThis": "Osy sıaqty kóbirek",
    "HeaderMovies": "Fılmder",
    "HeaderMusicQuality": "Mýzyka sapasy",
    "HeaderMusicVideos": "Mýzykalyq beıneler",
    "HeaderMyDevice": "Meniń qurylǵym",
    "HeaderMyMedia": "Meniń tasyǵyshderekterim",
    "HeaderMyMediaSmall": "Meniń tasyǵyshderekterim (yqsham)",
    "HeaderNewApiKey": "Jańa API-kilt",
    "HeaderNewDevices": "Jańa qurylǵylar",
    "HeaderNextEpisodePlayingInValue": "Kelesi bólim {0} ishinde oınatylady",
    "HeaderNextUp": "Kezekti",
    "HeaderNextVideoPlayingInValue": "Kelesi beıne {0} ishinde oınatylady",
    "HeaderOnNow": "Efırde",
    "HeaderOtherItems": "Basqa tarmaqtar",
    "HeaderParentalRatings": "Jastas sanattar",
    "HeaderPassword": "Paról",
    "HeaderPasswordReset": "Paróldi ysyrý",
    "HeaderPaths": "Joldar",
    "HeaderPendingInvitations": "Bógelis shaqyrýlar",
    "HeaderPeople": "Adamdar",
    "HeaderPhotoAlbums": "Fotoálbomdar",
    "HeaderPinCodeReset": "PIN-kodty ysyrý",
    "HeaderPlayAll": "Bárin oınatý",
    "HeaderPlayOn": "Oınatýdy qosý",
    "HeaderPlayback": "Tasyǵyshderekterdi oınatý",
    "HeaderPlaybackError": "Oınatý qatesi",
    "HeaderPlaybackSettings": "Oınatý parametrleri",
    "HeaderPleaseSignIn": "Kirińiz",
    "HeaderPluginInstallation": "Plagın ornatymy",
    "HeaderPreferredMetadataLanguage": "Metaderekter tiliniń teńshelimi",
    "HeaderProfile": "Profaıl",
    "HeaderProfileInformation": "Profaıl málimetteri",
    "HeaderProfileServerSettingsHelp": "Bul mánder Jellyfin Server qalaı ózin qurylǵyda kórsetetiniń basqarady.",
    "HeaderRecentlyPlayed": "Jaqynda oınatylǵandar",
    "HeaderRecordingOptions": "Jazý opsıalary",
    "HeaderRecordingPostProcessing": "Jazbany keıingi óńdeý",
    "HeaderRemoteControl": "Qashyqtan basqarý",
    "HeaderRemoveMediaFolder": "Tasyǵysh qaltasyn alastaý",
    "HeaderRemoveMediaLocation": "Tasyǵyshderekter ornalasýyn alastaý",
    "HeaderResponseProfile": "Ún qatý profaıly",
    "HeaderResponseProfileHelp": "Keıbir tasyǵyshderekter túrlerin oınatqanda ún qatý profaıldary qurylǵyǵa jiberiletin aqparatty teńsheý úshin jol beredi.",
    "HeaderRestart": "Qaıta iske qosý",
    "HeaderRevisionHistory": "Ózgerister tarıhy",
    "HeaderRunningTasks": "Oryndalyp jatqan tapsyrmalar",
    "HeaderScenes": "Sahnalar",
    "HeaderSchedule": "Is kestesi",
    "HeaderSeasons": "Maýsymdar",
    "HeaderSecondsValue": "{0} sekónd",
    "HeaderSelectCertificatePath": "Kýálik jolyn tańdaý",
    "HeaderSelectMetadataPath": "Metaderekter jolyn tańdaý",
    "HeaderSelectMetadataPathHelp": "Metaderekter saqtaý úshin joldy sholyńyz nemese engizińiz. Osy qalta jazý úshin qol jetimdi bolýy qajet.",
    "HeaderSelectPath": "Joldy tańdaý",
    "HeaderSelectServer": "Serverdi tańdaý",
    "HeaderSelectServerCachePath": "Server keshiniń jolyn tańdaý",
    "HeaderSelectServerCachePathHelp": "Serverdiń kesh faıldaryn paıdalaný úshin joldy sholyńyz nemese engizińiz. Osy qalta jazý úshin qol jetimdi bolýy qajet.",
    "HeaderSelectTranscodingPath": "Qaıta kodtaýdyń ýaqytsha faıldaryeyń jolyn tańdaý",
    "HeaderSelectTranscodingPathHelp": "Qaıta kodtaýdyń ýaqytsha faıldaryn paıdalaný úshin joldy sholyńyz nemese engizińiz. Osy qalta jazý úshin qol jetimdi bolýy qajet.",
    "HeaderSelectUploadPath": "Júktep salý jolyn tańdaý",
    "HeaderSendMessage": "Habar jiberý",
    "HeaderSeries": "Telehıkaıalar",
    "HeaderSeriesOptions": "Telehıkaıa opsıalary",
    "HeaderSeriesStatus": "Telehıkaıa kúıi",
    "HeaderServerSettings": "Server parametrleri",
    "HeaderSettings": "Parametrler",
    "HeaderSetupLibrary": "Tasyǵyshhanalardy ornatý jáne teńsheý",
    "HeaderShutdown": "Jumysty aıaqtaý",
    "HeaderSortBy": "Suryptaý tásili",
    "HeaderSortOrder": "Suryptaý reti",
    "HeaderSpecialEpisodeInfo": "Arnaıy bólim týraly",
    "HeaderSpecialFeatures": "Arnaıy múmkindikter",
    "HeaderStartNow": "Qazir bastaý",
    "HeaderStatus": "Kúı",
    "HeaderStopRecording": "Jazýdy toqtatý",
    "HeaderSubtitleAppearance": "Sýbtıtrler kórinisi",
    "HeaderSubtitleDownloads": "Sýbtıtrler júkteýleri",
    "HeaderSubtitleProfile": "Sýbtıtrler profaıly",
    "HeaderSubtitleProfiles": "Sýbtıtrler profaıldary",
    "HeaderSubtitleProfilesHelp": "Sýbtıtrler profaıly osy qurylǵyda qoldaýy bar sýbtıtrler pishimderin sıpattaıdy.",
    "HeaderSubtitleSettings": "Sýbtıtrler parametrleri",
    "HeaderSystemDlnaProfiles": "Júıelik profaıldar",
    "HeaderTags": "Tegter",
    "HeaderTaskTriggers": "Tapsyrma trıggerleri",
    "HeaderThisUserIsCurrentlyDisabled": "Osy paıdalanýshy aǵymda ajyratylǵan",
    "HeaderTracks": "Jolshyqtar",
    "HeaderTranscodingProfile": "Qaıta kodtaý profaıly",
    "HeaderTranscodingProfileHelp": "Qajet bolǵanda qandaı pishimderdi paıdalaný mindetiligin kórsetý ushin qaıta kodtaý profaıldaryn ústeý.",
    "HeaderTunerDevices": "Túner qurylǵylary",
    "HeaderTuners": "Túnerler",
    "HeaderTypeImageFetchers": "{0} sýret irikteýshileri",
    "HeaderTypeText": "Mátindi engizý",
    "HeaderUpcomingOnTV": "Kútilgen TD",
    "HeaderUploadImage": "Sýretti júktep salý",
    "HeaderUploadNewImage": "Jańa sýretti júktep salý",
    "HeaderUser": "Paıdalanýshy",
    "HeaderUsers": "Paıdalanýshylar",
    "HeaderVideoQuality": "Beıne sapasy",
    "HeaderVideoType": "Beıne túri",
    "HeaderVideoTypes": "Beıne túrleri",
    "HeaderVideos": "Beıneler",
    "HeaderXmlDocumentAttribute": "XML-qujat tólsıpaty",
    "HeaderXmlDocumentAttributes": "XML-qujat tólsıpattary",
    "HeaderXmlSettings": "XML parametrleri",
    "HeaderYears": "Jyldar",
    "HeadersFolders": "Qaltalar",
    "Help": "Internettegi anyqtamaǵa",
    "Hide": "Jasyrý",
    "HideWatchedContentFromLatestMedia": "Eń keıingi tasyǵyshderekterden qaralǵan mazmundy jasyrý",
    "Home": "Basqy",
    "Horizontal": "Kóldeneń",
    "HttpsRequiresCert": "Qaýipsiz qosylymdar qosý úshin Lets Encrypt sıaqty senimdi SSL-kýáligin jetkizýińiz qajet. Kýálikti jetkizińiz nemese qaýipsiz qosylymdardy óshirińiz.",
    "Identify": "Anyqtaý",
    "Images": "Sýretter",
    "ImportFavoriteChannelsHelp": "Qosylǵanda, túner qurylǵysyndaǵy tańdaýly retinde belgilengen ǵana arnalar shetten ákelinetin bolady.",
    "ImportMissingEpisodesHelp": "Qosylǵanda, joq epızodtar týraly aqparat sizdiń Jellyfin derekqorǵa ákelinedi jáne maýsymdar men telehıkaıalar aıasynda paıda bolady. Tasyǵyshhana skanerleýde bul aıtarlyqtaı uzaq ýaqyt alýy múmkin.",
    "InstallingPackage": "{0} ornatylýda",
    "InstantMix": "Lezdik qospalaý",
    "ItemCount": "{0} tarmaq",
    "Items": "Tarmaqtar",
    "Kids": "Balalyq",
    "Label3DFormat": "3D pishimi:",
    "LabelAbortedByServerShutdown": "(Server jumysty aıaqtaý sebebinen toqtatyldy)",
    "LabelAccessDay": "Apta kúni:",
    "LabelAccessEnd": "Aıaqtaý ýaqyty:",
    "LabelAccessStart": "Bastaý ýaqyty:",
    "LabelAirDays": "Efır kúnderi:",
    "LabelAirTime": "Efır ýaqyty:",
    "LabelAirsAfterSeason": "\"Airs after\" maýsymy:",
    "LabelAirsBeforeEpisode": "\"Airs after\" bólimi:",
    "LabelAirsBeforeSeason": "\"Airs before\" maýsymy:",
    "LabelAlbum": "Álbom:",
    "LabelAlbumArtHelp": "PN álbom sýreti úshin upnp:albumArtURI ishindegi dlna:profileID tólsıpatymen birge paıdalanylady. Keıbir qurylǵylar úshin, sýrettiń ólshemine ańǵarýsyz, naqty mán qajet.",
    "LabelAlbumArtMaxHeight": "Álbom sýretiniń eń joǵary bıigi:",
    "LabelAlbumArtMaxHeightHelp": "upnp:albumArtURI arqyly kórsetetin álbom sýretiniń eń joǵary ajyratylymdyǵy.",
    "LabelAlbumArtMaxWidth": "Álbom sýretiniń eń joǵary eni:",
    "LabelAlbumArtMaxWidthHelp": "upnp:albumArtURI arqyly kórsetetin álbom sýretiniń eń joǵary ajyratylymdyǵy.",
    "LabelAlbumArtPN": "Álbom sýreti PN:",
    "LabelAlbumArtists": "Álbom oryndaýshylary:",
    "LabelAll": "Barlyq",
    "LabelAllowHWTranscoding": "Apparattyq qaıta kodtaýǵa ruqsat etý",
    "LabelAllowServerAutoRestart": "Jańartýlardy qoldaný úshin serverge qaıta iske qosylýdy ruqsat etý",
    "LabelAllowServerAutoRestartHelp": "Tek qana eshqandaı paıdalýnshylar belsendi emes, áreketsiz mezgilderde server qaıta iske qosylady.",
    "LabelAllowedRemoteAddresses": "Qashyqtaǵy IP-mekenjaı súzgisi:",
    "LabelAllowedRemoteAddressesMode": "Qashyqtaǵy IP-mekenjaı súzgisiniń rejimi:",
    "LabelAppName": "Qoldanba aty",
    "LabelAppNameExample": "Mysaly: Sickbeard, NzbDrone",
    "LabelArtists": "Oryndaýshylar:",
    "LabelArtistsHelp": "Birneshýin mynaýmen bólińiz ;",
    "LabelAudio": "Dybys:",
    "LabelAudioLanguagePreference": "Dybys tiliniń teńshelimi:",
    "LabelAutomaticallyRefreshInternetMetadataEvery": "Metaderekterdi Internetten avtomatty jańartý:",
    "LabelBindToLocalNetworkAddress": "Jergilikti jeli mekenjaıyna baılastyrý:",
    "LabelBindToLocalNetworkAddressHelp": "Mindetti emes. HTTP-serverge baılastyrý úshin jergilikti IP-mekenjaıyn qaıta anyqtaıdy. Bos qaldyrsańyz, serverdiń qolda bar barlyq mekenjaılaryn baılastyrýǵa bolady. Bul mándi ózgertkende Jellyfin Server qaıta iske qosýyn talap etiledi.",
    "LabelBirthDate": "Týǵan kúni:",
    "LabelBirthYear": "Týǵan jyly:",
    "LabelBlastMessageInterval": "Belsendilikti tekserý habarlar aralyǵy, s",
    "LabelBlastMessageIntervalHelp": "Server belsendiligin tekserý habarlardyń ara uzaqtyǵyn sekýndtar arqyly anyqtaıdy.",
    "LabelBlockContentWithTags": "Myna tegteri bar mazmundy qursaýlaý:",
    "LabelBurnSubtitles": "Sýbtıtrlerdi jazý:",
    "LabelCache": "Kesh:",
    "LabelCachePath": "Keshke qaraı jol:",
    "LabelCachePathHelp": "Sýret sıaqty serverdiń kesh faıldary úshin teńshelgen jaıǵasymdy anyqtańyz. Serverdiń ádepkisin paıdalaný úshin bos qaldyryńyz.",
    "LabelCameraUploadPath": "Kameradan júktep salý joly:",
    "LabelCameraUploadPathHelp": "Teńshelgen júktep salý joldy tańdańyz. Bul Kameradan júktep salý bóliminde teńshelgen kezkelgen ádepki parametrlerdi qaıta anyqtaıdy. Eger anyqtalmasa, ádepki qalta paıdalanylady. Eger teńsheletin jol paıdalanylsa, buny sondaı-aq Jellyfin tasyǵyshhanasyn ornatý jáne teńsheý aımaǵynda tasyǵyshhana esebinde ústeý qajet.",
    "LabelCancelled": "Boldyrylmady",
    "LabelCertificatePassword": "Kýáliktiń paróli:",
    "LabelCertificatePasswordHelp": "Eger kýáligińizge paról qajet bolsa, ony munda engizińiz.",
    "LabelChannels": "Arnalar:",
    "LabelCollection": "Jıyntyq:",
    "LabelCommunityRating": "Qaýym baǵalaýy:",
    "LabelContentType": "Mazmun túri:",
    "LabelCountry": "El:",
    "LabelCriticRating": "Synshylar baǵalaýy:",
    "LabelCurrentPassword": "Aǵymdaǵy paról:",
    "LabelCustomCertificatePath": "Teńsheýli SSL-kýálik joly:",
    "LabelCustomCertificatePathHelp": "Teńsheletin domende TLS qoldaýyn qosý úshin sertıfıkaty jáne jeke kilti bar PKCS #12 faılyna jol.",
    "LabelCustomCss": "Teńsheýli CSS:",
    "LabelCustomCssHelp": "Ózińizdiń teńsheýli CSS-kodyn ýeb-tildesýde qoldanyńyz.",
    "LabelCustomDeviceDisplayName": "Beınelený aty:",
    "LabelCustomDeviceDisplayNameHelp": "Beınelenetin teńshelgen atyn usynyńyz nemese qurylǵy arqyly baıandalǵan atyn paıdalaný úshin bos qaldyryńyz.",
    "LabelCustomRating": "Teńshelgen sanat:",
    "LabelDashboardTheme": "Server taqtasynyń taqyryby:",
    "LabelDateAdded": "Ústelgen kúni:",
    "LabelDateAddedBehavior": "Jańa mazmun úshin qosylǵan kúni tártibi:",
    "LabelDateAddedBehaviorHelp": "Eger metaderekterde máni bolsa, bul qaısybir osy opsıalarydyń aldynda árqashanda paıdalanylady.",
    "LabelDateTimeLocale": "Kún men ýaqyt:",
    "LabelDay": "Kún:",
    "LabelDeathDate": "Ólgen kúni:",
    "LabelDefaultScreen": "Ádepki ekran:",
    "LabelDefaultUser": "Ádepki paıdalanýshy:",
    "LabelDefaultUserHelp": "Qurylǵylar qosylǵanda qaı paıdalanýshynyń tasyǵyshhanasy beınelenýi tıistiligin anyqtaıdy. Profaıldardy paıdalanǵanda bul ár qurylǵy úshin qaıta taǵaıyndalýy múmkin.",
    "LabelDeviceDescription": "Qurylǵy sıpattamasy",
    "LabelDidlMode": "DIDL rejimi:",
    "LabelDiscNumber": "Dıski nómiri:",
    "LabelDisplayCollectionsView": "Fılmder jınaqtaryn kórsetý úshin Jıyntyqtar aspektin beıneleý",
    "LabelDisplayCollectionsViewHelp": "Bul fılmdik jıyntyqtardy beıneleý úshin bólek aspektti jasaıdy. Jıyntyqty jasaý úshin, kezkelgen fılmniń ústinde tintýirdiń oń jaq túımeshign basyńyz nemese túrtińiz de ustap turyńyz jáne \"Jıyntyqqa ústeý\" túımeshigin tańdańyz. ",
    "LabelDisplayLanguage": "Beıneleý tili:",
    "LabelDisplayLanguageHelp": "Jellyfin tárjimeleýi aǵymdaǵy joba bolyp tabylady.",
    "LabelDisplayMissingEpisodesWithinSeasons": "Joq bólimderdi maýsym ishinde beıneleý",
    "LabelDisplayMode": "Beıneleý rejimi:",
    "LabelDisplayName": "Beınelený aty:",
    "LabelDisplayOrder": "Beıneleý reti:",
    "LabelDisplayPluginsFor": "Osy úshin plagınderdi kórsetý:",
    "LabelDisplaySpecialsWithinSeasons": "Arnaıy bólimderdi efırde bolǵan maýsym ishinde beıneleý",
    "LabelDownMixAudioScale": "Kemitilip mıksherlengende dybys ótemi:",
    "LabelDownMixAudioScaleHelp": "Dybysty kemitilip mıksherlengende ótemdeý. Bastapqy deńgeı mánin ózgertpeý úshin 1 sanyn ornatyńyz..",
    "LabelDownloadLanguages": "Júktep alynatyn tilder:",
    "LabelDropImageHere": "Sýretti munda súıretińiz nemese sharlaý úshin nuqyńyz.",
    "LabelDropShadow": "Jıekter:",
    "LabelEasyPinCode": "Ońaıtylǵan PIN-kod:",
    "LabelEmbedAlbumArtDidl": "DIDL ishine álbom sýretin endirý",
    "LabelEmbedAlbumArtDidlHelp": "Álbom sýretin alý úshin keıbir qurylǵylar osy ádisti qalaıdy. Basqalar úshin, osy opsıa qosylǵanda, oınatý sátsiz bolýy múmkin.",
    "LabelEnableAutomaticPortMap": "Avtomatty port salǵastyrýyn qosý",
    "LabelEnableAutomaticPortMapHelp": "Jarıa portty jergilikti portqa UPnP arqyly avtomatty salǵastyrý áreketi. Bul keıbir jol josparlaǵysh ulgilerimen jumys istemeıtini múmkin.",
    "LabelEnableBlastAliveMessages": "Belsendilikti tekserý habarlaryn jaýdyrý",
    "LabelEnableBlastAliveMessagesHelp": "Eger jelidegi basqa UPnP qurylǵylarymen server nyq tabylmasa buny qosyńyz.",
    "LabelEnableDebugLogging": "Kúıkeltirý jazbalaryn jurnalda qosý",
    "LabelEnableDlnaClientDiscoveryInterval": "Klıentterdi taýyp ashý aralyǵy, s",
    "LabelEnableDlnaClientDiscoveryIntervalHelp": "Jellyfin oryndaǵan SSDP saýal salý ara uzaqtyǵyn sekýndtar arqyly anyqtaıdy.",
    "LabelEnableDlnaDebugLogging": "DLNA kúıkeltirý jazbalaryn jurnalda qosý",
    "LabelEnableDlnaDebugLoggingHelp": "Óte aýqymdy jurnal faıldary jasalady jáne tek qana  aqaýlyqtardy joıý úshin qajet bolǵan retinde paıdalanylady.",
    "LabelEnableDlnaPlayTo": "DLNA qurylǵysynda oınatýdy qosý",
    "LabelEnableDlnaPlayToHelp": "Jellyfin jelidegi qurylǵylardy tabýy múmkin jáne bulardy qashyqtan basqarý qabiletin usynady.",
    "LabelEnableDlnaServer": "DLNA-serverin qosý",
    "LabelEnableDlnaServerHelp": "Jelidegi UPnP qurylǵylarǵa Jellyfin mazmunyn sholý men oınatý úshin ruqsat etý.",
    "LabelEnableHardwareDecodingFor": "Apparatyq kodtaýdy mynaǵan qosý:",
    "LabelEnableRealtimeMonitor": "Naqty ýaqyttaǵy baqylaýdy qosý",
    "LabelEnableRealtimeMonitorHelp": "Qoldaýdaǵy faıldyq júıelerinde faıldar ózgeristeri dereý óńdeledi.",
    "LabelEnableSingleImageInDidlLimit": "Jalǵyz kiristirilgen sýretke shekteý",
    "LabelEnableSingleImageInDidlLimitHelp": "Eger birneshe sýret DIDL ishine kiristirilse, keıbir qurylǵylarda tıisti túrde beınelenbeıdi.",
    "LabelEndDate": "Aıaqtalý kúni:",
    "LabelEpisodeNumber": "Bólim nómiri:",
    "LabelEvent": "Oqıǵa:",
    "LabelEveryXMinutes": "Ár:",
    "LabelExternalDDNS": "Syrtqy domen:",
    "LabelExternalDDNSHelp": "Eger sizde dınamıkalyq DNS bolsa, ony osynda engizińiz. Ol Jellyfin qoldanbalary qashyqtan qosylý kezinde paıdalanylady. Teńsheletin SSL-kýálandyrýmen paıdalanǵan kezde bul óris mindetti bolady. Mysaly: mydomain.com.",
    "LabelExtractChaptersDuringLibraryScan": "Sahna sýretterin tasyǵyshhanany skanerleý mezgilinde shyǵaryp alý",
    "LabelExtractChaptersDuringLibraryScanHelp": "Qosylǵanda, sahna sýretteri tasyǵyshhanany skanerleý mezgilinde, beıneler sheten ákelingende, bólinip alynady. Ajyratylǵanda, bular sahna sýretterine josparlaǵan tapsyrmasy mezgilinde, turaqty tasyǵyshhanany skanerleýin jyldamyraq aıaqtalýy ushin ruqsat etip, bólinip alynady.",
    "LabelFailed": "Sátsiz",
    "LabelFanartApiKey": "Ózindik API-kilt:",
    "LabelFanartApiKeyHelp": "Ózindik API-kiltisiz Fanart úshin jiberilgen saýaldarǵa 7 kúninen buryn rastalǵan sýretter qaıtarylady. Ózindik API-kiltimen bul 48 saǵatqa deıin qysqartylady, al,sondaı-aq, Fanart VIP-múshesi bolsańyz, bul shamamen 10 mınótke deıin taǵy da qysqartylady.",
    "LabelFileOrUrl": "Faıl nemese URL:",
    "LabelFinish": "Aıaqtaý",
    "LabelFont": "Qarip:",
    "LabelForgotPasswordUsernameHelp": "Eske salsańyz, paıdalanýshy atyńyzdy engizińiz.",
    "LabelFormat": "Pishim:",
    "LabelFriendlyName": "Túsinikti ataý:",
    "LabelServerNameHelp": "Bul ataý osy serverdi anyqtaý úshin paıdalanylady. Eger óris bos qaldyrylsa, kompúter aty paıdalanylady.",
    "LabelGroupMoviesIntoCollections": "Jıyntyqtar ishindegi fılmderdi toptastyrý",
    "LabelGroupMoviesIntoCollectionsHelp": "Fılm tizimderin beınelegen kezde jıyntyqqa kiretin fılmder toptalǵan biryńǵaı tarmaq bolyp kórsetiledi.",
    "LabelH264Crf": "H264 kodtaý CRF máni:",
    "LabelH264EncodingPreset": "H264 kodtaý daıyndamasy:",
    "LabelHardwareAccelerationType": "Apparatyq jedeldetý:",
    "LabelHardwareAccelerationTypeHelp": "Tek qana qoldaýdaǵy júıelerde qoljetimdi.",
    "LabelHomeNetworkQuality": "Úılik jeli sapasy:",
    "LabelHomeScreenSectionValue": "Basqy bet {0}-bólim:",
    "LabelHttpsPort": "Jergilikti https-port nómiri:",
    "LabelHttpsPortHelp": "Jellyfin HTTPS-serveri baılastyrylýǵa tıisti TCP-port nómiri.",
    "LabelIconMaxHeight": "Belgisheniń eń joǵary bıigi:",
    "LabelIconMaxHeightHelp": "upnp:icon arqyly kórsetetin belgisheleriniń eń joǵary ajyratylymdyǵy.",
    "LabelIconMaxWidth": "Belgisheniń eń joǵary eni:",
    "LabelIconMaxWidthHelp": "upnp:icon arqyly kórsetetin belgisheleriniń eń joǵary ajyratylymdyǵy.",
    "LabelIdentificationFieldHelp": "Regıstr eskermeıtin ishki jol nemese udaıy órnek.",
    "LabelImageFetchersHelp": "Teńshelgen sýret irikteýshilerin qosyńyz jáne basymdylyq reti boıynsha dáreje berińiz.",
    "LabelImageType": "Sýret túri:",
    "LabelImportOnlyFavoriteChannels": "Tańdaýly retinde belgilengen arnalarmen shekteý",
    "LabelInNetworkSignInWithEasyPassword": "Ońaıtylǵan PIN-kod arqyly jeli ishinde ońaıtylyp kirýdi qosý",
    "LabelInNetworkSignInWithEasyPasswordHelp": "Qosylǵanda, úı jelisi ishinen Jellyfin qoldanbalaryna kirý úshin ońaıtylǵan PIN-kodyńyzdy paıdalanýyńyz múmkin. Sizdiń qalypty parólińiz tek qana úı syrtynda qajet bolady. Eger PIN-kod bos qaldyrylsa, úılik jelisinde parólińiz qajet bolmaıdy.",
    "LabelInternetQuality": "Internettegi sapasy:",
    "LabelKeepUpTo": "Osyǵan deıin saqtap qalý:",
    "LabelKidsCategories": "Balalyq sanattary:",
    "LabelKodiMetadataDateFormat": "Shyǵarý kúniniń pishimi:",
    "LabelKodiMetadataDateFormatHelp": "Osy pishimdi paıdalanyp nfo ishindegi barlyq kúnderi oqylady jáne jazylady.",
    "LabelKodiMetadataEnableExtraThumbs": "Ádepki extrafanart derekterin extrathumbs ishine kóshirý",
    "LabelKodiMetadataEnableExtraThumbsHelp": "Sýretterdi júktegen kezde, olar Kodi qabyǵymen eń joǵary sıysymdyǵy úshin extrafanart jáne extrathumbs ekeýinde saqtalady.",
    "LabelKodiMetadataEnablePathSubstitution": "Jol almastyrýdy qosý",
    "LabelKodiMetadataEnablePathSubstitutionHelp": "Serverdiń jol almastyrý teńsheýin paıdalanyp sýretterdiń jol almastyrýyn qosady.",
    "LabelKodiMetadataSaveImagePaths": "Sýret joldaryn NFO-faıldarynda saqtaý",
    "LabelKodiMetadataSaveImagePathsHelp": "Eger sýretterdiń Kodi nusqaýlyq ustanymdaryna saı kelmegen ataýlary bolsa, bul usynylady.",
    "LabelKodiMetadataUser": "NFO-faıldarda myna paıdalanýshynyń qaralǵan derekterin saqtaý:",
    "LabelKodiMetadataUserHelp": "Basqa qoldanbalarda paıdalaný úshin NFO-faıldarda qaralǵan derekterin saqtaýydy qosyńyz.",
    "LabelLanNetworks": "Úıdegi jeliler:",
    "LabelLanguage": "Til:",
    "LabelLineup": "Tizbek:",
    "LabelLocalAccessUrl": "Úıdegi (LAN) qatynaý: {0}",
    "LabelLocalHttpServerPortNumber": "Jergilikti http-port nómiri:",
    "LabelLocalHttpServerPortNumberHelp": "Jellyfin HTTP-serveri baılastyrylýǵa tıisti TCP-port nómiri.",
    "LabelLockItemToPreventChanges": "Osy tarmaqty keleshek ózgertýlerden qursaýlaý",
    "LabelLoginDisclaimer": "Kirgendegi eskertý:",
    "LabelLoginDisclaimerHelp": "Bul kirý betiniń tómeninde beınelenedi.",
    "LabelLogs": "Jurnaldar:",
    "LabelManufacturer": "Óndirýshi",
    "LabelManufacturerUrl": "Óndirýshi url",
    "LabelMatchType": "Sáıkes túri:",
    "LabelMaxBackdropsPerItem": "Tarmaq boıynsha artqy sýretterdiń eń kóp sany:",
    "LabelMaxChromecastBitrate": "Chromecast tasymaldaný sapasy:",
    "LabelMaxParentalRating": "Eń joǵary uıǵaryndy jastas sanaty:",
    "LabelMaxResumePercentage": "Jalǵastyrý úshin eń kóp paıyzy:",
    "LabelMaxResumePercentageHelp": "Bul kezden keıin toqtatylsa týyndylar tolyq oınatylǵan dep boljaldy",
    "LabelMaxScreenshotsPerItem": "Tarmaq boıynsha eń kóp skrınshot sany:",
    "LabelMaxStreamingBitrate": "Eń joǵary tasymaldaný sapasy:",
    "LabelMaxStreamingBitrateHelp": "Tasymaldaný kezinde eń joǵary qarqyndy anyqtańyz.",
    "LabelMessageText": "Habar mátini:",
    "LabelMessageTitle": "Habar taqyryby:",
    "LabelMetadata": "Metaderekter:",
    "LabelMetadataDownloadLanguage": "Júktep alý tiliniń teńshelimi:",
    "LabelMetadataDownloadersHelp": "Teńshelgen metaderekter júkteýshilerin qosyńyz jáne basymdylyq reti boıynsha dáreje berińiz. Tómengi basymdylyǵy bar júkteýshiler tek qana joq aqparatty toltyrý úshin paıdalanylady.",
    "LabelMetadataPath": "Metaderekterge qaraı jol:",
    "LabelMetadataPathHelp": "Júktep alynǵan sýrettemeler ben metaderekter úshin teńshelgen jaıǵasymdy anyqtańyz.",
    "LabelMetadataReaders": "Metaderekter oqýshylary:",
    "LabelMetadataReadersHelp": "Teńshelgen metaderekter qaınar kózderine basymdylyq reti boıynsha dáreje berińiz. Birinshi tabylǵan faıl oqylady.",
    "LabelMetadataSavers": "Metaderekter saqtaýshylary:",
    "LabelMetadataSaversHelp": "Metaderekterdi qaıda saqtaıtyn faıl pishimderin tańdaý.",
    "LabelMethod": "Ádis:",
    "LabelMinBackdropDownloadWidth": "Artqy sýrettiń júktep alynatyn eń az eni:",
    "LabelMinResumeDuration": "Jalǵastyrý úshin eń az uzaqtyǵy (sekýnd):",
    "LabelMinResumeDurationHelp": "Budan qysqa týyndylar jalǵastyrylmaıdy",
    "LabelMinResumePercentage": "Jalǵastyrý úshin eń az paıyzy:",
    "LabelMinResumePercentageHelp": "Bul kezden buryn toqtatylsa týyndylar oınatylmaǵan dep boljaldy",
    "LabelMinScreenshotDownloadWidth": "Júktep alý úshin eń az skrınshot eni:",
    "LabelModelDescription": "Model sıpattamasy",
    "LabelModelName": "Model aty",
    "LabelModelNumber": "Model nómiri",
    "LabelModelUrl": "Model url",
    "LabelMonitorUsers": "Mynanyń áreketterin baqylaý:",
    "LabelMovieCategories": "Fılmdik sanattar:",
    "LabelMoviePrefix": "Fılm prefıksi:",
    "LabelMoviePrefixHelp": "Eger fılmderdiń ataýynda prefıks qoldanylsa, Jellyfin durys óńdeı alý úshin buny munda engizińiz.",
    "LabelMovieRecordingPath": "Fılm jazbalardyń joly (mindetti emes):",
    "LabelMusicStreamingTranscodingBitrate": "Mýzykany qaıta kodtaý qarqyny:",
    "LabelMusicStreamingTranscodingBitrateHelp": "Mýzyka tasymaldaný kezinde eń joǵary qarqyndy anyqtańyz",
    "LabelName": "Aty:",
    "LabelNewName": "Jańa aty:",
    "LabelNewPassword": "Jańa paról:",
    "LabelNewPasswordConfirm": "Jańa paróldi rastaý:",
    "LabelNewsCategories": "Jańalyq sanattary:",
    "LabelNext": "Kelesi",
    "LabelNotificationEnabled": "Bul habarlandyrmany qosý",
    "LabelNumber": "Nómiri:",
    "LabelNumberOfGuideDays": "Júktep alý úshin Telegıd derekterindegi kún sany:",
    "LabelNumberOfGuideDaysHelp": "Kóbirek kúndi júktep alý Telegıd derekteriniń qundylyǵyn kóteredi de aldyn-ala josparlaý úshin qabiletin jáne kóbirek tizbeler kórýdi qamtamasyz etedi, biraq bul júkteý ýaqytyn da sozdyrady. Avtomatty tańdaý arna sanyna negizdelinedi.",
    "LabelOptionalNetworkPath": "(Mindetti emes) Ortaqtastyrylǵan jelilik qalta:",
    "LabelOptionalNetworkPathHelp": "Eger osy qalta óz jelińizde ortaqtastyrylsa, jelide ortaqtastyrylǵan joldy qamtamasyz etý basqa qurylǵylardaǵy Jellyfin-baǵdarlamalarǵa tasyǵysh faıldaryna tikeleı qol jetkizýge múmkindik beredi.",
    "LabelOriginalAspectRatio": "Bastapqy pishimdik araqatynasy:",
    "LabelOriginalTitle": "Bastapqy ataýy:",
    "LabelOverview": "Jalpy sholý:",
    "LabelParentNumber": "Tektik nómir:",
    "LabelParentalRating": "Jastas sanaty:",
    "LabelPassword": "Paról:",
    "LabelPasswordConfirm": "Paról (rastaý):",
    "LabelPasswordRecoveryPinCode": "PIN kody:",
    "LabelPath": "Joly:",
    "LabelPersonRole": "Róli:",
    "LabelPersonRoleHelp": "Mysal: Balmuzdaq fýrgonynyń júrgizýshisi",
    "LabelPlaceOfBirth": "Týǵan jeri:",
    "LabelPlayDefaultAudioTrack": "Tilge qatyssyz ádepki dybys jolshyǵyn oınatý",
    "LabelPlaylist": "Oınatý tizimi:",
    "LabelPostProcessor": "Keıingi óńdeý qoldanbasy:",
    "LabelPostProcessorArguments": "Post-prosesor pármen jolynyń argýmentteri:",
    "LabelPostProcessorArgumentsHelp": "Jazylatyn faıl joly esebinde {path} paıdalanyńyz.",
    "LabelPreferredDisplayLanguage": "Beıneleý tiliniń teńshelimi:",
    "LabelPreferredDisplayLanguageHelp": "Jellyfin tárjimeleýi aǵymdaǵy joba bolyp tabylady.",
    "LabelPreferredSubtitleLanguage": "Sýbtıtr tiliniń teńshelimi:",
    "LabelPrevious": "Aldyńǵy",
    "LabelProfileAudioCodecs": "Dybystyq kodekter:",
    "LabelProfileCodecs": "Kodekter:",
    "LabelProfileCodecsHelp": "Útir arqyly bólip alynǵan. Barlyq kodekterge qoldaný úshin bul bos qaldyrylý múmkin.",
    "LabelProfileContainer": "Konteıner:",
    "LabelProfileContainersHelp": "Útir arqyly bólip alynǵan. Barlyq konteınerlerge qoldaný úshin bul bos qaldyrylý múmkin.",
    "LabelProfileVideoCodecs": "Beınelik kodekter:",
    "LabelProtocol": "Protokol:",
    "LabelProtocolInfo": "Protoqol týraly:",
    "LabelProtocolInfoHelp": "Bul mán qurylǵynyń GetProtocolInfo suranystaryna jaýap bergende paıdalanylady.",
    "LabelPublicHttpPort": "Jarıa http-port nómiri:",
    "LabelPublicHttpPortHelp": "Jergilikti http-portyna salystyrylýy tıis jarıa port nómiri.",
    "LabelPublicHttpsPort": "Jarıa https-port nómiri:",
    "LabelPublicHttpsPortHelp": "Jergilikti https-portyna salystyrylýy tıis jarıa port nómiri.",
    "LabelReadHowYouCanContribute": "Qalaı úles qosý týraly bilý.",
    "LabelReasonForTranscoding": "Qaıta kodtaý sebebi:",
    "LabelRecord": "Jazý:",
    "LabelRecordingPath": "Jazbalardyń ádepki joly:",
    "LabelRecordingPathHelp": "Jazbalardy saqtaıtyn ádepki oryndy kórsetińiz. Bos qaldyrsańyz, serverdiń program data qaltasy paıdalanylatyn bolady.",
    "LabelRefreshMode": "Jańǵyrtý rejimi:",
    "LabelReleaseDate": "Shyǵarý kúni:",
    "LabelRemoteAccessUrl": "Qashyqtan (WAN) qatynaý: {0}",
    "LabelRemoteClientBitrateLimit": "Internet tasymaldaný qarqynynyń shegi, Mbıt/s:",
    "LabelRemoteClientBitrateLimitHelp": "Barlyq jelilik qurylǵylar úshin aǵyn boıynsha tasymaldaý qarqynynyń qosymsha shegi. Bul ınternet-qosylymyńyzdyń óńdeý múmkindigine qaraǵanda qurylǵynyń joǵarylaý qarqyn saýaldaryna tyıym salý úshin paıdaly bolyp tabylady. Bul beınelerdi tómengi qarqynǵa qaıta kodtaý úshin serverińizdegi OP júktemesin arttyrýǵa ákelýi múmkin.",
    "LabelRunningOnPort": "{0} http-portynda jumys isteıdi.",
    "LabelRunningOnPorts": "{0} http-portynda jáne {1} https-portynda jumys isteıdi.",
    "LabelRuntimeMinutes": "Uzaqtyǵy, mın:",
    "LabelSaveLocalMetadata": "Sýrettemelerdi tasyǵysh qaltalary ishinde saqtaý",
    "LabelSaveLocalMetadataHelp": "Sýrettemelerdi tasyǵysh qaltalary ishinde saqtalýy olardy jeńil óńdeı alatyn orynǵa qoıady.",
    "LabelScheduledTaskLastRan": "Keıingi qosylǵany {0}, {1} aldy.",
    "LabelScreensaver": "Ekran qorǵaýysh:",
    "LabelSeasonNumber": "Maýsym nómiri:",
    "LabelSecureConnectionsMode": "Qaýipsiz baılanysý rejimi:",
    "LabelSelectFolderGroups": "Kelesi qaltalardaǵy mazmundy Kıno, Mýzyka jáne TD sıaqty aspektterge avtomatty toptastyrý:",
    "LabelSelectFolderGroupsHelp": "Belgilenbegen qaltalar óz betimen óziniń aspektinde beınelenedi.",
    "LabelSelectUsers": "Paıdalanýshylardy tańdaý:",
    "LabelSelectVersionToInstall": "Ornatym nusqasyn tańdaý:",
    "LabelSendNotificationToUsers": "Mynaǵan habarlandyrmany jiberý:",
    "LabelSerialNumber": "Serıalyq nómiri",
    "LabelSeriesRecordingPath": "Telehıkaıa jazbalardyń joly (mindetti emes):",
    "LabelServerHost": "Host:",
    "LabelServerHostHelp": "192.168.1.100 nemese https://myserver.com",
    "LabelServerPort": "Port:",
    "LabelSimultaneousConnectionLimit": "Bir mezgildegi aǵyndardyń shegi:",
    "LabelSkin": "Muqaba:",
    "LabelSkipBackLength": "Artqa ótkizip jiberý uzaqtyǵy:",
    "LabelSkipForwardLength": "Alǵa ótkizip jiberý uzaqtyǵy:",
    "LabelSkipIfAudioTrackPresent": "Eger ádepki dybys jolshyǵy júktep alynatyn tilge sáıkes kelse ótkizip jiberý",
    "LabelSkipIfAudioTrackPresentHelp": "Barlyq beınelerde, dybys tiline qatyssyz, sýbtıtrler bolǵanyna kóz jetkizý úshin qusbelgini alyńyz.",
    "LabelSkipIfGraphicalSubsPresent": "Eger beınede endirilgen sýbtıtrler bolsa, ótkizip jiberý",
    "LabelSkipIfGraphicalSubsPresentHelp": "Sýbtıtrlerdiń mátindik nusqalary qaldyrylsa, nátıjesinde tıimdi jetkiziledi jáne beıneniń qaıta kodtaý yqtımaldyǵyn kemitedi.",
    "LabelSonyAggregationFlags": "Sony biriktirý jalaýshalary:",
    "LabelSonyAggregationFlagsHelp": "urn:schemas-sonycom:av ataýlar keńistigindegi aggregationFlags elementi mazmunyn anyqtaıdy.",
    "LabelSortBy": "Suryptaý tásili:",
    "LabelSortOrder": "Suryptaý reti:",
    "LabelSortTitle": "Ataý boıynsha suryptaý:",
    "LabelSoundEffects": "Dybystyq áserleri:",
    "LabelSource": "Qaınar kózi:",
    "LabelSpecialSeasonsDisplayName": "Arnaıy maýsymdyń beıneleý aty:",
    "LabelSportsCategories": "Sporttyq sanattary:",
    "LabelStartWhenPossible": "Múmkindik bolǵanda bastaý:",
    "LabelStatus": "Kúı:",
    "LabelStopWhenPossible": "Múmkindik bolǵanda toqtatý:",
    "LabelStopping": "Toqtatylýda",
    "LabelSubtitleDownloaders": "Sýbtıtrler júkteýshileri:",
    "LabelSubtitleFormatHelp": "Mysal: srt",
    "LabelSubtitlePlaybackMode": "Sýbtıtr rejimi:",
    "LabelSubtitles": "Sýbtıtrler:",
    "LabelSupportedMediaTypes": "Qoldaýdaǵy tasyǵyshderekter túrleri:",
    "LabelTVHomeScreen": "TD rejimindegi basqy ekran:",
    "LabelTag": "Teg:",
    "LabelTagline": "Negizgi sóılem:",
    "LabelTextBackgroundColor": "Mátin óńiniń túsi:",
    "LabelTextColor": "Mátin túsi:",
    "LabelTextSize": "Mátin ólshemi:",
    "LabelTheme": "Taqyryp:",
    "LabelTime": "Ýaqyt:",
    "LabelTimeLimitHours": "Ýaqyt shegi (saǵat):",
    "LabelTitle": "Ataýy:",
    "LabelTrackNumber": "Jolshyq nómiri:",
    "LabelTranscodingAudioCodec": "Dybystyq kodek:",
    "LabelTranscodingContainer": "Konteıner:",
    "LabelTranscodingTempPathHelp": "Bul qalta quramynda qaıta kodtaý quraly paıdalanatyn jumys faıldary bar. Teńshelgen joldy anyqtańyz, nemese serverdiń  derekter qaltasy ishindegi ádepkisin paıdalaný úshin bos qaldyryńyz.",
    "LabelTranscodingThreadCount": "Qaıta qodtaý tizbekterdiń sany:",
    "LabelTranscodingThreadCountHelp": "Qaıta kodtaý kezinde paıdalanatyn eń kóp tizbek sanyn tańdańyz. Tizbek sanyn azaıtý OP paıdalanýyn tómendetedi, biraq jatyq oınatý áseri úshin tez túrlendirýge jetkilikti bolmaýy múmkin.",
    "LabelTranscodingVideoCodec": "Beınelik kodek:",
    "LabelTriggerType": "Trıgger túri:",
    "LabelTunerIpAddress": "Túnerdiń IP-mekenjaıy:",
    "LabelTunerType": "Túner túri:",
    "LabelType": "Túri:",
    "LabelTypeMetadataDownloaders": "{0} metaderekter júkteýshileri:",
    "LabelTypeText": "Mátin",
    "LabelUnairedMissingEpisodesWithinSeasons": "Kórsetilmegen bólimderdi maýsym ishinde beıneleý",
    "LabelUnknownLanguage": "Belgisiz til",
    "LabelUploadSpeedLimit": "Júktep salý qarqynynyń shegi, Mbıt/s:",
    "LabelUrl": "URL:",
    "LabelUseNotificationServices": "Kelesi qyzmetterdi paıdalaný:",
    "LabelUser": "Paıdalanýshy:",
    "LabelUserAgent": "Paıdalanýshy agenti:",
    "LabelUserLibrary": "Paıdalanýshy tasyǵyshhanasy:",
    "LabelUserLibraryHelp": "Qurylǵyda qaı paıdalanýshy tasyǵyshhanasyn beıneleýin bólekteńiz. Ádepki parametr murasyna ıelený úshin bos qaldyryńyz.",
    "LabelUserRemoteClientBitrateLimitHelp": "Bul serverdi oınatý parametrlerinde ornatylǵan ádepki ǵalamdyq mándi qaıta anyqtaıdy.",
    "LabelUsername": "Paıdalanýshy aty:",
    "LabelVaapiDevice": "VA-API qurylǵysy:",
    "LabelVaapiDeviceHelp": "Bul apparattyq jedeldetý úshin qoldanylatyn kórsetý túıini bolyp tabylady.",
    "LabelValue": "Máni:",
    "LabelVersion": "Nusqa:",
    "LabelVersionInstalled": "{0} ornatylǵan",
    "LabelVersionNumber": "Nýsqasy: {0}",
    "LabelVideo": "Beıne:",
    "LabelXDlnaCap": "X-Dlna sıpattary:",
    "LabelXDlnaCapHelp": "urn:schemas-dlna-org:device-1-0 ataýlar keńistigindegi X_DLNACAP elementi mazmunyn anyqtaıdy.",
    "LabelXDlnaDoc": "X-Dlna tásimi:",
    "LabelXDlnaDocHelp": "urn:schemas-dlna-org:device-1-0 ataýlar keńistigindegi X_DLNADOC elementi mazmunyn anyqtaıdy.",
    "LabelYear": "Jyl:",
    "LabelYourFirstName": "Atyńyz:",
    "LabelYoureDone": "Siz daıynsyz!",
    "LabelZipCode": "Poshta kody:",
    "LabelffmpegPath": "FFmpeg joly:",
    "LabelffmpegPathHelp": "FFmpeg-qoldabańyzdyń faılyna, nemese FFmpeg bar qaltaǵa jol.",
    "LanNetworksHelp": "Ótkizý múmkindigin shekteýdi júzege asyrý kezinde jergilikti jelide qarastyrylatyn jeliler úshin útirlermen bólingen IP-mekenjaılarynyń tizbesi nemese IP/netmask jazbalar. Eger ornatylsa, barlyq basqa IP-mekenjaılary syrtqy jelide qarastyrylady jáne syrtqy ótkizý múmkindigin shekteýlerine ushyraıdy. Eger bos qaldyrylsa, serverdiń ishki jelisi tek jergilikti jelide sanalady.",
    "Large": "Iri",
    "LatestFromLibrary": "Eń keıingi {0}",
    "LearnHowToCreateSynologyShares": "Synology qaltalarymen bolisýdi bilý.",
    "LearnHowYouCanContribute": "Qalaı úles qosýynyńyz múmkin týraly úırenińiz.",
    "LibraryAccessHelp": "Bul paıdalanýshymen ortaqtasý úshin tasyǵysh qaltalardy bólekteńiz. Metaderek retteýshini paıdalanyp ákimshiler barlyq qaltalardy óńdeýi múmkin.",
    "Like": "Unaıdy",
    "LinksValue": "Siltemeler: {0}",
    "List": "Tizim",
    "Live": "Tikeleı",
    "LiveBroadcasts": "Tikeleı taratymdar",
    "LiveTV": "Efır",
    "LiveTvFeatureDescription": "Jellyfin Server ornatylǵan úılesimdi TD-túner qurylǵysy arqyly kezkelgen Jellyfin-qoldanbaǵa TD-efırdi tikeleı jiberý.",
    "LiveTvRequiresUnlock": "",
    "LiveTvUpdateAvailable": "(Jańartý qoljetimdi)",
    "LoginDisclaimer": "Jellyfin jeke tasyǵyshhanańyzdy (mysaly, úılik beıneler men fotosýretterdi) basqarýǵa kómektesý úshin arnalǵan. Bizdiń paıdalaný sharttaryn qarańyz. Kezkelgen Jellyfin  baǵdarlamalyq jasaqtamasyn paıdalnǵanda osy sharttardyń qabyldaýyn bildiredi.",
    "Logo": "Logotıp",
    "ManageLibrary": "Tasyǵyshhanany retteý",
    "ManageRecording": "Jazýdy retteý",
    "MapChannels": "Arnalar kartasyn qurý",
    "MarkPlayed": "Oınatylǵan dep belgileý",
    "MarkUnplayed": "Oınatylmaǵan dep belgileý",
    "MaxParentalRatingHelp": "Bul paıdalanýshydan joǵarylaý jastas sanaty bar mazmun jasyrylady.",
    "MediaInfoAnamorphic": "Anamorftyq",
    "MediaInfoAspectRatio": "Pishimdik araqatynasy",
    "MediaInfoBitDepth": "Tús tereńdigi",
    "MediaInfoBitrate": "Qarqyny",
    "MediaInfoChannels": "Arnalary",
    "MediaInfoCodec": "Kodek",
    "MediaInfoCodecTag": "Kodek tegi",
    "MediaInfoContainer": "Konteıneri",
    "MediaInfoDefault": "Ádepki",
    "MediaInfoExternal": "Syrtqy",
    "MediaInfoForced": "Májbúrli",
    "MediaInfoFramerate": "Kadr jyld-ǵy",
    "MediaInfoInterlaced": "Kezektesýlik",
    "MediaInfoLanguage": "Tili",
    "MediaInfoLayout": "Jaılastyrýy",
    "MediaInfoLevel": "Deńgeıi",
    "MediaInfoPath": "Joly",
    "MediaInfoPixelFormat": "Pıks. pishimi",
    "MediaInfoProfile": "Profaıly",
    "MediaInfoRefFrames": "Tirek kadrlar",
    "MediaInfoResolution": "Ajyratylymdyǵy",
    "MediaInfoSampleRate": "Úlgi jıiligi",
    "MediaInfoSize": "Ólshemi",
    "MediaInfoTimestamp": "Ýaqyt belgisi",
    "MediaIsBeingConverted": "Tasyǵyshderekter oınatýshy qurylǵymen úılesimdi pishimge túrlendiriledi.",
    "Menu": "Mázir",
    "MessageAlreadyInstalled": "Osy nusqa burynnan ornatylǵan.",
    "MessageAreYouSureDeleteSubtitles": "Shynymen osy sýbtıtrler faılyn joıý qajet pe?",
    "MessageAreYouSureYouWishToRemoveMediaFolder": "Shynymen osy tasyǵysh qaltasyn alastaý qajet pe?",
    "MessageConfirmDeleteGuideProvider": "Shynymen osy Telegıd jetkizýshisin joıý qajet pe?",
    "MessageConfirmDeleteTunerDevice": "Shynymen bul qurylǵyny joıý qajet pe?",
    "MessageConfirmProfileDeletion": "Shynymen osy profaıldy joıý qajet pe?",
    "MessageConfirmRecordingCancellation": "Jazýdy boldyrmaý qajet pe?",
    "MessageConfirmRemoveMediaLocation": "Shynymen osy ornalasýdy alastaý qajet pe?",
    "MessageConfirmRestart": "Shynymen Jellyfin Server úshin qaıta iske qosý qajet pe?",
    "MessageConfirmRevokeApiKey": "Shynymen osy API-kiltinen bas tartý qajet pe? Qoldanba men Jellyfin Server arasyndaǵy qosylym kenet úziledi.",
    "MessageConfirmShutdown": "Shynymen Jellyfin Server jumysyn aıaqtaý qajet pe?",
    "MessageContactAdminToResetPassword": "Parólińizdi ysyrý úshin júıelik ákimshińizge baılanysyńyz.",
    "MessageCreateAccountAt": "",
    "MessageDeleteTaskTrigger": "Shynymen osy tapsyrma trıggerin joıý qajet pe?",
    "MessageDirectoryPickerBSDInstruction": "BSD ortasynda, Jellyfin qol jetkizý maqsatynda, sizdiń FreeNAS Jail ishindegi jınaqtaýyshty teńsheý qajet bolýy múmkin.",
    "MessageDirectoryPickerInstruction": "Jeli túımeshigi basylǵanda qurylǵylaryńyz orny tabylmasa, jelilik joldar qolmen engizilýi múmkin. Mysaly, {0} nemese {1}.",
    "MessageDirectoryPickerLinuxInstruction": "Arch Linux, CentOS, Debian, Fedora, OpenSuse nemese Ubuntu júıelerindegi Linux úshin, Jellyfin júıelik paıdalanýshyǵa kem degende saqtaý jerlerińizge oqýǵa qatynas úshin ruqsat etýge tıissiz.",
    "MessageDownloadQueued": "Júktep alý kezekte.",
    "MessageEnablingOptionLongerScans": "Osy opsıa qoıylsa, tasyǵyshhana skanerleýleri edáýir uzyn bolýy múmkin.",
    "MessageFileReadError": "Faıl oqý kezinde qate oryn aldy. Áreketti keıin qaıtalańyz.",
    "MessageForgotPasswordFileCreated": "Kelesi faıl serverińizde jasaldy jáne qalaı kirisý týraly nusqaýlar ishinde bar:",
    "MessageForgotPasswordInNetworkRequired": "Paróldi ysyrý prosesi úshin áreketti úılik jelińizdiń ishinde qaıtalańyz.",
    "MessageInstallPluginFromApp": "Bul plagın qandaı qoldanbaǵa taǵaıyndalsa, sonyń ishinen ornatylýy tıisti.",
    "MessageInvalidForgotPasswordPin": "Jaramsyz nemese merzimi aıaqtalǵan PIN engizildi. Áreketti qaıtalańyz.",
    "MessageInvalidUser": "Jaramsyz paıdalanýshy aty nemese paról. Áreketti qaıtalańyz.",
    "MessageItemSaved": "Tarmaq saqtaldy.",
    "MessageItemsAdded": "Tarmaqtar ústelgen.",
    "MessageLeaveEmptyToInherit": "Tektik tarmaqtan, nemese ǵalamdyq ádepki mánnen parametrlerdi muralaý úshin bos qaldyryńyz.",
    "MessageLoggedOutParentalControl": "Aǵymda qatynaý shektelgen. Áreketti keıin qaıtalańyz.",
    "MessageNamedServerConfigurationUpdatedWithValue": "Server konfıgýrasýasynyń {0} bólimi jańartyldy",
    "MessageNoAvailablePlugins": "Qol jetimdi plagınder joq.",
    "MessageNoMovieSuggestionsAvailable": "Eshqandaı fılm usynystary aǵymda qol jetimdi emes. Fılmderdi qaraýdy jáne baǵalaýdy bastańyz, sonda arnalǵan usynytaryńyzdy kórý úshin qaıta kelińiz.",
    "MessageNoPluginsInstalled": "Ornatylǵan plagınder joq.",
    "MessageNoServersAvailableToConnect": "Qosylý úshin eshqandaı serverler qol jetimdi emes. Eger servermen ortaqtasýǵa shaqyrylsańyz, qabyldaýyn tómende nemese e-poshtadaǵy siltemeni nuqyp naqtylańyz.",
    "MessageNoTrailersFound": "Treılerler tabylmady. Internet-treılerler tasyǵyshhanasyn ústep fılm áserin jaqsartý úshin Treıler arnasyn ornatyńyz.",
    "MessageNothingHere": "Osynda eshteme joq.",
    "MessagePasswordResetForUsers": "Parólder mynadaı paıdalanýshylar úshin alastaldy. Júıege úshin, bos parólben kirińiz.",
    "MessagePlayAccessRestricted": "Osy mazmundyń oınatýy aǵymda shektelgen. Qosymsha aqparat alý úshin Jellyfin Server ákimshisine baılanysyńyz.",
    "MessagePleaseEnsureInternetMetadata": "Internetten metaderekti júktep alýy qosylǵanyna kóz jetkizińiz.",
    "MessagePleaseWait": "Kúte turyńyz. Bul mınót alýy múmkin.",
    "MessagePluginConfigurationRequiresLocalAccess": "Osy plagındi teńsheý úshin jergilikti serverińizge tikeleı kirińiz.",
    "MessagePluginInstallDisclaimer": "Jellyfin qaýymdastyǵy múshelerimen qurylǵan plagınder  Jellyfin tájirıbeńizdi qosymsha múmkindiktermen jáne jeńildiktermen jaqsartý úshin jaqsy tásili bolyp tabylady. Ornatpas buryn, olar Jellyfin serverińizge tasyǵyshhanany uzaq skanerleý, qosymsha óńdik óńdetý jáne júıeniń turaqtylyǵyn tómendetý sıaqty áserler etýge múmkin bolýyna habardar bolyńyz.",
    "MessageReenableUser": "Qaıta qosý úshin tómende qarańyz",
    "MessageServerConfigurationUpdated": "Server konfıgýrasıasy jańartyldy",
    "MessageSettingsSaved": "Parametrler saqtaldy.",
    "MessageTheFollowingLocationWillBeRemovedFromLibrary": "Jellyfin tasyǵyshhanańyzdan kelesi tasyǵysh ornalasýlary alastalady:",
    "MessageUnableToConnectToServer": "Tańdalǵan serverge qosylýymyz dál qazir múmkin emes. Bul iske qosylǵanyna kóz jetkizińiz jáne áreketti keıin qaıtalańyz.",
    "MessageUnsetContentHelp": "Mazmun kádimgi qaltalar retinde beınelenedi. Eń jaqsy nátıjeler alý úshin, ishki qaltalardyń mazmún túrlerin ornatyp Metaderek retteýshini paıdalanyńyz.",
    "MessageYouHaveVersionInstalled": "Aǵymda {0} nusqasy ornatylǵan.",
    "Metadata": "Metaderekter",
    "MetadataManager": "Metaderek retteýshi",
    "MetadataSettingChangeHelp": "Metaderekter parametrlerin ózgertý bolashaqtaǵy ústelgen jańa mazmunǵa áser etedi. Bar mazmundy jańartý úshin, tolyq málimetter ekranyn ashyńyz da jańartý túımeshigin basyńyz, nemese metaderekter retteýishini paıdalanyp qorymymen jańartýdy oryndańyz.",
    "MinutesAfter": "mınýt sońyńda",
    "MinutesBefore": "mınýt aldynda",
    "Mobile": "Uıaly / Planshettik",
    "Monday": "dúısenbi",
    "More": "Kóbirek",
    "MoreFromValue": "{0} arqyly kóbirek",
    "MoreUsersCanBeAddedLater": "Kóbirek paıdalanýshylardy keıin Taqta arqyly ústeýińiz múmkin.",
    "MoveLeft": "Solǵa jyljytý",
    "MoveRight": "Ońǵa jyljytý",
    "MovieLibraryHelp": "{0}Fılminiń atyn ózgertý Jellyfin-nusqaýlyǵyn{1} sholý.",
    "Movies": "Fılmder",
    "Mute": "Dybysty óshirý",
    "MySubtitles": "Meniń sýbtıtrlerim",
    "Name": "Aty",
    "Never": "Eshqashan",
    "NewCollection": "Jańa jıyntyq",
    "NewCollectionHelp": "Jıyntyqtar sizge Fılmderdiń jáne taǵy basqa tasyǵyshhananyń mazmunyn derbestendirilgen toptaýlarymen tamashalaný úshin ruqsat etedi.",
    "NewCollectionNameExample": "Mysal: Juldyz soǵystary (jıyntyq)",
    "NewEpisodes": "Jańa bólimder",
    "NewEpisodesOnly": "Tek qana jańa bólimderdi",
    "News": "Jańalyq",
    "Next": "Kelesi",
    "NextUp": "Kezekti",
    "No": "Joq",
    "NoNewDevicesFound": "Jańa qurylǵylar tabylmady. Jańa túnerdi ústeý úshin, osy tilqatysý terezesin jaýyp, qurylǵy aqparatyn qolmen engizińiz.",
    "NoNextUpItemsMessage": "Eshteńe tabylmady. Kórsetimderińizdi qaraı bastańyz!",
    "NoPluginConfigurationMessage": "Osy plagınde teńsheletin parametrler joq.",
    "NoSubtitleSearchResultsFound": "Eshqandaı nátıjeler tabylmady.",
    "NoSubtitles": "Sýbtıtrlersiz",
    "NoSubtitlesHelp": "Ádepkide sýbtıtrler júktelmeıdi. Olardy oınatý kezinde áli de qolmen qosýǵa bolady.",
    "None": "Eshqandaı",
    "Normal": "Kádimgi",
    "NumLocationsValue": "{0} qalta",
    "Off": "Óshir",
    "OneChannel": "Bir arnadan",
    "OnlyForcedSubtitles": "Tek qana májbúrli sýbtıtrler",
    "OnlyForcedSubtitlesHelp": "Tek qana májbúrli dep belgilengen sýbtıtrler júkteledi.",
    "OnlyImageFormats": "Tek keskin pishimderi (VOBSUB, PGS, SUB/IDX jáne t.b. )",
    "Open": "Ashý",
    "OpenSubtitleInstructions": "Open Subtitles tirkelgi málimetterin Jellyfin Server basqarý taqtasyndaǵy Open Subtitles konfıgýrasıasy ekranynda teńsheý qajet.",
    "OptionActor": "Aktór",
    "OptionActors": "Aktórler",
    "OptionAdminUsers": "Ákimshiler",
    "OptionAlbum": "Álbom",
    "OptionAlbumArtist": "Álbom oryndaýshysy",
    "OptionAllUsers": "Barlyq paıdalanýshylar",
    "OptionAllowAudioPlaybackTranscoding": "Qaıta kodtaýǵa talaby bar dybys oınatý úshin ruqsat etý",
    "OptionAllowBrowsingLiveTv": "Efırlik TD qatynaýǵa ruqsat etý",
    "OptionAllowContentDownloading": "Tasyǵyshderekterdi júktep alýǵa jáne úndestirýge ruqsat etý",
    "OptionAllowLinkSharing": "Áleýmettik jelilerimen ortaq paıdalanýǵa ruqsat etý",
    "OptionAllowLinkSharingHelp": "Tek qana tasyǵysh týraly aqparatty qamtıtyn ýeb-better ortaqtanady. Tasyǵysh faıldary eshqashan ortaq jarıalanbaıdy. Ortaqtasý ýaqytpen shekteledi jáne merzimi {0} kúnde aıaqtalady.",
    "OptionAllowManageLiveTv": "Efırlik TD jazbalaryn basqarýǵa ruqsat etý",
    "OptionAllowMediaPlayback": "Tasyǵyshderekterdi oınatýǵa ruqsat etý",
    "OptionAllowMediaPlaybackTranscodingHelp": "Qaıta kodtaýǵa ruqsatty shektelse tasyǵyshderekter pishimderine baılanysty Jellyfin qoldanbalarynda oınatýdyń sátsizdikterin týdyrýy múmkin.",
    "OptionAllowRemoteControlOthers": "Basqa paıdalanýshylardy qashyqtan basqarý úshin ruqsat etý",
    "OptionAllowRemoteSharedDevices": "Ortaq qurylǵylardy qashyqtan basqarý úshin ruqsat etý",
    "OptionAllowRemoteSharedDevicesHelp": "DLNA-qurylǵylary paıdalanýshy basqarǵansha deıin ortaq retinde eseptelinedi.",
    "OptionAllowSyncTranscoding": "Qaıta kodtaýǵa talaby bar tasyǵyshderekterdi júkteýge jáne úndestirýge ruqsat etý",
    "OptionAllowUserToManageServer": "Býl paıdalanýshyǵa serverdi basqarý úshin ruqsat etý",
    "OptionAllowVideoPlaybackRemuxing": "Qaıta kodtaýsyz túrlendirý talaby bar beıne oınatý úshin ruqsat etý",
    "OptionAllowVideoPlaybackTranscoding": "Qaıta kodtaýǵa talaby bar beıne oınatý úshin ruqsat etý",
    "OptionArtist": "Oryndaýshy",
    "OptionAscending": "Artýy boıynsha",
    "OptionAuto": "Avtomatty",
    "OptionAutomatic": "Avtomatty",
    "OptionAutomaticallyGroupSeries": "Birneshe qaltalar arasynda taralǵan telehıkaıany avtomatty bir telehıkaıaǵa biriktirý",
    "OptionAutomaticallyGroupSeriesHelp": "Qosylǵanda, osy tasyǵyshhana ishindegi birneshe qaltalar arasynda taralǵan telehıkaıasy avtomatty bir telehıkaıaǵa biriktiriletin bolady.",
    "OptionBlockBooks": "Kitaptar",
    "OptionBlockChannelContent": "Internet arna mazmuny",
    "OptionBlockLiveTvChannels": "Efırlik TD arnalary",
    "OptionBlockMovies": "Fılmder",
    "OptionBlockMusic": "Mýzyka",
    "OptionBlockTrailers": "Treılerler",
    "OptionBlockTvShows": "TD-kórsetimder",
    "OptionBluray": "BluRay",
    "OptionCommunityRating": "Qaýym baǵalaýy",
    "OptionContinuing": "Jalǵasýda",
    "OptionCriticRating": "Synshylar baǵalaýy",
    "OptionCustomUsers": "Teńsheýli",
    "OptionDaily": "Kún saıyn",
    "OptionDateAdded": "Ústelgen kúni",
    "OptionDateAddedFileTime": "Faıldyń jasalǵan kúnin paıdalaný",
    "OptionDateAddedImportTime": "Tasyǵyshhana ishine skanerleý kúnin paıdalaný",
    "OptionDatePlayed": "Oınatylǵan kúni",
    "OptionDescending": "Kemýi boıynsha",
    "OptionDisableUser": "Bul paıdalanýshyǵa tyıym salý",
    "OptionDisableUserHelp": "Eger tyıym salynsa, server bul paıdalanýshydan eshqandaı baılanystarǵa ruqsat etpeıdi. Bar qosylymdar kenet úziledi.",
    "OptionDislikes": "Unatpaýlar",
    "OptionDisplayFolderView": "Kádimgi tasyǵysh qaltalaryn kórsetý úshin Qalta aspektin beıneleý",
    "OptionDisplayFolderViewHelp": "Qosylǵanda, Jellyfin-qoldanbalarda Qaltalar sanaty tasyǵyshhanańyz janynda beınelenedi. Eger kádimgi qalta kórinisterin unatsańyz, bul paıdaly bolady.",
    "OptionDownloadArtImage": "Oıý sýret",
    "OptionDownloadBackImage": "Artqy muqaba",
    "OptionDownloadBannerImage": "Baner",
    "OptionDownloadBoxImage": "Qorap",
    "OptionDownloadDiscImage": "Dıski",
    "OptionDownloadImagesInAdvance": "Sýretterdi aldyn ala júktep alý",
    "OptionDownloadImagesInAdvanceHelp": "Ádepkide, sýretterdiń kóbi tek qana Jellyfin-qoldanbasy surasa júkteledi. Jańa tasyǵyshderekter ımporttalǵan kezde aldyn ala barlyq sýretterdi júktep alý úshin, osy opsıany qosyńyz. Tasyǵyshhana skanerleýde bul aıtarlyqtaı uzaq ýaqyt alýy múmkin.",
    "OptionDownloadLogoImage": "Logotıp",
    "OptionDownloadMenuImage": "Mázir",
    "OptionDownloadPrimaryImage": "Negizgi",
    "OptionDownloadThumbImage": "Nobaı",
    "OptionDvd": "",
    "OptionEmbedSubtitles": "Konteınermen endirýli",
    "OptionEnableAccessFromAllDevices": "Barlyq qurylǵylardan qatynaýdy qosý",
    "OptionEnableAccessToAllChannels": "Barlyq arnalarǵa qatynaýdy qosý",
    "OptionEnableAccessToAllLibraries": "Barlyq tasyǵyshhanalarǵa qatynaýdy qosý",
    "OptionEnableAutomaticServerUpdates": "Serverdiń avtomatty jańartylýyn qosý",
    "OptionEnableExternalContentInSuggestions": "Uynystarǵa syrtqy mazmundy qosý",
    "OptionEnableExternalContentInSuggestionsHelp": "Internet-treılerler men efırlik TD kórsetimderge usynǵan mazmunǵa kirý úshin ruqsat etedi.",
    "OptionEnableForAllTuners": "Barlyq túner qurylǵylary úshin qosý",
    "OptionEnableM2tsMode": "M2ts rejimin qosý",
    "OptionEnableM2tsModeHelp": "Mpegts úshin kodtaý kezinde m2ts rejimin qosý.",
    "OptionEnded": "Aıaqtaldy",
    "OptionEquals": "Teń",
    "OptionEstimateContentLength": "Qaıta kodtaý kezinde mazmun uzyndyǵyn baǵalaý",
    "OptionEveryday": "Kún saıyn",
    "OptionExternallyDownloaded": "Syrttan júktelgen",
    "OptionExtractChapterImage": "Sahna sýretin bólip alýdy qosý",
    "OptionFavorite": "Tańdaýlylar",
    "OptionFriday": "juma",
    "OptionHasSpecialFeatures": "Arnaıy múmkindikter",
    "OptionHasSubtitles": "Sýbtıtrler",
    "OptionHasThemeSong": "Taqyryptyq áýen",
    "OptionHasThemeVideo": "Taqyryptyq beıne",
    "OptionHasTrailer": "Treıler",
    "OptionHideUser": "Bul paıdalanýshyny kirý ekrandarynan jasyrý",
    "OptionHideUserFromLoginHelp": "Jeke nemese jasyryn ákimshi tirkelgileri úshin paıdaly. Paıdalanýshy aty men paróldi engizý arqyly paıdalanýshyǵa qolmen kirý qajet bolady.",
    "OptionHlsSegmentedSubtitles": "HLS bólshektelgen sýbtıtrler",
    "OptionHomeVideos": "Úı beıneleri men fotosýretter",
    "OptionIgnoreTranscodeByteRangeRequests": "Qaıta kodtaý baıt aýqymy suranystaryn elemeý",
    "OptionIgnoreTranscodeByteRangeRequestsHelp": "Qosylǵanda, osy suranystarmen sanasý bolady, biraq baıt aýqymynyń bas derektemesi elep eskerilmeıdi.",
    "OptionImdbRating": "IMDb baǵalaýy",
    "OptionLikes": "Unatýlar",
    "OptionMax": "Eń joǵary",
    "OptionMissingEpisode": "Joq bólimder",
    "OptionMonday": "dúısenbi",
    "OptionNameSort": "Aty",
    "OptionNew": "Jańa...",
    "OptionNone": "Eshqandaı",
    "OptionOnAppStartup": "Qoldanba iske qosylǵanda",
    "OptionOnInterval": "Aralyqta",
    "OptionParentalRating": "Jastas sanat",
    "OptionPlainStorageFolders": "Barlyq qaltalardy kádimgi saqtama qaltalary retinde beıneleý",
    "OptionPlainStorageFoldersHelp": "Qosylǵanda, barlyq qaltalar DIDL ishinde \"object.container.person.musicArtist\" sıaqty naqtylaý túriniń ornyna  \"object.container.storageFolder\" bolyp beınelenedi.",
    "OptionPlainVideoItems": "Barlyq beınelerdi kádimgi beıne tarmaqtary retinde beıneleý",
    "OptionPlainVideoItemsHelp": "Qosylǵanda, barlyq qaltalar DIDL ishinde \"object.item.videoItem.movie\" sıaqty naqtylaý túriniń ornyna \"object.item.videoItem\" bolyp beınelenedi.",
    "OptionPlayCount": "Oınatý esebi",
    "OptionPlayed": "Oınatylǵan",
    "OptionPremiereDate": "Tusaýkeser kún-aıy",
    "OptionProfileAudio": "Dybys",
    "OptionProfilePhoto": "Foto",
    "OptionProfileVideo": "Beıne",
    "OptionProfileVideoAudio": "Beıne Dybys",
    "OptionProtocolHls": "HTTP Тікелей Тасымалдау",
    "OptionProtocolHttp": "",
    "OptionRegex": "Udaıy órnek",
    "OptionReleaseDate": "Shyǵarý kúni",
    "OptionReportByteRangeSeekingWhenTranscoding": "Qaıta kodtaý kezinde server baıt irikteýin qoldasa baıandaý",
    "OptionReportByteRangeSeekingWhenTranscodingHelp": "Bul ýaqyt irikteýi onsha emes keıbir qurylǵylar úshin qajet.",
    "OptionRequirePerfectSubtitleMatch": "Beıne faıldarym úshin tek qana kemeldi sáıkes kelgen sýbtıtrlerdi júktep alý",
    "OptionRequirePerfectSubtitleMatchHelp": "Keremet sáıkestik talap etilgende tek qana naqty beıne faılyńyzben synaqtaýdan jáne tekserýden ótken sýbtıtrler súziledi. Belgini alastaý sýbtıtrlerdi júkteý yqtımaldyǵyn arttyrady, biraq qate ýaqyty bar nemese burys bolý sýbtıtrler mátininiń múmkindikterin ósiredi.",
    "OptionResumable": "Jalǵastyralatyn",
    "OptionRuntime": "Uzaqtyǵy",
    "OptionSaturday": "senbi",
    "OptionSaveMetadataAsHidden": "Metaderekter men sýretterdi jasyryn faıldar retinde saqtaý",
    "OptionSaveMetadataAsHiddenHelp": "Osy ózgertý bolashaqta saqtalatyn jańa metaderekter úshin qoldanylady. Bar metaderek faıldar olar Jellyfin serveri arqyly saqtalǵanda kelesi joly jańartylady.",
    "OptionSpecialEpisode": "Arnaıy bólimder",
    "OptionSubstring": "Ishki jol",
    "OptionSunday": "jeksenbi",
    "OptionThursday": "beısenbi",
    "OptionTrackName": "Jolshyq aty",
    "OptionTuesday": "seısenbi",
    "OptionTvdbRating": "Tvdb baǵalaýy",
    "OptionUnairedEpisode": "Kórsetilmegen bólimder",
    "OptionUnplayed": "Oınatylmaǵan",
    "OptionWakeFromSleep": "Uıqydan oıatýda",
    "OptionWednesday": "sársenbi",
    "OptionWeekdays": "Jumys kúnderi",
    "OptionWeekends": "Demalys kúnderi",
    "OptionWeekly": "Apta saıyn",
    "OriginalAirDateValue": "Bastapqy efır: {0}",
    "Overview": "Jalpy sholý",
    "PackageInstallCancelled": "{0} ornatylýy boldyrylmady.",
    "PackageInstallCompleted": "{0} ornatylýy aıaqtaldy.",
    "PackageInstallFailed": "{0} ornatylýy sátsiz.",
    "ParentalRating": "Jastas sanaty",
    "PasswordMatchError": "Paróli men Paróldi rastaý óristeri sáıkes bolý kerek.",
    "PasswordResetComplete": "Paról ysyryldy.",
    "PasswordResetConfirmation": "Shynymen paróldi ysyrý qajet pe?",
    "PasswordResetHeader": "Paróldi ysyrý",
    "PasswordSaved": "Paról saqtaldy.",
    "People": "Adamdar",
    "PerfectMatch": "Úzdik teń",
    "Photos": "Fotosýretter",
    "PictureInPicture": "Sýrettegi sýret",
    "PinCodeResetComplete": "PIN-kod ysyryldy.",
    "PinCodeResetConfirmation": "Shynymen PIN-kodty ysyrý qajet pe?",
    "PlaceFavoriteChannelsAtBeginning": "Tańdaýly arnalardy eń basynan ornalastyrý",
    "Play": "Oınatý",
    "PlayAllFromHere": "Bul aradan bárin oınatý",
    "PlayCount": "Oınatý esebi",
    "PlayFromBeginning": "Basynan oınatý",
    "PlayNext": "Kelesini oınatý",
    "PlayNextEpisodeAutomatically": "Kelesi bólimdi avtomatty júktep alý",
    "PlaybackSettingsIntro": "Ádepki oınatý parametrlerin teńsheý úshin beıne oınatýdy toqtatyńyz, sodan keıin qoldanbanyń joǵarǵy oń jaq bóligindegi paıdalanýshy belgishesin basyńyz.",
    "Played": "Oınatylǵan",
    "Playlists": "Oınatý tizimderi",
    "PleaseAddAtLeastOneFolder": "Qosý túımeshigin basý arqyly, osy tasyǵyshhanaǵa kem degende bir qalta qosyńyz.",
    "PleaseConfirmPluginInstallation": "Joǵarydaǵyny oqyp shyqqanyńyzdy jáne plagın ornatýyn bastaýyńyzdy rastaý úshin Jaraıdy degen túımeshigin basyńyz.",
    "PleaseEnterNameOrId": "Atyn nemese syrtqy ID engizińiz.",
    "PleaseRestartServerName": "Jellyfin Server úshin qaıta iske qosyńyz - {0}.",
    "PleaseSelectTwoItems": "Eń keminde eki tarmaqty tańdańyz.",
    "PluginInstalledMessage": "Plagın sátti ornatyldy. Ózgertýler kúshine enýi úshin Jellyfin Server qaıta iske qosylý qajet.",
    "PluginTabAppClassic": "WMC úshin Jellyfin",
    "PreferEmbeddedTitlesOverFileNames": "Faıl ataýlary ornyna endirilgen ataýlardy qalaý",
    "PreferEmbeddedTitlesOverFileNamesHelp": "Internettegi metaderekter nemese jergilikti metaderekter qol jetimdi bolmaǵanda bul ádepki beıneletin ataýdy anyqtaıdy.",
    "PreferredNotRequired": "Talap etiledi, biraq qajet emes",
    "Premiere": "Tusaýkeseri",
    "Premieres": "Premeralar",
    "Previous": "Aldyńǵy",
    "Primary": "Negizgi",
    "Producer": "Prodúser",
    "ProductionLocations": "Óndirý oryndary",
    "Programs": "Kórsetimder",
    "Quality": "Sapasy",
    "QueueAllFromHere": "Bul aradan bárin kezekke",
    "Raised": "Kóterilgen",
    "Rate": "Baǵalaý",
    "RecentlyWatched": "Jýyqta qaralǵan",
    "RecommendationBecauseYouLike": "Óıtkeni {0} jarattyńyz",
    "RecommendationBecauseYouWatched": "Óıtkeni {0} qaradyńyz",
    "RecommendationDirectedBy": "Qoıýshi {0}",
    "RecommendationStarring": "Bas rolinde {0}",
    "Record": "Jazý",
    "RecordSeries": "Telehıkaıany jazý",
    "RecordingCancelled": "Jazba boldyrylmady.",
    "RecordingPathChangeMessage": "Jazý qaltasyn ózgertkende, bar jazbalar eski ornynan jańasyna tasymaldanbaıdy. Talap etseńiz, olardy qolmen jyljytýyńyzǵa qajet bolady.",
    "RecordingScheduled": "Jazý josparlaǵan.",
    "Recordings": "Jazbalar",
    "Refresh": "Jańǵyrtý",
    "RefreshDialogHelp": "Metaderekter parametrler men Jellyfin Server taqtasynda qosylǵan ınternet qyzmetteri negizinde jańǵyrtylady.",
    "RefreshMetadata": "Metaderekterdi jańǵyrtý",
    "RefreshQueued": "Jańǵyrtý kezekte.",
    "ReleaseDate": "Shyǵarý kezi",
    "RememberMe": "Este saqtaý",
    "RemoveFromCollection": "Jıyntyqtan alastaý",
    "RemoveFromPlaylist": "Oınatý tiziminen alastaý",
    "Repeat": "Qaıtalaý",
    "RepeatAll": "Barlyǵyn qaıtalaý",
    "RepeatEpisodes": "Bólimderdiń qaıtalanýy",
    "RepeatMode": "Qaıtalaý rejimi",
    "RepeatOne": "Bir ret qaıtalaý",
    "ReplaceAllMetadata": "Barlyq metaderekterdi aýystyrý",
    "ReplaceExistingImages": "Bar sýretterdi aýystyrý",
    "RequiredForAllRemoteConnections": "Barlyq qashyqtaǵy qosylymdar úshin qajet",
    "RestartPleaseWaitMessage": "Jellyfin Server jumysy aıaqtalyp, qaıta iske qosylǵansha deıin kúte turyńyz. Bul bir-eki mınótqa sozylýy múmkin.",
    "ResumeAt": "{0} bastap jalǵastyrý",
    "Rewind": "Shegindirý",
    "RunAtStartup": "Iske qosylýdan bastap oryndaý",
    "Runtime": "Uzaqtyǵy",
    "Saturday": "senbi",
    "Save": "Saqtaý",
    "SaveSubtitlesIntoMediaFolders": "Sýbtıtrlerdi tasyǵysh qaltalary ishinde saqtaý",
    "SaveSubtitlesIntoMediaFoldersHelp": "Sýbtıtrlerdi beınefaıldarmen birge saqtaǵanda olardy jeńil retteýge ruqsat etedi.",
    "ScanForNewAndUpdatedFiles": "Jańa jáne jańartylǵan faıldardy skanerleý",
    "ScanLibrary": "Tasyǵyshhanany skanerleý",
    "Schedule": "Is kestesi",
    "Screenshot": "Ekran sýreti",
    "Screenshots": "Ekran sýretteri",
    "Search": "Izdeý",
    "SearchForCollectionInternetMetadata": "Sýrettemeler ben metaderekterdi Internetten izdeý",
    "SearchForMissingMetadata": "Joq  metaderekterdi izdeý",
    "SearchForSubtitles": "Sýbtıtrlerdi izdeý",
    "SearchResults": "Izdeý nátıjeleri",
    "SecondaryAudioNotSupported": "Dybys jolshyǵyn aýystyrý úshin qoldaý kórsetilmeıdi",
    "SelectCameraUploadServers": "Kameradan fotosýretterdi kelesi serverlerge júktep salý:",
    "SendMessage": "Habar jiberý",
    "Series": "Telehıkaıa",
    "SeriesCancelled": "Telehıkaıa boldyrylmady.",
    "SeriesDisplayOrderHelp": "Bólimderdi efır kúnimen, DVD retimen nemese túpnusqalyq nómirleýimen retteý.",
    "SeriesRecordingScheduled": "Telehıkaıa jazýy josparlaǵan.",
    "SeriesSettings": "Telehıkaıa parametrleri",
    "SeriesYearToPresent": "{0} - Aǵymda",
    "ServerNameIsRestarting": "Jellyfin Server - {0} qaıta iske qosylýda.",
    "ServerNameIsShuttingDown": "Jellyfin Server - {0} jumysyn aıaqtaýda.",
    "ServerRestartNeededAfterPluginInstall": "Plagındi ornatqannan keıin Jellyfin Server qaıta iske qosylý qajet.",
    "ServerUpdateNeeded": "Osy Jellyfin Server jańartylýy qajet. Sońǵy nusqasyn júktep alý úshin, {0} kirińiz",
    "Settings": "Parametrler",
    "SettingsSaved": "Parametrler saqtaldy.",
    "SettingsWarning": "Bul mánderdi ózgertkende turaqsyzdyq nemese qosylym múmkindiginde sátsizdik týdyrylýy múmkin. Eger sizde qandaı da bir aqaýlyqtar bolsa, olardy qaıtadan ádepkisine ózgertýdi usynamyz.",
    "Share": "Ortaqtasý",
    "ShowAdvancedSettings": "Keńeıtilgen parametrlerdi kórsetý",
    "ShowIndicatorsFor": "Mynaý úshin belgi kórsetý:",
    "ShowTitle": "Kórsetim ataýy",
    "ShowYear": "Kórsetim jyly",
    "Shows": "Kórsetimder",
    "Shuffle": "Aralastyrý",
    "SimultaneousConnectionLimitHelp": "Bir mezgildegi aǵyndardyń rýqsat etilgen eń kóp sany. Sheksiz úshint 0 engizińiz.",
    "SkipEpisodesAlreadyInMyLibrary": "Meniń tasyǵyshhanamda bar bólimderdi jazbaý",
    "SkipEpisodesAlreadyInMyLibraryHelp": "Qol jetimdi bolǵanda, bólimder maýsym jáne bólim nómirleri boıynsha salystyrylady.",
    "Small": "Usaq",
    "SmallCaps": "Kishi bas áripter",
    "Smaller": "Kishigirim",
    "Smart": "Zıatty",
    "SmartSubtitlesHelp": "Til teńshelimine sáıkes kelgen sýbtıtrler dybys shetel tilinde bolǵanda júkteledi.",
    "Songs": "Áýender",
    "Sort": "Suryptaý",
    "SortByValue": "Suryptaý tásili {0}",
    "SortChannelsBy": "Arnalardy suryptaý tásili:",
    "SortName": "Suryptalatyn aty",
    "Sports": "Sport",
    "StatsForNerds": "Aqylgóıler úshin sanaq",
    "StopRecording": "Jazýdy toqtatý",
    "Studios": "Stýdıalar",
    "Subscriptions": "Jazylymdar",
    "SubtitleAppearanceSettingsAlsoPassedToCastDevices": "Bul parametrler osy qurylǵy arqyly iske qosylǵan kezkelgen Chromecast oınatýyna qoldanylady.",
    "SubtitleAppearanceSettingsDisclaimer": "Bul parametrler grafıkalyq sýbtıtrlerge (PGS, DVD j.t.b.) nemese óz máneri bar endirilgen sýbtıtrlerge (ASS/SSA) qoldanylmaıdy.",
    "SubtitleDownloadersHelp": "Teńshelgen sýbtıtrler júkteýshilerin qosyńyz jáne basymdylyq reti boıynsha dáreje berińiz.",
    "SubtitleSettingsIntro": "Ádepki sýbtıtr kórinisin jáne til parametrlerin teńsheý úshin beıne oınatýdy toqtatyńyz, sodan keıin qoldanbanyń joǵarǵy oń jaq bóligindegi paıdalanýshy belgishesin basyńyz.",
    "Subtitles": "Sýbtıtrler",
    "Suggestions": "Usynystar",
    "Sunday": "jeksenbi",
    "Sync": "Úndestirý",
    "SystemDlnaProfilesHelp": "Júıelik profaıldar tek oqý úshin. Júıelik profaıldyń ózgeristeri jańa teńshelgen profaılǵa jazylady.",
    "TV": "TD",
    "TabAccess": "Qatynaý",
    "TabAdvanced": "Keńeıtilgen",
    "TabAlbumArtists": "Álbom oryndaýshylary",
    "TabAlbums": "Álbomdar",
    "TabArtists": "Oryndaýshylar",
    "TabCatalog": "Tizimdeme",
    "TabChannels": "Arnalar",
    "TabCodecs": "Kodekter",
    "TabCollections": "Jıyntyqtar",
    "TabContainers": "Konteınerler",
    "TabDashboard": "Taqta",
    "TabDevices": "Qurylǵylar",
    "TabDirectPlay": "Tikeleı oınatý",
    "TabDisplay": "Beıneleý",
    "TabEpisodes": "TD-bólimder",
    "TabExpert": "Sarapshylyq",
    "TabFavorites": "Tańdaýlylar",
    "TabGenres": "Janrlar",
    "TabGuide": "Telegıd",
    "TabHomeScreen": "Basqy ekran",
    "TabHosting": "Ornalasý",
    "TabInfo": "Profaıl týraly",
    "TabLatest": "Eń keıingi",
    "TabLibrary": "Tasyǵyshhana",
    "TabLiveTV": "Efırlik TD",
    "TabLogs": "Jurnaldar",
    "TabMetadata": "Metaderekter",
    "TabMovies": "Fılmder",
    "TabMusic": "Mýzyka",
    "TabMusicVideos": "Mýzykalyq beıneler",
    "TabMyPlugins": "Meniń plagınderim",
    "TabNetworks": "Jeliler",
    "TabNfoSettings": "NFO parametrleri",
    "TabNotifications": "Habarlandyrýlar",
    "TabOther": "Basqalar",
    "TabParentalControl": "Mazmundy basqarý",
    "TabPassword": "Paról",
    "TabPlayback": "Oınatý",
    "TabPlaylist": "Oınatý tizimi",
    "TabPlaylists": "Oınatý tizimderi",
    "TabPlugins": "Plagınder",
    "TabProfile": "Profaıl",
    "TabProfiles": "Profaıldar",
    "TabRecordings": "Jazbalar",
    "TabResponses": "Ún qatýlar",
    "TabResumeSettings": "Jalǵastyrý parametrleri",
    "TabScheduledTasks": "Josparlaýshy",
    "TabSecurity": "Qaýipsizdik",
    "TabSeries": "Telehıkaıalar",
    "TabServer": "Server",
    "TabSettings": "Parametrler",
    "TabShows": "Kórsetimder",
    "TabSongs": "Áýender",
    "TabStreaming": "Tasymaldaný",
    "TabSuggestions": "Usynystar",
    "TabTrailers": "Treılerler",
    "TabTranscoding": "Qaıta kodtaý",
    "TabUpcoming": "Kútilgen",
    "TabUsers": "Paıdalanýshylar",
    "Tags": "Tegter",
    "TagsValue": "Tegter: {0}",
    "TellUsAboutYourself": "Ózińiz týraly aıtyńyz",
    "ThemeSongs": "Taqyryptyq áýender",
    "ThemeVideos": "Taqyryptyq beıneler",
    "TheseSettingsAffectSubtitlesOnThisDevice": "Bul parametrler osy qurylǵydaǵy sýbtıtrlerge áser etedi",
    "ThisWizardWillGuideYou": "Bul komekshi ornatý jáne teńsheý prosesi satylarymen ótkizedi. Bastaý úshin ózińizge til teńshelimin tańdańyz.",
    "Thumb": "Nobaı",
    "Thursday": "beısenbi",
    "TitleHardwareAcceleration": "Apparatyq jedeldetý",
    "TitleHostingSettings": "Ornalasý parametrleri",
    "TitlePlayback": "Oınatý",
    "TrackCount": "{0} jolshyq",
    "Trailers": "Treılerler",
    "Transcoding": "Qaıta kodtaýda",
    "TryMultiSelect": "Úndesken bólekteýdi synap kórý",
    "TryMultiSelectMessage": "Birneshe tasyǵysh derekter elementterin óńdeý úshin, kezkelgen posterdi jaı ǵana tintýir batyrmaǵa basyp turyp nuqyńyz jáne basqarýyn qalaǵan elementterdi bólekteńiz. Synap kórińiz!",
    "Tuesday": "seısenbi",
    "TvLibraryHelp": "{0}TD atyn ózgertý týraly Jellyfin-nusqaýlyǵyn{1} qarap shyǵý.",
    "Uniform": "Biryńǵaı",
    "UninstallPluginConfirmation": "Shynymen {0} ornatýyn boldyrmaý qajet pe?",
    "UninstallPluginHeader": "Plagın ornatýyn boldyrmaý",
    "Unmute": "Dybysty qosý",
    "Unplayed": "Oınatylmaǵan",
    "Unrated": "Baǵalanbaǵan",
    "Up": "Joǵaryǵa",
    "Upload": "Júktep salý",
    "UserAgentHelp": "Qajet bolsa, teńsheletin paıdalanýshy agentine HTTP bas derektemesin jetkizý.",
    "UserProfilesIntro": "Jellyfin ishinde árqaısy paıdalanýshyǵa óziniń beıneleý parametrleri oınatý kúıi jáne mazmun basqarýy qosylǵan paıdalanýshylyq profaıldarynyń kiriktirilgen qoldaýy bar.",
    "ValueAlbumCount": "{0} álbom",
    "ValueAudioCodec": "Dybys kodegi: {0}",
    "ValueCodec": "Kodek: {0}",
    "ValueConditions": "Jaǵdaılar: {0}",
    "ValueContainer": "Konteıner: {0}",
    "ValueDiscNumber": "{0}-dıski",
    "ValueEpisodeCount": "{0} bólim",
    "ValueMinutes": "{0} mın",
    "ValueMovieCount": "{0} fılm",
    "ValueMusicVideoCount": "{0} mýzykalyq beıne",
    "ValueOneAlbum": "1 álbom",
    "ValueOneEpisode": "1 bólim",
    "ValueOneMovie": "1 fılm",
    "ValueOneMusicVideo": "1 mýzykalyq beıne",
    "ValueOneSeries": "1 telehıkaıa",
    "ValueOneSong": "1 áýen",
    "ValueSeconds": "{0} sek",
    "ValueSeriesCount": "{0} telehıkaıa",
    "ValueSeriesYearToPresent": "{0} - Aǵymda",
    "ValueSongCount": "{0} áýen",
    "ValueSpecialEpisodeName": "Arnaıy - {0}",
    "ValueTimeLimitMultiHour": "Ýaqyt shegi: {0} saǵat",
    "ValueTimeLimitSingleHour": "Ýaqyt shegi: 1 saǵat",
    "ValueVideoCodec": "Beıne kodegi: {0}",
    "Vertical": "Tiginen",
    "VideoRange": "Beıne aýqymy",
    "ViewAlbum": "Álbomdy qaraý",
    "ViewArtist": "Oryndaýshyny qaraý",
    "ViewPlaybackInfo": "Oınatý týraly aqparat",
    "Watched": "Qaralǵan",
    "Wednesday": "sársenbi",
    "WelcomeToProject": "Jellyfin úshin qosh keldińiz!",
    "Whitelist": "Aq tizim",
    "WizardCompleted": "Ázirshe bul bizge kereginiń bári bolyp tabylady. Jellyfin tasyǵyshhanańyz týraly málimetterdi jınaı bastady. Endi keıbir bizdiń qoldanbalarymyzben tanysyńyz, jáne keıin <b>Aıaqtaý</b> túımeshigin basyńyz, sonda <b>Server taqtasy</b> qaraýǵa shyǵa keledi.",
    "Writer": "Ssenarııshi",
    "XmlDocumentAttributeListHelp": "Osy tólsıpattar árbir XML ún qatýlardyń túbir elementi úshin qoldanylady.",
    "XmlTvKidsCategoriesHelp": "Osy sanattaǵy baǵdarlamalar balalyq baǵdarlamary retinde beınelenedi. Birneshýin '|' arqyly bólińiz.",
    "XmlTvMovieCategoriesHelp": "Osy sanattaǵy baǵdarlamalar fılmder retinde beınelenedi. Birneshýin '|' arqyly bólińiz.",
    "XmlTvNewsCategoriesHelp": "Osy sanattaǵy baǵdarlamalar jańalyq baǵdarlamary retinde beınelenedi. Birneshýin '|' arqyly bólińiz.",
    "XmlTvPathHelp": "XML TV faılynyń joly. Jellyfin osy faıldy oqıdy jáne ony jańartýlar úshin mezgilinde tekserip shyǵady. Faıldy jasaý jáne jańartý úshin ózińiz jaýapty bolyp tabylasyz.",
    "XmlTvSportsCategoriesHelp": "Osy sanattaǵy baǵdarlamalar sporttyq baǵdarlamary retinde beınelenedi. Birneshýin '|' arqyly bólińiz.",
    "Yes": "Iá",
    "Yesterday": "Keshe",
    "ChangingMetadataImageSettingsNewContent": "Metaderekterdi nemese sýretterdi júkteý parametrlerin ózgertýi tek tasyǵyshhanaǵa ústelgen jańa mazmunǵa qoldanylady. Ózgeristerdi qoldanystaǵy ataýlarǵa qoldaný úshin olardyń metaderekterin qolmen jańǵyrtý qajet.",
    "HeaderAudioLanguages": "Dybys tilderi",
    "LabelDynamicExternalId": "{0} Id:",
    "LeaveBlankToNotSetAPassword": "Mindetti emes - bos qaldyrsańyz, paról paıdalanylmaıdy",
    "MessageImageFileTypeAllowed": "Tek qana JPEG jáne PNG faıldary qoldaýda.",
    "MessageImageTypeNotSelected": "Sýret túrin ashylmaly mázirden tandańyz.",
    "OptionResElement": "res elementi",
    "PlaybackSettings": "Oınatý parametrleri",
    "SubtitleSettings": "Sýbtıtrler parametrleri"
}
