{
    "ButtonSignOut": "Sign out",
    "Delete": "Padam",
    "FolderTypeTvShows": "TV",
    "HeaderSeries": "Series",
    "LabelFinish": "Habis",
    "LabelNext": "Seterusnya",
    "LabelPrevious": "Sebelumnya",
    "LabelYoureDone": "Kamu Selesai!",
    "ParentalRating": "Parental Rating",
    "SettingsSaved": "Seting Disimpan",
    "Absolute": "Mutlak",
    "AccessRestrictedTryAgainLater": "Akses pada masa ini terhad. Sila cuba sebentar lagi.",
    "Actor": "Pelakon",
    "Add": "Tambah",
    "AddItemToCollectionHelp": "Tambah item ke koleksi melalui mencari mereka dan menggunakan menu klik kanan atau ketik mereka untuk menambahkannya ke koleksi.",
    "AddToCollection": "Tambah pada koleksi",
    "AddToPlayQueue": "Tambah ke giliran main",
    "AddToPlaylist": "Tambah pada senarai main",
    "AddedOnValue": "Ditambahkan {0}",
    "AdditionalNotificationServices": "Semak imbas katalog plugin untuk memasang perkhidmatan pemberitahuan tambahan.",
    "AirDate": "Tarikh siaran",
    "Aired": "Disiarkan",
    "All": "Segala",
    "AllLibraries": "Semua pustaka",
    "AllowMediaConversion": "Membolehkan penukaran media",
    "AllowMediaConversionHelp": "Memberi atau menolak akses penukaran ciri media",
    "Albums": "Album-album",
    "Alerts": "Pemberitahuan",
    "AllChannels": "Semua saluran",
    "AllComplexFormats": "Semua format kompleks (ASS, SSA, VOBSUB, PGS, SUB/IDX, dan sebagainya)",
    "AllEpisodes": "Semua episod",
    "AllLanguages": "Semua bahasa",
    "AllowOnTheFlySubtitleExtraction": "Membolehkan pengekstrakan sarikata serta-merta",
    "AllowOnTheFlySubtitleExtractionHelp": "Sarikata-sarikata yang sedia ada dapat diekstrak dari video-video dan dihantar ke aplikasi Jellyfin dalam teks biasa. Ini untuk menghindari video daripada transkoding. Pada sistem-sistem lain, ia dapat mengambil masa panjang dan menyebabkan video main balik terhenti semasa proses pengekstrakan. Ciri ini dapat dimatikan supaya sarikata yang sedia ada akan dibakar bersama video transkoding, jika ianya tidak disokong secara asal oleh peranti klien.",
    "AllowRemoteAccess": "Membenarkan persambungan jauh ke pelayan Jellyfin ini.",
    "AllowRemoteAccessHelp": "Jika tidak disemak, semua persambungan jauh akan disekat.",
    "Advanced": "Carian terperinci",
    "AllowHWTranscodingHelp": "Jika diaktifkan, penala dibolehkan untuk transkod strim dengan serta-merta. Ini dapat bantu mengurangkan transkoding yang diperlukan dari pelayan Jellyfin.",
    "AlwaysPlaySubtitles": "Sentiasa main sarikata",
    "AlwaysPlaySubtitlesHelp": "Sarikata sepadan dengan bahasa yang dipilih akan masih dimuatkan tanpa mengira bahasa audio.",
    "AnyLanguage": "Mana-mana bahasa",
    "Anytime": "Pada bila masa saja",
    "AroundTime": "Sekitar {0}",
    "Art": "Seni",
    "Artists": "Artis-artis",
    "AsManyAsPossible": "Sebanyak mungkin",
    "Ascending": "Susunan menaik",
    "AspectRatio": "Nisbah aspek",
    "AttributeNew": "Terbaru",
    "Audio": "Audio",
    "Auto": "Auto",
    "AutoBasedOnLanguageSetting": "Auto (berdasar tetapan bahasa)",
    "Backdrop": "Latar belakang",
    "Backdrops": "Latar belakang",
    "BirthDateValue": "Lahir: {0}",
    "BirthLocation": "Tempat lahir",
    "BirthPlaceValue": "Tempat lahir: {0}",
    "Blacklist": "Senarai hitam",
    "Books": "Buku-buku",
    "Box": "Kotak",
    "Browse": "Semak imbas",
    "ButtonAdd": "Tambah",
    "ButtonAddMediaLibrary": "Tambah Pustaka Media",
    "ButtonAddServer": "Tambah pelayan",
    "ButtonAddUser": "Tambah pengguna",
    "ButtonArrowDown": "Turun",
    "ButtonArrowLeft": "Kiri",
    "ButtonArrowRight": "Kanan",
    "ButtonArrowUp": "Atas",
    "ButtonAudioTracks": "Trek Audio",
    "ButtonBack": "Kembali",
    "ButtonCancel": "Batalkan",
    "ButtonChangeContentType": "Tukar pilihan isi kandungan",
    "ButtonChangeServer": "Tukar pelayan",
    "ButtonConnect": "Sambung"
}
