{
    "Absolute": "Absolutt",
    "Actor": "Skuespiller",
    "Add": "Legg til",
    "AddItemToCollectionHelp": "Legg til elementer i samlingene ved å søke etter dem og bruke sine høyreklikk eller pek menyer for å legge dem til en samling.",
    "AddToCollection": "Legg til i samling",
    "AddToPlayQueue": "Legg til i spilleliste",
    "AddToPlaylist": "Legg til spilleliste",
    "AddedOnValue": "Lagt til {0}",
    "AdditionalNotificationServices": "Bla gjennom katalogen over programtillegg for å installere valgfrie varslingstjenester.",
    "Advanced": "Avansert",
    "Aired": "Sendt tidligere",
    "Albums": "Album",
    "Alerts": "Varsler",
    "All": "Alle",
    "AllChannels": "Alle kanaler",
    "AllEpisodes": "Alle episoder",
    "AllLibraries": "Alle biblioteker",
    "AllowHWTranscodingHelp": "Hvis aktivert, vil tuneren å omkode strømmer. Dette kan bidra til å redusere transkoding som kreves av Jellyfin Server.",
    "AllowMediaConversion": "Tillat konvertering av media",
    "AllowMediaConversionHelp": "Tillatt eller forby tilgang til å konvertere media",
    "AllowRemoteAccess": "Tillat tilkoblinger utenfra til denne Jellyfin Server.",
    "AllowRemoteAccessHelp": "Om du ikke krysser av, vil alle tilkoblinger utenfra blokkeres.",
    "Anytime": "Enhver tid",
    "AroundTime": "Rundt {0}",
    "Artists": "Artister",
    "AsManyAsPossible": "Så mange som mulig",
    "AspectRatio": "Størrelsesforholdet",
    "AttributeNew": "Ny",
    "Audio": "Lyd",
    "Auto": "Automatisk",
    "BirthDateValue": "Født: {0}",
    "BirthLocation": "Fødelesested",
    "BirthPlaceValue": "Fødested: {0}",
    "BookLibraryHelp": "Lyd og Lydbøker er støttet",
    "Books": "Bøker",
    "BrowsePluginCatalogMessage": "Browse vår plugin-katalog for å se tilgjengelige plugins",
    "ButtonAdd": "Legg til",
    "ButtonAddMediaLibrary": "Legg element til biblioteket",
    "ButtonAddScheduledTaskTrigger": "Legg til trigger",
    "ButtonAddServer": "Legg til server",
    "ButtonAddUser": "Ny bruker",
    "ButtonArrowDown": "Ned",
    "ButtonArrowLeft": "Venstre",
    "ButtonArrowRight": "Høyre",
    "ButtonArrowUp": "Opp",
    "ButtonAudioTracks": "Lydspor",
    "ButtonBack": "Tilbake",
    "ButtonCancel": "Avbryt",
    "ButtonChangeContentType": "Velg innholdtype",
    "ButtonChangeServer": "Endre server",
    "ButtonConnect": "Koble til",
    "ButtonDelete": "Slett",
    "ButtonDeleteImage": "Slett bilde",
    "ButtonDown": "Ned",
    "ButtonDownload": "Nedlasting",
    "ButtonEdit": "Rediger",
    "ButtonEditImages": "Endre bilder",
    "ButtonEditOtherUserPreferences": "Endre denne brukeren sin profilbilde og personlige innstillinger.",
    "ButtonForgotPassword": "Glemt passord",
    "ButtonFullscreen": "Fullskjerm",
    "ButtonGotIt": "Skjønner",
    "ButtonHelp": "Hjelp",
    "ButtonHome": "Hjem",
    "ButtonLearnMore": "Lære mer",
    "ButtonLibraryAccess": "Bibliotektilgang",
    "ButtonManualLogin": "Manuell Login",
    "ButtonMore": "Mer",
    "ButtonMoreInformation": "Mer Informasjon",
    "ButtonNetwork": "Nettverk",
    "ButtonNew": "Ny",
    "ButtonNextTrack": "Neste Spor",
    "ButtonOff": "Av",
    "ButtonOk": "OK",
    "ButtonOpen": "Åpne",
    "ButtonOther": "Andre",
    "ButtonParentalControl": "Foreldrekontroll",
    "ButtonPlay": "Spill",
    "ButtonPreviousTrack": "Forrige Spor",
    "ButtonProfile": "Profil",
    "ButtonQuickStartGuide": "Hurtigstartsveiviser",
    "ButtonRefresh": "Oppdater",
    "ButtonRefreshGuideData": "Oppdater Guide Data",
    "ButtonRemove": "Fjern",
    "ButtonRename": "Gi nytt navn",
    "ButtonRepeat": "Gjenta",
    "ButtonResetEasyPassword": "Tilbakestill PIN-kode",
    "ButtonResetPassword": "Tilbakestill passord",
    "ButtonRestart": "Omstart",
    "ButtonResume": "Fortsette",
    "ButtonRevoke": "Tilbakekall",
    "ButtonSave": "Lagre",
    "ButtonScanAllLibraries": "Skann alle biblioteker",
    "ButtonSearch": "Søk",
    "ButtonSelectDirectory": "Velg Katalog",
    "ButtonSelectServer": "Velg server",
    "ButtonSelectView": "Velg vising",
    "ButtonSettings": "Innstillinger",
    "ButtonShutdown": "Slå Av",
    "ButtonSignIn": "Logg inn",
    "ButtonSignOut": "Sign out",
    "ButtonSort": "Sorter",
    "ButtonSplitVersionsApart": "Splitt versjoner fra hverandre",
    "ButtonStop": "Stopp",
    "ButtonSubmit": "Send",
    "ButtonSubtitles": "Undertekster",
    "ButtonUninstall": "Avinstaller",
    "ButtonUp": "Opp",
    "ButtonUpload": "Last opp",
    "ButtonViewWebsite": "Vis nettsted",
    "ButtonWebsite": "Nettsted",
    "CancelRecording": "Avbryt opptak",
    "CancelSeries": "Avbryt serie",
    "Categories": "Kategorier",
    "ChannelAccessHelp": "Velg kanaler som skal deler med denne brukeren. Administratorer har mulighet til å editere på alle kanaler som benytter metadata behandleren.",
    "ChannelNameOnly": "Kun kanal {0}",
    "ChannelNumber": "Kanal nummer",
    "CinemaModeConfigurationHelp": "Kino-modus bringer kinoopplevelsen direkte til din stue med muligheten til å spille trailere og tilpassede introer før filmen begynner.",
    "Collections": "Samlinger",
    "ColorPrimaries": "Primærfarger",
    "ColorSpace": "Fargeutvalg",
    "ColorTransfer": "Overføring av farger",
    "Composer": "Komponist",
    "ConfigureDateAdded": "Konfigurer hvordan dato er fastsatt i Jellyfin Server  sitt dashbord under Bibliotek innstillinger",
    "ConfirmDeleteImage": "Slett bilde?",
    "ConfirmDeleteItem": "Sletting av elementet vil slette det fra både filsystemet og biblioteket. Er du sikker på at du vil fortsette?",
    "ConfirmDeleteItems": "Sletting av disse elementene vil slette dem fra både filsystemet og mediebiblioteket . Er du sikker på at du vil fortsette?",
    "ConfirmDeletion": "Bekreft Kansellering",
    "ConfirmEndPlayerSession": "Vill du stenge Jellyfin på denne enheten?",
    "Connect": "Koble til",
    "ContinueWatching": "Fortsett å se på",
    "Continuing": "Fortsetter",
    "CustomDlnaProfilesHelp": "Lag en tilpasset profil for å sette en ny enhet til å overstyre en system profil.",
    "DeathDateValue": "Døde: {0}",
    "DefaultErrorMessage": "Det skjedde en feil under behandling av forespørselen. Vennligst prøv igjen senere.",
    "DefaultMetadataLangaugeDescription": "Disse er standardverdiene dine, og kan tilpasses per biblioteksbasis.",
    "Delete": "Slett",
    "DeleteDeviceConfirmation": "Er du sikker på at du vil slette denne enheten? Den vil gjenoppstå neste gang en bruker logger inn med den.",
    "DeleteImage": "Slett bilde",
    "DeleteImageConfirmation": "Er du sikker på at du vil slette bildet?",
    "DeleteMedia": "Slett media",
    "DeleteUser": "Slett bruker",
    "DeleteUserConfirmation": "Er du sikker på at du vil slette denne brukeren?",
    "DetectingDevices": "Detekterer enheter",
    "DeviceAccessHelp": "Dette gjelder bare for enheter som som kan unikt identifiseres og vil ikke forindre tilgang fra nettleser. Filtrering av brukerens enhet vil forhindre dem fra å bruke nye enheter inntil de har blitt godkjent her.",
    "Director": "Regissør",
    "Disconnect": "Koble fra",
    "Dislike": "Misliker",
    "DoNotRecord": "Ikke ta opp",
    "Down": "Ned",
    "Download": "Nedlasting",
    "DrmChannelsNotImported": "Kanaler med DRM vill ikke bli importert.",
    "EasyPasswordHelp": "Din enkle pin kode er brukt for offline tilgang med støttete emby apps. Den kan også brukes til enkel nettverks pålogging.",
    "Edit": "Rediger",
    "EditImages": "Endre bilder",
    "EditSubtitles": "Endre undertekster",
    "EnableCinemaMode": "Aktiver kino mode",
    "EnableColorCodedBackgrounds": "Aktiver fargekoder for bakgrunn",
    "EnableDisplayMirroring": "Aktivert skjermspeiling",
    "EnableHardwareEncoding": "Aktiver hardware enkoding",
    "EnablePhotos": "Aktiver bilder",
    "EnablePhotosHelp": "Bilder vil bli oppdaget og vises sammen med andre mediefiler .",
    "EnableStreamLooping": "Automatisk avspilling av live strømmer",
    "EnableStreamLoopingHelp": "Aktiver dette hvis live streams bare inneholder noen få sekunder med data og må kontinuerlig forespurt.",
    "Ended": "Avsluttet",
    "EndsAtValue": "Slutter klokken {0}",
    "Episodes": "Episoder",
    "ErrorAddingListingsToSchedulesDirect": "Det oppstod en feil mens du legger din oppstilling til tidsplaner Direkte konto. Direkte tidsplaner kun tillatt et begrenset antall oppstillingkombinasjoner per brukerkonto. Du bør logge inn på nettstedet i planene Direct konto og noen samlinger av kontoen din for å slette før du fortsetter.",
    "ErrorAddingMediaPathToVirtualFolder": "Det oppstod en feil å legge mediebanen . Sørg for at banen er gyldig og Jellyfin Server prosessen har tilgang til stedet.",
    "ErrorAddingTunerDevice": "Det oppstod en feil ulegge til tuner enhet. Vennligst sikre at den er tilgjengelig, og prøv på nytt.",
    "ErrorAddingXmlTvFile": "Det oppstod en feil tilgang til XmlTV filen. Sørg for at filen finnes og prøv igjen.",
    "ErrorGettingTvLineups": "Det var en feil under nedlasting tv oppstillinger. Vennligst forsikre deg om at informasjonen er korrekt og prøv igjen.",
    "ErrorMessageStartHourGreaterThanEnd": "Sluttid må være senere enn starttid.",
    "ErrorPleaseSelectLineup": "Velg en oppstilling og prøv igjen. Hvis ingen oppstillinger er tilgjengelig, så vennligst sjekk at brukernavn, passord og postnummer er riktig.",
    "ErrorSavingTvProvider": "Det oppstod en feil ved lagring av TV-leverandør. Vennligst  forsikre  deg om at den er tilgjengelig, og prøv på nytt.",
    "EveryNDays": "Hver {0} dag",
    "ExitFullscreen": "Avslutt fullskjerm",
    "FFmpegSavePathNotFound": "Vi kan dessverre ikke finne FFmpeg bruke banen du har angitt. FFprobe er også nødvendig og må ligge i samme mappe. Disse komponentene er vanligvis buntet sammen i samme nedlastning. Kontroller banen og prøv igjen.",
    "FastForward": "Framoverspoling",
    "Favorite": "Favoritt",
    "Favorites": "Favoritter",
    "File": "Fil",
    "FileNotFound": "Fil ikke funnet",
    "FileReadCancelled": "Lesing av filen kansellert.",
    "FileReadError": "Feil oppstod i det filen ble lest",
    "FolderTypeBooks": "Bøker",
    "FolderTypeMovies": "Filmer",
    "FolderTypeMusic": "Musikk",
    "FolderTypeMusicVideos": "Musikk-videoer",
    "FolderTypeTvShows": "TV",
    "FolderTypeUnset": "Ikke bestemt (variert innhold)",
    "Friday": "Fredag",
    "Fullscreen": "Fullskjerm",
    "Genres": "Sjanger",
    "GuestStar": "Gjeste skuespiller",
    "GuideProviderSelectListings": "Velg Oppføring",
    "H264CrfHelp": "Constant Rate Factor (CRF) er standard kvalitetsinnstilling for x264 encoder. Du kan stille inn verdier mellom 0 og 51, hvor lavere verdier vil resultere i bedre kvalitet (på bekostning av høyere filstørrelser). Sane verdier er mellom 18 og 28. Standard for x264 er 23, slik at du kan bruke dette som et utgangspunkt.",
    "H264EncodingPresetHelp": "Velg en raskere verdi å forbedre ytelsen, eller en lavere verdi for å forbedre kvaliteten.",
    "HDPrograms": "HD Programmer",
    "HardwareAccelerationWarning": "Aktivering av maskinvareakselerasjon kan føre til ustabilitet i enkelte miljøer. Sørg for at operativsystemet og skjermdriverne dine er fullt oppdatert. Hvis du har problemer med å spille videoer etter å ha aktivert dette, må du endre innstillingen tilbake til Auto.",
    "HeaderAccessSchedule": "Tilgang Planlegger",
    "HeaderAccessScheduleHelp": "Lag en tilgang tidsplan for å begrense tilgangen til visse tider.",
    "HeaderActiveDevices": "Aktive enheter",
    "HeaderActiveRecordings": "Aktive opptak",
    "HeaderActivity": "Aktivitet",
    "HeaderAddScheduledTaskTrigger": "Legg til trigger",
    "HeaderAddToCollection": "Legg til samling",
    "HeaderAddToPlaylist": "Legg til Spilleliste",
    "HeaderAddUpdateImage": "Legg Til/Oppdater Bilde",
    "HeaderAddUser": "Legg til bruker",
    "HeaderAdditionalParts": "Tilleggsdeler",
    "HeaderAlbums": "Albumer",
    "HeaderAlert": "Varsling",
    "HeaderAllowMediaDeletionFrom": "Tillat sletting av media ifra",
    "HeaderApiKey": "API-nøkkel",
    "HeaderApiKeys": "Api Nøkkler",
    "HeaderApiKeysHelp": "Eksterne programmer er pålagt å ha en API-nøkkel for å kunne kommunisere med Jellyfin Server. Nøkkene er utstedt ved å logge på med en Jellyfin konto, eller ved å manuelt gi programmet en nøkkel.",
    "HeaderAudioBooks": "Lydbøker",
    "HeaderAudioSettings": "Lyd inntilligner",
    "HeaderAutomaticUpdates": "Automatiske oppdateringer",
    "HeaderBooks": "Bøker",
    "HeaderBranding": "Merking",
    "HeaderCancelRecording": "Avbryt opptak",
    "HeaderCancelSeries": "Avbryt serie",
    "HeaderCastAndCrew": "Skuespillere & Crew",
    "HeaderCastCrew": "Mannskap",
    "HeaderChangeFolderType": "Endre innholdstype",
    "HeaderChangeFolderTypeHelp": "For å endre type, må du fjerne og gjenoppbygge biblioteket med den nye typen.",
    "HeaderChannelAccess": "Kanal tilgang",
    "HeaderChannels": "Kanaler",
    "HeaderCodecProfile": "Kodek Profil",
    "HeaderCodecProfileHelp": "Kodek profiler indikerer på at begrensninger på en enhet når den spiller av spesifikk kodeker. Hvis en begrensning gjelder vil media bli transcodet, til og med hvis kodeken er konfigurert for direkte avspilling.",
    "HeaderConfirmPluginInstallation": "Bekreft Installasjon av Plugin",
    "HeaderConfirmProfileDeletion": "Bekreft sletting av profil",
    "HeaderConfirmRevokeApiKey": "Tilbakekall API-nøkkel",
    "HeaderConnectToServer": "Koble til server",
    "HeaderConnectionFailure": "Tilkobling feilet",
    "HeaderContainerProfile": "Kontainer Profil",
    "HeaderContainerProfileHelp": "Container profiler indikerer begrensningene i en enhet når du spiller bestemte formater. Hvis en begrensning gjelder da vil media bli transcodet, selv om formatet er konfigurert for direkte avspilling.",
    "HeaderContinueListening": "Forsett og høre på",
    "HeaderContinueWatching": "Forsett og se på",
    "HeaderCustomDlnaProfiles": "Tilpassede Profiler",
    "HeaderDateIssued": "Dato utstedt",
    "HeaderDefaultRecordingSettings": "Standard opptak innstillinger",
    "HeaderDeleteDevice": "Slett Enhet",
    "HeaderDeleteItem": "Slett element",
    "HeaderDeleteItems": "Slett elementer",
    "HeaderDeleteProvider": "Slett leverandør",
    "HeaderDeleteTaskTrigger": "Slett Oppgave Trigger",
    "HeaderDetectMyDevices": "Detektere mine enheter",
    "HeaderDeveloperInfo": "Utvikler informasjon",
    "HeaderDeviceAccess": "Enhetstilgang",
    "HeaderDevices": "Enheter",
    "HeaderDirectPlayProfile": "Direkte Avspilling Profil",
    "HeaderDirectPlayProfileHelp": "Legg direkte avspill profiler til å indikere hvilket format enheten kan støtte.",
    "HeaderDisplay": "Vis",
    "HeaderDisplaySettings": "Skjerminnstillinger",
    "HeaderDownloadSync": "Last  ned og synkronisere",
    "HeaderEasyPinCode": "Enkel PIN-kode",
    "HeaderEditImages": "Endre bilder",
    "HeaderEnabledFields": "Aktiverte felt",
    "HeaderEnabledFieldsHelp": "Fjern merket et felt for å låse den og hindre sine data blir endret.",
    "HeaderEpisodes": "Episoder",
    "HeaderError": "Feil",
    "HeaderFeatureAccess": "Funksjonstilgang",
    "HeaderFeatures": "Funksjoner",
    "HeaderFetchImages": "Hent Bilder:",
    "HeaderFilters": "Filtre",
    "HeaderForKids": "For barn",
    "HeaderForgotPassword": "Glemt passord",
    "HeaderFrequentlyPlayed": "Ofte avspilt",
    "HeaderGenres": "Sjanger",
    "HeaderGuideProviders": "Guide leverandører",
    "HeaderHomeScreen": "Hjemskjerm",
    "HeaderHomeScreenSettings": "Innstillinger for Hjemskjerm",
    "HeaderHttpHeaders": "Http Headere",
    "HeaderIdentification": "Identifisering",
    "HeaderIdentificationCriteriaHelp": "Skriv minst ett identifiserings kriterie",
    "HeaderIdentificationHeader": "Identifiseringsheader",
    "HeaderIdentifyItemHelp": "Oppgi ett eller flere søke kriterier. Fjern kriterie for å øke søke resultater.",
    "HeaderImageOptions": "Bildeinnstillinger",
    "HeaderImageSettings": "Bildeinnstillinger",
    "HeaderInstall": "Installer",
    "HeaderInstantMix": "Umiddelbar Blanding",
    "HeaderItems": "Elementer",
    "HeaderKeepRecording": "Behold opptak",
    "HeaderKeepSeries": "Behold serie",
    "HeaderLatestEpisodes": "Siste episoder",
    "HeaderLatestMedia": "Nyeste media",
    "HeaderLatestMovies": "Siste Filmer",
    "HeaderLatestMusic": "Siste Musikk",
    "HeaderLatestRecordings": "Siste opptak",
    "HeaderLibraries": "Bibliotek",
    "HeaderLibraryAccess": "Bibliotek tilgang",
    "HeaderLibraryFolders": "Bibliotek mapper",
    "HeaderLibraryOrder": "Bibliotekenes rekkefølge",
    "HeaderLibrarySettings": "Bibliotek inntilligner",
    "HeaderLiveTvTunerSetup": "Direkte tv tuner innstillinger",
    "HeaderLoginFailure": "Påloggingsfeil",
    "HeaderMediaFolders": "Mediemapper",
    "HeaderMediaInfo": "Media informasjon",
    "HeaderMetadataSettings": "Metadata innstilinger",
    "HeaderMoreLikeThis": "Flere som dette",
    "HeaderMovies": "Filmer",
    "HeaderMusicVideos": "Musikkvideoer",
    "HeaderMyDevice": "Min enhet",
    "HeaderMyMedia": "Min Media",
    "HeaderMyMediaSmall": "Min Media (liten)",
    "HeaderNewApiKey": "Ny Api Nøkkel",
    "HeaderNewDevices": "Nye enheter",
    "HeaderNextUp": "Neste",
    "HeaderOnNow": "På Nå",
    "HeaderOtherItems": "Andre elementer",
    "HeaderParentalRatings": "Foreldresensur",
    "HeaderPassword": "Passord",
    "HeaderPasswordReset": "Resett passord",
    "HeaderPaths": "Stier",
    "HeaderPendingInvitations": "Ventende invitasjoner",
    "HeaderPeople": "Personer",
    "HeaderPinCodeReset": "Tilbakestill PIN-kode",
    "HeaderPlayAll": "Spill alle",
    "HeaderPlayOn": "Forsett avspilling",
    "HeaderPlayback": "Media avspilling",
    "HeaderPlaybackError": "Avspillingsfeil",
    "HeaderPlaybackSettings": "Avspillingsinnstillinger",
    "HeaderPleaseSignIn": "Vennligst Logg inn",
    "HeaderPluginInstallation": "Programtillegg installasjon",
    "HeaderPreferredMetadataLanguage": "Foretrukket språk for metadata",
    "HeaderProfile": "Profil",
    "HeaderProfileInformation": "Profil Informasjon",
    "HeaderProfileServerSettingsHelp": "Disse verdiene kontrollere hvordan Jellyfin Server vil presentere seg selv for enheten.",
    "HeaderRecentlyPlayed": "Nylig avspilt",
    "HeaderRecordingOptions": "Opptak innstillinger",
    "HeaderRecordingPostProcessing": "Etterbehandling av opptak",
    "HeaderRemoteControl": "Fjernkontroll",
    "HeaderRemoveMediaFolder": "Fjern Mediamappe",
    "HeaderRemoveMediaLocation": "Fjern Mediamappe",
    "HeaderResponseProfile": "Responsprofil",
    "HeaderResponseProfileHelp": "Respons proiler tilbyr en måt å tilpasse informasjon som er sent til enheten når den spiller en viss type media.",
    "HeaderRestart": "Omstart",
    "HeaderRevisionHistory": "Revisjonshistorikk",
    "HeaderRunningTasks": "Kjørende oppgaver",
    "HeaderScenes": "Scener",
    "HeaderSchedule": "Timeplan",
    "HeaderSeasons": "Sesonger",
    "HeaderSelectCertificatePath": "Velg sti for sertifikat",
    "HeaderSelectMetadataPath": "Velg Sti for Metadata",
    "HeaderSelectMetadataPathHelp": "Bla eller skriv stien som skal brukes for metadata. Mappen må være skrivbar.",
    "HeaderSelectPath": "Velg sti",
    "HeaderSelectServer": "Velg Server",
    "HeaderSelectServerCachePath": "Velg Sti for Server Cache",
    "HeaderSelectServerCachePathHelp": "Bla eller skriv stien som skal brukes for server cache filer. Mappen må være skrivbar.",
    "HeaderSelectTranscodingPath": "Velg Sti for Midlertidig Transcoding",
    "HeaderSelectTranscodingPathHelp": "Bla eller skriv stien som skal brukes for transcoding av midlertidige filer. Mappen må være skrivbar.",
    "HeaderSendMessage": "Send Melding",
    "HeaderSeries": "Series",
    "HeaderSeriesOptions": "Serie innstillinger",
    "HeaderServerSettings": "Serverinnstillinger",
    "HeaderSettings": "Innstillinger",
    "HeaderSetupLibrary": "Sett opp dine media bibliotek",
    "HeaderShutdown": "Slå Av",
    "HeaderSortBy": "Sorter etter",
    "HeaderSortOrder": "Sortieing rekkefølge",
    "HeaderSpecialEpisodeInfo": "Spesial Episode info",
    "HeaderSpecialFeatures": "Spesielle Funksjoner",
    "HeaderSubtitleProfile": "Undertekst Profil",
    "HeaderSubtitleProfiles": "Undertekst Profiler",
    "HeaderSubtitleProfilesHelp": "Undertekst profiler beskriver undertekst formater som er suportert av enheten.",
    "HeaderSubtitleSettings": "Undertekster innstillinger",
    "HeaderSystemDlnaProfiles": "Systemprofiler",
    "HeaderTags": "Tagger",
    "HeaderTaskTriggers": "Oppgave Triggers",
    "HeaderThisUserIsCurrentlyDisabled": "Denne brukeren er deaktivert",
    "HeaderTracks": "Spor",
    "HeaderTranscodingProfile": "Transcoding Profil",
    "HeaderTranscodingProfileHelp": "Legg til transcoding profiler for å indikere hvilke format som burde bli brukt når transcoding behøves.",
    "HeaderTunerDevices": "Tuner enheter",
    "HeaderTuners": "Tuner",
    "HeaderTypeImageFetchers": "{0} bildekilder",
    "HeaderTypeText": "Skriv Tekst",
    "HeaderUpcomingOnTV": "Kommer på TV",
    "HeaderUploadImage": "Last opp bilde",
    "HeaderUploadNewImage": "Last opp nytt bilde",
    "HeaderUser": "Bruker",
    "HeaderUsers": "Brukere",
    "HeaderVideoTypes": "Videotyper",
    "HeaderVideos": "Filmer",
    "HeaderXmlDocumentAttribute": "Xml dokument attributt",
    "HeaderXmlDocumentAttributes": "Xml dokument attributter",
    "HeaderXmlSettings": "Xml innstillinger",
    "HeaderYears": "År",
    "HeadersFolders": "Mapper",
    "Help": "Hjelp",
    "HideWatchedContentFromLatestMedia": "Skjul sett innhold fra nyeste media",
    "Identify": "Identifiser",
    "Images": "Bilder",
    "ImportFavoriteChannelsHelp": "Hvis aktivert, blir kun kanaler som er mekret som favoritt på tuneren bli importert.",
    "ImportMissingEpisodesHelp": "Hvis aktivert, vil informasjon om manglende episoder importeres inn i databasen og Jellyfin vises i årstider og serier. Dette kan føre til betydelig lengre bibliotek skanninger.",
    "InstallingPackage": "Installerer {0}",
    "InstantMix": "Direktemiks",
    "ItemCount": "{0} elementer",
    "Items": "Elementer",
    "Kids": "Barn",
    "LabelAbortedByServerShutdown": "(Avbrutt av server shutdown)",
    "LabelAccessDay": "Ukedag:",
    "LabelAccessEnd": "Sluttid:",
    "LabelAccessStart": "Starttid:",
    "LabelAirDays": "Sendings dager:",
    "LabelAirTime": "Sendings tid:",
    "LabelAirsAfterSeason": "Sendt etter sesong:",
    "LabelAirsBeforeEpisode": "Sendt før episode:",
    "LabelAirsBeforeSeason": "Send før sesong:",
    "LabelAlbumArtMaxHeight": "Album art maks høyde:",
    "LabelAlbumArtMaxHeightHelp": "Maks oppløsning av album er eksonert via upnp:albumARtURI.",
    "LabelAlbumArtMaxWidth": "Album art mat bredde:",
    "LabelAlbumArtMaxWidthHelp": "Maks oppløsning av album art utnyttet via upnp:albumArtURI.",
    "LabelAlbumArtists": "Album artister:",
    "LabelAll": "Alle",
    "LabelAllowHWTranscoding": "Tillat maskinvaretranskoding",
    "LabelAllowServerAutoRestart": "Tillat at serveren restartes automatisk for å gjennomføre oppdateringer",
    "LabelAllowServerAutoRestartHelp": "Serveren vil kun restartes i inaktive perioder, når ingen brukere er aktive.",
    "LabelAppName": "Applikasjonsnavn",
    "LabelAppNameExample": "Eksempel: Sickbeard, NzbDrone",
    "LabelArtists": "Artister:",
    "LabelArtistsHelp": "Skill flere med semikolon ;",
    "LabelAudioLanguagePreference": "Foretrukket lydspor:",
    "LabelAutomaticallyRefreshInternetMetadataEvery": "Oppdater automatisk metadata fra Internett:",
    "LabelBindToLocalNetworkAddress": "Bind til local nettverks adresse:",
    "LabelBindToLocalNetworkAddressHelp": "Valgfritt. Overstyre den lokale IP-adressen til å binde http server til. Hvis tomt, vil serveren binde seg til alle tilgjengelige adresser. Endre denne verdien krever omstart av Jellyfin Serveren.",
    "LabelBirthDate": "Fødselsdato:",
    "LabelBirthYear": "Fødselsår:",
    "LabelBlastMessageInterval": "Intervall mellom keepalive meldinger (sekunder)",
    "LabelBlastMessageIntervalHelp": "Avgjør tiden i sekunder mellom server levende meldinger.",
    "LabelCachePath": "Buffer sti:",
    "LabelCachePathHelp": "Angi en egendefinert plassering for server cache-filer, for eksempel bilder. La stå tomt for å bruke serveren standard.",
    "LabelCancelled": "Kansellert",
    "LabelCertificatePassword": "Sertifikat passord",
    "LabelCertificatePasswordHelp": "Hvis sertifikatet ditt krever et passord, vennligst skriv det inn her.",
    "LabelChannels": "Kanal",
    "LabelCollection": "Samling:",
    "LabelCommunityRating": "Fellesskap anmeldelse:",
    "LabelContentType": "Innholdstype:",
    "LabelCountry": "Land:",
    "LabelCriticRating": "Kritiker anmeldelse:",
    "LabelCurrentPassword": "Nåværende passord:",
    "LabelCustomCertificatePath": "Tilpasset ssl-sertifikatbane:",
    "LabelCustomCss": "Tilpass CSS:",
    "LabelCustomCssHelp": "Bruk din egen CSS på web-grensesnittet.",
    "LabelCustomDeviceDisplayName": "Visningsnavn:",
    "LabelCustomDeviceDisplayNameHelp": "Oppgi et egendefinert visningsnavn eller la det være tomt for å bruke navnet som enheten rapporterer.",
    "LabelCustomRating": "Kunde anmeldelse:",
    "LabelDateAdded": "Dato lagt til:",
    "LabelDateAddedBehavior": "Dato lagt til adferd for nytt innhold:",
    "LabelDateAddedBehaviorHelp": "Hvis metadata verdier er tilgjengelig vil de alltid bli brukt fremfor noen av disse valgene.",
    "LabelDay": "Dag:",
    "LabelDeathDate": "Dødsdato:",
    "LabelDefaultUser": "Standard bruker:",
    "LabelDefaultUserHelp": "Avgjør hvilket bruker bibliotek som skal bli vist på koblede enheter. Dette kan bli overskrevet for hver enhet som bruker profiler.",
    "LabelDeviceDescription": "Enhet beskrivelse",
    "LabelDidlMode": "Didl modus:",
    "LabelDisplayLanguageHelp": "Oversettelse av Jellyfin pågår.",
    "LabelDisplayMissingEpisodesWithinSeasons": "Vis episoder som mangler fra sesongen",
    "LabelDisplayMode": "Visningsmodus:",
    "LabelDisplayName": "Visningsnavn:",
    "LabelDisplayOrder": "Visningsrekkefølge:",
    "LabelDisplayPluginsFor": "Vis plugins for:",
    "LabelDisplaySpecialsWithinSeasons": "Vis speialiteter innfor sensongen de ble sendt i",
    "LabelDownMixAudioScale": "Lyd boost ved downmixing:",
    "LabelDownMixAudioScaleHelp": "Boost lyd når downmixing. Set til 1 for å bevare orginal volum verdi.",
    "LabelDownloadLanguages": "Last ned språk:",
    "LabelEasyPinCode": "Enkel PIN-kode:",
    "LabelEmbedAlbumArtDidl": "Bygg inn albumbilder i Didl",
    "LabelEmbedAlbumArtDidlHelp": "Noen enheter foretrekker denne metoden for å motta album art. Andre vil kunne feile å avspille hvis dette alternativet er aktivert.",
    "LabelEnableAutomaticPortMap": "Aktiver automatisk portmapping",
    "LabelEnableAutomaticPortMapHelp": "Forsøk automatisk mapping av den offentlige port til den lokale port via UPnP. Dette fungerer ikke med alle rutere.",
    "LabelEnableBlastAliveMessages": "Spreng levende meldinger",
    "LabelEnableBlastAliveMessagesHelp": "Slå på hvis serveren ikke regelmessig blir oppdaget av andre UPnP-enheter på ditt nettverk.",
    "LabelEnableDebugLogging": "Slå på debug logging.",
    "LabelEnableDlnaClientDiscoveryInterval": "Klient oppdaterings interval (Sekunder)",
    "LabelEnableDlnaClientDiscoveryIntervalHelp": "Bestemmer varigheten i sekunder mellom SSDP søk utført av Jellyfin.",
    "LabelEnableDlnaDebugLogging": "Slå på DLNA debug logging",
    "LabelEnableDlnaDebugLoggingHelp": "Dette vil lage store log filer og burde kun benyttes for feilsøking.",
    "LabelEnableDlnaPlayTo": "Slå på DLNA Play To",
    "LabelEnableDlnaPlayToHelp": "Jellyfin kan oppdage enheter i nettverket ditt, og tilbyr muligheten til å fjernstyre dem.",
    "LabelEnableDlnaServer": "Slå på Dlna server",
    "LabelEnableDlnaServerHelp": "Lar UPnP-enheter på nettverket til å bla gjennom og spille Jellyfin innhold.",
    "LabelEnableRealtimeMonitor": "Aktiver sanntids monitorering",
    "LabelEnableRealtimeMonitorHelp": "Endinger vil bli prossesert umiddelbart, til støttede filsystemer.",
    "LabelEnableSingleImageInDidlLimit": "Maksimalt et innebygd bilde",
    "LabelEnableSingleImageInDidlLimitHelp": "Noen enheter vil ikke vise bildene korrekt hvis flere bilder er innebygget i Didl.",
    "LabelEndDate": "Slutt dato:",
    "LabelEpisodeNumber": "Episode nummer:",
    "LabelEvent": "Hendelse:",
    "LabelEveryXMinutes": "Hver",
    "LabelExternalDDNS": "Eksternt domene:",
    "LabelExtractChaptersDuringLibraryScan": "Hent ut kapittel bilder under bibliotek skann",
    "LabelExtractChaptersDuringLibraryScanHelp": "Hvis aktivert, vil kapittel bilder bli hentet ut mens videoer importeres under bibliotek skanning.\nHvis deaktivert, vil de bli hentet ut under planlagte oppgaver for kapittel bilder, som medfører at vanlig bibliotek skanning blir fortere ferdig.",
    "LabelFailed": "Feilet",
    "LabelFanartApiKey": "Personlig API-nøkkel:",
    "LabelFileOrUrl": "Fil eller URL:",
    "LabelFinish": "Slutt",
    "LabelForgotPasswordUsernameHelp": "Skriv inn ditt brukernavn, hvis du husker det.",
    "LabelFriendlyName": "Vennlig navn",
    "LabelServerNameHelp": "Dette navnet vil bli brukt for å identifisere denne serveren. Hvis feltet er tomt, vil maskinens navn bli brukt.",
    "LabelGroupMoviesIntoCollections": "Gruppér filmer i samlinger",
    "LabelGroupMoviesIntoCollectionsHelp": "Ved visning av filmlister vil filmer som tilhører en samling bli vist som ett gruppeelement.",
    "LabelH264Crf": "H264 enkoding CRF:",
    "LabelH264EncodingPreset": "H264 koding forhåndsinnstilling:",
    "LabelHardwareAccelerationType": "Maskinvareakselerasjon:",
    "LabelHardwareAccelerationTypeHelp": "Kun tilgjengelig på systemer som støttes.",
    "LabelHomeScreenSectionValue": "Hjemskjerm seksjon {0}",
    "LabelHttpsPort": "Lokal HTTPS port:",
    "LabelHttpsPortHelp": "TCP-portnummeret som Jellyfin sin https server skal koble seg til.",
    "LabelIconMaxHeight": "Ikon maks høyde:",
    "LabelIconMaxHeightHelp": "Maks oppløsning av ikoner utsatt via upnp:icon.",
    "LabelIconMaxWidth": "Ikon maks bredde:",
    "LabelIconMaxWidthHelp": "Maks oppløsning av ikoner utsatt via upnp:icon.",
    "LabelIdentificationFieldHelp": "Ett case-insensitive substring eller regex uttrykk.",
    "LabelImageFetchersHelp": "Aktiver og ranger dine foretrukne bildekilder i prioritert rekkefølge.",
    "LabelImageType": "Bilde type:",
    "LabelImportOnlyFavoriteChannels": "Begrens til kanaler som er merket som favoritt",
    "LabelInNetworkSignInWithEasyPassword": "Tillat innlogging med PIN-kode via det lokale nettverket.",
    "LabelInNetworkSignInWithEasyPasswordHelp": "Hvis aktivert, vil du være i stand til å bruke en enkel pin-kode for å logge på Jellyfin apps fra innsiden av ditt hjemmenettverket. Det vanlige passordet ditt vil kun være nødvendig utenfra. Hvis PIN-koden er tomt, vil du ikke trenger et passord i ditt hjemmenettverk.",
    "LabelKeepUpTo": "Hold opptil",
    "LabelKidsCategories": "Barne kategorier:",
    "LabelKodiMetadataDateFormat": "Utgivelsesdato format:",
    "LabelKodiMetadataDateFormatHelp": "Alle datoer inenfor nfo'er vil bli lest og skrevet til med bruk av dette formatet.",
    "LabelKodiMetadataEnableExtraThumbs": "kopier extrafanart inn til extrathumbs",
    "LabelKodiMetadataEnableExtraThumbsHelp": "Ved nedlasting av bilder kan de bli lagret inn til både extrafanart og extrathumbs for maksimum Kodi skin kompabilitet.",
    "LabelKodiMetadataEnablePathSubstitution": "Aktiver sti erstatter",
    "LabelKodiMetadataEnablePathSubstitutionHelp": "Aktiverer sti erstatning av bilde stier ved hjelp av serverens sti erstatter innstillinger.",
    "LabelKodiMetadataSaveImagePaths": "Lagre bilde stier inne i nfo filer",
    "LabelKodiMetadataSaveImagePathsHelp": "Dette anbefales hvis du har bilde filnavn som ikke følger Kodi retningslinjer.",
    "LabelLanguage": "Språk:",
    "LabelLineup": "Oppstilling",
    "LabelLocalHttpServerPortNumber": "Lokal HTTP port:",
    "LabelLocalHttpServerPortNumberHelp": "TCP-portnummeret som Jellyfin sin http server skal koble seg til.",
    "LabelLockItemToPreventChanges": "Lås dette elementet for å hindre fremtidige endringer",
    "LabelLoginDisclaimer": "Login ansvarsfraskrivelse:",
    "LabelLoginDisclaimerHelp": "Dette vil bli vist på bunnen av login siden.",
    "LabelLogs": "Logger:",
    "LabelManufacturer": "Produsent",
    "LabelManufacturerUrl": "Produsent url",
    "LabelMaxBackdropsPerItem": "Maks antall av backdrops for hvert element:",
    "LabelMaxParentalRating": "Maks tillatt sensur:",
    "LabelMaxResumePercentage": "Maksimum fortsettelsesprosent:",
    "LabelMaxResumePercentageHelp": "Titler blir antatt som fullstendig avspilt hvis de stopper etter denne tiden",
    "LabelMaxScreenshotsPerItem": "Maks antall av screenshots for hvert element:",
    "LabelMaxStreamingBitrateHelp": "Spesifiser en maks bitrate når streaming.",
    "LabelMessageText": "Meldingstekst:",
    "LabelMessageTitle": "Meldingstittel:",
    "LabelMetadataDownloadLanguage": "Foretrukket nedlastingsspråk:",
    "LabelMetadataDownloadersHelp": "Aktiver og ranger din foretrukne kapittel nedlasting i følgende prioritet. Lavere prioritet nedlastinger vil kun bli brukt for å fylle inn manglende informasjon",
    "LabelMetadataPath": "Metadata sti:",
    "LabelMetadataPathHelp": "Spesifisere en tilpasset lokasjon for ned lastet grafikk og metadata.",
    "LabelMetadataReaders": "Metadata Behandler:",
    "LabelMetadataReadersHelp": "Ranger dine prefererte lokale metadata kilder i prioritert rekkefølge. Første fil funnet vil bli lest.",
    "LabelMetadataSaversHelp": "Velg filformatene dine metadata skal lagres til.",
    "LabelMethod": "Metode:",
    "LabelMinBackdropDownloadWidth": "Minimum backdrop nedlastings bredde:",
    "LabelMinResumeDuration": "Minmimum fortsettelsesvarighet (sekunder)",
    "LabelMinResumeDurationHelp": "Titler kortere enn dette kan ikke fortsettes.",
    "LabelMinResumePercentage": "Minimum fortsettelsesprosent:",
    "LabelMinResumePercentageHelp": "Titler blir antatt som ikke avspilt hvis de stopper før denne tiden",
    "LabelMinScreenshotDownloadWidth": "Minimum nedlasted screenshot bredde:",
    "LabelModelDescription": "Model beskrivelse",
    "LabelModelName": "Modell navn",
    "LabelModelNumber": "Modell nummer",
    "LabelMonitorUsers": "Monitorer aktivitet fra:",
    "LabelMovieCategories": "Film kategorier:",
    "LabelMoviePrefix": "Film prefiks:",
    "LabelMoviePrefixHelp": "Hvis en prefiks er lagt til i film tittler, tast den inn her slik at Jellyfin kan håndtere den riktig.",
    "LabelMovieRecordingPath": "Filmopptak sti (valgfritt):",
    "LabelMusicStreamingTranscodingBitrate": "Musikk transkoding bitrate:",
    "LabelMusicStreamingTranscodingBitrateHelp": "Spesifiser en maks bitrate for streaming musikk",
    "LabelName": "Navn",
    "LabelNewName": "Nytt navn:",
    "LabelNewPassword": "Nytt passord:",
    "LabelNewPasswordConfirm": "Bekreft nytt passord:",
    "LabelNewsCategories": "Nyhets kategorier:",
    "LabelNext": "Neste",
    "LabelNotificationEnabled": "Slå på denne varslingen",
    "LabelNumber": "Nummer:",
    "LabelNumberOfGuideDays": "Antall dager av guide data som skal lastes ned",
    "LabelNumberOfGuideDaysHelp": "Nedlasting av guide data for flere dager gir muligheten for å planlegge i forveien og for å se flere listinger. Dette vil også ta lengre tid for nedlasting. Auto vil velge basert på antall kanaler.",
    "LabelOptionalNetworkPath": "(Valgfritt) Delte nettverks mapper:",
    "LabelOptionalNetworkPathHelp": "Hvis denne mappen er delt på nettverket, leverer nettverksdelingsbane kan tillate Jellyfin apps på andre enheter for å få tilgang til mediefiler direkte.",
    "LabelOriginalAspectRatio": "Originalt sideforhold:",
    "LabelOriginalTitle": "Original tittel:",
    "LabelOverview": "Oversikt:",
    "LabelParentalRating": "Foreldresensur:",
    "LabelPassword": "Passord:",
    "LabelPasswordConfirm": "Passord (bekreft)",
    "LabelPasswordRecoveryPinCode": "PIN-kode:",
    "LabelPath": "Sti:",
    "LabelPersonRole": "Rolle:",
    "LabelPersonRoleHelp": "Eksempel: Is bil fører",
    "LabelPlaceOfBirth": "Fødested:",
    "LabelPlayDefaultAudioTrack": "Spill av lydsporet uavhengig av språk",
    "LabelPlaylist": "Spilleliste",
    "LabelPostProcessor": "Etterbehandling applikasjon:",
    "LabelPostProcessorArguments": "Post-prosessering kommandolinjeargumenter:",
    "LabelPostProcessorArgumentsHelp": "Bruk {path} som banen til opptaksfilen.",
    "LabelPreferredDisplayLanguage": "Foretrukket språk:",
    "LabelPreferredDisplayLanguageHelp": "Oversettelse av Jellyfin er et pågående prosjekt.",
    "LabelPrevious": "Forrige",
    "LabelProfileAudioCodecs": "Lyd kodek:",
    "LabelProfileCodecs": "Kodeker:",
    "LabelProfileCodecsHelp": "Separert med komma. Dette feltet kan forbli tomt for å gjelde alle codecs.",
    "LabelProfileContainer": "Kontainer:",
    "LabelProfileContainersHelp": "Separert med komma. Dette feltet kan forbli tomt for å gjelde alle kontainere.",
    "LabelProfileVideoCodecs": "Video kodek:",
    "LabelProtocol": "Protokoll:",
    "LabelProtocolInfo": "Protokoll info:",
    "LabelProtocolInfoHelp": "Verdien som blir brukt for å gi respons til GetProtocolInfo forespørsler fra enheten.",
    "LabelPublicHttpPort": "Offentlig HTTP port:",
    "LabelPublicHttpPortHelp": "Den offentlige porten som kobles til den lokale porten.",
    "LabelPublicHttpsPort": "Offentlig HTTPS port:",
    "LabelPublicHttpsPortHelp": "Den offentlige porten som den lokale porten kobles til.",
    "LabelReadHowYouCanContribute": "Lær hvordan du kan bidra",
    "LabelRecord": "Opptak:",
    "LabelRecordingPath": "Standard opptaks bane",
    "LabelRecordingPathHelp": "Angi en egendefinert sted å lagre opptakene. Dersom du lar den stå tom vil serveren sin data mappe bli brukt.",
    "LabelRefreshMode": "Oppdatering  modus:",
    "LabelReleaseDate": "Utgivelsesdato:",
    "LabelRemoteClientBitrateLimit": "Internett strømnings bitrate begrensing (Mbps):",
    "LabelRunningOnPort": "Kjører på http port {0}.",
    "LabelRunningOnPorts": "Kjører på http port {0} og https port {1}.",
    "LabelRuntimeMinutes": "Spilletid (minutter):",
    "LabelSaveLocalMetadata": "Lagre cover og metadata i medie-mappene",
    "LabelSaveLocalMetadataHelp": "Lagring av artwork og metadata direkte gjennom mediemapper vil legge dem et sted hvor de lett kan editeres.",
    "LabelScheduledTaskLastRan": "Sist kjørt {0}, tar {1}.",
    "LabelSeasonNumber": "Sesong nummer:",
    "LabelSelectFolderGroups": "Gruppér innhold automatisk etter følgende grupper til visninger som filmer, musikk og TV:",
    "LabelSelectFolderGroupsHelp": "Mapper som ikke er merket vil kun bli vist i sin egen visning.",
    "LabelSelectUsers": "Velg brukere:",
    "LabelSelectVersionToInstall": "Velg versjon for å installere:",
    "LabelSendNotificationToUsers": "Send varslingen til:",
    "LabelSerialNumber": "Serienummer",
    "LabelSeriesRecordingPath": "Serieopptak sti (valgfritt):",
    "LabelServerHost": "Vert",
    "LabelServerHostHelp": "192.168.1.100 eller \"https://dinserver.no\"",
    "LabelSkipIfAudioTrackPresent": "Hopp hvis standard lydsporet matcher nedlastingen språk",
    "LabelSkipIfAudioTrackPresentHelp": "Fjern merkingen for å sikre at alle videoene har undertekster, uavhengig av lydspråk.",
    "LabelSkipIfGraphicalSubsPresent": "Hopp om videoen allerede inneholder innebygde undertekster",
    "LabelSkipIfGraphicalSubsPresentHelp": "Bevaring tekstversjoner av underteksting vil resultere i mer effektiv levering og redusere sannsynligheten for video transkoding.",
    "LabelSonyAggregationFlags": "Sony aggregerigns flagg",
    "LabelSonyAggregationFlagsHelp": "Bestemmer innholdet i aggregationFlags element i urn: skjemaer-sonycom: av navnerommet.",
    "LabelSortTitle": "Forkortet tittel:",
    "LabelSource": "Kilde:",
    "LabelSportsCategories": "Sport kategorier:",
    "LabelStartWhenPossible": "Start når mulig:",
    "LabelStopWhenPossible": "Stop når mulig:",
    "LabelStopping": "Stoppe",
    "LabelSubtitleFormatHelp": "Eksempel: srt",
    "LabelSubtitlePlaybackMode": "Undertekst modus:",
    "LabelSupportedMediaTypes": "Støttede Media Typer:",
    "LabelTagline": "Slagord:",
    "LabelTheme": "Tema:",
    "LabelTime": "Tid:",
    "LabelTimeLimitHours": "Tidsbegrensning (timer):",
    "LabelTitle": "Tittel:",
    "LabelTrackNumber": "Spor nummer:",
    "LabelTranscodingAudioCodec": "lyd kodek:",
    "LabelTranscodingContainer": "Kontainer:",
    "LabelTranscodingTempPathHelp": "Denne mappen inneholder fungerende filer som blir brukt av transcoderen. Spesifiser en tilpasset sti eller la det stå tomt for å benytte serverens standard sti.",
    "LabelTranscodingThreadCount": "Antall tråder for transkoding",
    "LabelTranscodingThreadCountHelp": "Velg maksimalt antall tråder som skal brukes når transkoding. Redusering av  tråder vil senke CPU-bruk, men kan resultere i at  Jellyfin ikke konvertere raskt nok for en jevn avspillingsopplevelse.",
    "LabelTranscodingVideoCodec": "Video kodek:",
    "LabelTunerIpAddress": "Tuner IP-adresse:",
    "LabelTunerType": "Tuner type",
    "LabelTypeMetadataDownloaders": "{0} metadata-kilder:",
    "LabelTypeText": "Tekst",
    "LabelUseNotificationServices": "Bruk følgende tjeneste:",
    "LabelUser": "Bruker:",
    "LabelUserLibrary": "Bruker bibliotek:",
    "LabelUserLibraryHelp": "Velg hvilket brukerbibliotek som skal vises til enheten. La det stå tomt for standard innstillinger.",
    "LabelUserRemoteClientBitrateLimitHelp": "Dette vil overstyre standardverdien for server avspillingsinnstillinger.",
    "LabelUsername": "Brukernavn:",
    "LabelVaapiDevice": "VA API enhet:",
    "LabelVaapiDeviceHelp": "Dette er den gjengi noden som brukes for maskinvareakselerasjon.",
    "LabelValue": "Verdi:",
    "LabelVersionInstalled": "{0} installert.",
    "LabelVersionNumber": "Versjon {0}",
    "LabelXDlnaCapHelp": "Bestemmer innholdet i X_DLNACAP element i urn: skjemaer-DLNA-org: enhets 1-0 navnerom.",
    "LabelXDlnaDocHelp": "Bestemmer innholdet i X_DLNADOC element i urn: skjemaer-DLNA-org: enhets 1-0 navnerom.",
    "LabelYourFirstName": "Fornavn:",
    "LabelYoureDone": "Du er ferdig!",
    "LabelZipCode": "Post kode",
    "LabelffmpegPath": "FFmpeg sti:",
    "LabelffmpegPathHelp": "Stien til ffmpeg program fil eller mappen som inneholder ffmpeg",
    "LatestFromLibrary": "Siste {0}",
    "LibraryAccessHelp": "Velg media mappe som skal deles med denne brukren. Administrator vil ha mulighet for å endre alle mapper ved å bruke metadata behandler.",
    "Like": "Liker",
    "Live": "Direkte",
    "LiveBroadcasts": "Direkte sending",
    "LiveTV": "Direkte TV",
    "MapChannels": "Kartlegge kanaler",
    "MarkPlayed": "Merker som sett",
    "MarkUnplayed": "Merker som usett",
    "MaxParentalRatingHelp": "Innhold med høyere aldersgrense vil bli skjult for brukeren",
    "MediaInfoAnamorphic": "Anamorfisk",
    "MediaInfoAspectRatio": "Sideforhold",
    "MediaInfoBitDepth": "Bitdybde",
    "MediaInfoChannels": "Kanaler",
    "MediaInfoCodec": "Kodek",
    "MediaInfoContainer": "Kontainer",
    "MediaInfoDefault": "Standard",
    "MediaInfoExternal": "Ekstern",
    "MediaInfoForced": "Tvunget",
    "MediaInfoFramerate": "Bildefrekvens",
    "MediaInfoInterlaced": "Linjeflettet",
    "MediaInfoLanguage": "Språk",
    "MediaInfoLevel": "Nivå",
    "MediaInfoPath": "Sti",
    "MediaInfoPixelFormat": "Pikselformat",
    "MediaInfoProfile": "Profil",
    "MediaInfoResolution": "Oppløsning",
    "MediaInfoSize": "Størrelse",
    "MediaInfoTimestamp": "Tidstempel",
    "MessageAlreadyInstalled": "Denne versjonen er allerede installert.",
    "MessageAreYouSureDeleteSubtitles": "Er du sikker på at du vil slette denne undertekst filen?",
    "MessageAreYouSureYouWishToRemoveMediaFolder": "Er du sikker på at dul vil slette denne media-mappen?",
    "MessageConfirmDeleteGuideProvider": "Er du sikker på at du vil slette denne guide leverandøren?",
    "MessageConfirmDeleteTunerDevice": "Er du sikker på at du vil slette denne enheten?",
    "MessageConfirmProfileDeletion": "Er du sikker på at du vil slette denne profilen?",
    "MessageConfirmRecordingCancellation": "Er du sikker på at du vil avbryte dette opptaket?",
    "MessageConfirmRemoveMediaLocation": "Er du sikker på at du vil slette dette stedet??",
    "MessageConfirmRestart": "Er du sikker på at du vil starte Jellyfin Server på ny?",
    "MessageConfirmRevokeApiKey": "Er du sikker på at du vil oppheve denne API nøkkelen? Applikasjonen tilkobling til serveren vil bli brått avsluttet.",
    "MessageConfirmShutdown": "Er du sikker på at du vil avslutte Jellyfin Server?",
    "MessageContactAdminToResetPassword": "Vennligst kontakte administrator for hjelp til å resette passordet ditt.",
    "MessageCreateAccountAt": "Opprett en konto på {0}",
    "MessageDeleteTaskTrigger": "Er du sikker på at du vil slette denne oppgave triggeren?",
    "MessageDirectoryPickerBSDInstruction": "For BSD Systemer, må du kanskje endre lagring inntilligner fra din FreeNAS Jail slik at Jellyfin har tilgang dit.",
    "MessageDirectoryPickerInstruction": "Nettverksti kan skrives inn manuelt i tilfelle Nettverk-knappen ikke klarer å lokalisere enhetene dine. For eksempel {0} eller {1}.",
    "MessageDirectoryPickerLinuxInstruction": "Linux brukere (ArchLinux, CentOS, Debian, Ubuntu osv) må du gi Jellyfin lese tilgang til dine lagringsenheter.",
    "MessageDownloadQueued": "Nedlasting satt til i kø",
    "MessageEnablingOptionLongerScans": "Aktivering av dette alternativet kan føre til betydelig lengre biblioteksskaning.",
    "MessageFileReadError": "En feil oppstod når filen skulle leses.",
    "MessageForgotPasswordFileCreated": "Følgende fil er opprettet på serveren og inneholder instruksjoner om hvordan du kan fortsette:",
    "MessageForgotPasswordInNetworkRequired": "Vennligst prøv igjen fra hjemmenettet ditt for å starte prosessen med å gjenopprette passordet ditt.",
    "MessageInstallPluginFromApp": "Dette programtillegget må installeres direkte i appen du har tenkt å bruke den i.",
    "MessageInvalidForgotPasswordPin": "Ugyldig eller utgått PIN kode angitt. Vennligst prøv igjen.",
    "MessageInvalidUser": "Ugyldig brukernavn eller passord. Vennligst prøv igjen.",
    "MessageItemSaved": "Element lagret.",
    "MessageItemsAdded": "Elementer lagt til.",
    "MessageLeaveEmptyToInherit": "La være blank for å arve innstillinger fra et foreldre element, eller den globale standard verdien.",
    "MessageNoAvailablePlugins": "Ingen tilgjengelige programtillegg.",
    "MessageNoMovieSuggestionsAvailable": "Ingen film forslag er foreløpig tilgjengelig. Start med å se og ranger filmer. Kom deretter tilbake for å få forslag på anbefalinger.",
    "MessageNoPluginsInstalled": "Du har ingen programtillegg installert.",
    "MessageNoServersAvailableToConnect": "Ingen servere tilgjengelig for å koble til. Hvis du har blitt invitert til å dele en server, må du akseptere den nedenfor eller ved å klikke på lenken i e-posten.",
    "MessageNoTrailersFound": "Ingen trailere funnet. Installer Trailer tillegget for å forbedre filmopplevelsen ved å legge til et bibliotek med internet-trailere.",
    "MessageNothingHere": "Ingeting her.",
    "MessagePasswordResetForUsers": "Passord har blitt fjernet fra  følgende brukere. For  å logge inn bruk et <blankt> passord.",
    "MessagePlayAccessRestricted": "Avspilling av dette innholdet er for tiden begrenset. Ta kontakt med Jellyfin Server-administratoren for mer informasjon.",
    "MessagePleaseEnsureInternetMetadata": "Påse at nedlasting av internet-metadata er slått på.",
    "MessagePleaseWait": "Vennligst vent dette kan ta et minutt",
    "MessagePluginConfigurationRequiresLocalAccess": "Logg inn på din lokale server direkte for å konfigurere dette programtillegget.",
    "MessagePluginInstallDisclaimer": "Plugins bygget av Jellyfin samfunnsmedlemmer er en fin måte å forbedre Jellyfin erfaringen, med flere funksjoner og andre fordeler. Før du installerer, må du være klar over effekten de kan ha på din Jellyfin Server, for eksempel tregere bibliotek skanner, ekstra bakgrunnsprosessering, og redusert systemstabilitet.",
    "MessageReenableUser": "Se under for å aktivere",
    "MessageSettingsSaved": "Innstillinger lagret.",
    "MessageTheFollowingLocationWillBeRemovedFromLibrary": "Følgende medielokasjoner vil bli fjernet fra ditt Jellyfin Bibliotek:",
    "MessageUnableToConnectToServer": "Vi kan ikke kontakte angitt server akkurat nå. Sjekk at den er startet og prøv igjen.",
    "MessageUnsetContentHelp": "Innhold vises som enkle mapper. For beste resultat, bruk metadata for å sette innholdstype for mapper.",
    "MessageYouHaveVersionInstalled": "Du har for øyeblikket versjon {0} installert",
    "MetadataManager": "Metadata bearbeider",
    "MetadataSettingChangeHelp": "Endre metadatainnstillinger vil påvirke nytt innhold blir lagt fremover. For å oppdatere eksisterende innhold, åpner detalj skjermen og klikker på oppdateringsknappen, eller utføre masse oppdateres ved hjelp av metadata manager.",
    "MinutesAfter": "Minutter etter",
    "MinutesBefore": "Minutter før",
    "Monday": "Mandag",
    "More": "Mere",
    "MoreFromValue": "Mer informasjon fra {0}",
    "MoreUsersCanBeAddedLater": "Flere brukere kan legges til senere fra Dashboard.",
    "MoveLeft": "Flytt venstre",
    "MoveRight": "Flytt høyere",
    "MovieLibraryHelp": "Se Gjennom {0} Jellyfin-filmenavnføringsveiledningen {1}.",
    "Movies": "Filmer",
    "MySubtitles": "Mine undertekster",
    "Name": "Navn",
    "Never": "Aldri",
    "NewCollection": "Ny Samling",
    "NewCollectionHelp": "Samlinger tillate deg å lage personlige grupperinger av filmer og annet bibliotek innhold.",
    "NewCollectionNameExample": "Eksempel: Star Wars-samling",
    "NewEpisodes": "Nye episoder",
    "NewEpisodesOnly": "Kun nye episoder",
    "News": "Nyheter",
    "NextUp": "Neste",
    "No": "Nei",
    "NoNewDevicesFound": "Ingen nye enheter funnet. For å legge til en ny tuner, lukk denne dialogboksen og skriv inn enhetens informasjon manuelt.",
    "NoNextUpItemsMessage": "Ingen funnet. Begyn å se det du har!",
    "NoSubtitleSearchResultsFound": "Ingen resulterer funnet.",
    "None": "Ingen",
    "NumLocationsValue": "{0} mapper",
    "OneChannel": "En kanal",
    "OptionAdminUsers": "Administratorer",
    "OptionAllUsers": "Alle brukere:",
    "OptionAllowAudioPlaybackTranscoding": "Tillat lydavspilling som krever transkoding",
    "OptionAllowBrowsingLiveTv": "Tillate Live TV",
    "OptionAllowContentDownloading": "Tillat nedlasting av media",
    "OptionAllowLinkSharing": "Tillat deling på sosiale media",
    "OptionAllowLinkSharingHelp": "Bare websider som inneholder medieinformasjon blir delt . Mediefiler blir aldri delt offentlig. Delt innhold er tidsbegrenset og utløper etter {0} dager.",
    "OptionAllowManageLiveTv": "Tillate administrasjon av Live TV",
    "OptionAllowMediaPlayback": "Tillate avspilling av media",
    "OptionAllowRemoteControlOthers": "Tillat fjernstyring av andre brukere",
    "OptionAllowRemoteSharedDevices": "Tillate fjernstyring av delte enheter",
    "OptionAllowRemoteSharedDevicesHelp": "DLNA-enheter betraktes som delte inntil en bruker begynner å styre dem.",
    "OptionAllowUserToManageServer": "TIllatt denne brukeren å administrere serveren",
    "OptionAllowVideoPlaybackRemuxing": "Tillat film tilbakespilling som krever konvertering uten rekoding.",
    "OptionAllowVideoPlaybackTranscoding": "Tillat filmavspilling som krever transkoding",
    "OptionAscending": "Økende",
    "OptionAutomaticallyGroupSeries": "Fusjoner automatisk serier som er spredt ut over flere mapper",
    "OptionAutomaticallyGroupSeriesHelp": "Hvis aktivert, vil serien som er spredt over flere mapper innenfor dette biblioteket spør automatisk slått sammen til en enkelt serie.",
    "OptionBlockBooks": "Bøker",
    "OptionBlockChannelContent": "Innhold fra Internettkanal",
    "OptionBlockLiveTvChannels": "Live TV Kanaler",
    "OptionBlockMovies": "Filmer",
    "OptionBlockMusic": "Musikk",
    "OptionBlockTrailers": "Trailere",
    "OptionBlockTvShows": "TV Serier",
    "OptionCommunityRating": "Community Rangering",
    "OptionContinuing": "Fortsetter",
    "OptionCriticRating": "Kritikervurdering",
    "OptionCustomUsers": "Tilpasset",
    "OptionDaily": "Daglig",
    "OptionDateAdded": "Dato lagt til",
    "OptionDateAddedFileTime": "Bruk fil opprettelse dato",
    "OptionDateAddedImportTime": "Bruk dato skannet inn til biblioteket",
    "OptionDatePlayed": "Dato spilt",
    "OptionDescending": "Synkende",
    "OptionDisableUser": "Deaktiver denne brukeren",
    "OptionDisableUserHelp": "Hvis avslått vil ikke serveren godta noen forbindelser fra denne brukeren. Eksisterende forbindelser vil avsluttes umiddelbart.",
    "OptionDislikes": "Misliker",
    "OptionDisplayFolderView": "Vis en mappe for å vise ren tekst mapper.",
    "OptionDisplayFolderViewHelp": "Hvis aktivert, vil Jellyfin app vise en Mapper kategorien sammen med mediebiblioteket . Dette er nyttig hvis du ønsker å ha vanlig mappevisninger.",
    "OptionDownloadBackImage": "Tilbake",
    "OptionDownloadBoxImage": "Boks",
    "OptionDownloadDiscImage": "Disk",
    "OptionDownloadImagesInAdvance": "Last ned bilder på forhånd",
    "OptionDownloadMenuImage": "Meny",
    "OptionDownloadPrimaryImage": "Primær",
    "OptionDvd": "DVD",
    "OptionEmbedSubtitles": "Legge inn i kontainer",
    "OptionEnableAccessFromAllDevices": "Gi tilgang fra alle enheter",
    "OptionEnableAccessToAllChannels": "Gi tilgang til alle kanaler",
    "OptionEnableAccessToAllLibraries": "Gi tilgang til alle bibliotek",
    "OptionEnableAutomaticServerUpdates": "Aktiver automatisk server oppdateringer",
    "OptionEnableExternalContentInSuggestions": "Aktiver eksternt innhold i forslag",
    "OptionEnableExternalContentInSuggestionsHelp": "Tillater internett tilhengere og live tv-programmer for å bli inkludert i slått innhold.",
    "OptionEnableForAllTuners": "Aktiver aller tuner enheter",
    "OptionEnableM2tsMode": "Slå på M2ts modus",
    "OptionEnableM2tsModeHelp": "Slå på m2ts modus for enkoding til mpegts.",
    "OptionEnded": "Avsluttet",
    "OptionEquals": "Lik",
    "OptionEstimateContentLength": "Estimer innholdslengde når transcoding.",
    "OptionEveryday": "Hver dag",
    "OptionExternallyDownloaded": "Ekstern nedlasting",
    "OptionExtractChapterImage": "Aktiver kapittel bildeutklipping",
    "OptionFavorite": "Favoritter",
    "OptionFriday": "Fredag",
    "OptionHasSpecialFeatures": "Spesialfunksjoner",
    "OptionHasSubtitles": "Undertekster",
    "OptionHasThemeSong": "Temasang",
    "OptionHasThemeVideo": "Temavideo",
    "OptionHideUser": "Skjul brukere fra logginn-skjermen",
    "OptionHideUserFromLoginHelp": "Praktisk for private eller skjulte administratorer. Brukeren vil måtte logge inn manuelt ved å skrive inn brukernavn og passord.",
    "OptionHlsSegmentedSubtitles": "HLS segmenterte undertekster",
    "OptionIgnoreTranscodeByteRangeRequests": "Ignorer Transcode byte rekkevidde forespørsler",
    "OptionIgnoreTranscodeByteRangeRequestsHelp": "Hvis aktivert vil disse forespørslene bli honorert men ignorert i byte rekkevidde headeren.",
    "OptionImdbRating": "IMDb Rangering",
    "OptionLikes": "Liker",
    "OptionMax": "Maks",
    "OptionMissingEpisode": "Mangler Episoder",
    "OptionMonday": "Mandag",
    "OptionNameSort": "Navn",
    "OptionNew": "Ny...",
    "OptionNone": "Ingen",
    "OptionOnAppStartup": "Ved applikasjonens oppstart",
    "OptionOnInterval": "På intervall",
    "OptionParentalRating": "Foreldresensur",
    "OptionPlainStorageFolders": "Vis alle mapper som rene lagringsmapper",
    "OptionPlainStorageFoldersHelp": "Hvis aktivert, vil alle mapper bli representert i DIDL som  \"object.container.storageFolder\" istedet for en mer spesifikk type, som \"object.container.person.musicArtist\".",
    "OptionPlainVideoItems": "Vis alle videoer som ren video elementer",
    "OptionPlainVideoItemsHelp": "Hvis aktivert, blir alle videoer representert i DIDL som \"object.item.videoItem\" i stedet for en mer bestemt type, for eksempel \"object.item.videoItem.movie\".",
    "OptionPlayCount": "Antall avspillinger",
    "OptionPlayed": "Sett",
    "OptionPremiereDate": "Premieredato",
    "OptionProfileAudio": "Lyd",
    "OptionProfilePhoto": "Bilde",
    "OptionProfileVideoAudio": "Video Lyd",
    "OptionReleaseDate": "Uttgitt dato",
    "OptionReportByteRangeSeekingWhenTranscoding": "Rapporter at serveren støtter byte søking når transcoding.",
    "OptionReportByteRangeSeekingWhenTranscodingHelp": "Dette kreves for noen enheter som ikke tidssøker veldig godt.",
    "OptionRequirePerfectSubtitleMatch": "Kun last ned undertekster som er perfekt match for mine filer",
    "OptionRequirePerfectSubtitleMatchHelp": "Krevende en perfekt treff vil filtrere undertekster for å inkludere bare de som er testet og verifisert med din eksakte videofilen. Hvis du fjerner merkingen av dette, øker sannsynligheten for at tekstene lastes ned, men vil øke sjansene for feilaktig eller feil teksttekst.",
    "OptionResumable": "Kan gjenopptas",
    "OptionRuntime": "Spilletid",
    "OptionSaturday": "Lørdag",
    "OptionSaveMetadataAsHidden": "Lagre metadata og bilder som skjulte filer",
    "OptionSaveMetadataAsHiddenHelp": "Endring av denne vil gjelde for nye metadata lagret i tiden fremover. Eksisterende metadatafiler blir oppdatert neste gang de blir lagret av Jellyfin Server.",
    "OptionSpecialEpisode": "Spesielle",
    "OptionSubstring": "SubString",
    "OptionSunday": "Søndag",
    "OptionThursday": "Torsdag",
    "OptionTrackName": "Låtnavn",
    "OptionTuesday": "Tirsdag",
    "OptionTvdbRating": "Tvdb Rangering",
    "OptionUnairedEpisode": "Kommende Episoder",
    "OptionUnplayed": "Ikke sett",
    "OptionWakeFromSleep": "Våkne fra dvale",
    "OptionWednesday": "Onsdag",
    "OptionWeekdays": "Ukedager",
    "OptionWeekends": "Helger",
    "OptionWeekly": "Ukentlig",
    "OriginalAirDateValue": "Original utgivelsedato: {0}",
    "Overview": "Oversikt",
    "PackageInstallCancelled": "{0} installasjon avbrutt.",
    "PackageInstallCompleted": "{0} installering fullført.",
    "PackageInstallFailed": "{0} installasjon feilet.",
    "ParentalRating": "Parental Rating",
    "PasswordMatchError": "Passord og passord-verifiseringen må matche",
    "PasswordResetComplete": "Passordet har blitt tilbakestilt",
    "PasswordResetConfirmation": "Er du sikker på at du vil tilbakestille passordet?",
    "PasswordResetHeader": "Tilbakestill passord",
    "PasswordSaved": "Passord lagret",
    "People": "Mennesker",
    "PictureInPicture": "Bilde i bilde",
    "PinCodeResetComplete": "PIN-koden har blitt tilbakestilt",
    "PinCodeResetConfirmation": "Er du sikker på at du vil tilbakestille PIN-koden?",
    "PlaceFavoriteChannelsAtBeginning": "Plasser favorittkanaler i starten",
    "Play": "Spill",
    "PlayAllFromHere": "Spill alt herfra",
    "PlayFromBeginning": "Start fra starten",
    "PlayNext": "Spill av neste",
    "PlayNextEpisodeAutomatically": "Spill av neste episode automatisk",
    "Played": "Spilt",
    "PleaseAddAtLeastOneFolder": "Vennligst legg til mint en mappe ved å trykke på Legg til knappen.",
    "PleaseConfirmPluginInstallation": "Klikk på OK for å bekrefte at du har lest ovenfor og ønsker å fortsette med installasjonen.",
    "PleaseEnterNameOrId": "Vennligst skriv ett navn eller en ekstern id.",
    "PleaseRestartServerName": "Vennligst start gjør en omstart av Jellyfin Server  - {0}",
    "PleaseSelectTwoItems": "Vennligst velg minst to elementer.",
    "PluginInstalledMessage": "Pluggen er installert. Jellyfin Server må startes på nytt for at endringer skal tre i kraft.",
    "PreferEmbeddedTitlesOverFileNames": "Foretrekker innebygde titler over filnavn",
    "PreferEmbeddedTitlesOverFileNamesHelp": "Dette bestemmer standard visningstittel når ingen metadata eller lokale metadata er tilgjengelige.",
    "Premieres": "Premierer",
    "Producer": "Produsent",
    "ProductionLocations": "Produksjon lokasjoner",
    "Programs": "Programmer",
    "Quality": "Kvalitet",
    "QueueAllFromHere": "Kø alt herfra",
    "Rate": "Bedøm",
    "RecentlyWatched": "Nylig sett",
    "RecommendationBecauseYouLike": "Fordi du liker {0}",
    "RecommendationBecauseYouWatched": "Fordi du så {0}",
    "RecommendationDirectedBy": "Regissert av {0}",
    "RecommendationStarring": "Med {0}",
    "Record": "Ta opp",
    "RecordSeries": "Ta opp serien",
    "RecordingCancelled": "Opptak er avbrutt.",
    "RecordingPathChangeMessage": "Endre opptaksmappe vil ikke migrere eksisterende opptak fra den gamle plasseringen til den nye. Du må flytte dem manuelt hvis ønskelig.",
    "RecordingScheduled": "Opptak planlagt.",
    "Recordings": "Opptak",
    "Refresh": "Oppdater",
    "RefreshDialogHelp": "Metadata er oppdatert basert på innstillinger og internett-tjenester som er aktivert i Jellyfin Server dashbordet",
    "RefreshMetadata": "Frisk opp metadata",
    "RefreshQueued": "Oppdatering kø",
    "ReleaseDate": "Utgivelsesdato",
    "RememberMe": "Husk meg",
    "RemoveFromCollection": "Fjern fra samling",
    "RemoveFromPlaylist": "Fjern fra spilleliste",
    "Repeat": "Gjenta",
    "RepeatAll": "Repetering alle",
    "RepeatEpisodes": "Gjenta episode",
    "RepeatMode": "Repetering modus",
    "RepeatOne": "Repetering en",
    "ReplaceAllMetadata": "Erstatt all metadata",
    "ReplaceExistingImages": "Bytt ut eksisterende bilder",
    "ResumeAt": "Forsett fra {0}",
    "Rewind": "Spoletilbake",
    "Runtime": "Spilletid",
    "Saturday": "Lørdag",
    "Save": "Lagre",
    "ScanForNewAndUpdatedFiles": "Se etter nye og oppdaterte filer",
    "ScanLibrary": "Skann biblioteket",
    "Schedule": "Planlegg",
    "Screenshots": "Skjermbilder",
    "Search": "Søk",
    "SearchForCollectionInternetMetadata": "Søk på internet for artwork og metadata",
    "SearchForMissingMetadata": "Søk etter manglende metadata",
    "SearchForSubtitles": "Søk etter undertekster",
    "SearchResults": "Søkeresultater",
    "SendMessage": "Send melding",
    "Series": "Serier",
    "SeriesCancelled": "Serie avbrutt.",
    "SeriesDisplayOrderHelp": "Sorter episoder etter sendt dato, DVD-rekkefølge eller nummerering.",
    "SeriesRecordingScheduled": "Serieopptak  planlagt.",
    "SeriesSettings": "Serie innstillinger",
    "ServerNameIsRestarting": "Jellyfin Server - {0} starter om.",
    "ServerNameIsShuttingDown": "Jellyfin Server - {0}  avsluttes.",
    "ServerRestartNeededAfterPluginInstall": "Jellyfin server trenger en omstart etter installasjon av en plugin",
    "ServerUpdateNeeded": "Denne Jellyfin serveren må oppdateres. For å laste ned siste versjonen, vennligst besøk: {0}",
    "Settings": "Innstillinger",
    "SettingsSaved": "Innstillinger  lagret",
    "SettingsWarning": "Endring av disse verdiene kan føre til ustabilitet eller tilkoblingsfeil. Hvis du opplever problemer, anbefaler vi endre dem tilbake til standard verdiene.",
    "Share": "Del",
    "ShowAdvancedSettings": "Vis avanserte innstillinger",
    "ShowIndicatorsFor": "Vis indikatorer for:",
    "Shows": "Programmer",
    "SkipEpisodesAlreadyInMyLibrary": "Ikke  ta opp episoder som allerede finnes i biblioteket mitt",
    "SkipEpisodesAlreadyInMyLibraryHelp": "Episoder vil bli sammenlignet med sesong- og episode nummer når de er tilgjengelige.",
    "Songs": "Sanger",
    "SortChannelsBy": "Sorter kanaler etter",
    "SortName": "Sorterings navn",
    "Sports": "Sport",
    "Studios": "Studioer",
    "Subtitles": "Undertekster",
    "Suggestions": "Forslag",
    "Sunday": "Søndag",
    "Sync": "Synk",
    "SystemDlnaProfilesHelp": "Systemprofiler er read-only. Endinger på en systemprofil vil bli lagret til en ny tilpasset profil.",
    "TabAccess": "Tilgang",
    "TabAdvanced": "Avansert",
    "TabAlbumArtists": "Album Artister",
    "TabAlbums": "Album",
    "TabArtists": "Artister",
    "TabCatalog": "Katalog",
    "TabChannels": "Kanaler",
    "TabCodecs": "Kodeker",
    "TabCollections": "Samlinger",
    "TabContainers": "Kontainere",
    "TabDashboard": "Dashbord",
    "TabDevices": "Enheter",
    "TabDirectPlay": "Direkte Avspill",
    "TabDisplay": "Skjerm",
    "TabEpisodes": "Episoder",
    "TabExpert": "Ekspert",
    "TabFavorites": "Favoritter",
    "TabGenres": "Sjangre",
    "TabHomeScreen": "Hjemskjerm",
    "TabHosting": "Hoster",
    "TabLatest": "Siste",
    "TabLibrary": "Bibliotek",
    "TabLogs": "Logger",
    "TabMovies": "Filmer",
    "TabMusic": "Musikk",
    "TabMusicVideos": "Musikk-videoer",
    "TabMyPlugins": "Mine programtillegg",
    "TabNetworks": "Nettverk",
    "TabNfoSettings": "NFO innstillinger",
    "TabNotifications": "Varslinger",
    "TabOther": "Andre",
    "TabParentalControl": "Foreldrekontroll",
    "TabPassword": "Passord",
    "TabPlayback": "Spill av",
    "TabPlaylist": "Spilleliste",
    "TabPlaylists": "Spliielister",
    "TabPlugins": "Programtillegg",
    "TabProfile": "Profil",
    "TabProfiles": "Profiler",
    "TabRecordings": "Opptak",
    "TabResponses": "Svar",
    "TabResumeSettings": "Resume innstillinger.",
    "TabScheduledTasks": "Planlagte Oppgaver",
    "TabSecurity": "Sikkerhet",
    "TabSeries": "Serier",
    "TabSettings": "Innstillinger",
    "TabShows": "Show",
    "TabSongs": "Sanger",
    "TabSuggestions": "Forslag",
    "TabTrailers": "Trailere",
    "TabUpcoming": "Kommer",
    "TabUsers": "Brukere",
    "Tags": "Tagger",
    "TellUsAboutYourself": "Fortell oss litt om deg selv",
    "ThisWizardWillGuideYou": "Denne veiviseren hjelper deg gjennom installasjonsprosessen. Velg ønsket språk for å komme i gang.",
    "Thursday": "Torsdag",
    "TitleHardwareAcceleration": "Maskinvareakselerasjon",
    "TitleHostingSettings": "Verts innstillinger.",
    "TitlePlayback": "Spill av",
    "TrackCount": "{0} spor",
    "Tuesday": "Tirsdag",
    "TvLibraryHelp": "Gå gjennom {0} Jellyfin-tv navn veiledningen {1}.",
    "UninstallPluginConfirmation": "Er du sikker på at du ønsker å avinstallere {0}?",
    "UninstallPluginHeader": "Avinstaller programtillegget",
    "Unrated": "Uvurdert",
    "Up": "Opp",
    "UserProfilesIntro": "Jellyfin inneholder innebygd støtte for brukerprofiler, slik at hver bruker har egne skjerminnstillinger, avspillingsstatus og foreldrekontroll.",
    "ValueAlbumCount": "{0} album",
    "ValueAudioCodec": "Lyd Kodek: {0}",
    "ValueCodec": "Kodek: {0}",
    "ValueConditions": "Tilstand: {0}",
    "ValueContainer": "Kontainer: {0}",
    "ValueDiscNumber": "Disk {0}",
    "ValueEpisodeCount": "{0} episoder",
    "ValueMinutes": "{0} minutter",
    "ValueMovieCount": "{0} filmer",
    "ValueMusicVideoCount": "{0} musikkvideoer",
    "ValueOneMovie": "1 film",
    "ValueOneMusicVideo": "1 musikkvideo",
    "ValueOneSeries": "1 serie",
    "ValueOneSong": "1 sang",
    "ValueSeriesCount": "{0} serier",
    "ValueSongCount": "{0} sanger",
    "ValueSpecialEpisodeName": "Spesial - {0}",
    "ValueTimeLimitMultiHour": "Tidsgrense: {0} time",
    "ValueTimeLimitSingleHour": "Tidsgrense: 1 time",
    "ValueVideoCodec": "Video Kodek: {0}",
    "VideoRange": "Videoområde",
    "ViewAlbum": "Vis album",
    "ViewArtist": "Vis artist",
    "ViewPlaybackInfo": "Vis avspilling informasjon",
    "Watched": "Sett",
    "Wednesday": "Onsdag",
    "WelcomeToProject": "Velkommen til Jellyfin!",
    "WizardCompleted": "Det er alt vi trenger i denne omgang. Jellyfin har begynt å samle inn informasjon om mediebiblioteket ditt. Sjekk ut noen av våre apper, og klikk deretter <b>Fullfør</b> for å vise <b>Server Dashboard</b>.",
    "Writer": "Manus",
    "XmlDocumentAttributeListHelp": "Disse attributtene påføres rot elementet for alle xml responser.",
    "XmlTvKidsCategoriesHelp": "Programmer med disse kategoriene vil bli vist som barne programmer. Atskilt flere med \"|\".",
    "XmlTvMovieCategoriesHelp": "Programmer med disse kategoriene vil bli vist som filmer. Atskilt flere med \"|\".",
    "XmlTvNewsCategoriesHelp": "Programmer med disse kategoriene vil bli vist som nyhets programmer. Atskilt flere med \"|\".",
    "XmlTvPathHelp": "En sti til en xml tv-fil. Jellyfin vil lese denne filen og regelmessig sjekke etter oppdateringer. Du er ansvarlig for å opprette og oppdatere denne filen.",
    "XmlTvSportsCategoriesHelp": "Programmer med disse kategoriene vil bli vist som sport programmer. Atskilt flere med \"|\".",
    "Yes": "Ja",
    "Yesterday": "Igår"
}
