{
  "Actor": "Ator",
  "Add": "Adicionar",
  "AddToPlaylist": "Adicionar à lista de reprodução",
  "AdditionalNotificationServices": "Explore o catálogo de extensões para instalar serviços adicionais de notificação.",
  "Advanced": "Avançado",
  "All": "Tudo",
  "AttributeNew": "Novo",
  "Audio": "Áudio",
  "Backdrops": "Imagens de Fundo",
  "BrowsePluginCatalogMessage": "Navegue o nosso catálogo de extensões, para ver as extensões disponíveis.",
  "ButtonAdd": "Adicionar",
  "ButtonAddMediaLibrary": "Adicionar Biblioteca de Multimédia",
  "ButtonAddScheduledTaskTrigger": "Adicionar Disparador",
  "ButtonAddServer": "Adicionar Servidor",
  "ButtonAddUser": "Adicionar Utilizador",
  "ButtonArrowDown": "Baixo",
  "ButtonArrowLeft": "Esquerda",
  "ButtonArrowRight": "Direita",
  "ButtonArrowUp": "Cima",
  "ButtonBack": "Voltar",
  "ButtonCancel": "Cancelar",
  "ButtonChangeServer": "Alterar Servidor",
  "ButtonConnect": "Conectar",
  "ButtonDelete": "Remover",
  "ButtonDeleteImage": "Apagar imagem",
  "ButtonEdit": "Editar",
  "ButtonEditOtherUserPreferences": "Editar este perfil de utilizador, imagem e preferências pessoais.",
  "ButtonFilter": "Filtro",
  "ButtonForgotPassword": "Esqueci a senha",
  "ButtonFullscreen": "Ecrã Inteiro",
  "ButtonHelp": "Ajuda",
  "ButtonHome": "Início",
  "ButtonInfo": "Informação",
  "ButtonLearnMore": "Saiba mais",
  "ButtonManualLogin": "Início de Sessão Manual",
  "ButtonMore": "Mais",
  "ButtonMoreInformation": "Mais informações",
  "ButtonNetwork": "Rede",
  "ButtonNew": "Novo",
  "ButtonNextTrack": "Faixa seguinte",
  "ButtonOpen": "Abrir",
  "ButtonPause": "Pausar",
  "ButtonPlay": "Reproduzir",
  "ButtonPreviousTrack": "Faixa anterior",
  "ButtonProfile": "Perfil",
  "ButtonQuickStartGuide": "Guia rápido",
  "ButtonRefresh": "Atualizar",
  "ButtonRefreshGuideData": "Atualizar Dados do Guia",
  "ButtonRemove": "Remover",
  "ButtonRepeat": "Repetir",
  "ButtonResetEasyPassword": "Redefinir código pin fácil",
  "ButtonResetPassword": "Redefinir Senha",
  "ButtonRestart": "Reiniciar",
  "ButtonResume": "Retomar",
  "ButtonRevoke": "Revogar",
  "ButtonSave": "Guardar",
  "ButtonScanAllLibraries": "Analisar todas as Bibliotecas",
  "ButtonSearch": "Procurar",
  "ButtonSelectDirectory": "Selecione a diretoria",
  "ButtonSelectView": "Selecionar visualização",
  "ButtonSend": "Enviar",
  "ButtonSettings": "Ajustes",
  "ButtonShuffle": "Aleatório",
  "ButtonShutdown": "Encerrar",
  "ButtonSignIn": "Iniciar Sessão",
  "ButtonSignOut": "Sair",
  "ButtonSort": "Organizar",
  "ButtonSplitVersionsApart": "Separar Versões",
  "ButtonStart": "Iniciar",
  "ButtonStop": "Parar",
  "ButtonSubmit": "Enviar",
  "ButtonSubtitles": "Legendas",
  "ButtonUninstall": "Desinstalar",
  "ButtonUpload": "Carregar",
  "ButtonViewWebsite": "Ver website",
  "ChannelAccessHelp": "Selecione os canais a compartilhar com este utilizador. Administradores poderão editar todos os canais usando o gestor de metadados.",
  "CinemaModeConfigurationHelp": "O modo cinema traz a experiência do cinema para a sua sala, possibilitando reproduzir trailers e introduções personalizadas antes da longa-metragem.",
  "Composer": "Compositor",
  "ConfirmDeleteItem": "Excluir este item o excluirá do sistema de arquivos e também da biblioteca multimédia. Deseja realmente continuar?",
  "ConfirmDeleteItems": "Ao excluir estes itens você os excluirá do sistema de arquivos e de sua biblioteca multimédia. Deseja realmente continuar?",
  "ConfirmDeletion": "Confirmar Exclusão",
  "Connect": "Conectar",
  "Continuing": "A Continuar",
  "CustomDlnaProfilesHelp": "Crie um perfil personalizado para um novo dispositivo ou para sobrepor um perfil de sistema.",
  "Delete": "Remover",
  "DeleteDeviceConfirmation": "Deseja realmente excluir este dispositivo? Ele reaparecerá da próxima vez que um utilizador o utilize.",
  "DeleteImage": "Apagar Imagem",
  "DeleteImageConfirmation": "Tem a certeza que deseja apagar a imagem?",
  "DeleteMedia": "Remover multimédia",
  "DeleteUser": "Apagar Utilizador",
  "DeleteUserConfirmation": "Tem a certeza que deseja apagar este utilizador?",
  "DeviceAccessHelp": "Isto apenas se aplica para dispositivos que podem ser identificados como únicos e não evitarão o acesso do navegador. Filtrar o acesso ao dispositivo do utilizador evita que sejam usados novos dispositivos até que sejam aprovados aqui.",
  "Director": "Diretor",
  "EasyPasswordHelp": "Seu código pin fácil é usado para acesso off-line com apps suportados pelo Jellyfin e pode ser usado para acesso fácil dentro da rede.",
  "Edit": "Editar",
  "EnableCinemaMode": "Ativar modo cinema",
  "Ended": "Terminado",
  "ErrorAddingMediaPathToVirtualFolder": "Ocorreu um erro ao adicionar o local dos seus ficheiros. Por favor, assegure-se que o local é valido e que o processo do Jellyfin Server tenha acesso a essa localização.",
  "ErrorGettingTvLineups": "Ocorreu um erro ao fazer download da programação da tv. Por favor, certifique-se que a sua informação está correta e tente novamente.",
  "ErrorPleaseSelectLineup": "Por favor selecione a programação e tente novamente. Se não houver programações disponíveis, verifique se o seu nome de utilizador, senha e código postal estão corretos.",
  "ExitFullscreen": "Sair do ecrã inteiro",
  "FastForward": "Avanço rápido",
  "FileNotFound": "Ficheiro não encontrado.",
  "FileReadCancelled": "A leitura do ficheiro foi cancelada.",
  "FileReadError": "Ocorreu um erro ao ler o ficheiro.",
  "FolderTypeBooks": "Livros",
  "FolderTypeMovies": "Filmes",
  "FolderTypeMusic": "Música",
  "FolderTypeMusicVideos": "Vídeos musicais",
  "FolderTypeTvShows": "TV",
  "Friday": "Sexta",
  "Fullscreen": "Ecrã inteiro",
  "GuideProviderSelectListings": "Selecionar Listas",
  "HeaderAccessSchedule": "Agendamento de Acesso",
  "HeaderAccessScheduleHelp": "Criar um agendamento de acesso para limitar o acesso a certas horas.",
  "HeaderActiveDevices": "Dispositivos Ativos",
  "HeaderActiveRecordings": "Gravações ativas",
  "HeaderActivity": "Atividade",
  "HeaderAddScheduledTaskTrigger": "Adicionar Disparador",
  "HeaderAddToCollection": "Adicionar à Coleção",
  "HeaderAddUpdateImage": "Adicionar/Atualizar Imagem",
  "HeaderAddUser": "Adicionar Utilizador",
  "HeaderAdditionalParts": "Partes Adicionais",
  "HeaderApiKey": "Chave da Api",
  "HeaderApiKeys": "Chaves da Api",
  "HeaderApiKeysHelp": "As aplicações externas precisam ter uma chave da Api para se comunicarem com o Servidor Jellyfin. As chaves são emitidas ao entrar com uma conta Jellyfin ou concedendo manualmente a chave à aplicação.",
  "HeaderApp": "Aplicação",
  "HeaderAudioSettings": "Ajustes de Áudio",
  "HeaderAutomaticUpdates": "Atualizações automáticas",
  "HeaderBlockItemsWithNoRating": "Bloquear conteúdo sem informação de classificação etária ou com informação desconhecida:",
  "HeaderBranding": "Marca",
  "HeaderCastCrew": "Elenco e Equipa",
  "HeaderChannelAccess": "Acesso ao Canal",
  "HeaderChannels": "Canais",
  "HeaderCodecProfile": "Perfil do Codec",
  "HeaderCodecProfileHelp": "Perfis do Codec indicam as limitações de um dispositivo ao reproduzir codecs específicos. Se uma limitação ocorre, o ficheiro multimédia será transcodificado, mesmo se o codec estiver configurado para reprodução direta.",
  "HeaderConfirmProfileDeletion": "Confirmar Remoção do Perfil",
  "HeaderConfirmRevokeApiKey": "Revogar Chave da Api",
  "HeaderConnectToServer": "Conectar ao Servidor",
  "HeaderContainerProfile": "Perfil do Container",
  "HeaderContainerProfileHelp": "Perfis do Container indicam as limitações de um dispositivo ao reproduzir formatos específicos. Se uma limitação ocorre, o ficheiro multimédia será transcodificado, mesmo se o formato estiver configurado para reprodução direta.",
  "HeaderContinueWatching": "Continuar a ver",
  "HeaderCustomDlnaProfiles": "Perfis Personalizados",
  "HeaderDateIssued": "Data da Emissão",
  "HeaderDeleteItem": "Remover item",
  "HeaderDeleteItems": "Remover Itens",
  "HeaderDeleteTaskTrigger": "Excluir Disparador da Tarefa",
  "HeaderDeveloperInfo": "Informação do Programador",
  "HeaderDeviceAccess": "Acesso ao Dispositivo",
  "HeaderDevices": "Dispositivos",
  "HeaderDirectPlayProfile": "Perfil da Reprodução Direta",
  "HeaderDirectPlayProfileHelp": "Adicionar perfis de reprodução direta que indiquem que formatos o dispositivo pode suportar nativamente.",
  "HeaderDisplay": "Exibição",
  "HeaderDisplaySettings": "Apresentar Configurações",
  "HeaderEasyPinCode": "Código de Pin fácil:",
  "HeaderEnabledFields": "Campos Ativados",
  "HeaderEnabledFieldsHelp": "Desmarque um campo para bloqueá-lo e evitar que seus dados sejam alterados.",
  "HeaderError": "Erro",
  "HeaderFeatureAccess": "Acesso a Características",
  "HeaderFeatures": "Recursos",
  "HeaderFetchImages": "Buscar Imagens:",
  "HeaderFilters": "Filtros",
  "HeaderForgotPassword": "Esqueci a Senha",
  "HeaderFrequentlyPlayed": "Reproduzido frequentemente",
  "HeaderGenres": "Gêneros",
  "HeaderGuideProviders": "Provedores de Guia",
  "HeaderHomeScreenSettings": "Ajustes do Ecrã Inicial",
  "HeaderHttpHeaders": "Cabeçalhos de Http",
  "HeaderIdentification": "Identificação",
  "HeaderIdentificationCriteriaHelp": "Digite, pelo menos, um critério de identificação.",
  "HeaderIdentificationHeader": "Cabeçalho de Identificação",
  "HeaderIdentifyItemHelp": "Digite um ou mais critérios de busca. Exclua o critério para aumentar os resultados da busca.",
  "HeaderImageSettings": "Opções da Imagem",
  "HeaderInstall": "Instalar",
  "HeaderInstantMix": "Mix instantâneo",
  "HeaderLatestEpisodes": "Últimos Episódios",
  "HeaderLatestMedia": "Multimédia Recente",
  "HeaderLatestMovies": "Últimos Filmes",
  "HeaderLatestMusic": "Últimas Músicas",
  "HeaderLatestRecordings": "Últimas Gravações",
  "HeaderLibraries": "Bibliotecas",
  "HeaderLibraryAccess": "Acesso à Biblioteca",
  "HeaderLibraryFolders": "Pastas multimédia",
  "HeaderLibrarySettings": "Definições da Biblioteca",
  "HeaderLiveTV": "TV ao Vivo",
  "HeaderLiveTv": "TV ao Vivo",
  "HeaderLoginFailure": "Falha no Login",
  "HeaderMedia": "Multimédia",
  "HeaderMediaFolders": "Pastas Multimédia",
  "HeaderMediaInfo": "Informações Multimédia",
  "HeaderMetadataSettings": "Ajustes dos Metadados",
  "HeaderMusicVideos": "Vídeos de Música",
  "HeaderMyMedia": "A Minha Multimédia",
  "HeaderNewApiKey": "Nova Chave da Api",
  "HeaderNextUp": "A Seguir",
  "HeaderParentalRatings": "Classificações Parentais",
  "HeaderPassword": "Senha",
  "HeaderPasswordReset": "Redefinição de Senha",
  "HeaderPaths": "Localizações",
  "HeaderPendingInvitations": "Convites pendentes",
  "HeaderPeople": "Pessoas",
  "HeaderPinCodeReset": "Redefinir Código Pin",
  "HeaderPlayAll": "Reproduzir Todos",
  "HeaderPlayback": "Reprodução de Mídia",
  "HeaderPlaybackError": "Erro na Reprodução",
  "HeaderPlaybackSettings": "Opções de Reprodução",
  "HeaderPleaseSignIn": "Por favor inicie a sessão",
  "HeaderPreferredMetadataLanguage": "Idioma Preferencial dos Metadados",
  "HeaderProfile": "Perfil",
  "HeaderProfileInformation": "Informação do Perfil",
  "HeaderProfileServerSettingsHelp": "Estes valores controlam como o Servidor Jellyfin se apresenta a si mesmo para o dispositivo.",
  "HeaderRecentlyPlayed": "Reproduzido recentemente",
  "HeaderRemoteControl": "Controlo Remoto",
  "HeaderRemoveMediaFolder": "Excluir Pasta Multimédia",
  "HeaderRemoveMediaLocation": "Remover Localização dos ficheiros multimédia",
  "HeaderResponseProfile": "Perfil de Resposta",
  "HeaderResponseProfileHelp": "Perfis de resposta oferecem uma forma de personalizar a informação enviada para o dispositivo ao executar certos ficheiros multimédia.",
  "HeaderRestart": "Reiniciar",
  "HeaderRevisionHistory": "Histórico de Versões",
  "HeaderRunningTasks": "Tarefas em Execução",
  "HeaderScenes": "Cenas",
  "HeaderSchedule": "Agendamento",
  "HeaderSelectCertificatePath": "Selecione o Local do Certificado",
  "HeaderSelectMetadataPath": "Selecione o Local dos Metadados",
  "HeaderSelectMetadataPathHelp": "Localize ou digite o local que você gostaria de armazenar os metadados. A pasta deve ser gravável.",
  "HeaderSelectPath": "Selecione o Local",
  "HeaderSelectServer": "Selecionar Servidor",
  "HeaderSelectServerCachePath": "Selecione o Local do Cache do Servidor",
  "HeaderSelectServerCachePathHelp": "Localize ou digite o local para armazenar o cache do servidor. A pasta deve permitir gravação.",
  "HeaderSelectTranscodingPath": "Selecione o Local Temporário da Transcodificação",
  "HeaderSelectTranscodingPathHelp": "Localize ou insira o local para usar para os ficheiros temporários de transcodificação. A pasta deve permitir a escrita.",
  "HeaderSendMessage": "Enviar mensagem",
  "HeaderSeries": "Series:",
  "HeaderServerSettings": "Opções do Servidor",
  "HeaderSettings": "Ajustes",
  "HeaderSetupLibrary": "Configurar as suas bibliotecas multimédia",
  "HeaderShutdown": "Encerrar",
  "HeaderSpecialEpisodeInfo": "Informação do Episódio Especial",
  "HeaderSpecialFeatures": "Extras",
  "HeaderStatus": "Estado",
  "HeaderSubtitleProfile": "Perfil da Legenda",
  "HeaderSubtitleProfiles": "Perfis da Legenda",
  "HeaderSubtitleProfilesHelp": "Perfis da legenda descrevem os formatos da legenda suportados pelo dispositivo.",
  "HeaderSubtitleSettings": "Ajustes  de Legenda",
  "HeaderSystemDlnaProfiles": "Perfis de Sistema",
  "HeaderTaskTriggers": "Disparadores de Tarefa",
  "HeaderThisUserIsCurrentlyDisabled": "Este utilizador está desativado atualmente",
  "HeaderTranscodingProfile": "Perfil da Transcodificação",
  "HeaderTranscodingProfileHelp": "Adicionar perfis de transcodificação que indiquem que formatos deverão ser usados quando a transcodificação é necessária.",
  "HeaderTunerDevices": "Sintonizadores",
  "HeaderTypeText": "Inserir texto",
  "HeaderUploadNewImage": "Carregar Nova Imagem",
  "HeaderUser": "Utilizador",
  "HeaderUsers": "Utilizadores",
  "HeaderVideoTypes": "Tipos de Vídeo",
  "HeaderVideos": "Vídeos",
  "HeaderXmlDocumentAttribute": "Atributo do Documento Xml",
  "HeaderXmlDocumentAttributes": "Atributos do Documento Xml",
  "HeaderXmlSettings": "Ajustes do Xml",
  "HeaderYears": "Anos",
  "HeadersFolders": "Pastas",
  "Help": "Ajuda",
  "Identify": "Identificar",
  "Images": "Imagens",
  "ImportFavoriteChannelsHelp": "Se ativado, apenas canais que estão marcados como favoritos no sintonizador serão importados.",
  "ImportMissingEpisodesHelp": "Se ativo, a informação acerca dos episódios em falta, serão importados para a sua base de dados do Jellyfin e exibida dentro das temporadas e séries. Isto pode aumentar significativamente a duração da análise da biblioteca.",
  "InstantMix": "Mix instântaneo",
  "ItemCount": "{0} itens",
  "Label3DFormat": "Formato 3D:",
  "LabelAccessDay": "Dia da semana:",
  "LabelAccessEnd": "Hora final:",
  "LabelAccessStart": "Hora inicial:",
  "LabelAirDays": "Dias da exibição:",
  "LabelAirTime": "Horário:",
  "LabelAirsAfterSeason": "Exibido depois da temporada:",
  "LabelAirsBeforeEpisode": "Exibido antes do episódio:",
  "LabelAirsBeforeSeason": "Exibido antes da temporada:",
  "LabelAlbum": "Álbum:",
  "LabelAlbumArtMaxHeight": "Altura máxima da capa do álbum:",
  "LabelAlbumArtMaxHeightHelp": "Resolução máxima da capa do álbum que é exposta via upnp:albumArtURI.",
  "LabelAlbumArtMaxWidth": "Largura máxima da capa do álbum:",
  "LabelAlbumArtMaxWidthHelp": "Resolução máxima da capa do álbum que é exposta via upnp:albumArtURI.",
  "LabelAlbumArtPN": "PN da capa do álbum:",
  "LabelAlbumArtists": "Artistas do Álbum:",
  "LabelAll": "Todos",
  "LabelAllowServerAutoRestart": "Permitir ao servidor reiniciar automaticamente para aplicar as atualizações",
  "LabelAllowServerAutoRestartHelp": "O servidor irá reiniciar apenas durante períodos em que não esteja a ser usado, quando nenhum utilizador estiver ativo.",
  "LabelAppName": "Nome do app",
  "LabelAppNameExample": "Exemplo: Sickbeard, NzbDrone",
  "LabelArtists": "Artistas:",
  "LabelArtistsHelp": "Separa múltiplas com ;",
  "LabelAudioLanguagePreference": "Preferências de Idioma de Audio:",
  "LabelBlastMessageInterval": "Intervalo das mensagens de reconhecimento (segundos)",
  "LabelBlastMessageIntervalHelp": "Determina a duração em segundos entre as mensagens de exploração enviadas pelo servidor.",
  "LabelBlockContentWithTags": "Bloquear conteúdo com tags:",
  "LabelCachePath": "Localização da cache:",
  "LabelCachePathHelp": "Defina uma localização para os arquivos de cache como, por exemplo, imagens. Por favor, deixe em branco para usar o padrão do servidor.",
  "LabelCancelled": "Cancelado",
  "LabelCollection": "Coleção",
  "LabelCommunityRating": "Avaliação da comunidade:",
  "LabelContentType": "Tipo de conteúdo:",
  "LabelCountry": "País:",
  "LabelCriticRating": "Avaliação da crítica:",
  "LabelCurrentPassword": "Senha actual:",
  "LabelCustomCertificatePath": "Localização do certificado SSL personalizado:",
  "LabelCustomCertificatePathHelp": "Forneça o seu próprio ficheiro .pfx do certificado ssl.",
  "LabelCustomCss": "CSS personalizado:",
  "LabelCustomCssHelp": "Adiciona o teu css personalizado à interface web.",
  "LabelCustomDeviceDisplayName": "Nome para exibição:",
  "LabelCustomDeviceDisplayNameHelp": "Forneça um nome para exibição ou deixe em branco para usar o nome informado pelo dispositivo.",
  "LabelCustomRating": "Classificação personalizada:",
  "LabelDateAdded": "Data adicionado:",
  "LabelDateAddedBehavior": "Data de adição de comportamento para o novo conteúdo:",
  "LabelDateAddedBehaviorHelp": "Se um valor de metadados estiver presente, ele sempre será utilizado antes destas opções.",
  "LabelDay": "Dia:",
  "LabelDefaultUser": "Utilizador padrão:",
  "LabelDefaultUserHelp": "Determina qual utilizador será exibido nos dispositivos conectados. Isto pode ser ignorado para cada dispositivo usando perfis.",
  "LabelDeviceDescription": "Descrição do dispositivo",
  "LabelDidlMode": "Modo Didl:",
  "LabelDisplayMissingEpisodesWithinSeasons": "Mostrar episódios em falta dentro das temporadas",
  "LabelDisplayName": "Nome para exibição:",
  "LabelDisplayOrder": "Ordem de exibição:",
  "LabelDisplayPluginsFor": "Exibir extensões para:",
  "LabelDisplaySpecialsWithinSeasons": "Exibir especiais dentro das temporadas em que são exibidos",
  "LabelDownMixAudioScale": "Escala do aumento de áudio ao fazer downmix:",
  "LabelDownMixAudioScaleHelp": "Aumentar o áudio ao fazer downmix. Defina como 1 para preservar o volume original.",
  "LabelDownloadLanguages": "Idiomas para download:",
  "LabelEasyPinCode": "Código pin fácil:",
  "LabelEmbedAlbumArtDidl": "Inserir a capa do álbum no Didl",
  "LabelEmbedAlbumArtDidlHelp": "Alguns dispositivos preferem este método para obter a capa do álbum. Outros podem falhar para reproduzir com esta opção ativada",
  "LabelEnableAutomaticPortMap": "Ativar mapeamento automático de portas",
  "LabelEnableAutomaticPortMapHelp": "Tentativa de mapear automaticamente a porta pública para a porta local através de UPnP. Isto poderá não funcionar em alguns modelos de roteadores.",
  "LabelEnableBlastAliveMessages": "Propagar mensagens de reconhecimento",
  "LabelEnableBlastAliveMessagesHelp": "Ativar isto se o servidor não é detetado convenientemente por outros dispositivos UPnP na sua rede.",
  "LabelEnableDebugLogging": "Ativar log de depuração",
  "LabelEnableDlnaClientDiscoveryInterval": "Intervalo para a descoberta do cliente (segundos)",
  "LabelEnableDlnaClientDiscoveryIntervalHelp": "Determina a duração em segundos entre buscas SSDP executadas pelo Jellyfin.",
  "LabelEnableDlnaDebugLogging": "Ativar log de depuração do DLNA",
  "LabelEnableDlnaDebugLoggingHelp": "Isto irá criar ficheiros de log grandes e deve ser usado apenas quando é necessário para depurar problemas.",
  "LabelEnableDlnaPlayTo": "Ativar DLNA Play To",
  "LabelEnableDlnaPlayToHelp": "Jellyfin pode detectar dispositivos dentro de sua rede e oferece a possibilidade de controlá-los.",
  "LabelEnableDlnaServer": "Ativar servidor DLNA",
  "LabelEnableDlnaServerHelp": "Permite que dispositivos UPnP em sua rede naveguem e reproduzam conteúdo do Jellyfin.",
  "LabelEnableHardwareDecodingFor": "Ativar descodificação por hardware para:",
  "LabelEnableRealtimeMonitor": "Ativar monitorização em tempo real",
  "LabelEnableRealtimeMonitorHelp": "As alterações irão ser processadas imediatamente em sistemas de ficheiros suportados.",
  "LabelEnableSingleImageInDidlLimit": "Limitar a uma imagem incorporada",
  "LabelEnableSingleImageInDidlLimitHelp": "Alguns dispositivos não interpretarão apropriadamente se múltiplas imagens estiverem incorporadas dentro do Didl.",
  "LabelEndDate": "Data final:",
  "LabelEpisodeNumber": "Número do episódio:",
  "LabelEvent": "Evento:",
  "LabelEveryXMinutes": "Todos",
  "LabelExternalDDNS": "Domínio externo:",
  "LabelExternalDDNSHelp": "Se tem um servidor DNS dinâmico insira-o aqui. As aplicações do Jellyfin irão usá-lo ao conectar remotamente. Este campo é obrigatório quando usado com um certificado SSL personalizado. Exemplo: omeudominio.com",
  "LabelExtractChaptersDuringLibraryScan": "Extrair imagens dos capítulos durante o rastreamento da biblioteca",
  "LabelExtractChaptersDuringLibraryScanHelp": "Se ativado, as imagens dos capítulos serão extraídas quando os vídeos forem importados durante a pesquisa na biblioteca. Se desativado, elas serão extraídas durante a tarefa agendada de imagens dos capítulos, permitindo que a pesquisa na biblioteca seja mais rápida.",
  "LabelFailed": "Falhou",
  "LabelFanartApiKey": "Chave da api pessoal:",
  "LabelFinish": "Terminar",
  "LabelForgotPasswordUsernameHelp": "Digite o nome de seu utilizador, se lembrar.",
  "LabelFormat": "Formato:",
  "LabelFriendlyName": "Nome amigável",
  "LabelServerNameHelp": "Será usado este nome para identificar o servidor. Se não for preenchido, será usado o nome do computador.",
  "LabelGroupMoviesIntoCollections": "Agrupar filmes nas coleções",
  "LabelGroupMoviesIntoCollectionsHelp": "Ao exibir listas de filmes, filmes que pertençam a uma coleção serão exibidos como um único item agrupado.",
  "LabelHardwareAccelerationType": "Aceleração de hardware:",
  "LabelHardwareAccelerationTypeHelp": "Disponível apenas em sistemas suportados.",
  "LabelHttpsPort": "Número da porta https local:",
  "LabelHttpsPortHelp": "O número da porta tcp que o servidor https do Jellyfin deveria se conectar.",
  "LabelIconMaxHeight": "Altura máxima do ícone:",
  "LabelIconMaxHeightHelp": "Resolução máxima do ícone que é exposto via upnp:icon.",
  "LabelIconMaxWidth": "Largura máxima do ícone:",
  "LabelIconMaxWidthHelp": "Resolução máxima do ícone que é exposto via upnp:icon.",
  "LabelIdentificationFieldHelp": "Uma substring ou expressão regex que não diferencia maiúscula de minúsculas.",
  "LabelImageType": "Tipo de imagem:",
  "LabelImportOnlyFavoriteChannels": "Restringir a canais marcados como favoritos",
  "LabelInNetworkSignInWithEasyPassword": "Ativar acesso dentro da rede com meu código pin fácil",
  "LabelInNetworkSignInWithEasyPasswordHelp": "Se ativado, você poderá usar um código pin fácil para entrar nos apps do Jellyfin dentro de sua rede. A sua senha normal só será necessária fora de sua casa. Se o código pin for deixado em branco, não será necessária uma senha dentro de sua rede doméstica.",
  "LabelKodiMetadataDateFormat": "Formato da data de lançamento:",
  "LabelKodiMetadataDateFormatHelp": "Todas as datas dentro dos nfo's serão lidas e gravadas usando este formato.",
  "LabelKodiMetadataEnableExtraThumbs": "Copiar extrafanart para extrathumbs",
  "LabelKodiMetadataEnableExtraThumbsHelp": "Ao fazer download das imagens, elas podem ser salvas em ambas extrafanart e extrathumbs para uma maior compatibilidade com as skins do Kodi.",
  "LabelKodiMetadataEnablePathSubstitution": "Ativar substituição de local",
  "LabelKodiMetadataEnablePathSubstitutionHelp": "Ativa a substituição do local das imagens usando as opções de substituição de caminho no servidor.",
  "LabelKodiMetadataSaveImagePaths": "Salvar o local das imagens dentro dos arquivos nfo's",
  "LabelKodiMetadataSaveImagePathsHelp": "Esta opção é recomendada se você tiver nomes de arquivos de imagem que não estão de acordo às recomendações do Kodi.",
  "LabelLanguage": "Idioma:",
  "LabelLineup": "Programação:",
  "LabelLocalHttpServerPortNumber": "Número da porta http local:",
  "LabelLocalHttpServerPortNumberHelp": "O número da porta tcp que o servidor http do Jellyfin deveria se conectar.",
  "LabelLockItemToPreventChanges": "Bloquear este item para evitar alterações futuras",
  "LabelLoginDisclaimer": "Aviso legal no login:",
  "LabelLoginDisclaimerHelp": "Este aviso será exibido na parte inferior da página de login.",
  "LabelManufacturer": "Fabricante",
  "LabelManufacturerUrl": "URL do fabricante",
  "LabelMatchType": "Tipo de correspondência",
  "LabelMaxBackdropsPerItem": "Número máximo de imagens de fundo por item:",
  "LabelMaxParentalRating": "Controlo Parental máximo permitido:",
  "LabelMaxResumePercentage": "Percentagem máxima para retomar:",
  "LabelMaxResumePercentageHelp": "Os títulos são considerados totalmente assistidos se parados depois deste tempo",
  "LabelMaxScreenshotsPerItem": "Número máximo de imagens de ecrã por item:",
  "LabelMaxStreamingBitrateHelp": "Defina uma taxa máxima para fazer streaming.",
  "LabelMessageText": "Texto da mensagem:",
  "LabelMessageTitle": "Titulo da mensagem:",
  "LabelMetadata": "Metadados:",
  "LabelMetadataDownloadLanguage": "Idioma preferido para download:",
  "LabelMetadataPath": "Localização dos metadados:",
  "LabelMetadataPathHelp": "Define um local para artwork e metadados baixados da internet.",
  "LabelMethod": "Método:",
  "LabelMinBackdropDownloadWidth": "Transferir Imagens de fundo com o tamanho mínimo:",
  "LabelMinResumeDuration": "Duração mínima da retoma (segundos):",
  "LabelMinResumeDurationHelp": "Títulos mais curtos que isto não serão retomáveis",
  "LabelMinResumePercentage": "Percentagem mínima para retomar:",
  "LabelMinResumePercentageHelp": "Os títulos são considerados não assistidos se parados antes deste tempo",
  "LabelMinScreenshotDownloadWidth": "Transferir imagens de ecrã com o tamanho mínimo:",
  "LabelModelDescription": "Descrição do modelo",
  "LabelModelName": "Nome do modelo",
  "LabelModelNumber": "Número do modelo",
  "LabelModelUrl": "URL do modelo",
  "LabelMonitorUsers": "Monitorizar atividade de:",
  "LabelMusicStreamingTranscodingBitrate": "Taxa de transcodificação das músicas:",
  "LabelMusicStreamingTranscodingBitrateHelp": "Defina a taxa máxima ao fazer streaming das músicas",
  "LabelName": "Nome:",
  "LabelNewPassword": "Nova senha:",
  "LabelNewPasswordConfirm": "Confirmar nova senha:",
  "LabelNext": "Seguinte",
  "LabelNotificationEnabled": "Ativar esta notificação",
  "LabelNumberOfGuideDays": "Número de dias de informação do guia para transferir:",
  "LabelNumberOfGuideDaysHelp": "Transferir mais dias de informação do guia permite agendar com maior antecedência e ver mais listagens, no entanto irá levar mais tempo a transferir. Se optar que seja Automático, será escolhido baseado no número de canais.",
  "LabelOriginalAspectRatio": "Proporção da imagem original:",
  "LabelOverview": "Sinopse:",
  "LabelParentalRating": "Classificação parental:",
  "LabelPassword": "Senha:",
  "LabelPasswordConfirm": "Senha (confirmar):",
  "LabelPasswordRecoveryPinCode": "Código pin:",
  "LabelPath": "Local:",
  "LabelPersonRole": "Personagem:",
  "LabelPlaceOfBirth": "Local de nascimento:",
  "LabelPlayDefaultAudioTrack": "Reproduzir a faixa de áudio padrão independentemente do idioma",
  "LabelPreferredDisplayLanguage": "Idioma de visualização preferencial:",
  "LabelPreferredDisplayLanguageHelp": "A tradução do Jellyfin é um projeto contínuo.",
  "LabelPrevious": "Anterior",
  "LabelProfileAudioCodecs": "Codecs do áudio:",
  "LabelProfileCodecsHelp": "Separados por vírgula. Pode ser deixado em branco para usar com todos os codecs.",
  "LabelProfileContainer": "Contentor:",
  "LabelProfileContainersHelp": "Separados por vírgula. Pode ser deixado em branco para usar com todos os containers.",
  "LabelProfileVideoCodecs": "Codecs do vídeo:",
  "LabelProtocol": "Protocolo:",
  "LabelProtocolInfo": "Informação do protocolo:",
  "LabelProtocolInfoHelp": "O valor que será usado ao responder os pedidos GetProtocolInfo do dispositivo.",
  "LabelPublicHttpPort": "Número da porta pública de http:",
  "LabelPublicHttpPortHelp": "O número da porta pública que deverá ser mapeada para a porta local de http.",
  "LabelPublicHttpsPort": "Número da porta pública de https:",
  "LabelPublicHttpsPortHelp": "O número da porta pública que deverá ser mapeada para a porta local de https.",
  "LabelReadHowYouCanContribute": "Aprenda como pode contribuir.",
  "LabelRecordingPath": "Localização predefinida das gravações:",
  "LabelReleaseDate": "Data do lançamento:",
  "LabelRemoteClientBitrateLimit": "Limite de taxa de bits para streaming da Internet (Mbps):",
  "LabelRunningOnPort": "A executar na porta http {0}.",
  "LabelRunningOnPorts": "A executar na porta http {0} e na porta https {1}.",
  "LabelRuntimeMinutes": "Duração (minutos):",
  "LabelSaveLocalMetadata": "Guardar imagens e metadados nas pastas multimédia",
  "LabelSaveLocalMetadataHelp": "Guardar imagens e metadados diretamente nas pastas multimédia, vai colocá-los num local de fácil acesso para poderem ser editados facilmente.",
  "LabelScheduledTaskLastRan": "Última execução {0}, demorando {1}.",
  "LabelSeasonNumber": "Número da temporada:",
  "LabelSelectUsers": "Selecionar utilizadores:",
  "LabelSelectVersionToInstall": "Selecione a versão para instalar:",
  "LabelSendNotificationToUsers": "Enviar notificação para:",
  "LabelSerialNumber": "Número de série",
  "LabelServerHost": "Servidor:",
  "LabelServerHostHelp": "192.168.1.100 ou https://meuservidor.com",
  "LabelServerPort": "Porta:",
  "LabelSkipIfAudioTrackPresent": "Ignorar se a faixa de áudio padrão coincidir com o idioma de download",
  "LabelSkipIfAudioTrackPresentHelp": "Desmarque esta opção para garantir que todos os vídeos têm legendas, independentemente do idioma do áudio.",
  "LabelSkipIfGraphicalSubsPresent": "Ignorar se o vídeo já possuir legendas embutidas",
  "LabelSkipIfGraphicalSubsPresentHelp": "Manter versões das legendas em texto resultará em uma entrega mais eficiente e diminuirá a necessidade de transcodificação do vídeo.",
  "LabelSonyAggregationFlags": "Flags de agregação da Sony:",
  "LabelSonyAggregationFlagsHelp": "Determina o conteúdo do elemento aggregationFlags no namespace urn:schemas-sonycom:av.",
  "LabelSource": "Fonte:",
  "LabelStartWhenPossible": "Começar quando possível:",
  "LabelStatus": "Estado:",
  "LabelStopWhenPossible": "Parar quando possível:",
  "LabelStopping": "Parando",
  "LabelSubtitleFormatHelp": "Exemplo: srt",
  "LabelSubtitlePlaybackMode": "Modo da Legenda:",
  "LabelSupportedMediaTypes": "Tipos de Conteúdos Suportados:",
  "LabelTagline": "Slogan:",
  "LabelTime": "Tempo:",
  "LabelTimeLimitHours": "Limite de tempo (horas):",
  "LabelTranscodingAudioCodec": "Codec do Áudio:",
  "LabelTranscodingContainer": "Contentor:",
  "LabelTranscodingTempPathHelp": "Esta pasta contém arquivos ativos usados pelo transcodificador. Especifique um local personalizado ou deixe em branco para usar o padrão dentro da pasta de dados do servidor.",
  "LabelTranscodingThreadCount": "Contagem de threads da transcodificação:",
  "LabelTranscodingThreadCountHelp": "Selecione o número máximo de threads a ser usado quando transcodificar. Reduzir o número de threads irá diminuir o uso da CPU, mas pode não converter rápido o suficiente para uma experiência de reprodução suave.",
  "LabelTranscodingVideoCodec": "Codec do vídeo:",
  "LabelTriggerType": "Tipo do Acionador:",
  "LabelTunerIpAddress": "Endereço IP do Sintonizador:",
  "LabelTunerType": "Tipo do sintonizador:",
  "LabelType": "Tipo:",
  "LabelTypeText": "Texto",
  "LabelUseNotificationServices": "Usar os seguintes serviços:",
  "LabelUser": "Utilizador:",
  "LabelUserLibrary": "Biblioteca do utilizador:",
  "LabelUserLibraryHelp": "Selecione qual é a biblioteca de utilizador a mostrar no dispositivo. Deixe em branco para herdar a definição padrão.",
  "LabelUsername": "Nome de Utilizador:",
  "LabelValue": "Valor:",
  "LabelVersionInstalled": "{0} instalado",
  "LabelVersionNumber": "Versão {0}",
  "LabelXDlnaCapHelp": "Determina o conteúdo do elemento X_DLNACAP no namespace urn:schemas-dlna-org:device-1-0.",
  "LabelXDlnaDocHelp": "Determina o conteúdo do elemento X_DLNADOC no namespace urn:schemas-dlna-org:device-1-0",
  "LabelYourFirstName": "O seu primeiro nome:",
  "LabelYoureDone": "Concluiu!",
  "LabelZipCode": "CEP:",
  "LibraryAccessHelp": "Escolha as pastas multimédia a partilhar com este utilizador. Os Administradores poderão editar todas as pastas, usando o Gestor de Metadados.",
  "MaxParentalRatingHelp": "Conteúdo com classificação mais elevada será escondida deste utilizador.",
  "MessageAreYouSureDeleteSubtitles": "Deseja realmente remover este arquivo de legendas?",
  "MessageAreYouSureYouWishToRemoveMediaFolder": "Deseja realmente excluir esta pasta multimédia?",
  "MessageConfirmProfileDeletion": "Deseja realmente remover este perfil?",
  "MessageConfirmRecordingCancellation": "Deseja realmente cancelar esta gravação?",
  "MessageConfirmRestart": "Deseja realmente reiniciar o Servidor Jellyfin?",
  "MessageConfirmRevokeApiKey": "Deseja realmente revogar esta chave de api? A conexão da aplicação com o Servidor Jellyfin será abruptamente encerrada.",
  "MessageConfirmShutdown": "Deseja realmente desligar o Servidor Jellyfin?",
  "MessageDeleteTaskTrigger": "Deseja realmente excluir este disparador de tarefa?",
  "MessageDirectoryPickerBSDInstruction": "Para BSD, você precisará configurar o disco dentro de seu Jail do FreeNAS para permitir que o Jellyfin tenha acesso a ele.",
  "MessageDirectoryPickerInstruction": "Os locais de rede podem ser digitados manualmente caso o botão de Rede não consiga localizar seus dispositivos. Por exemplo, {0} ou {1}.",
  "MessageDirectoryPickerLinuxInstruction": "Para Linux no Arch Linux, CentOS, Debian, Fedora, OpenSuse ou Ubuntu, você deve permitir que o utilizador Jellyfin tenha ao menos acesso de leitura no seu disco.",
  "MessageEnablingOptionLongerScans": "Ativar esta opção pode aumentar significativamente a duração da análise da biblioteca.",
  "MessageFileReadError": "Ocorreu um erro ao ler este arquivo.",
  "MessageInvalidUser": "Nome de utilizador ou senha inválidos. Por favor, tente novamente.",
  "MessageItemSaved": "Item salvo.",
  "MessageItemsAdded": "Itens adicionados",
  "MessageLeaveEmptyToInherit": "Deixar em branco para herdar os ajustes de um item superior, ou o valor padrão global",
  "MessageNoAvailablePlugins": "Sem extensões disponíveis.",
  "MessageNoMovieSuggestionsAvailable": "Não existem sugestões de filmes disponíveis atualmente. Comece por assistir e avaliar seus filmes e, então, volte para verificar suas recomendações.",
  "MessageNoPluginsInstalled": "Você não possui plugins instalados.",
  "MessageNoServersAvailableToConnect": "Nenhum servidor disponível para conexão. Se foi convidado a compartilhar um servidor, confirme aceitando abaixo ou clicando no link em seu email.",
  "MessageNoTrailersFound": "Nenhum trailer encontrado. Instale o canal Trailer para melhorar sua experiência com filmes, adicionando uma biblioteca de trailers da internet.",
  "MessageNothingHere": "Nada aqui.",
  "MessagePasswordResetForUsers": "As senhas foram removidas dos seguintes utilizadores. Para entrar, acesse com uma senha em branco",
  "MessagePleaseEnsureInternetMetadata": "Certifique-se que a transferência de metadados da internet está activa.",
  "MessageReenableUser": "Veja abaixo para reativar",
  "MessageTheFollowingLocationWillBeRemovedFromLibrary": "As localizações dos ficheiros multimédia abaixo serão excluídas de sua biblioteca Jellyfin:",
  "MinutesAfter": "minutos depois",
  "MinutesBefore": "minutos antes",
  "Monday": "Segunda",
  "More": "Mais",
  "MoreUsersCanBeAddedLater": "É possível adicionar utilizadores mais tarde no Painel Principal",
  "Mute": "Desativar Som",
  "NewCollection": "Nova Coleção",
  "NewCollectionNameExample": "Exemplo: Coleção Guerra das Estrelas",
  "NoNextUpItemsMessage": "Nenhum encontrado. Comece a ver os seus programas!",
  "OptionAdminUsers": "Administradores",
  "OptionAlbum": "Álbum",
  "OptionAlbumArtist": "Artista do Álbum",
  "OptionAllUsers": "Todos os utilizadores",
  "OptionAllowAudioPlaybackTranscoding": "Permitir reprodução de áudio que necessite de transcodificação",
  "OptionAllowBrowsingLiveTv": "Permitir acesso a TV ao Vivo",
  "OptionAllowContentDownloading": "Permitir download dos ficheiros multimédia",
  "OptionAllowLinkSharing": "Permitir partilha nas redes sociais",
  "OptionAllowManageLiveTv": "Permitir gerir gravações de TV ao Vivo",
  "OptionAllowMediaPlayback": "Permitir reprodução de média",
  "OptionAllowMediaPlaybackTranscodingHelp": "Restringir o acesso à transcodificação pode causar falhas de reprodução nas aplicações do Jellyfin devido a formatos multimédia não suportados.",
  "OptionAllowRemoteControlOthers": "Permitir controlo remoto de outros utilizadores",
  "OptionAllowRemoteSharedDevices": "Permitir controlo remoto de dispositivos compartilhados",
  "OptionAllowRemoteSharedDevicesHelp": "Dispositivos DLNA são considerados compartilhados até que um utilizador comece a controlá-lo.",
  "OptionAllowUserToManageServer": "Permitir a este utilizador gerir o servidor",
  "OptionAllowVideoPlaybackTranscoding": "Permitir reprodução de vídeo que necessite de transcodificação",
  "OptionArtist": "Artista",
  "OptionAscending": "Ascendente",
  "OptionAutomatic": "Automático",
  "OptionBlockBooks": "Livros",
  "OptionBlockChannelContent": "Conteúdo do Canal de Internet",
  "OptionBlockLiveTvChannels": "Canais de TV ao vivo",
  "OptionBlockMovies": "Filmes",
  "OptionBlockMusic": "Música",
  "OptionBlockTvShows": "Séries de TV",
  "OptionCommunityRating": "Classificação da Comunidade",
  "OptionContinuing": "A Continuar",
  "OptionCriticRating": "Classificação dos críticos",
  "OptionCustomUsers": "Personalizado",
  "OptionDaily": "Diariamente",
  "OptionDateAdded": "Data de adição",
  "OptionDateAddedFileTime": "Usar a data de criação do arquivo",
  "OptionDateAddedImportTime": "Usar a data obtida na biblioteca",
  "OptionDatePlayed": "Data de reprodução",
  "OptionDescending": "Descendente",
  "OptionDisableUser": "Desativar este utilizador",
  "OptionDisableUserHelp": "Se desativado, o servidor não permite nenhuma conexão deste utilizador. Conexões existentes serão terminadas.",
  "OptionDislikes": "Não gostos",
  "OptionDownloadArtImage": "Arte",
  "OptionDownloadBackImage": "Traseira",
  "OptionDownloadBoxImage": "Caixa",
  "OptionDownloadDiscImage": "Disco",
  "OptionDownloadImagesInAdvanceHelp": "Por padrão, a maioria das imagens são descarregadas só quando uma aplicação do Jellyfin solicita. Ativar esta opção para descarregar todas as imagens antencipadamente, assim que os novos ficheiros multimédia são importados. Isto pode aumentar significativamente a duração da análise da biblioteca.",
  "OptionDownloadPrimaryImage": "Principal",
  "OptionDownloadThumbImage": "Miniatura",
  "OptionDvd": "DVD",
  "OptionEmbedSubtitles": "Incorporar no recipiente",
  "OptionEnableAccessFromAllDevices": "Ativar acesso de todos os dispositivos",
  "OptionEnableAccessToAllChannels": "Permitir acesso a todos os canais",
  "OptionEnableAccessToAllLibraries": "Permitir acesso a todas as bibliotecas",
  "OptionEnableAutomaticServerUpdates": "Ativar as atualizações automáticas do servidor",
  "OptionEnableM2tsMode": "Ativar modo M2ts",
  "OptionEnableM2tsModeHelp": "Ative o modo m2ts quando codificar para mpegts.",
  "OptionEnded": "Terminado",
  "OptionEquals": "Iguais",
  "OptionEstimateContentLength": "Estimar o tamanho do conteúdo ao transcodificar",
  "OptionEveryday": "Todos os dias",
  "OptionExternallyDownloaded": "Download Externo",
  "OptionFavorite": "Favoritos",
  "OptionFriday": "Sexta",
  "OptionHasSpecialFeatures": "Extras",
  "OptionHasSubtitles": "Legendas",
  "OptionHasThemeSong": "Música de Tema",
  "OptionHasThemeVideo": "Vídeo de Tema",
  "OptionHideUser": "Ocultar este utilizador dos formulários de início de sessão",
  "OptionHideUserFromLoginHelp": "Útil para contas de administrador privadas ou ocultas. O utilizador necessita de entrar manualmente, introduzindo o seu nome de utilizador e senha.",
  "OptionHlsSegmentedSubtitles": "Legendas segmentadas hls",
  "OptionIgnoreTranscodeByteRangeRequests": "Ignorar requisições de extensão do byte de transcodificação",
  "OptionIgnoreTranscodeByteRangeRequestsHelp": "Se ativadas, estas requisições serão honradas mas irão ignorar o cabeçalho da extensão do byte.",
  "OptionImdbRating": "Classificação no IMDb",
  "OptionLikes": "Gostos",
  "OptionMax": "Máx",
  "OptionMissingEpisode": "Episódios em Falta",
  "OptionMonday": "Segunda",
  "OptionNameSort": "Nome",
  "OptionNew": "Nova...",
  "OptionNone": "Nenhum",
  "OptionOnAppStartup": "Ao iniciar a aplicação",
  "OptionOnInterval": "Num intervalo",
  "OptionParentalRating": "Classificação Parental",
  "OptionPlainStorageFolders": "Mostrar todas as pasta como pastas de armazenamento simples.",
  "OptionPlainStorageFoldersHelp": "Se ativado, todas as pastas são representadas no DIDL como \"object.container.storageFolder\" ao invés de um tipo mais específico como, por exemplo, \"object.container.person.musicArtist\".",
  "OptionPlainVideoItems": "Exibir todos os vídeos como itens de vídeo simples",
  "OptionPlainVideoItemsHelp": "Se ativado, todos os vídeos são representados no DIDL como \"object.item.videoItem\" ao invés de um tipo mais específico como, por exemplo, \"object.item.videoItem.movie\".",
  "OptionPlayCount": "N.º Visualizações",
  "OptionPlayed": "Reproduzido",
  "OptionPremiereDate": "Data de Estreia",
  "OptionProfileAudio": "Áudio",
  "OptionProfilePhoto": "Fotografia",
  "OptionProfileVideo": "Vídeo",
  "OptionProfileVideoAudio": "Áudio do Vídeo",
  "OptionReleaseDate": "Data de Lançamento:",
  "OptionReportByteRangeSeekingWhenTranscoding": "Reportar que o servidor suporta busca de byte quando transcodificar",
  "OptionReportByteRangeSeekingWhenTranscodingHelp": "Isto é necessário para alguns dispositivos que não procuram o tempo muito bem.",
  "OptionResElement": "elemento res",
  "OptionResumable": "Retomável",
  "OptionRuntime": "Duração",
  "OptionSaturday": "Sábado",
  "OptionSaveMetadataAsHidden": "Salvar metadados e imagens como arquivos ocultos",
  "OptionSpecialEpisode": "Especiais",
  "OptionSunday": "Domingo",
  "OptionThursday": "Quinta",
  "OptionTrackName": "Nome da pista",
  "OptionTuesday": "Terça",
  "OptionTvdbRating": "Classificação no Tvdb",
  "OptionUnairedEpisode": "Episódios por Estrear",
  "OptionUnplayed": "Por reproduzir",
  "OptionWakeFromSleep": "Retomar da suspensão",
  "OptionWednesday": "Quarta",
  "OptionWeekdays": "Dias da semana",
  "OptionWeekends": "Fins-de-semana",
  "OptionWeekly": "Semanalmente",
  "ParentalRating": "Parental Rating",
  "PasswordMatchError": "A senha e a confirmação da senha devem coincidir.",
  "PasswordResetComplete": "A senha foi redefinida.",
  "PasswordResetConfirmation": "Tem a certeza que deseja redefinir a senha?",
  "PasswordResetHeader": "Redefinir Senha",
  "PasswordSaved": "Senha guardada.",
  "PinCodeResetComplete": "O código pin foi redefinido.",
  "PinCodeResetConfirmation": "Deseja realmente redefinir o código pin?",
  "Play": "Reproduzir",
  "PlayNextEpisodeAutomatically": "Reproduzir próximo episódio automaticamente",
  "PleaseEnterNameOrId": "Por favor, digite um nome ou Id externo.",
  "PleaseSelectTwoItems": "Por favor selecione pelo menos dois itens.",
  "Producer": "Produtor",
  "RecommendationBecauseYouLike": "Porque gosta de {0}",
  "RecommendationBecauseYouWatched": "Porque viu {0}",
  "RecommendationDirectedBy": "Realizado por {0}",
  "RecommendationStarring": "{0} como protagonista",
  "Record": "Gravar",
  "RecordingCancelled": "Gravação cancelada.",
  "RecordingScheduled": "Gravação agendada.",
  "Refresh": "Atualizar",
  "Repeat": "Repetir",
  "ReplaceExistingImages": "Substituir imagens existentes",
  "Rewind": "Retroceder",
  "Saturday": "Sábado",
  "Save": "Guardar",
  "ScanLibrary": "Analisar biblioteca",
  "Search": "Busca",
  "SearchForCollectionInternetMetadata": "Procurar na internet por imagens e metadados",
  "SearchForSubtitles": "Buscar Legendas",
  "SendMessage": "Enviar mensagem",
  "Series": "Séries",
  "ServerUpdateNeeded": "Este Servidor Jellyfin precisa ser atualizado. Para fazer download da versão mais recente, por favor visite {0}",
  "Settings": "Ajustes",
  "SettingsSaved": "Configurações guardadas.",
  "Share": "Partilhar",
  "Shuffle": "Aleatório",
  "Subtitles": "Legendas",
  "Sunday": "Domingo",
  "SystemDlnaProfilesHelp": "Perfis de sistema são apenas de leitura. Mudanças a um perfil de sistema serão guardadas num novo perfil personalizado.",
  "TabAccess": "Acesso",
  "TabAdvanced": "Avançado",
  "TabAlbumArtists": "Artistas do Álbum",
  "TabAlbums": "Álbuns",
  "TabArtists": "Artistas",
  "TabCatalog": "Catálogo",
  "TabChannels": "Canais",
  "TabCollections": "Coleções",
  "TabContainers": "Contentores",
  "TabDashboard": "Painel Principal",
  "TabDevices": "Dispositivos",
  "TabDirectPlay": "Reprodução Direta",
  "TabDisplay": "Exibição",
  "TabEpisodes": "Episódios",
  "TabFavorites": "Favoritos",
  "TabGenres": "Géneros",
  "TabGuide": "Guia",
  "TabHomeScreen": "Tela Início",
  "TabHosting": "Hospedagem",
  "TabLatest": "Mais recente",
  "TabLibrary": "Biblioteca",
  "TabLiveTV": "TV ao Vivo",
  "TabMetadata": "Metadados",
  "TabMovies": "Filmes",
  "TabMusic": "Música",
  "TabMusicVideos": "Videos Musicais",
  "TabMyPlugins": "As minhas extensões",
  "TabNetworks": "Redes",
  "TabNfoSettings": "Ajustes para Nfo",
  "TabNotifications": "Notificações",
  "TabOther": "Outro",
  "TabParentalControl": "Controlo Parental",
  "TabPassword": "Senha",
  "TabPlayback": "Reprodução",
  "TabPlaylist": "Lista de Reprodução",
  "TabPlaylists": "Listas de Reprodução",
  "TabPlugins": "Extensões",
  "TabProfile": "Perfil",
  "TabProfiles": "Perfis",
  "TabRecordings": "Gravações",
  "TabResponses": "Respostas",
  "TabScheduledTasks": "Tarefas Agendadas",
  "TabSecurity": "Segurança",
  "TabSeries": "Séries",
  "TabServer": "Servidor",
  "TabSettings": "Configurações",
  "TabShows": "Séries",
  "TabSongs": "Músicas",
  "TabSuggestions": "Sugestões",
  "TabTranscoding": "Transcodificação",
  "TabUpcoming": "Próximos",
  "TabUsers": "Utilizadores",
  "TellUsAboutYourself": "Fale-nos sobre si",
  "ThisWizardWillGuideYou": "Este assistente irá ajudá-lo durante o processo de configuração. Para começar, selecione o idioma.",
  "Thursday": "Quinta",
  "TitlePlayback": "Reprodução",
  "TrackCount": "{0} faixas",
  "Tuesday": "Terça",
  "UninstallPluginConfirmation": "Tem a certeza que deseja desinstalar {0}?",
  "UninstallPluginHeader": "Desinstalar extensão",
  "Unmute": "Ativar Som",
  "UserProfilesIntro": "O Jellyfin inclui suporte nativo de perfis de utilizadores, permitindo que cada utilizador tenha as suas configurações de visualização, estado da reprodução e controlos parentais.",
  "ValueAudioCodec": "Codec de Áudio: {0}",
  "ValueConditions": "Condições: {0}",
  "ValueSpecialEpisodeName": "Especial -  {0}",
  "ValueTimeLimitMultiHour": "Limite de tempo: {0} horas",
  "ValueTimeLimitSingleHour": "Limite de tempo: 1 hora",
  "ValueVideoCodec": "Codec de Vídeo: {0}",
  "Wednesday": "Quarta",
  "WelcomeToProject": "Bem-vindo ao Jellyfin!",
  "WizardCompleted": "É tudo, de momento. O Jellyfin começou a recolher informações da sua biblioteca multimédia. Confira algumas das nossas apps e de seguida clique <b>Terminar</b> para ver o <b>Painel Principal do Servidor</b>",
  "Writer": "Escritor",
  "XmlDocumentAttributeListHelp": "Estes atributos são aplicados ao elemento principal de cada resposta xml."
}
