{
    "ButtonAddUser": "Dodaj Uporabnika",
    "ButtonDeleteImage": "Izbrisi sliko",
    "ButtonQuickStartGuide": "Vodnik za hiter zacetek",
    "ButtonResetPassword": "Ponastavitev Gesla",
    "ButtonSignOut": "Sign out",
    "ButtonUpload": "Nalozi",
    "FolderTypeTvShows": "TV",
    "HeaderAddToCollection": "Dodaj v Zbirko",
    "HeaderAddUser": "Dodaj Uporabnika",
    "HeaderAutomaticUpdates": "Samodejne Posodobitve",
    "HeaderEasyPinCode": "Enostavna Pin Koda",
    "HeaderFrequentlyPlayed": "Pogosto Predvajano",
    "HeaderPaths": "Poti",
    "HeaderPlaybackSettings": "Nastavitve Predvajanja",
    "HeaderRecentlyPlayed": "Nazadnje Predvajano",
    "HeaderSeries": "Series:",
    "HeaderSettings": "Nastavitve",
    "HeaderUploadNewImage": "Nalozi Novo Sliko",
    "HeaderUser": "Uporabnik",
    "LabelArtists": "Izvajalci:",
    "LabelContentType": "Tip vsebine:",
    "LabelCountry": "Drzava:",
    "LabelCurrentPassword": "Trenutno geslo",
    "LabelFinish": "Konec",
    "LabelLanguage": "Jezik:",
    "LabelNewPassword": "Novo geslo",
    "LabelNewPasswordConfirm": "Potrditev novega gesla",
    "LabelNext": "Naprej",
    "LabelPrevious": "Nazaj",
    "LabelSelectUsers": "Izberi uporabnike",
    "LabelTimeLimitHours": "Casovna omejitev (ure):",
    "LabelYourFirstName": "Ime:",
    "LabelYoureDone": "Koncano!",
    "MoreUsersCanBeAddedLater": "Uporabnike lahko dodate tudi kasneje preko Nadzorne plosce.",
    "OptionAllowMediaPlayback": "Dovoli predvajanje vsebin",
    "OptionDisableUser": "Onemogoci tega uporabnika",
    "OptionEnableAccessFromAllDevices": "Omogoci dostop iz vseh naprav",
    "OptionEnableAccessToAllChannels": "Omogoci dostop do vseh kanalov",
    "OptionEnableAccessToAllLibraries": "Omogoci dostop do vseh knjiznic",
    "OptionFavorite": "Priljubljene",
    "OptionHasSubtitles": "Podnapisi",
    "OptionLikes": "Vsecki",
    "OptionPlayed": "Predvajano",
    "OptionReleaseDate": "Datum Izdaje",
    "OptionUnplayed": "Nepredvajano",
    "ParentalRating": "Parental Rating",
    "Settings": "Nastavitve",
    "TabAccess": "Dostop",
    "TabAlbumArtists": "Izvajalci Albumov",
    "TabArtists": "Izvajalci",
    "TabCatalog": "Katalog",
    "TabGenres": "Zvrsti",
    "TabLatest": "Zadnje",
    "TabMusic": "Glasba",
    "TabMyPlugins": "Moji Vticniki",
    "TabNetworks": "Omrezja",
    "TabPassword": "Geslo",
    "TabPlaylist": "Playlista",
    "TabProfile": "Profil",
    "TabProfiles": "Profili",
    "TabSecurity": "Varnost",
    "TabShows": "Oddaje",
    "TabSuggestions": "Priporocila",
    "TabUpcoming": "V prihodu",
    "TellUsAboutYourself": "Povej nam nekaj o sebi",
    "ThisWizardWillGuideYou": "Carovnik vas bo vodil skozi postopek namestitve. Za zacetek, izberite jezik.",
    "WelcomeToProject": "Dobrodosli v Jellyfin!",
    "Absolute": "Absolutno",
    "AccessRestrictedTryAgainLater": "Dostop je trenutno omejen. Poskusite ponovno kasneje.",
    "Actor": "Igralec",
    "Add": "Dodaj",
    "AddToCollection": "Dodaj v zbirko",
    "AddToPlayQueue": "Dodaj v čakalno vrsto",
    "AddToPlaylist": "Dodaj na seznam predvajanja",
    "AddedOnValue": "Dodano {0}",
    "AdditionalNotificationServices": "Prebrskaj katalog dodatkov za dodatne storitve obveščanja.",
    "Advanced": "Napredno",
    "AirDate": "Datum predvajanja",
    "Aired": "Predvajano",
    "Albums": "Albumi",
    "Alerts": "Alarmi",
    "All": "Vse",
    "AllChannels": "Vsi kanali",
    "AllComplexFormats": "Vsi napredni formati (ASS, SSA, VOBSUB, PGS, SUB/IDX, itd.)",
    "AllEpisodes": "Vse epizode",
    "AllLanguages": "Vsi jeziki",
    "AllLibraries": "Vse knjižnice",
    "AllowHWTranscodingHelp": "Če je omogočeno, omogoča predvajalniku sprotno pretvarjanje videa. To lahko pomaga zmanjšati zahtevo po pretvarjanju na strežniku.",
    "AllowMediaConversion": "Dovoli pretvarjanje predstavnosti",
    "AllowMediaConversionHelp": "Dovoli ali zavrni dostop do pretvarjanja predstavnosti.",
    "AllowOnTheFlySubtitleExtraction": "Dovoli sprotno odpiranje podnapisov",
    "AllowOnTheFlySubtitleExtractionHelp": "Vgrajeni podnapisi so lahko izluščeni iz videa in poslani aplikacijam Jellyfin kot navaden tekst, kar zmanjša potrebo po pretvarjanju. Na nekaterih napravah lahko to traja dalj časa in povzroča zastoje med predvajanjem. Onemogočite za vžig vgrajenih podnapisov v video med pretvarjanjem za naprave ki ne podpirajo podnapisov.",
    "AllowRemoteAccess": "Dovoli oddaljene povezave s tem Jellyfin strežnikom.",
    "AllowRemoteAccessHelp": "Če ni označeno, bodo vse oddaljene povezave blokirane.",
    "Artists": "Izvajalci",
    "Books": "Knjige",
    "Channels": "Kanali",
    "Collections": "Zbirke",
    "Favorites": "Priljubljeni",
    "Folders": "Mape",
    "Genres": "Zvrsti",
    "HeaderAlbumArtists": "Izvajalci albuma",
    "HeaderContinueWatching": "Nadaljuj gledanje",
    "HeaderLiveTV": "TV v živo",
    "HeaderNextUp": "Sledi",
    "HeaderRecordingGroups": "Zbirke posnetkov",
    "LabelIpAddressValue": "IP naslov: {0}",
    "LabelRunningTimeValue": "Čas trajanja: {0}",
    "MessageApplicationUpdated": "Jellyfin Server je bil posodobljen",
    "MessageServerConfigurationUpdated": "Nastavitve strežnika so bile posodobljene",
    "Movies": "Filmi",
    "AddItemToCollectionHelp": "Dodajte elemente v zbirke tako, da jih poiščete in jih z desnim klikom ali dotikom menija dodate v zbirko.",
    "AllowedRemoteAddressesHelp": "Z vejico ločen seznam IP naslovov ali IP/maska omrežij, ki jim je dovoljen oddaljeni dostop. Če pustite prazno, bodo dovoljeni vsi oddaljeni naslovi.",
    "AlwaysPlaySubtitles": "Vedno predvajaj podnapise",
    "AlwaysPlaySubtitlesHelp": "Podnapisi, ki se ujemajo s prednostnim jezikom bodo naloženi ne glede na jezik zvoka.",
    "AnamorphicVideoNotSupported": "Anamorfni video ni podprt",
    "AnyLanguage": "Poljubni jezik",
    "Anytime": "Kadarkoli",
    "AroundTime": "Okrog {0}",
    "Art": "Umetnost",
    "AsManyAsPossible": "Kolikor je mogoče",
    "Ascending": "Naraščajoče",
    "AspectRatio": "Razmerje stranic",
    "AttributeNew": "Novo",
    "Audio": "Zvok",
    "AudioBitDepthNotSupported": "Bitna globina zvoka ni podprta",
    "AudioBitrateNotSupported": "Bitna hitrost zvoka ni podprta",
    "AudioChannelsNotSupported": "Zvočni kanali niso podprti",
    "AudioCodecNotSupported": "Zvočni kodek ni podprt",
    "AudioProfileNotSupported": "Zvočni profil ni podprt",
    "AudioSampleRateNotSupported": "Frekvenca vzorčenja zvoka ni podprta",
    "Auto": "Samodejno",
    "AutoBasedOnLanguageSetting": "Samodejno (na podlagi nastavitve jezika)",
    "AutomaticallyConvertNewContent": "Samodejno pretvori novo vsebino",
    "AutomaticallyConvertNewContentHelp": "Nova vsebina dodana v to mapo bo samodejno pretvorjena.",
    "AutomaticallySyncNewContent": "Samodejno prenesi novo vsebino",
    "AutomaticallySyncNewContentHelp": "Nova vsebina dodana v to mapo bo samodejno prenesena na to napravo.",
    "Backdrop": "Ozadje",
    "Backdrops": "Ozadja",
    "BestFit": "Najboljše prileganje",
    "BirthDateValue": "Rojen: {0}",
    "BirthLocation": "Kraj rojstva",
    "BirthPlaceValue": "Kraj rojstva: {0}",
    "BookLibraryHelp": "Zvočne knjige in e-knjige so podprte. Preglej {0}Jellyfin navodila za poimenovanje knjig{0}.",
    "Box": "Ovitek",
    "BoxRear": "Ovitek (zadnja stran)",
    "Browse": "Brskaj",
    "BrowsePluginCatalogMessage": "Poišči razpoložljive dodatke v našem katalogu.",
    "BurnSubtitlesHelp": "Na podlagi formata podnapisov določi, ali naj strežnik vžge podnapise pri pretvarjanju videa. Izogibanje vžiganju podnapisov izboljša delovanje strežnika. Izberi Samodejno za vžig slikovnih formatov podnapisov (VOBSUB, PGS, SUB/IDX, itd.) ter nekaterih ASS/SSA podnapisov",
    "ButtonAccept": "Sprejmi",
    "ButtonAdd": "Dodaj",
    "MessageNamedServerConfigurationUpdatedWithValue": "Oddelek nastavitve strežnika {0} je bil posodobljen",
    "Photos": "Fotografije",
    "Playlists": "Seznami predvajanja",
    "PluginInstalledWithName": "{0} je bil nameščen",
    "PluginUninstalledWithName": "{0} je bil odstranjen",
    "PluginUpdatedWithName": "{0} je bil posodobljen",
    "Songs": "Pesmi",
    "Sync": "Sinhroniziraj"
}
