{
  "Add": "Thêm",
  "All": "Tất cả",
  "BrowsePluginCatalogMessage": "Duyệt qua các danh mục plugin của chúng tôi để xem các plugin có sẵn.",
  "ButtonAdd": "Thêm",
  "ButtonAddUser": "Thêm người dùng",
  "ButtonCancel": "Thoát",
  "ButtonDeleteImage": "Xóa hình ảnh",
  "ButtonNew": "Mới",
  "ButtonRemove": "Gỡ bỏ",
  "ButtonResetPassword": "Reset mật khẩu",
  "ButtonSave": "Lưu",
  "ButtonSearch": "Tìm kiếm",
  "ButtonSelectDirectory": "Lựa chọn trực tiếp",
  "ButtonSignOut": "Sign out",
  "ButtonSort": "Phân loại",
  "ButtonUpload": "Tải lên",
  "Delete": "Xóa",
  "DeleteImage": "Xóa hình ảnh",
  "DeleteImageConfirmation": "Bạn có chắc muốn xóa hình ảnh này?",
  "DeleteUser": "Xóa người dùng",
  "FileNotFound": "Không tìm thấy tệp tin.",
  "FileReadCancelled": "Tệp tin đọc đã bị hủy.",
  "FileReadError": "Có một lỗi xảy ra khi đọc tệp tin này.",
  "FolderTypeTvShows": "TV",
  "HeaderAddUser": "Thêm người dùng",
  "HeaderAutomaticUpdates": "Tự động cập nhật",
  "HeaderCustomDlnaProfiles": "Hồ sơ khách hàng",
  "HeaderFeatureAccess": "Truy cập tính năng",
  "HeaderFrequentlyPlayed": "Phát thường xuyên",
  "HeaderLatestEpisodes": "Các tập phim mới nhất",
  "HeaderLatestMovies": "Phim mới nhất",
  "HeaderRecentlyPlayed": "Phát gần đây",
  "HeaderSeries": "Series:",
  "HeaderStatus": "Trạng thái",
  "HeaderSystemDlnaProfiles": "Hồ sơ hệ thống",
  "HeaderUploadNewImage": "Tải lên một ảnh mới",
  "HeaderUsers": "dùng",
  "LabelAllowServerAutoRestart": "Cho phép máy chủ tự động khởi động lại để áp dụng các bản cập nhật",
  "LabelAudioLanguagePreference": "Ngôn ngữ thoại ưa thích:",
  "LabelCountry": "Quốc gia:",
  "LabelCurrentPassword": "Mật khẩu hiện tại:",
  "LabelDay": "Ngày:",
  "LabelEnableDlnaPlayTo": "Cho phép DLNA chạy để",
  "LabelEvent": "Sự kiện:",
  "LabelFinish": "Kết thúc",
  "LabelLanguage": "Ngôn ngữ",
  "LabelName": "Tên:",
  "LabelNewPassword": "Mật khẩu mới:",
  "LabelNewPasswordConfirm": "Xác nhận mật khẩu mới:",
  "LabelNext": "Tiếp theo",
  "LabelPrevious": "Trước",
  "LabelSaveLocalMetadata": "Lưu các ảnh nghệ thuật và metadata vào trong các thư mục media",
  "LabelSaveLocalMetadataHelp": "Lưu các ảnh nghệ thuật và metadata vào trong các thư mục media, sẽ đưa chúng vào một nơi bạn có thể chỉnh sửa dễ dàng hơn.",
  "LabelTime": "Thời gian:",
  "LabelYourFirstName": "Tên của Bạn",
  "LabelYoureDone": "Bạn đã hoàn thành!",
  "MaxParentalRatingHelp": "Nội dung với đánh giá cao hơn sẽ được ẩn đi từ người dùng này.",
  "MessageNothingHere": "Không có gì ở đây.",
  "Monday": "Thứ Hai",
  "OptionAlbumArtist": "Album nghệ sỹ",
  "OptionAllowUserToManageServer": "Cho phép người dùng này quản lý máy chủ",
  "OptionArtist": "Nghệ sỹ",
  "OptionAutomatic": "Tự động",
  "OptionCommunityRating": "Đánh giá của cộng đồng",
  "OptionDateAdded": "Ngày thêm",
  "OptionDatePlayed": "Ngày phát",
  "OptionDisableUser": "Vô hiệu hóa người dùng này",
  "OptionDislikes": "Không thích",
  "OptionDownloadBackImage": "Trở lại",
  "OptionDownloadDiscImage": "Đĩa",
  "OptionDvd": "DVD",
  "OptionFavorite": "Yêu thích",
  "OptionHasSpecialFeatures": "Tính năng đặc biệt",
  "OptionHasSubtitles": "Phụ đề",
  "OptionHasThemeSong": "Hình nền bài hát",
  "OptionHasThemeVideo": "Hình nền Video",
  "OptionHideUser": "Ẩn người dùng này từ màn hình đăng nhập",
  "OptionImdbRating": "Đánh giá IMDb",
  "OptionIsHD": "Độ nét cao",
  "OptionIsSD": "Độ nét tiêu chuẩn",
  "OptionLikes": "Thích",
  "OptionMonday": "Thứ Hai",
  "OptionNameSort": "Tên",
  "OptionPlayCount": "Số lần phát",
  "OptionRuntime": "Thời gian phát",
  "OptionSaturday": "Thứ Bảy",
  "OptionSunday": "Chủ Nhật",
  "OptionTrackName": "Tên bài",
  "ParentalRating": "Parental Rating",
  "PasswordMatchError": "Mật khẩu và mật khẩu xác nhận cần phải khớp nhau .",
  "PasswordResetComplete": "Mật khẩu đã được reset",
  "PasswordResetConfirmation": "Bạn có chắc muốn reset mật khẩu?",
  "PasswordSaved": "Mật khẩu đã được lưu.",
  "Saturday": "Thứ Bảy",
  "Save": "Lưu",
  "SettingsSaved": "Lưu các cài đặt.",
  "Sunday": "Chủ Nhật",
  "TabAlbumArtists": "Các Album nghệ sỹ",
  "TabAlbums": "Các Album",
  "TabArtists": "Các nghệ sỹ",
  "TabCatalog": "Danh mục",
  "TabEpisodes": "Các tập phim",
  "TabGenres": "Các thể loại",
  "TabLatest": "Mới nhất",
  "TabMovies": "Các phim",
  "TabMusicVideos": "Các video âm nhạc",
  "TabMyPlugins": "Các plugin của tôi",
  "TabNetworks": "Các mạng",
  "TabPassword": "Mật khẩu",
  "TabProfile": "Hồ sơ",
  "TabProfiles": "Hồ sơ",
  "TabSecurity": "Bảo mật",
  "TabServer": "Máy chủ",
  "TabSongs": "Các ca khúc",
  "TabTranscoding": "Mã hóa",
  "TabUpcoming": "Sắp diễn ra",
  "TellUsAboutYourself": "Nói cho chúng tôi biết đôi điều về Bạn",
  "ThisWizardWillGuideYou": "Thủ thuật này sẽ hướng dẫn quá trình cài đặt cho bạn. Để bắt đầu, vui lòng lựa chọn ngôn ngữ bạn ưa thích.",
  "UninstallPluginConfirmation": "Bạn có chắc muốn gỡ bỏ{0}?",
  "UninstallPluginHeader": "Gỡ bỏ Plugin"
}
