{
    "AccessRestrictedTryAgainLater": "访问目前受限。请稍后再试。",
    "Actor": "演员",
    "Add": "添加",
    "AddItemToCollectionHelp": "通过搜索并使用鼠标右键单击或点击菜单将项目添加到集合中, 将项添加到集合中。",
    "AddToCollection": "加入收藏",
    "AddToPlayQueue": "添加至播放队列",
    "AddToPlaylist": "添加到播放列表",
    "AddedOnValue": "已添加 {0}",
    "AdditionalNotificationServices": "浏览插件目录安装额外的通知访问。",
    "Advanced": "高级",
    "AirDate": "播出日期",
    "Aired": "已发布",
    "Albums": "专辑",
    "Alerts": "警告",
    "All": "全部",
    "AllChannels": "所有频道",
    "AllComplexFormats": "所有复杂的格式（ASS, SSA, VOBSUB, PGS, SUB/IDX 等）",
    "AllEpisodes": "所有集",
    "AllLanguages": "所有语言",
    "AllLibraries": "所有媒体库",
    "AllowHWTranscodingHelp": "如果启用，允许调谐器即时转码流。这可能有助于减少Jellyfin 媒体服务器所需的转码。",
    "AllowMediaConversion": "允许媒体转换",
    "AllowMediaConversionHelp": "授予或拒绝访问转换媒体功能。",
    "AllowOnTheFlySubtitleExtraction": "允许同时提取字幕",
    "AllowOnTheFlySubtitleExtractionHelp": "可以从视频中提取内置的字幕并以纯文本的形式发送给 Jellyfin 应用程序以避免视频转码。在某些系统中这个提取的进程可能会花费较长时间并导致视频播放出现卡顿。如果禁用这个选项，当内置字幕不能被客户端设备原生支持时，字幕将通过视频转码被烧录进视频中。",
    "AllowRemoteAccess": "允许与此 Jellyfin 服务器进行远程连接。",
    "AllowRemoteAccessHelp": "如果取消勾选，所有的远程连接将会被阻止。",
    "AllowedRemoteAddressesHelp": "将允许远程连接的网络的 ip 地址或 ip/网掩码条目的逗号分隔列表。如果留空, 则允许所有远程地址。",
    "AlwaysPlaySubtitles": "总是显示字幕",
    "AlwaysPlaySubtitlesHelp": "无论音频为何种语言，都将加载与语言偏好匹配的字幕。",
    "Anytime": "任何时间",
    "AroundTime": "{0} 左右",
    "Artists": "艺术家",
    "AsManyAsPossible": "尽可能多",
    "Ascending": "升序",
    "AttributeNew": "新增",
    "Audio": "音频",
    "Auto": "自动",
    "AutoBasedOnLanguageSetting": "自动（取决于语言设置）",
    "Backdrop": "背景",
    "Backdrops": "背景",
    "Banner": "横幅",
    "BirthDateValue": "出生： {0}",
    "BirthLocation": "出生地",
    "BirthPlaceValue": "出生地: {0}",
    "Blacklist": "黑名单",
    "BookLibraryHelp": "现已支持音频和文本书籍。回顾{0}Jellyfin 有声读物命名指南{1}。",
    "Books": "书籍",
    "Browse": "浏览",
    "BrowsePluginCatalogMessage": "浏览我们的插件目录来查看现有插件。",
    "BurnSubtitlesHelp": "根据字幕格式确定服务器在转换视频时是否应烧录字幕。避免烧录字幕会提高服务器性能。选择“自动”以烧录基于图像的字幕格式（如 VOBSUB, PGS, SUB/IDX 等）和一些复杂的 ASS/SSA 字幕。",
    "ButtonAdd": "添加",
    "ButtonAddMediaLibrary": "添加媒体库",
    "ButtonAddScheduledTaskTrigger": "添加触发",
    "ButtonAddServer": "添加服务器",
    "ButtonAddUser": "添加用户",
    "ButtonArrowDown": "下",
    "ButtonArrowLeft": "左",
    "ButtonArrowRight": "右",
    "ButtonArrowUp": "上",
    "ButtonAudioTracks": "音轨",
    "ButtonBack": "返回",
    "ButtonCancel": "取消",
    "ButtonChangeContentType": "更改内容类型",
    "ButtonChangeServer": "更改服务器",
    "ButtonConnect": "连接",
    "ButtonDelete": "删除",
    "ButtonDeleteImage": "删除图片",
    "ButtonDown": "下",
    "ButtonDownload": "下载",
    "ButtonEdit": "编辑",
    "ButtonEditImages": "修改图片",
    "ButtonEditOtherUserPreferences": "编辑这个用户的用户配置，图片和个人参数",
    "ButtonFilter": "筛选",
    "ButtonForgotPassword": "忘记密码",
    "ButtonFullscreen": "全屏",
    "ButtonGotIt": "知道了",
    "ButtonGuide": "指南",
    "ButtonHelp": "帮助",
    "ButtonHome": "首页",
    "ButtonInfo": "详情",
    "ButtonLearnMore": "了解更多",
    "ButtonLibraryAccess": "媒体库访问",
    "ButtonManualLogin": "手动登录",
    "ButtonMore": "更多",
    "ButtonMoreInformation": "更多信息",
    "ButtonNetwork": "网络",
    "ButtonNew": "新增",
    "ButtonNextTrack": "下一音轨",
    "ButtonOff": "关",
    "ButtonOk": "确定",
    "ButtonOpen": "打开",
    "ButtonOther": "其他",
    "ButtonParentalControl": "家长控制",
    "ButtonPause": "暂停",
    "ButtonPlay": "播放",
    "ButtonPreviousTrack": "上一音轨",
    "ButtonProfile": "配置",
    "ButtonQuickStartGuide": "快速入门指南",
    "ButtonRefresh": "刷新",
    "ButtonRefreshGuideData": "刷新指南数据",
    "ButtonRemove": "移除",
    "ButtonRename": "重命名",
    "ButtonRepeat": "重播",
    "ButtonResetEasyPassword": "复位简易PIN码",
    "ButtonResetPassword": "重置密码",
    "ButtonRestart": "重启",
    "ButtonResume": "恢复播放",
    "ButtonRevoke": "撤销",
    "ButtonSave": "保存",
    "ButtonScanAllLibraries": "扫描所有媒体库",
    "ButtonSearch": "搜索",
    "ButtonSelectDirectory": "选择目录",
    "ButtonSelectServer": "选择服务器",
    "ButtonSelectView": "选择视图",
    "ButtonSend": "发送",
    "ButtonSettings": "设置",
    "ButtonShuffle": "随机播放",
    "ButtonShutdown": "关机",
    "ButtonSignIn": "登录",
    "ButtonSignOut": "退出",
    "ButtonSort": "排序",
    "ButtonSplitVersionsApart": "支线版本",
    "ButtonStart": "开始",
    "ButtonStop": "停止",
    "ButtonSubmit": "提交",
    "ButtonSubtitles": "字幕",
    "ButtonTrailer": "预告片",
    "ButtonUninstall": "卸载",
    "ButtonUp": "上",
    "ButtonUpload": "上传",
    "ButtonViewWebsite": "浏览网站",
    "ButtonWebsite": "网站",
    "CancelRecording": "取消录制",
    "CancelSeries": "取消系列",
    "Categories": "分类",
    "ChangingMetadataImageSettingsNewContent": "更改元数据或媒体图像的下载设置仅对以后添加至库中的新内容生效，如要将更改应用于现有内容，您需要手动刷新其元数据。",
    "ChannelAccessHelp": "选择共享给此用户的频道。管理员能使用媒体资料管理器来编辑所有频道。",
    "ChannelNameOnly": "只在频道 {0}",
    "Channels": "频道",
    "CinemaModeConfigurationHelp": "影院模式直接为您的客厅带来剧场级体验，同时还可以播放预告片和自定义介绍。",
    "Collections": "收藏",
    "CommunityRating": "公众评分",
    "Composer": "作曲家",
    "ConfirmDeleteImage": "删除图片？",
    "ConfirmDeletion": "确认删除",
    "Connect": "连接",
    "ContinueWatching": "继续观看",
    "Continuing": "继续",
    "CriticRating": "影评人评分",
    "CustomDlnaProfilesHelp": "为新的设备创建自定义配置文件或覆盖原有系统配置文件。",
    "DateAdded": "加入日期",
    "DatePlayed": "播放日期",
    "DeathDateValue": "去世： {0}",
    "Default": "默认",
    "DefaultErrorMessage": "处理请求时发生错误。请稍后尝试。",
    "DefaultMetadataLangaugeDescription": "这些是你的默认设置并且可以在你的每个媒体库中被单独自定义",
    "DefaultSubtitlesHelp": "字幕将基于内嵌元数据中的“默认”标志和“强制”标志来载入。当多个选项可用时，将根据语言偏好决定。",
    "Delete": "删除",
    "DeleteDeviceConfirmation": "你确定你希望删除这个设备吗？当下一次有用户通过这个设备登录时，这个设备会再次出现。",
    "DeleteImage": "删除图像",
    "DeleteImageConfirmation": "你确定要删除此图像？",
    "DeleteMedia": "删除媒体",
    "DeleteUser": "删除用户",
    "DeleteUserConfirmation": "你确定要删除此用户？",
    "Descending": "降序",
    "Desktop": "桌面",
    "DetectingDevices": "正在侦测设备",
    "DeviceAccessHelp": "这仅适用于可以唯一标识的设备，而不会阻止浏览器访问。限制用户设备访问会阻止使用未在此被批准的新增设备。",
    "DirectPlaying": "直接播放",
    "DirectStreamHelp2": "直接串流一个文件仅仅会占用非常少的处理能力并且视频的品质不会有任何损失。",
    "DirectStreaming": "直接串流",
    "Director": "导演",
    "Disabled": "已禁用",
    "Disc": "光盘",
    "Disconnect": "断开连接",
    "Dislike": "不喜欢",
    "Display": "显示",
    "DisplayInMyMedia": "在主屏幕显示",
    "DisplayInOtherHomeScreenSections": "在“最新的媒体”和“继续观看“等主屏幕模块中显示",
    "DisplayMissingEpisodesWithinSeasons": "显示每季里缺少的剧集",
    "DisplayMissingEpisodesWithinSeasonsHelp": "必须在 Jellyfin 服务器的 TV 媒体库设置中也启用该功能。",
    "DoNotRecord": "不录制",
    "Down": "下",
    "Download": "下载",
    "DownloadsValue": "{0} 下载",
    "DrmChannelsNotImported": "受 DMR 保护的频道将不会被导入。",
    "DropShadow": "阴影",
    "EasyPasswordHelp": "你的简易 PIN 码已被用于在受支持的 Jellyfin apps 上进行离线访问，同时也可以被用于联网状态下的登录。",
    "Edit": "编辑",
    "EditImages": "修改图片",
    "EditMetadata": "编辑元数据",
    "EditSubtitles": "修改字幕",
    "EnableBackdrops": "启用背景图",
    "EnableBackdropsHelp": "如果启用，当浏览媒体库时背景图将作为一些页面的背景显示。",
    "EnableCinemaMode": "启用影院模式",
    "EnableDebugLoggingHelp": "调试日志应该仅在需要进行故障检修时启用。开启调试日志增加的对系统文件的访问可能会在某些环境下组织服务器机器进入休眠状态。",
    "EnableDisplayMirroring": "开启显示镜像",
    "EnableExternalVideoPlayers": "启用外部播放器",
    "EnableExternalVideoPlayersHelp": "当你开始播放视频时，将会显示一个外部播放器菜单。",
    "EnableHardwareEncoding": "启用硬件编码",
    "EnableNextVideoInfoOverlay": "在播放时启用下一个视频信息",
    "EnableNextVideoInfoOverlayHelp": "在视频结尾处，显示当前播放列表中下一个视频的信息。",
    "EnablePhotos": "开启照片",
    "EnablePhotosHelp": "照片将被检测到并和其他媒体文件一起显示。",
    "EnableStreamLooping": "自动循环直播流",
    "EnableStreamLoopingHelp": "如果直播流仅包含了几秒钟的数据并且需要被不断的请求，请启用此项。如果在没有相关问题的情况下启动此项，可能会导致一些问题。",
    "EnableThemeSongs": "启用主题曲",
    "EnableThemeSongsHelp": "如果启用，当浏览媒体库时主题曲将作为背景音乐播放。",
    "EnableThemeVideos": "启用主题视频",
    "EnableThemeVideosHelp": "如果启用，当浏览媒体库时主题视频将作为背景视频播放。",
    "Ended": "结束",
    "EndsAtValue": "结束于 {0}",
    "Episodes": "剧集",
    "ErrorAddingListingsToSchedulesDirect": "将阵容添加到您的计划直接帐户时出错。计划直接只允许每帐户数量有限的阵容。您可能需要登录到时间表直接网站和删除其他清单, 从您的帐户 proceeeding 之前。",
    "ErrorAddingMediaPathToVirtualFolder": "添加媒体路径时发生错误。请确认路径是有效的，并且你的 Jellyfin 服务器进程有对该位置的访问权。",
    "ErrorAddingTunerDevice": "添加协调器设备时发生错误。请确认它是可访问的然后再试一次。",
    "ErrorAddingXmlTvFile": "访问 XmlTV 文件时发生错误。请确认该文件是否存在然后再试一次。",
    "ErrorGettingTvLineups": "下载 TV 节目表 时发生错误。请确认你的信息是正确的然后再试一次。",
    "ErrorMessageStartHourGreaterThanEnd": "结束时间必须在开始时间后。",
    "ErrorPleaseSelectLineup": "请选择一个阵容, 然后再试一次。如果没有可用的阵容, 请检查您的用户名、密码和邮政编码是否正确。",
    "ErrorSavingTvProvider": "保存 TV 提供商时发生错误。请确认它是可访问的然后再试一次。",
    "EveryNDays": "每 {0} 天",
    "ExitFullscreen": "退出全屏",
    "ExtraLarge": "特大",
    "ExtractChapterImagesHelp": "提取章节图像将允许 Jellyfin 应用程序显示一个图像形式的场景选择菜单。这个提取的过程可能会非常缓慢、占用大量 CPU 资源，并且可能需要几个GB的硬盘空间。提取将会在视频被发现时启动，同时也作为一个夜间计划任务运行。这个任务可以在“计划任务”选项中进行设置。不建议在高峰使用时间运行这个任务。",
    "Extras": "额外",
    "FFmpegSavePathNotFound": "我们无法通过你输入的路径定位 FFmpeg。FFprobe 同样也是必要的并且应该被放在同一个文件夹中。他们通常会被打包在一起以供下载。请检查这个路径然后再试一次。",
    "FastForward": "快进",
    "Favorite": "我的最爱",
    "Favorites": "我的最爱",
    "File": "文件",
    "FileNotFound": "未找到文件。",
    "FileReadCancelled": "文件读取已被取消。",
    "FileReadError": "读取文件发生错误。",
    "Filters": "筛选",
    "FolderTypeBooks": "有声读物",
    "FolderTypeMovies": "电影",
    "FolderTypeMusic": "音乐",
    "FolderTypeMusicVideos": "MV",
    "FolderTypeTvShows": "电视节目",
    "FolderTypeUnset": "混合内容",
    "Folders": "文件夹",
    "ForAdditionalLiveTvOptions": "要查看额外的电视直播提供商，点击“服务”标签以查看可用的选项。",
    "FormatValue": "格式：{0}",
    "Friday": "星期五",
    "Fullscreen": "全屏",
    "General": "常规",
    "Genres": "风格",
    "GuestStar": "特邀明星",
    "GuideProviderLogin": "登入",
    "GuideProviderSelectListings": "选择列表",
    "H264CrfHelp": "The Constant Rate Factor (CRF) 是 x264 编码器的默认质量设置。您可以设置介于0和51之间的值, 其中较低的值将导致更好的质量 (以更高的文件大小为代价)。正常值介于18和28之间。x264 的默认值为 23, 因此可以将其用作起始点。",
    "H264EncodingPresetHelp": "选择一个更快的值以提升性能，或者选择一个更慢的值以提升质量。",
    "HDPrograms": "高清节目",
    "HandledByProxy": "由反向代理处理",
    "HardwareAccelerationWarning": "启动硬件加速可能在某些环境下导致系统不稳定。请确认你的操作系统和视频驱动程序是最新的。如果你在开启此项后播放视频产生困难，那么你需要将此选项设置回”自动“。",
    "HeaderAccessSchedule": "访问计划",
    "HeaderAccessScheduleHelp": "创建一个访问计划以限制可访问的时间段。",
    "HeaderActiveDevices": "活动的设备",
    "HeaderActiveRecordings": "正在录制的节目",
    "HeaderActivity": "活动",
    "HeaderAddScheduledTaskTrigger": "添加触发",
    "HeaderAddToCollection": "加入收藏",
    "HeaderAddToPlaylist": "添加到播放列表",
    "HeaderAddUpdateImage": "添加/更新 图片",
    "HeaderAddUser": "添加用户",
    "HeaderAdditionalParts": "附加部分",
    "HeaderAdmin": "管理",
    "HeaderAlbumArtists": "专辑艺术家",
    "HeaderAlbums": "专辑",
    "HeaderAlert": "警报",
    "HeaderAllowMediaDeletionFrom": "允许从中删除媒体",
    "HeaderApiKey": "API 密钥",
    "HeaderApiKeys": "API 密钥",
    "HeaderApiKeysHelp": "外部应用程序需要有一个 API 密钥以用于和 Jellyfin 服务器进行通信。密钥将在通过 Jellyfin 账户进行登录时自动发行，或者你可以手动为应用程序生成一个密钥。",
    "HeaderAudioBooks": "有声读物",
    "HeaderAudioSettings": "声音设置",
    "HeaderAutomaticUpdates": "自动更新",
    "HeaderBlockItemsWithNoRating": "通过没有评级和设置不允许的评级锁定内容：",
    "HeaderBooks": "书籍",
    "HeaderBranding": "品牌",
    "HeaderCastAndCrew": "演员表",
    "HeaderCastCrew": "演职人员",
    "HeaderChangeFolderType": "更改内容类型",
    "HeaderChangeFolderTypeHelp": "为了改变类型，请移除这个媒体库并以你需要的新类型重新建立一个媒体库。",
    "HeaderChannelAccess": "频道访问",
    "HeaderChannels": "频道",
    "HeaderChapterImages": "章节图片",
    "HeaderCodecProfile": "编解码器配置",
    "HeaderCodecProfileHelp": "编解码器的配置文件标明了设备播放特定编码时的限制。如果在限制之内则媒体将被转码，否则编解码器将被配置为直接播放。",
    "HeaderConfigureRemoteAccess": "配置远程访问",
    "HeaderConfirmPluginInstallation": "确认插件安装",
    "HeaderConfirmProfileDeletion": "确认删除配置文件",
    "HeaderConfirmRevokeApiKey": "撤销 API 密钥",
    "HeaderConnectToServer": "连接到服务器",
    "HeaderConnectionFailure": "连接失败",
    "HeaderContainerProfile": "媒体载体配置",
    "HeaderContainerProfileHelp": "媒体载体的配置文件标明了设备播放特定媒体格式时的限制。如果在限制之内则媒体将被转码，否则媒体格式将被配置为直接播放。",
    "HeaderContinueListening": "继续听",
    "HeaderContinueWatching": "继续观看",
    "HeaderCustomDlnaProfiles": "自定义配置",
    "HeaderDateIssued": "发布日期",
    "HeaderDefaultRecordingSettings": "默认录制设定",
    "HeaderDeleteDevice": "删除设备",
    "HeaderDeleteItem": "删除项目",
    "HeaderDeleteItems": "删除项目",
    "HeaderDeleteProvider": "删除提供商",
    "HeaderDeleteTaskTrigger": "删除任务触发条件",
    "HeaderDetectMyDevices": "侦测我的设备",
    "HeaderDeveloperInfo": "开发者信息",
    "HeaderDeviceAccess": "设备访问",
    "HeaderDevices": "设备",
    "HeaderDirectPlayProfile": "直接播放配置",
    "HeaderDirectPlayProfileHelp": "添加直接播放配置文件标明哪些媒体格式设备可以自己处理。",
    "HeaderDisplay": "显示",
    "HeaderDisplaySettings": "显示设置",
    "HeaderDownloadSync": "下载与同步",
    "HeaderEasyPinCode": "简单 PIN 码",
    "HeaderEditImages": "修改图片",
    "HeaderEnabledFields": "已启用的栏",
    "HeaderEnabledFieldsHelp": "反选栏以锁定并不让其数据被更改。",
    "HeaderEpisodes": "集数",
    "HeaderError": "错误",
    "HeaderExternalIds": "外部 Ids：",
    "HeaderFeatureAccess": "可使用的功能",
    "HeaderFeatures": "功能",
    "HeaderFetchImages": "获取图像：",
    "HeaderFetcherSettings": "读取器设置",
    "HeaderFilters": "筛选",
    "HeaderForKids": "给儿童",
    "HeaderForgotPassword": "忘记密码",
    "HeaderFrequentlyPlayed": "多次播放",
    "HeaderGenres": "风格",
    "HeaderGuideProviders": "电视指南数据提供方",
    "HeaderHomeScreen": "主屏幕",
    "HeaderHomeScreenSettings": "主屏幕设置",
    "HeaderHttpHeaders": "HTTP 标头",
    "HeaderIdentification": "身份识别",
    "HeaderIdentificationCriteriaHelp": "至少输入一个识别标准。",
    "HeaderIdentificationHeader": "身份认证标头",
    "HeaderIdentifyItemHelp": "输入一个或多个搜索条件。删除条件可得到更多搜索结果。",
    "HeaderImageOptions": "图片选项",
    "HeaderImageSettings": "图片设置",
    "HeaderInstall": "安装",
    "HeaderInstantMix": "速成合辑",
    "HeaderItems": "项目",
    "HeaderJellyfinServer": "Jellyfin 服务器",
    "HeaderKodiMetadataHelp": "要启用或禁用 Nfo 元数据, 请在 Jellyfin 库安装程序中编辑库, 然后找到“元数据储户”部分。",
    "HeaderLatestEpisodes": "最新剧集",
    "HeaderLatestMedia": "最新媒体",
    "HeaderLatestMovies": "最新电影",
    "HeaderLatestMusic": "最新音乐",
    "HeaderLatestRecordings": "最新录制的节目",
    "HeaderLibraries": "媒体库",
    "HeaderLibraryAccess": "媒体库访问",
    "HeaderLibraryFolders": "媒体文件夹",
    "HeaderLibraryOrder": "媒体库顺序",
    "HeaderLibrarySettings": "媒体库设置",
    "HeaderLiveTV": "电视直播",
    "HeaderLiveTv": "电视直播",
    "HeaderLiveTvTunerSetup": "电视直播协调器安装",
    "HeaderLoginFailure": "登录失败",
    "HeaderMedia": "媒体",
    "HeaderMediaFolders": "媒体文件夹",
    "HeaderMediaInfo": "媒体信息",
    "HeaderMetadataSettings": "元数据设置",
    "HeaderMoreLikeThis": "更多类似的",
    "HeaderMovies": "电影",
    "HeaderMusicVideos": "音乐视频",
    "HeaderMyDevice": "我的设备",
    "HeaderMyMedia": "我的媒体",
    "HeaderMyMediaSmall": "我的媒体 (小)",
    "HeaderNewApiKey": "新 API 密钥",
    "HeaderNewDevices": "新设备",
    "HeaderNextUp": "下一个",
    "HeaderOnNow": "现在",
    "HeaderOtherItems": "其他项目",
    "HeaderParentalRatings": "家长分级",
    "HeaderPassword": "密码",
    "HeaderPasswordReset": "密码重置",
    "HeaderPaths": "路径",
    "HeaderPendingInvitations": "等待邀请",
    "HeaderPeople": "人物",
    "HeaderPhotoAlbums": "相册",
    "HeaderPinCodeReset": "重置PIN码",
    "HeaderPlayAll": "全部播放",
    "HeaderPlayback": "媒体播放",
    "HeaderPlaybackError": "播放错误",
    "HeaderPlaybackSettings": "播放设置",
    "HeaderPleaseSignIn": "请登录",
    "HeaderPluginInstallation": "插件安装",
    "HeaderPreferredMetadataLanguage": "首选元数据语言",
    "HeaderProfile": "配置",
    "HeaderProfileInformation": "配置信息",
    "HeaderProfileServerSettingsHelp": "这些参数将控制 Jellyfin 媒体服务器如何呈现给设备。",
    "HeaderRecentlyPlayed": "最近播放",
    "HeaderRecordingOptions": "录制选项",
    "HeaderRecordingPostProcessing": "记录后处理",
    "HeaderRemoteControl": "远程控制",
    "HeaderRemoveMediaFolder": "移除媒体文件夹",
    "HeaderRemoveMediaLocation": "移除媒体位置",
    "HeaderResponseProfile": "响应配置",
    "HeaderResponseProfileHelp": "当播放某些类型的媒体时，响应配置文件提供了一种方法来发送自定义信息到设备。",
    "HeaderRestart": "重启",
    "HeaderRevisionHistory": "修订历史",
    "HeaderRunningTasks": "运行的任务",
    "HeaderScenes": "场景",
    "HeaderSchedule": "计划",
    "HeaderSeasons": "季",
    "HeaderSecondsValue": "{0} 秒",
    "HeaderSelectCertificatePath": "选择证书路径",
    "HeaderSelectMetadataPath": "选择元数据路径",
    "HeaderSelectMetadataPathHelp": "浏览或输入一个路径用于保存媒体资料，此文件夹必须可写。",
    "HeaderSelectPath": "选择路径",
    "HeaderSelectServer": "选择服务器",
    "HeaderSelectServerCachePath": "选择服务器缓存路径",
    "HeaderSelectServerCachePathHelp": "浏览或输入一个路径用于服务器缓存文件，此文件夹必须可写。",
    "HeaderSelectTranscodingPath": "选择临时解码路径",
    "HeaderSelectTranscodingPathHelp": "浏览或输入一个路径用于临时转码，此文件夹必须可写。",
    "HeaderSendMessage": "发送消息",
    "HeaderSeries": "电视剧：",
    "HeaderSeriesOptions": "系列选项",
    "HeaderServerSettings": "服务器设置",
    "HeaderSettings": "设置",
    "HeaderSetupLibrary": "设置你的媒体库",
    "HeaderShutdown": "关机",
    "HeaderSortBy": "排序方式",
    "HeaderSortOrder": "排序顺序",
    "HeaderSpecialEpisodeInfo": "特别剧集信息",
    "HeaderSpecialFeatures": "特殊功能",
    "HeaderStartNow": "现在开始",
    "HeaderStatus": "状态",
    "HeaderSubtitleAppearance": "字幕外观",
    "HeaderSubtitleDownloads": "字幕下载",
    "HeaderSubtitleProfile": "字幕配置",
    "HeaderSubtitleProfiles": "字幕配置",
    "HeaderSubtitleProfilesHelp": "字幕配置文件描述设备所支持的字幕格式。",
    "HeaderSubtitleSettings": "字幕设置",
    "HeaderSystemDlnaProfiles": "系统配置",
    "HeaderTags": "标签",
    "HeaderTaskTriggers": "任务触发条件",
    "HeaderThisUserIsCurrentlyDisabled": "此用户当前已禁用",
    "HeaderTracks": "音轨",
    "HeaderTranscodingProfile": "转码配置",
    "HeaderTranscodingProfileHelp": "添加转码配置文件标明哪些媒体格式需要转码处理。",
    "HeaderTunerDevices": "调谐器设备",
    "HeaderTuners": "调谐器",
    "HeaderTypeImageFetchers": "{0} 图片获取程序",
    "HeaderTypeText": "输入文本",
    "HeaderUpcomingOnTV": "即将在电视上播放",
    "HeaderUploadImage": "上传图片",
    "HeaderUploadNewImage": "上传新图片",
    "HeaderUser": "用户",
    "HeaderUsers": "用户",
    "HeaderVideoQuality": "视频质量",
    "HeaderVideoTypes": "视频类型",
    "HeaderVideos": "视频",
    "HeaderXmlDocumentAttribute": "XML文档属性",
    "HeaderXmlDocumentAttributes": "XML文档属性",
    "HeaderXmlSettings": "XML设置",
    "HeaderYears": "年份",
    "HeadersFolders": "文件夹",
    "Help": "帮助",
    "Hide": "隐藏",
    "HideWatchedContentFromLatestMedia": "从最新媒体中隐藏已观看的内容",
    "Home": "首页",
    "HttpsRequiresCert": "要启用安全连接, 您需要提供一个受信任的 SSL 证书, 如 \"允许加密\"。请提供证书或禁用安全连接。",
    "Identify": "识别",
    "Images": "图片",
    "ImportFavoriteChannelsHelp": "如果启用，只有在协调器设备中被标记为我的最爱的频道才会被导入。",
    "ImportMissingEpisodesHelp": "如果启用，会将缺少的剧集信息导入到你的 Jellyfin 数据库并分季分剧显示。可能会大大延长媒体库扫描时间。",
    "InstallingPackage": "正在安装 {0}",
    "InstantMix": "即时混音",
    "ItemCount": "{0} 项",
    "Kids": "儿童",
    "Label3DFormat": "3D格式：",
    "LabelAbortedByServerShutdown": "(因为服务器关闭被中止)",
    "LabelAccessDay": "一周中的何时：",
    "LabelAccessEnd": "结束时间：",
    "LabelAccessStart": "开始时间：",
    "LabelAirDays": "播出日期：",
    "LabelAirTime": "播出时间：",
    "LabelAirsAfterSeason": "季播出后：",
    "LabelAirsBeforeEpisode": "集播出前：",
    "LabelAirsBeforeSeason": "季播出前：",
    "LabelAlbum": "专辑：",
    "LabelAlbumArtHelp": "PN 在 upnp:albumArtURI 里的 dlna:profileID 属性用于专辑封面。某些设备不管图像的尺寸大小，都会要求特定的值。",
    "LabelAlbumArtMaxHeight": "专辑封面最大高度：",
    "LabelAlbumArtMaxHeightHelp": "通过UPnP显示的专辑封面超链接的最大分辨率。",
    "LabelAlbumArtMaxWidth": "专辑封面最大宽度：",
    "LabelAlbumArtMaxWidthHelp": "通过UPnP显示的专辑封面超链接的最大分辨率。",
    "LabelAlbumArtPN": "专辑封面PN ：",
    "LabelAlbumArtists": "专辑作家：",
    "LabelAll": "所有",
    "LabelAllowHWTranscoding": "允许硬件转码",
    "LabelAllowServerAutoRestart": "允许服务器自动重启来安装更新",
    "LabelAllowServerAutoRestartHelp": "该服务器仅会在空闲和没有活动用户的期间重新启动。",
    "LabelAllowedRemoteAddresses": "远程IP地址过滤器：",
    "LabelAllowedRemoteAddressesMode": "远程IP地址过滤器模式：",
    "LabelAppName": "APP名称",
    "LabelAppNameExample": "例如： Sickbeard, NzbDrone",
    "LabelArtists": "艺术家：",
    "LabelArtistsHelp": "独立多功能 ;",
    "LabelAudioLanguagePreference": "首选音频语言：",
    "LabelAutomaticallyRefreshInternetMetadataEvery": "自动从互联网获取元数据并刷新：",
    "LabelBindToLocalNetworkAddress": "监听的本地网络地址：",
    "LabelBindToLocalNetworkAddressHelp": "(可选的）覆盖 HTTP 服务器绑定的本地 IP 地址。如果留空，服务器将会监听所有可用的地址。改变这个值需要重启 Jellyfin 服务器。",
    "LabelBirthDate": "出生日期：",
    "LabelBirthYear": "出生年份：",
    "LabelBlastMessageInterval": "活动信号的时间间隔（秒）",
    "LabelBlastMessageIntervalHelp": "确定由服务器活动信号的间隔秒数。",
    "LabelBlockContentWithTags": "通过标签锁定内容：",
    "LabelBurnSubtitles": "烧录字幕：",
    "LabelCache": "缓存：",
    "LabelCachePath": "缓存路径：",
    "LabelCachePathHelp": "指定服务器缓存文件的自定义路径，比如图片。留空将使用服务器默认。",
    "LabelCancelled": "已取消",
    "LabelCertificatePassword": "证书密码：",
    "LabelCertificatePasswordHelp": "如果你的证书需要密码，请在此输入它。",
    "LabelChannels": "频道：",
    "LabelCollection": "收藏：",
    "LabelCommunityRating": "公众评分：",
    "LabelContentType": "内容类型",
    "LabelCountry": "国家：",
    "LabelCriticRating": "影评人评分：",
    "LabelCurrentPassword": "当前密码：",
    "LabelCustomCertificatePath": "自定义 SSL 证书路径：",
    "LabelCustomCertificatePathHelp": "提供一个包含了证书和私钥的 PKCS #12 文件的路径以在一个自定义域名上启动 TLS 支持。",
    "LabelCustomCss": "自定义 css：",
    "LabelCustomCssHelp": "应用你的自定义 css 到网页。",
    "LabelCustomDeviceDisplayName": "显示名称：",
    "LabelCustomDeviceDisplayNameHelp": "自定义设备显示名称或留空则使用设备报告名称。",
    "LabelCustomRating": "自定义分级：",
    "LabelDashboardTheme": "控制台主题：",
    "LabelDateAdded": "加入日期：",
    "LabelDateAddedBehavior": "新内容加入的日期：",
    "LabelDateAddedBehaviorHelp": "如果一个媒体资料的值存在，它总是优先于这些选项前使用。",
    "LabelDateTimeLocale": "时区设置：",
    "LabelDay": "日：",
    "LabelDeathDate": "去世日期：",
    "LabelDefaultScreen": "默认分页：",
    "LabelDefaultUser": "默认用户：",
    "LabelDefaultUserHelp": "确定哪些用户媒体库将显示在连接设备上。这可以为每个设备提供不同的用户配置文件。",
    "LabelDeviceDescription": "设备描述",
    "LabelDidlMode": "Didl 模式：",
    "LabelDiscNumber": "光盘号：",
    "LabelDisplayLanguage": "显示的语言：",
    "LabelDisplayLanguageHelp": "Jellyfin的翻译工作是一个不断推进的工程项目。",
    "LabelDisplayMissingEpisodesWithinSeasons": "显示每季里缺少的剧集",
    "LabelDisplayMode": "显示模式：",
    "LabelDisplayName": "显示名称：",
    "LabelDisplayOrder": "显示顺序：",
    "LabelDisplayPluginsFor": "显示以下插件：",
    "LabelDisplaySpecialsWithinSeasons": "显示季中所播出的特集",
    "LabelDownMixAudioScale": "缩混音频增强：",
    "LabelDownMixAudioScaleHelp": "缩混音频增强。设置为1，将保留原来的音量·。",
    "LabelDownloadLanguages": "下载语言：",
    "LabelDropImageHere": "把图像拖放在这里",
    "LabelDropShadow": "阴影：",
    "LabelDynamicExternalId": "{0} Id：",
    "LabelEasyPinCode": "简易PIN码：",
    "LabelEmbedAlbumArtDidl": "在DIDL中嵌入专辑封面",
    "LabelEmbedAlbumArtDidlHelp": "有些设备首选这种方式获取专辑封面。启用该选项可能导致其他设备播放失败。",
    "LabelEnableAutomaticPortMap": "开启自动端口映射",
    "LabelEnableAutomaticPortMapHelp": "勾选以通过 UPnP 自动映射公共端口到本地端口。这个选项在某些不支持的路由器上可能不起作用。",
    "LabelEnableBlastAliveMessages": "爆发活动信号",
    "LabelEnableBlastAliveMessagesHelp": "如果该服务器不能被网络中的其他UPnP设备检测到，请启用此选项。",
    "LabelEnableDebugLogging": "启用调试日志",
    "LabelEnableDlnaClientDiscoveryInterval": "客户端搜寻时间间隔（秒）",
    "LabelEnableDlnaClientDiscoveryIntervalHelp": "确定由 Jellyfin 执行的 SSDP 搜索之间的持续时间 (以秒为单位)。",
    "LabelEnableDlnaDebugLogging": "启用 DLNA 调试日志",
    "LabelEnableDlnaDebugLoggingHelp": "这将创建一个很大的日志文件，仅推荐在排除故障时使用。",
    "LabelEnableDlnaPlayTo": "启用 DLNA 播放",
    "LabelEnableDlnaPlayToHelp": "Jellyfin 可以侦测你网络里的设备并能远程控制它们。",
    "LabelEnableDlnaServer": "启用 DLNA 服务器",
    "LabelEnableDlnaServerHelp": "允许你网络上的 UPnP 设备浏览并播放 Jellyfin 内容。",
    "LabelEnableHardwareDecodingFor": "启用硬件解码：",
    "LabelEnableRealtimeMonitor": "启用实时监控",
    "LabelEnableRealtimeMonitorHelp": "文件更改将立即在支持的文件系统上处理。",
    "LabelEnableSingleImageInDidlLimit": "仅限单一的嵌入式图像",
    "LabelEnableSingleImageInDidlLimitHelp": "如果多个图像嵌入在DIDL，某些设备将无法正确渲染。",
    "LabelEndDate": "结束日期：",
    "LabelEpisodeNumber": "集号：",
    "LabelEvent": "事件：",
    "LabelEveryXMinutes": "每：",
    "LabelExternalDDNS": "外部域名：",
    "LabelExternalDDNSHelp": "如果你输入了一个动态 DNS，Jellyfin 应用程序将会在远程连接时使用它。当你使用一个自定义的 SSL 证书时你需要填写这一栏。例子：mydomain.com 。",
    "LabelExtractChaptersDuringLibraryScan": "媒体库扫描过程中解压章节图像",
    "LabelExtractChaptersDuringLibraryScanHelp": "如果启用，当媒体库导入视频并扫描时，将提取章节图像。如果禁用，章节图像将在之后的计划任务提取，而媒体库会更快完成扫描。",
    "LabelFailed": "失败",
    "LabelFanartApiKey": "个人 API 密钥：",
    "LabelFanartApiKeyHelp": "请求 fanart 没有个人 API 密钥返回已在7天前批准的图像。与个人 API 的Key, 下降到48小时, 如果你也是一个 fanart VIP 会员, 将进一步下降到约10分钟。",
    "LabelFileOrUrl": "文件或网址：",
    "LabelFinish": "完成",
    "LabelFont": "字体：",
    "LabelForgotPasswordUsernameHelp": "输入你的用户名，如果你还记得。",
    "LabelFormat": "格式：",
    "LabelFriendlyName": "好记的名称：",
    "LabelServerNameHelp": "此名称将用做服务器名，如果留空，将使用计算机名。",
    "LabelGroupMoviesIntoCollections": "批量添加电影到收藏",
    "LabelGroupMoviesIntoCollectionsHelp": "显示电影列表时，属于一个收藏的电影将显示为一个分组。",
    "LabelH264Crf": "H264 编码速率控制",
    "LabelH264EncodingPreset": "H264 编码预设：",
    "LabelHardwareAccelerationType": "硬件加速：",
    "LabelHardwareAccelerationTypeHelp": "只能在支持的系统上使用。",
    "LabelHomeNetworkQuality": "家庭网络质量：",
    "LabelHomeScreenSectionValue": "主屏幕模块{0}:",
    "LabelHttpsPort": "本地 HTTPS 端口号：",
    "LabelHttpsPortHelp": "Jellyfin HTTPS 服务器监听的 TCP 端口。",
    "LabelIconMaxHeight": "图标最大高度：",
    "LabelIconMaxHeightHelp": "通过UPnP显示的图标最大分辨率。",
    "LabelIconMaxWidth": "图标最大宽度：",
    "LabelIconMaxWidthHelp": "通过UPnP显示的图标最大分辨率。",
    "LabelIdentificationFieldHelp": "不区分大小写的字符串或正则表达式。",
    "LabelImageFetchersHelp": "启用你首选的图片获取程序的优先级排序。",
    "LabelImageType": "图片类型：",
    "LabelImportOnlyFavoriteChannels": "限制标记频道为我的最爱",
    "LabelInNetworkSignInWithEasyPassword": "启用简易PIN码登录家庭网络",
    "LabelInNetworkSignInWithEasyPasswordHelp": "如果启动该选项，你将可以在你的家庭网络中使用你的简易 PIN 码登录 Jellyfin 应用程序。仅在你使用外部网络时才需要输入常规密码。如果 PIN 码留空，那么在你的家庭网络中，你将不需要输入密码。",
    "LabelInternetQuality": "网络质量：",
    "LabelKidsCategories": "儿童分类：",
    "LabelKodiMetadataDateFormat": "发行日期格式：",
    "LabelKodiMetadataDateFormatHelp": "Nfo的所有日期将使用这种格式被读取和写入。",
    "LabelKodiMetadataEnableExtraThumbs": "复制同人画到extrathumbs文件夹",
    "LabelKodiMetadataEnableExtraThumbsHelp": "为了最大化兼容Kodi皮肤，下载的图片同时保存在 extrafanart 和 extrathumbs 文件夹。",
    "LabelKodiMetadataEnablePathSubstitution": "启用路径替换",
    "LabelKodiMetadataEnablePathSubstitutionHelp": "允许图像的路径替换使用服务器的路径替换设置。",
    "LabelKodiMetadataSaveImagePaths": "保存图像路径在NFO文件",
    "LabelKodiMetadataSaveImagePathsHelp": "如果你的图像文件名不符合Kodi的规范，推荐使用。",
    "LabelKodiMetadataUser": "为以下用户保存观看历史数据：",
    "LabelKodiMetadataUserHelp": "启用此项以保存观看历史数据至 Nfo 文件中以供其他应用程序利用。",
    "LabelLanNetworks": "LAN网络：",
    "LabelLanguage": "语言：",
    "LabelLineup": "排队",
    "LabelLocalAccessUrl": "家庭 (局域网) 访问：{0}",
    "LabelLocalHttpServerPortNumber": "本地 HTTP 端口号：",
    "LabelLocalHttpServerPortNumberHelp": "Jellyfin HTTP 服务器监听的 TCP 端口。",
    "LabelLockItemToPreventChanges": "锁定此项目防止改动",
    "LabelLoginDisclaimer": "登录声明：",
    "LabelLoginDisclaimerHelp": "这将在登录页面底部显示。",
    "LabelLogs": "日志：",
    "LabelManufacturer": "制造商",
    "LabelManufacturerUrl": "厂商网址",
    "LabelMatchType": "匹配的类型：",
    "LabelMaxBackdropsPerItem": "每个项目最大背景图数目：",
    "LabelMaxChromecastBitrate": "最大 Chromecast 比特率：",
    "LabelMaxParentalRating": "最大允许的家长评级：",
    "LabelMaxResumePercentage": "恢复播放最大百分比：",
    "LabelMaxResumePercentageHelp": "如果在此时间之后停止播放，媒体会标记为“已播放”",
    "LabelMaxScreenshotsPerItem": "每个项目最大截图数目：",
    "LabelMaxStreamingBitrate": "最大串流质量",
    "LabelMaxStreamingBitrateHelp": "请指定一个流媒体串流时的最大比特率。",
    "LabelMessageText": "消息文本：",
    "LabelMessageTitle": "消息标题：",
    "LabelMetadata": "媒体资料：",
    "LabelMetadataDownloadLanguage": "首选下载语言：",
    "LabelMetadataDownloadersHelp": "启用媒体资料下载器的优先级排序，低优先级的下载器只会用来填补缺少的信息。",
    "LabelMetadataPath": "媒体资料路径：",
    "LabelMetadataPathHelp": "指定下载图像和资料的自定义路径",
    "LabelMetadataReaders": "媒体资料读取器：",
    "LabelMetadataReadersHelp": "为你首选的本地媒体资料源按优先级排序。找到的第一个文件将被读取。",
    "LabelMetadataSavers": "媒体资料储存方式：",
    "LabelMetadataSaversHelp": "选择储存媒体资料的文件格式。",
    "LabelMethod": "方法：",
    "LabelMinBackdropDownloadWidth": "下载背景图的最小宽度：",
    "LabelMinResumeDuration": "恢复播放最小时间（秒）：",
    "LabelMinResumeDurationHelp": "媒体播放时间过短，不可恢复播放",
    "LabelMinResumePercentage": "恢复播放最小百分比：",
    "LabelMinResumePercentageHelp": "如果在此时间之前停止播放，媒体会标记为“未播放”",
    "LabelMinScreenshotDownloadWidth": "下载截图的最小宽度：",
    "LabelModelDescription": "型号描述",
    "LabelModelName": "型号名称",
    "LabelModelNumber": "型号",
    "LabelModelUrl": "型号网址",
    "LabelMonitorUsers": "监控活动：",
    "LabelMovieCategories": "电影分类：",
    "LabelMoviePrefix": "电影前缀：",
    "LabelMoviePrefixHelp": "如果将前缀应用于影片标题, 请在此处输入它, 以便 Jellyfin 可以正确处理它。",
    "LabelMovieRecordingPath": "电影录制路径 (可选的)：",
    "LabelMusicStreamingTranscodingBitrate": "音乐转码的比特率：",
    "LabelMusicStreamingTranscodingBitrateHelp": "请指定一个音乐媒体串流时的最大比特率",
    "LabelName": "名字：",
    "LabelNewName": "新名字：",
    "LabelNewPassword": "新密码：",
    "LabelNewPasswordConfirm": "新密码确认：",
    "LabelNewsCategories": "新分类：",
    "LabelNext": "下一个",
    "LabelNotificationEnabled": "启用此通知",
    "LabelNumber": "编号：",
    "LabelNumberOfGuideDays": "下载几天的节目指南：",
    "LabelNumberOfGuideDaysHelp": "下载更多天的节目指南可以帮你进一步查看节目列表并做出提前安排，但下载过程也将耗时更久。它将基于频道数量自动选择。",
    "LabelOptionalNetworkPath": "（可选的）共享的网络文件夹：",
    "LabelOptionalNetworkPathHelp": "如果这个文件夹在你的网络上是共享的，提供这个网络共享地址能够允许其他设备上的 Jellyfin 应用程序直接访问媒体文件。",
    "LabelOriginalAspectRatio": "原始长宽比：",
    "LabelOriginalTitle": "原标题：",
    "LabelOverview": "内容概述：",
    "LabelParentNumber": "父编号：",
    "LabelParentalRating": "家长分级：",
    "LabelPassword": "密码：",
    "LabelPasswordConfirm": "密码 (确认)：",
    "LabelPasswordRecoveryPinCode": "PIN码：",
    "LabelPath": "路径：",
    "LabelPersonRole": "角色：",
    "LabelPlaceOfBirth": "出生地：",
    "LabelPlayDefaultAudioTrack": "播放默认音轨无论是什么语言",
    "LabelPlaylist": "播放列表：",
    "LabelPostProcessor": "后处理应用程序:",
    "LabelPostProcessorArguments": "处理器后命令行参数:",
    "LabelPostProcessorArgumentsHelp": "使用 {path} 作为录制文件的路径。",
    "LabelPreferredDisplayLanguage": "首选显示语言：",
    "LabelPreferredDisplayLanguageHelp": "Jellyfin的翻译工作是一个不断推进的工程项目。",
    "LabelPreferredSubtitleLanguage": "字幕语言偏好：",
    "LabelPrevious": "上一个",
    "LabelProfileAudioCodecs": "音频编解码器：",
    "LabelProfileCodecs": "编解码器：",
    "LabelProfileCodecsHelp": "以逗号分隔。留空则适用于所有编解码器。",
    "LabelProfileContainer": "媒体载体：",
    "LabelProfileContainersHelp": "以逗号分隔。留空则适用于所有媒体载体。",
    "LabelProfileVideoCodecs": "视频编解码器：",
    "LabelProtocol": "协议：",
    "LabelProtocolInfo": "协议信息：",
    "LabelProtocolInfoHelp": "当响应来自设备的 GetProtocolInfo（获取协议信息）请求时，该值将被使用。",
    "LabelPublicHttpPort": "公开 HTTP 端口号：",
    "LabelPublicHttpPortHelp": "映射到本地 HTTP 端口的公开端口号。",
    "LabelPublicHttpsPort": "公开 HTTPS 端口号：",
    "LabelPublicHttpsPortHelp": "映射到本地 HTTPS 端口的公开端口号。",
    "LabelReadHowYouCanContribute": "学习如何构建。",
    "LabelReasonForTranscoding": "转码的原因：",
    "LabelRecord": "录制：",
    "LabelRecordingPath": "默认录制路径：",
    "LabelRecordingPathHelp": "指定一个默认位置用于存储转码文件。如果该位置留空，服务器的程序数据文件夹将被使用。",
    "LabelRefreshMode": "刷新模式：",
    "LabelReleaseDate": "发行日期：",
    "LabelRemoteAccessUrl": "远程 (公网) 访问：{0}",
    "LabelRemoteClientBitrateLimit": "互联网流媒体传输比特率限制（Mbps）：",
    "LabelRemoteClientBitrateLimitHelp": "所有网络设备都有一个可选的每流比特率限制。这对于防止设备请求比 internet 连接所能处理的更高的比特率非常有用。这可能会导致服务器上的 CPU 负载增加, 以便将视频转码到较低的比特率。",
    "LabelRunningOnPort": "正运行于 HTTP 端口 {0}.",
    "LabelRunningOnPorts": "正运行于HTTP端口 {0}，和 HTTPS 端口{1}.",
    "LabelRuntimeMinutes": "播放时长（分钟）：",
    "LabelSaveLocalMetadata": "将媒体图像保存到媒体所在文件夹",
    "LabelSaveLocalMetadataHelp": "直接将媒体图像保存到媒体所在文件夹以方便编辑。",
    "LabelScheduledTaskLastRan": "最后运行 {0}, 花费时间 {1}.",
    "LabelScreensaver": "屏幕保护：",
    "LabelSeasonNumber": "季号：",
    "LabelSecureConnectionsMode": "安全连接模式：",
    "LabelSelectUsers": "选择用户：",
    "LabelSelectVersionToInstall": "选择安装版本：",
    "LabelSendNotificationToUsers": "发送通知至：",
    "LabelSerialNumber": "序列号",
    "LabelSeriesRecordingPath": "电视剧录制路径 (可选的)：",
    "LabelServerHost": "主机：",
    "LabelServerHostHelp": "192.168.1.100 或 https://myserver.com",
    "LabelServerPort": "端口：",
    "LabelSimultaneousConnectionLimit": "并发流限制：",
    "LabelSkin": "皮肤：",
    "LabelSkipBackLength": "跳过长度：",
    "LabelSkipForwardLength": "快进长度",
    "LabelSkipIfAudioTrackPresent": "如果默认音轨的语言和下载语言一样则跳过",
    "LabelSkipIfAudioTrackPresentHelp": "取消此选项，则确保所有的视频都下载字幕，无论音频语言是否一致。",
    "LabelSkipIfGraphicalSubsPresent": "跳过带内嵌字幕的视频",
    "LabelSkipIfGraphicalSubsPresentHelp": "保持字幕的文本版本将导致更有效的传递和降低视频转码的可能性。",
    "LabelSonyAggregationFlags": "索尼聚合标志：",
    "LabelSonyAggregationFlagsHelp": "决定在 urn:schemas-dlna-org:device-1-0 namespace 中的\n aggregationFlags 元素的内容。",
    "LabelSortBy": "排序方式",
    "LabelSortOrder": "排序顺序",
    "LabelSortTitle": "短标题：",
    "LabelSoundEffects": "音效：",
    "LabelSource": "来源：",
    "LabelSpecialSeasonsDisplayName": "SP 季显示的名称：",
    "LabelSportsCategories": "体育分类：",
    "LabelStartWhenPossible": "当可能时自动开始：",
    "LabelStatus": "状态：",
    "LabelStopWhenPossible": "当可能时自动停止：",
    "LabelStopping": "停止",
    "LabelSubtitleDownloaders": "字幕下载器：",
    "LabelSubtitleFormatHelp": "例如：SRT",
    "LabelSubtitlePlaybackMode": "字幕模式：",
    "LabelSubtitles": "字幕：",
    "LabelSupportedMediaTypes": "支持的媒体类型：",
    "LabelTVHomeScreen": "TV 模式主屏幕：",
    "LabelTag": "标签：",
    "LabelTagline": "口号：",
    "LabelTextBackgroundColor": "文本背景色：",
    "LabelTextColor": "文本颜色：",
    "LabelTextSize": "文本大小：",
    "LabelTheme": "主题：",
    "LabelTime": "时间：",
    "LabelTimeLimitHours": "时间限制（小时）：",
    "LabelTitle": "标题：",
    "LabelTrackNumber": "音轨号码：",
    "LabelTranscodingAudioCodec": "音频编解码器：",
    "LabelTranscodingContainer": "媒体载体",
    "LabelTranscodingTempPathHelp": "此文件夹包含用于转码的工作文件。请自定义路径，或留空以使用默认的服务器数据文件夹。",
    "LabelTranscodingThreadCount": "转码线程数：",
    "LabelTranscodingThreadCountHelp": "选择转码时使用的最大线程数。\n减少线程数量将会降低CPU使用率，可能无法快速进行转换并流畅的播放。",
    "LabelTranscodingVideoCodec": "视频编解码器：",
    "LabelTriggerType": "触发类型：",
    "LabelTunerIpAddress": "调谐器 IP 地址：",
    "LabelTunerType": "调谐器类型：",
    "LabelType": "类型：",
    "LabelTypeMetadataDownloaders": "{0}元数据下载器",
    "LabelTypeText": "文本",
    "LabelUseNotificationServices": "使用以下服务：",
    "LabelUser": "用户：",
    "LabelUserAgent": "用户代理:",
    "LabelUserLibrary": "用户媒体库",
    "LabelUserLibraryHelp": "选择一个在设备上显示的用户媒体库。留空则使用默认设置。",
    "LabelUserRemoteClientBitrateLimitHelp": "这将会覆盖服务器“播放”设置中为全局设置的默认值。",
    "LabelUsername": "用户名：",
    "LabelVaapiDevice": "VA API 设备：",
    "LabelVaapiDeviceHelp": "此渲染节点用来硬件加速。",
    "LabelValue": "数值：",
    "LabelVersion": "版本：",
    "LabelVersionInstalled": "{0} 已安装",
    "LabelVersionNumber": "版本 {0}",
    "LabelXDlnaCap": "X-DLNA CAP：",
    "LabelXDlnaCapHelp": "决定在 urn:schemas-dlna-org:device-1-0 namespace 中的 X_DLNACAP 元素的内容。",
    "LabelXDlnaDoc": "X-DLNA DOC：",
    "LabelXDlnaDocHelp": "决定在 urn:schemas-dlna-org:device-1-0 namespace 中的 X-Dlna doc 元素的内容。",
    "LabelYear": "年份：",
    "LabelYourFirstName": "你的名字：",
    "LabelYoureDone": "完成！",
    "LabelZipCode": "邮编：",
    "LabelffmpegPath": "FFmpeg 路径：",
    "LabelffmpegPathHelp": "FFmpeg 应用程序的文件，或者包含了 FFmpeg 的文件夹的路径。",
    "LanNetworksHelp": "在强制带宽限制时, 将在本地网络上考虑的网络的 ip 地址或 ip/网络掩码条目的逗号分隔列表。如果设置, 所有其他 IP 地址将被视为在外部网络上, 并且将受到外部带宽限制。如果保留为空, 则只将服务器的子网视为本地网络。",
    "Large": "大",
    "LatestFromLibrary": "最新的{0}",
    "LearnHowToCreateSynologyShares": "了解如何在Synology NAS中共享文件夹。",
    "LearnHowYouCanContribute": "学习如何构建。",
    "LibraryAccessHelp": "选择共享给此用户的媒体文件夹。管理员能使用媒体资料管理器来编辑所有文件夹。",
    "Like": "喜欢",
    "List": "列表",
    "Live": "直播",
    "ManageLibrary": "管理媒体库",
    "MapChannels": "映射频道",
    "MarkPlayed": "标为已播放",
    "MarkUnplayed": "标为未播放",
    "MaxParentalRatingHelp": "高级别内容将对此用户隐藏。",
    "MediaInfoAnamorphic": "畸形",
    "MediaInfoAspectRatio": "长宽比",
    "MediaInfoBitDepth": "位深度",
    "MediaInfoBitrate": "比特率",
    "MediaInfoChannels": "声道",
    "MediaInfoCodec": "编码",
    "MediaInfoCodecTag": "编码标签",
    "MediaInfoContainer": "容器",
    "MediaInfoDefault": "默认",
    "MediaInfoExternal": "外部",
    "MediaInfoForced": "强制",
    "MediaInfoFramerate": "帧率",
    "MediaInfoInterlaced": "隔行扫描",
    "MediaInfoLanguage": "语言",
    "MediaInfoLayout": "布局",
    "MediaInfoLevel": "等级",
    "MediaInfoPath": "路径",
    "MediaInfoPixelFormat": "像素格式",
    "MediaInfoProfile": "配置",
    "MediaInfoRefFrames": "参考帧",
    "MediaInfoResolution": "分辨率",
    "MediaInfoSampleRate": "采样率",
    "MediaInfoSize": "大小",
    "MediaInfoTimestamp": "时间戳",
    "MediaIsBeingConverted": "媒体正在被转换成与正在播放该媒体的设备兼容的格式。",
    "MessageAlreadyInstalled": "此版本已安装完成。",
    "MessageAreYouSureDeleteSubtitles": "你确定希望删除此字幕文件？",
    "MessageAreYouSureYouWishToRemoveMediaFolder": "你确定希望移除此媒体文件夹？",
    "MessageConfirmDeleteGuideProvider": "你确定要删除此指南提供商？",
    "MessageConfirmDeleteTunerDevice": "你确定要删除此设备吗？",
    "MessageConfirmProfileDeletion": "你确定希望删除此配置文件？",
    "MessageConfirmRecordingCancellation": "取消录制？",
    "MessageConfirmRemoveMediaLocation": "你确定要移除此位置？",
    "MessageConfirmRestart": "你确定要重启 Jellyfin 服务端？",
    "MessageConfirmRevokeApiKey": "你确定你希望撤销这个 API 秘钥吗？这个应用程序与 Jellyfin 服务器的连接将会被立刻中断。",
    "MessageConfirmShutdown": "你确定要关闭 Jellyfin 服务端？",
    "MessageContactAdminToResetPassword": "请联系你的管理员以重置你的密码。",
    "MessageCreateAccountAt": "在 {0} 创建帐户",
    "MessageDeleteTaskTrigger": "你确定删除这个任务触发条件？",
    "MessageDirectoryPickerBSDInstruction": "对于 BSD 系统，你需要设置包含你的 FreeNAS Jail 虚拟机的存储以允许 Jellyfin 访问它。",
    "MessageDirectoryPickerInstruction": "网络按钮无法找到你的设备的情况下，网络路径可以手动输入。 例如， {0} 或者 {1}。",
    "MessageDirectoryPickerLinuxInstruction": "对于 Arch Linux 上的 Linux 或是 CentOS、Debian、Fedora、OpenSuse、Ubuntu 这些系统，你必须授权 Jellyfin 系统用户至少拥有你存储位置的读取权限。",
    "MessageDownloadQueued": "下载已列队。",
    "MessageEnablingOptionLongerScans": "启用此选项可能会大大延长媒体库扫描时间。",
    "MessageFileReadError": "读取文件发生错误。",
    "MessageForgotPasswordFileCreated": "已在服务器上创建了以下文件, 并包含有关后续步骤说明:",
    "MessageForgotPasswordInNetworkRequired": "请连接你的家庭网络后再试一次以开始密码重置流程。",
    "MessageInstallPluginFromApp": "这个插件必须从你打算使用的应用程序中安装。",
    "MessageInvalidForgotPasswordPin": "你输入了一个无效的或过期的 pin 码。请再试一次。",
    "MessageInvalidUser": "用户名或密码不可用。请重试。",
    "MessageItemSaved": "项目已保存。",
    "MessageItemsAdded": "项目已添加。",
    "MessageLeaveEmptyToInherit": "留空则继承父项或全局默认值设置。",
    "MessageNoAvailablePlugins": "没有可用的插件。",
    "MessageNoMovieSuggestionsAvailable": "没有可用的电影建议。开始观看你的电影并进行评分，再回过头来查看你的建议。",
    "MessageNoPluginsInstalled": "你没有安装插件。",
    "MessageNoServersAvailableToConnect": "没有服务器可以连接。如果你收到一个服务器共享邀请，请确保你已经通过点击下方按钮或发送到你邮箱内的链接以接受邀请。",
    "MessageNoTrailersFound": "未发现任何预告片。安装 Trailer channel 以通过添加一个网络预告片媒体库来增强你的电影体验。",
    "MessageNothingHere": "这里没有可显示的内容。",
    "MessagePasswordResetForUsers": "下列用户的密码已经被移除，之后请使用空密码登录。",
    "MessagePleaseEnsureInternetMetadata": "请确认已启用从网络上下载媒体资料的选项。",
    "MessagePleaseWait": "请稍等。这将花费大约1分钟的时间。",
    "MessagePluginConfigurationRequiresLocalAccess": "请直接登录你的本地服务器以设置这个插件。",
    "MessagePluginInstallDisclaimer": "安装 Jellyfin 社区成员构建的插件来获取额外的功能是增强你的 Jellyfin 体验的一种很好的方式。但在安装之前请意识到他们可能会对你的 Jellyfin 服务器造成的影响，如更长的媒体库扫描时间、额外的背景数据加工、降低系统稳定性等。",
    "MessageReenableUser": "请参阅以下以重新启用",
    "MessageSettingsSaved": "设置已保存。",
    "MessageTheFollowingLocationWillBeRemovedFromLibrary": "以下媒体路径将从你的 Jellyfin 媒体库移除：",
    "MessageUnableToConnectToServer": "现在无法连接所选择的服务器，请确保该服务器目前正在运行。",
    "MessageUnsetContentHelp": "内容将显示为纯文件夹。为取得最佳效果, 请使用元数据管理器设置子文件夹的内容类型。",
    "MessageYouHaveVersionInstalled": "你目前安装了 {0} 版本。",
    "Metadata": "元数据",
    "MetadataManager": "媒体资料管理器",
    "MetadataSettingChangeHelp": "更改元数据设置将影响添加的新内容。要刷新现有内容, 请打开详细信息屏幕并单击 \"刷新\" 按钮, 或使用元数据管理器执行批量刷新。",
    "MinutesAfter": "分钟后",
    "MinutesBefore": "分钟前",
    "Mobile": "手机/平板",
    "Monday": "星期一",
    "More": "更多",
    "MoreFromValue": "更多来自 {0}",
    "MoreUsersCanBeAddedLater": "稍后可以在控制台中添加更多用户。",
    "MoveLeft": "左移",
    "MoveRight": "右移",
    "MovieLibraryHelp": "回顾{0}Jellyfin 电影命名指南{1}。",
    "Movies": "电影",
    "Mute": "静音",
    "MySubtitles": "我的字幕",
    "Name": "名称",
    "Never": "从不",
    "NewCollection": "新收藏",
    "NewCollectionHelp": "“收藏”允许你为电影和其他媒体库内容创建个性化分组。",
    "NewCollectionNameExample": "例如：星球大战收藏",
    "NewEpisodes": "新剧集",
    "NewEpisodesOnly": "只新集",
    "News": "新闻",
    "Next": "下一个",
    "NextUp": "下一步",
    "No": "否",
    "NoNewDevicesFound": "找不到新设备。要添加新调谐器, 请关闭此对话框并手动输入设备信息。",
    "NoNextUpItemsMessage": "没有发现。开始看你的节目！",
    "NoPluginConfigurationMessage": "此插件没有配置选项。",
    "NoSubtitleSearchResultsFound": "未找到结果。",
    "NoSubtitles": "无字幕",
    "NoSubtitlesHelp": "字幕将默认不被加载，但你仍然可以在播放时手动打开字幕。",
    "None": "无",
    "Normal": "普通",
    "NumLocationsValue": "{0} 个文件夹",
    "OneChannel": "一个频道",
    "OnlyForcedSubtitles": "只显示强制字幕",
    "OnlyForcedSubtitlesHelp": "只有被标记为“强制”的字幕会被加载。",
    "OnlyImageFormats": "仅图像格式（VOBSUB, PGS, SUB/IDX 等）",
    "OpenSubtitleInstructions": "您需要在Jellyfin Server仪表板的Open Subtitles配置屏幕上配置Open Subtitles帐户信息。",
    "OptionAdminUsers": "管理员",
    "OptionAlbum": "专辑",
    "OptionAlbumArtist": "专辑艺术家",
    "OptionAllUsers": "所有用户",
    "OptionAllowAudioPlaybackTranscoding": "允许播放需要转码的音频",
    "OptionAllowBrowsingLiveTv": "允许访问电视直播",
    "OptionAllowContentDownloading": "允许媒体下载和同步",
    "OptionAllowLinkSharing": "允许社交媒体共享",
    "OptionAllowLinkSharingHelp": "只有网页包含的媒体信息会被共享。媒体文件不会被公开共享。共享是有时间限制的并且会在 {0} 天后到期。",
    "OptionAllowManageLiveTv": "允许电视直播录制管理",
    "OptionAllowMediaPlayback": "允许播放媒体",
    "OptionAllowMediaPlaybackTranscodingHelp": "由于不支持的媒体格式, 限制对代码转换的访问可能会导致 Jellyfin 应用程序中的播放失败。",
    "OptionAllowRemoteControlOthers": "允许其他用户全程控制",
    "OptionAllowRemoteSharedDevices": "允许远程控制共享的设备",
    "OptionAllowRemoteSharedDevicesHelp": "DLNA 在有用户对它进行控制前设备被视为是共享的。",
    "OptionAllowSyncTranscoding": "允许需要转码的媒体下载和同步",
    "OptionAllowUserToManageServer": "运行此用户管理服务器",
    "OptionAllowVideoPlaybackRemuxing": "允许播放需转换但无需重新编码的视频",
    "OptionAllowVideoPlaybackTranscoding": "允许播放需要转码的视频",
    "OptionArtist": "艺术家",
    "OptionAscending": "升序",
    "OptionAuto": "自动",
    "OptionAutomatic": "自动",
    "OptionAutomaticallyGroupSeries": "自动合并分布在不同文件夹的电视剧",
    "OptionAutomaticallyGroupSeriesHelp": "如果启用，分布在这个媒体库的多个文件夹中的同一部电视剧将会自动整合成一部电视剧。",
    "OptionBlockBooks": "书籍",
    "OptionBlockChannelContent": "互联网频道内容",
    "OptionBlockLiveTvChannels": "电视直播频道",
    "OptionBlockMovies": "电影",
    "OptionBlockMusic": "音乐",
    "OptionBlockTrailers": "预告片",
    "OptionBlockTvShows": "电视节目",
    "OptionBluray": "蓝光",
    "OptionCaptionInfoExSamsung": "CaptionInfoEx（三星）",
    "OptionCommunityRating": "公众评分",
    "OptionContinuing": "继续",
    "OptionCriticRating": "影评人评分",
    "OptionCustomUsers": "自定义",
    "OptionDaily": "每日",
    "OptionDateAdded": "加入日期",
    "OptionDateAddedFileTime": "使用文件创建日期",
    "OptionDateAddedImportTime": "使用加入媒体库时的扫描日期",
    "OptionDatePlayed": "播放日期",
    "OptionDescending": "降序",
    "OptionDisableUser": "禁用此用户",
    "OptionDisableUserHelp": "如果禁用该用户，服务器将不允许该用户连接。现有的连接将被终止。",
    "OptionDislikes": "不喜欢",
    "OptionDisplayFolderView": "显示一个“文件夹”类别用于按文件夹分类浏览你的媒体文件夹",
    "OptionDisplayFolderViewHelp": "如果启用此项，Jellyfin 应用程序将在你的媒体库列表中显示一个“文件夹”类别。如果你有按文件夹分类进行浏览的需求，这个功能将是有帮助的。",
    "OptionDownloadArtImage": "艺术图",
    "OptionDownloadBackImage": "包装背面",
    "OptionDownloadBannerImage": "横幅",
    "OptionDownloadBoxImage": "包装",
    "OptionDownloadDiscImage": "光盘",
    "OptionDownloadImagesInAdvance": "提前下载图片",
    "OptionDownloadImagesInAdvanceHelp": "默认下，大部分图片只有在 Jellyfin 应用程序请求时下载。开启此选项将随着媒体导入时下载所有图片。这可能需要更久媒体库扫描时间。",
    "OptionDownloadMenuImage": "菜单",
    "OptionDownloadPrimaryImage": "封面图",
    "OptionDownloadThumbImage": "缩略图",
    "OptionDvd": "DVD",
    "OptionEmbedSubtitles": "在载体中嵌入",
    "OptionEnableAccessFromAllDevices": "允许所有设备访问",
    "OptionEnableAccessToAllChannels": "允许访问所有频道",
    "OptionEnableAccessToAllLibraries": "允许访问所有媒体库",
    "OptionEnableAutomaticServerUpdates": "开启自动服务器更新",
    "OptionEnableExternalContentInSuggestions": "在建议中启用外部内容。",
    "OptionEnableExternalContentInSuggestionsHelp": "允许建议的内容中包含互联网预告片和电视直播节目。",
    "OptionEnableForAllTuners": "给所有调谐器开启",
    "OptionEnableM2tsMode": "启用M2ts模式",
    "OptionEnableM2tsModeHelp": "当编码为MPEGTS启用M2TS模式。",
    "OptionEnded": "完结",
    "OptionEquals": "等于",
    "OptionEstimateContentLength": "转码时，估计内容长度",
    "OptionEveryday": "每天",
    "OptionExternallyDownloaded": "外部下载",
    "OptionExtractChapterImage": "开启章节图像提取",
    "OptionFavorite": "我的最爱",
    "OptionFriday": "星期五",
    "OptionHasSpecialFeatures": "特殊功能",
    "OptionHasSubtitles": "字幕",
    "OptionHasThemeSong": "主题曲",
    "OptionHasThemeVideo": "主题视频",
    "OptionHasTrailer": "预告片",
    "OptionHideUser": "从登陆页面隐藏此用户",
    "OptionHideUserFromLoginHelp": "这个选项对于私人账户或是希望隐藏管理员账户的人是有帮助的。用户在登录时需要手动输入他们的用户名和密码。",
    "OptionHlsSegmentedSubtitles": "Hls分段字幕",
    "OptionHomeVideos": "家庭视频与照片",
    "OptionIgnoreTranscodeByteRangeRequests": "忽略转码字节范围请求",
    "OptionIgnoreTranscodeByteRangeRequestsHelp": "如果启用，这些请求会被兑现，但会忽略的字节范围标头。",
    "OptionImdbRating": "IMDb 评分",
    "OptionIsHD": "HD高清",
    "OptionIsSD": "SD标清",
    "OptionLikes": "喜欢",
    "OptionMax": "最大",
    "OptionMissingEpisode": "缺少的剧集",
    "OptionMonday": "星期一",
    "OptionNameSort": "名字",
    "OptionNew": "更新...",
    "OptionNone": "没有",
    "OptionOnAppStartup": "在程序启动时",
    "OptionOnInterval": "在一个期间",
    "OptionParentalRating": "家长分级",
    "OptionPlainStorageFolders": "显示所有文件夹作为一般存储文件夹",
    "OptionPlainStorageFoldersHelp": "如果启用，所有文件夹在DIDL中显示为“ object.container.storageFolder ”，而不是一个更具体的类型，如“ object.container.person.musicArtist ” 。",
    "OptionPlainVideoItems": "显示所有视频为一般视频项目",
    "OptionPlainVideoItemsHelp": "如果启用，所有视频在DIDL中显示为“object.item.videoItem”，而不是一个更具体的类型，如“object.item.videoItem.movie ” 。",
    "OptionPlayCount": "播放次数",
    "OptionPlayed": "已播放",
    "OptionPremiereDate": "首映日期",
    "OptionProfileAudio": "音频",
    "OptionProfilePhoto": "图片",
    "OptionProfileVideo": "视频",
    "OptionProfileVideoAudio": "视频音频",
    "OptionProtocolHls": "HTTP 直播串流",
    "OptionProtocolHttp": "HTTP",
    "OptionRegex": "正则表达式",
    "OptionReleaseDate": "发行日期",
    "OptionReportByteRangeSeekingWhenTranscoding": "转码时，报告服务器支持的字节查询",
    "OptionReportByteRangeSeekingWhenTranscodingHelp": "这是一些设备必需的，不用赶时间。",
    "OptionRequirePerfectSubtitleMatch": "只下载与我的视频文件完美匹配的字幕",
    "OptionRequirePerfectSubtitleMatchHelp": "需要一个完美的匹配将过滤字幕, 只包括那些已经测试和验证与您的确切视频文件。取消选中此项将增加字幕下载的可能性, 但会增加不合时宜或不正确字幕文本的几率。",
    "OptionResElement": "res 元素",
    "OptionResumable": "可恢复播放",
    "OptionRuntime": "播放时长",
    "OptionSaturday": "星期六",
    "OptionSaveMetadataAsHidden": "保存媒体资料和图像为隐藏文件",
    "OptionSaveMetadataAsHiddenHelp": "更改此项将适用于保存向前的新元数据。在下次 Jellyfin 服务器保存时, 现有元数据文件将被更新。",
    "OptionSpecialEpisode": "特集",
    "OptionSubstring": "子串",
    "OptionSunday": "星期天",
    "OptionThursday": "星期四",
    "OptionTrackName": "曲目名称",
    "OptionTuesday": "星期二",
    "OptionTvdbRating": "Tvdb 评分",
    "OptionUnairedEpisode": "尚未发布的剧集",
    "OptionUnplayed": "未播放",
    "OptionWakeFromSleep": "从睡眠中唤醒",
    "OptionWednesday": "星期三",
    "OptionWeekdays": "工作日",
    "OptionWeekends": "周末",
    "OptionWeekly": "每周",
    "OriginalAirDateValue": "首映日期：{0}",
    "Overview": "概述",
    "PackageInstallCancelled": "{0} 安装被取消。",
    "PackageInstallCompleted": "{0} 安装完成。",
    "PackageInstallFailed": "{0} 安装失败。",
    "ParentalRating": "家长分级",
    "PasswordMatchError": "密码和确认密码必须匹配。",
    "PasswordResetComplete": "密码已重置",
    "PasswordResetConfirmation": "你确定要重置密码？",
    "PasswordResetHeader": "密码重置",
    "PasswordSaved": "密码已保存。",
    "People": "人物",
    "PerfectMatch": "最佳匹配",
    "Photos": "照片",
    "PictureInPicture": "画中画",
    "PinCodeResetComplete": "PIN码已被重置。",
    "PinCodeResetConfirmation": "你确定要重置PIN码？",
    "Play": "播放",
    "PlayAllFromHere": "这里的全部内容都开始播放",
    "PlayCount": "播放次数",
    "PlayFromBeginning": "从头播放",
    "Played": "已播放",
    "Playlists": "播放列表",
    "PleaseAddAtLeastOneFolder": "请点击添加按钮，添加至少一个文件夹到这个媒体库。",
    "PleaseConfirmPluginInstallation": "请点击“OK”以确认你已经阅读了上述内容并希望继续插件安装进程。",
    "PleaseEnterNameOrId": "请输入一个名称或一个外部ID。",
    "PleaseRestartServerName": "请重启 Jellyfin 服务器 - {0}。",
    "PleaseSelectTwoItems": "请至少选择2个项目。",
    "PluginInstalledMessage": "这个插件已经被成功安装。Jellyfin 服务器需要重启以使该插件生效。",
    "PluginTabAppClassic": "Jellyfin for Windows Media Center 版本",
    "PreferEmbeddedTitlesOverFileNames": "优先使用内置的标题而不是文件名",
    "PreferEmbeddedTitlesOverFileNamesHelp": "这将在没有 internet 元数据或本地元数据可用时确定默认显示标题。",
    "PreferredNotRequired": "首选，但不是必需的",
    "Premiere": "首映",
    "Previous": "上一个",
    "Primary": "封面图",
    "Producer": "制片人",
    "ProductionLocations": "产地",
    "Programs": "节目",
    "Quality": "质量",
    "QueueAllFromHere": "这里的全部内容都加入队列",
    "Rate": "评级",
    "RecentlyWatched": "最近观看",
    "RecommendationBecauseYouLike": "因为你喜欢 {0}",
    "RecommendationBecauseYouWatched": "因为你看过 {0}",
    "RecommendationDirectedBy": "导演 {0}",
    "RecommendationStarring": "主演 {0}",
    "Record": "录制",
    "RecordSeries": "录制电视剧",
    "RecordingCancelled": "录制已取消。",
    "RecordingPathChangeMessage": "更改录制文件夹不会将现有录制从旧位置迁移到新的。您需要手动移动它们 (如果需要)。",
    "RecordingScheduled": "录制计划",
    "Refresh": "刷新",
    "RefreshMetadata": "刷新元数据",
    "RefreshQueued": "列队已刷新。",
    "ReleaseDate": "发行日期",
    "RememberMe": "记住我",
    "RemoveFromCollection": "从收藏中移除",
    "RemoveFromPlaylist": "从播放列表中移除",
    "Repeat": "重播",
    "RepeatAll": "全部循环",
    "RepeatMode": "循环模式",
    "RepeatOne": "单项循环",
    "ReplaceAllMetadata": "覆盖所有元数据",
    "ReplaceExistingImages": "替换现有图片",
    "RequiredForAllRemoteConnections": "所有远程连接都需要",
    "ResumeAt": "恢复播放于{0}",
    "Rewind": "倒回",
    "RunAtStartup": "开机时启动",
    "Runtime": "播放时长",
    "Saturday": "星期六",
    "Save": "储存",
    "SaveSubtitlesIntoMediaFolders": "保存字幕到媒体所在文件夹",
    "SaveSubtitlesIntoMediaFoldersHelp": "将字幕存储在视频文件旁边可以跟方便的管理他们。",
    "ScanForNewAndUpdatedFiles": "扫描新的和有修改的文件",
    "ScanLibrary": "扫描媒体库",
    "Screenshots": "截图",
    "Search": "搜索",
    "SearchForCollectionInternetMetadata": "在互联网上搜索媒体图像和资料",
    "SearchForMissingMetadata": "搜索缺少的元数据",
    "SearchForSubtitles": "搜索字幕",
    "SearchResults": "搜索结果",
    "SendMessage": "发送消息",
    "Series": "电视剧",
    "SeriesCancelled": "电视剧已取消",
    "SeriesRecordingScheduled": "电视剧录制计划",
    "SeriesSettings": "系列设定",
    "SeriesYearToPresent": "{0} - 现在",
    "ServerNameIsRestarting": "Jellyfin Server - {0} 重启中。",
    "ServerNameIsShuttingDown": "Jellyfin 服务器 - {0} 正在关闭。",
    "ServerRestartNeededAfterPluginInstall": "安装插件后，Jellyfin 服务器需要重启以使插件生效。",
    "ServerUpdateNeeded": "Jellyfin 服务器需要更新，请访问 {0} 以下载最新的版本。",
    "Settings": "设置",
    "SettingsSaved": "设置已保存。",
    "SettingsWarning": "更改这些值可能会导致不稳定或连接故障。如果您遇到任何问题, 我们建议将它们重新更改为默认值。",
    "Share": "共享",
    "ShowAdvancedSettings": "显示高级设置",
    "ShowTitle": "显示标题",
    "Shuffle": "随机播放",
    "SimultaneousConnectionLimitHelp": "允许的并发流的最大数量。输入0表示无限制。",
    "SkipEpisodesAlreadyInMyLibrary": "不录制我的媒体库里已存在的剧集",
    "Small": "小",
    "Smart": "智能模式",
    "SmartSubtitlesHelp": "当音频为外语时，将加载与语言偏好匹配的字幕。",
    "Songs": "歌曲",
    "Sort": "排序",
    "SortByValue": "排序方式：{0}",
    "SortChannelsBy": "频道排序方式：",
    "SortName": "排序名称",
    "Sports": "体育",
    "StopRecording": "停止录制",
    "Studios": "工作室",
    "SubtitleAppearanceSettingsAlsoPassedToCastDevices": "这些设定也会被应用于任何通过此设备发起的 Chromecast 播放。",
    "SubtitleAppearanceSettingsDisclaimer": "这些设置将不会应用于图形字幕（如 PGS,DVD 等），或者一些有着自己的内置式样的字幕（ASS/SSA)。",
    "SubtitleDownloadersHelp": "按优先顺序启用并排列您的首选字幕下载程序。",
    "Subtitles": "字幕",
    "Suggestions": "建议",
    "Sunday": "星期天",
    "Sync": "同步",
    "SystemDlnaProfilesHelp": "系统配置为只读，更改系统配置将保持为新的自定义配置文件。",
    "TV": "电视",
    "TabAccess": "访问",
    "TabAdvanced": "高级",
    "TabAlbumArtists": "专辑艺术家",
    "TabAlbums": "专辑",
    "TabArtists": "艺术家",
    "TabCatalog": "目录",
    "TabChannels": "频道",
    "TabCodecs": "编解码器",
    "TabCollections": "收藏",
    "TabContainers": "媒体载体",
    "TabDashboard": "控制台",
    "TabDevices": "设备",
    "TabDirectPlay": "直接播放",
    "TabDisplay": "显示",
    "TabEpisodes": "剧集",
    "TabExpert": "专家",
    "TabFavorites": "我的最爱",
    "TabGenres": "风格",
    "TabGuide": "指南",
    "TabHomeScreen": "主屏幕",
    "TabHosting": "主机",
    "TabInfo": "信息",
    "TabLatest": "最新",
    "TabLibrary": "媒体库",
    "TabLiveTV": "电视直播",
    "TabLogs": "日志",
    "TabMetadata": "元数据",
    "TabMovies": "电影",
    "TabMusic": "音乐",
    "TabMusicVideos": "音乐视频",
    "TabMyPlugins": "我的插件",
    "TabNetworks": "网络",
    "TabNfoSettings": "Nfo 设定",
    "TabNotifications": "通知",
    "TabOther": "其他",
    "TabParentalControl": "家长控制",
    "TabPassword": "密码",
    "TabPlayback": "播放",
    "TabPlaylist": "播放列表",
    "TabPlaylists": "播放列表",
    "TabPlugins": "插件",
    "TabProfile": "个人配置",
    "TabProfiles": "配置",
    "TabRecordings": "录制",
    "TabResponses": "响应",
    "TabResumeSettings": "恢复设置",
    "TabScheduledTasks": "计划任务",
    "TabSecurity": "安全措施",
    "TabSeries": "电视剧",
    "TabServer": "服务器",
    "TabSettings": "设置",
    "TabShows": "节目",
    "TabSongs": "歌曲",
    "TabStreaming": "流媒体传输",
    "TabSuggestions": "建议",
    "TabTrailers": "预告片",
    "TabTranscoding": "转码",
    "TabUpcoming": "即将发布",
    "TabUsers": "用户",
    "Tags": "标签",
    "TellUsAboutYourself": "请介绍一下你自己",
    "ThemeSongs": "主题曲",
    "ThemeVideos": "主题视频",
    "TheseSettingsAffectSubtitlesOnThisDevice": "这些设置仅影响该设备的字幕显示",
    "ThisWizardWillGuideYou": "该向导将指导你完成安装过程。首先，请选择你的语言。",
    "Thumb": "缩略图",
    "Thursday": "星期四",
    "TitleHardwareAcceleration": "硬件加速",
    "TitleHostingSettings": "主机设置",
    "TitlePlayback": "播放",
    "TrackCount": "{0} 个音轨",
    "Trailers": "预告片",
    "Transcoding": "转码",
    "Tuesday": "星期二",
    "TvLibraryHelp": "回顾{0}Jellyfin 电视节目命名指南{1}。",
    "UninstallPluginConfirmation": "你确定要卸载 {0}?",
    "UninstallPluginHeader": "卸载插件",
    "Unmute": "取消静音",
    "Unplayed": "未播放",
    "Unrated": "未分级",
    "Up": "上",
    "Upload": "上传",
    "UserAgentHelp": "如果需要, 提供自定义用户代理 http 标头。",
    "UserProfilesIntro": "Jellyfin 集成了对用户资料的支持，允许每个用户分别配置自己的显示设置、播放模式和家长控制。",
    "ValueAlbumCount": "{0} 张专辑",
    "ValueAudioCodec": "音频编解码器： {0}",
    "ValueCodec": "编解码器：{0}",
    "ValueConditions": "条件： {0}",
    "ValueContainer": "媒体载体： {0}",
    "ValueDiscNumber": "盘 {0}",
    "ValueEpisodeCount": "{0} 集",
    "ValueMinutes": "{0} 分钟",
    "ValueMovieCount": "{0} 个电影",
    "ValueMusicVideoCount": "{0} 个音乐视频",
    "ValueOneAlbum": "1张专辑",
    "ValueOneEpisode": "1 集",
    "ValueOneMovie": "1 个电影",
    "ValueOneMusicVideo": "1个音乐视频",
    "ValueOneSeries": "1 个系列",
    "ValueOneSong": "1首歌",
    "ValueSeriesCount": "{0} 个系列",
    "ValueSongCount": "{0} 首歌",
    "ValueSpecialEpisodeName": "特典 - {0}",
    "ValueTimeLimitMultiHour": "时间限制：{0} 小时",
    "ValueTimeLimitSingleHour": "时间限制：1 小时",
    "ValueVideoCodec": "视频编解码器： {0}",
    "ViewAlbum": "查看专辑",
    "ViewArtist": "查看艺术家",
    "ViewPlaybackInfo": "查看播放信息",
    "Watched": "已观看",
    "Wednesday": "星期三",
    "WelcomeToProject": "欢迎来到 Jellyfin！",
    "Whitelist": "白名单",
    "WizardCompleted": "现已完成。Jellyfin 已开始收集你的媒体库信息。了解一下我们推出的其他应用，然后点击<b>结束</b>来浏览<b>服务器控制台</b>。",
    "Writer": "编剧",
    "XmlDocumentAttributeListHelp": "这些属性被应用到每一个XML响应的根元素。",
    "XmlTvKidsCategoriesHelp": "具有这些类别的程序将显示为儿童程序。用 \"|\" 分隔多个。",
    "XmlTvMovieCategoriesHelp": "具有这些类别的程序将显示为电影。用 \"|\" 分隔多个。",
    "XmlTvNewsCategoriesHelp": "具有这些类别的程序将显示为新闻程序。用 \"|\" 分隔多个。",
    "XmlTvPathHelp": "xml 电视文件的路径。Jellyfin 将读取此文件并定期检查它以进行更新。您负责创建和更新文件。",
    "XmlTvSportsCategoriesHelp": "这些类别的节目将显示为体育节目。用 \"|\" 分隔多个。",
    "Yes": "是",
    "Yesterday": "昨天",
    "Absolute": "绝对",
    "AnyLanguage": "任何语言",
    "Art": "图像",
    "AspectRatio": "长宽比",
    "Box": "盒子",
    "BoxRear": "盒子（背面）",
    "ChannelNumber": "频道号码",
    "ColorSpace": "色彩空间",
    "DirectorValue": "导演：{0}",
    "DirectorsValue": "导演：{0}"
}
