{
    "Add": "添加",
    "Advanced": "進階",
    "All": "全部",
    "AllowRemoteAccessHelp": "如果未勾選，所有連線都將被阻擋。",
    "Browse": "瀏覽",
    "BrowsePluginCatalogMessage": "瀏覽我們的插件目錄來查看可用的插件。",
    "ButtonAdd": "添加",
    "ButtonAddServer": "新增伺服器",
    "ButtonAddUser": "添加使用者",
    "ButtonCancel": "取消",
    "ButtonDelete": "刪除",
    "ButtonDeleteImage": "刪除圖像",
    "ButtonEdit": "編輯",
    "ButtonEditImages": "編輯圖片",
    "ButtonFilter": "過濾",
    "ButtonForgotPassword": "忘記密碼",
    "ButtonGotIt": "我知道了",
    "ButtonGuide": "節目表",
    "ButtonHome": "首頁",
    "ButtonNew": "建立",
    "ButtonOk": "確定",
    "ButtonPlay": "播放",
    "ButtonQuickStartGuide": "快速開始指南",
    "ButtonRefresh": "重新整理",
    "ButtonRefreshGuideData": "更新電視節目表",
    "ButtonRemove": "清除",
    "ButtonResetPassword": "重設密碼",
    "ButtonSave": "保存",
    "ButtonSearch": "搜尋",
    "ButtonSelectDirectory": "選擇目錄",
    "ButtonSelectServer": "選擇伺服器",
    "ButtonSignIn": "登錄",
    "ButtonSignOut": "登出",
    "ButtonSort": "排序",
    "ButtonUpload": "上載",
    "ConfirmDeleteItem": "刪除此項目時，也會一併從檔案系統及媒體櫃中刪除。確定要刪除嗎？",
    "ConfirmDeletion": "確定刪除",
    "Continuing": "持續",
    "CustomDlnaProfilesHelp": "為新的設備創建自定義配置或覆蓋原有系統配置。",
    "Delete": "刪除",
    "DeleteImage": "刪除圖像",
    "DeleteImageConfirmation": "你確定要刪除這張圖像？",
    "DeleteUser": "刪除用戶",
    "Dislike": "不喜歡",
    "Download": "下載",
    "Edit": "編輯",
    "EditImages": "編輯圖片",
    "Ended": "完結",
    "EndsAtValue": "完結於{0}",
    "Favorite": "加到最愛",
    "File": "檔案",
    "FileNotFound": "未找到檔案。",
    "FileReadError": "在讀取檔案時發生錯誤。",
    "FolderTypeMovies": "電影",
    "FolderTypeMusic": "音樂",
    "FolderTypeMusicVideos": "MV",
    "FolderTypeTvShows": "TV",
    "Friday": "星期五",
    "GuideProviderLogin": "登入",
    "HeaderActiveRecordings": "正在錄影的節目",
    "HeaderAddUser": "增加使用者",
    "HeaderAdditionalParts": "附加部份",
    "HeaderAdmin": "管理",
    "HeaderAutomaticUpdates": "自動更新",
    "HeaderCastCrew": "拍攝人員及演員",
    "HeaderChannels": "頻道",
    "HeaderCustomDlnaProfiles": "自定義配置",
    "HeaderDeleteItem": "刪除項目",
    "HeaderEasyPinCode": "簡易 PIN 碼",
    "HeaderFeatureAccess": "可以使用的功能",
    "HeaderFetchImages": "抓取圖像：",
    "HeaderForgotPassword": "忘記密碼",
    "HeaderFrequentlyPlayed": "經常播放",
    "HeaderGuideProviders": "節目表提供者",
    "HeaderImageSettings": "圖像設置",
    "HeaderInstantMix": "瞬時混播",
    "HeaderLatestEpisodes": "最新節目單元",
    "HeaderLatestMovies": "最新電影",
    "HeaderLatestRecordings": "最新錄影的節目",
    "HeaderLatestSongs": "最新歌曲",
    "HeaderLatestTrailers": "最新預告",
    "HeaderLinks": "鏈接",
    "HeaderLiveTV": "電視直播",
    "HeaderLiveTv": "電視",
    "HeaderMediaFolders": "媒體文件夾",
    "HeaderMusicVideos": "音樂視頻",
    "HeaderNewRecording": "新錄製",
    "HeaderNewUsers": "新使用者",
    "HeaderNextUp": "接下來",
    "HeaderNowPlaying": "正在播放",
    "HeaderParentalRating": "Parental Rating",
    "HeaderPaths": "路徑",
    "HeaderPlayAll": "全部播放",
    "HeaderPleaseSignIn": "請登錄",
    "HeaderPreferredMetadataLanguage": "首選媒體資料語言",
    "HeaderRecentlyPlayed": "最近播放",
    "HeaderScenes": "場景",
    "HeaderSelectServer": "選擇伺服器",
    "HeaderSelectServerCachePath": "選擇伺服器快取路徑",
    "HeaderSeries": "系列",
    "HeaderSpecialFeatures": "特色",
    "HeaderStatus": "狀態",
    "HeaderSystemDlnaProfiles": "系統配置",
    "HeaderUploadNewImage": "上傳新圖片",
    "HeaderUsers": "使用者",
    "Help": "說明",
    "ItemCount": "{0}個項目",
    "LabelAllowServerAutoRestart": "允許伺服器自動重新啟動去安裝更新資料",
    "LabelAllowServerAutoRestartHelp": "伺服器只會在沒有活躍用戶及空閒期間重新啟動。",
    "LabelAudioLanguagePreference": "音頻語言偏好選項：",
    "LabelCachePath": "緩存路徑：",
    "LabelCollection": "收藏櫃：",
    "LabelContentType": "內容類型：",
    "LabelCountry": "國家：",
    "LabelCurrentPassword": "當前的密碼：",
    "LabelDay": "日：",
    "LabelDisplayMissingEpisodesWithinSeasons": "顯示節目季度內缺少的單元",
    "LabelEnableDebugLogging": "記錄除錯信息到日誌",
    "LabelEnableDlnaClientDiscoveryInterval": "尋找客戶端時間間隔（秒）",
    "LabelEnableDlnaDebugLogging": "記錄DLNA除錯信息到日誌",
    "LabelEnableDlnaDebugLoggingHelp": "這將創建一個非常大的日誌文件，建議只需要進行故障排除時啟動。",
    "LabelEnableDlnaPlayTo": "播放到DLNA設備",
    "LabelEnableRealtimeMonitor": "啟用實時監控",
    "LabelEnableRealtimeMonitorHelp": "支持的文件系統上的更改，將會立即處理。",
    "LabelEvent": "事件：",
    "LabelEveryXMinutes": "每：",
    "LabelFinish": "完成",
    "LabelServerNameHelp": "此名稱將用於標識伺服器。如果留空，計算機名稱將被使用。",
    "LabelLanguage": "語言：",
    "LabelMaxBackdropsPerItem": "每個項目背景的最大數目：",
    "LabelMaxParentalRating": "最大允許的家長評級：",
    "LabelMaxResumePercentage": "最大恢復播放百分比:",
    "LabelMaxResumePercentageHelp": "媒體如果在這個時間之後停止，會被認定為已播放",
    "LabelMaxScreenshotsPerItem": "每件物品截圖的最大數量：",
    "LabelMetadataPath": "媒體資料文件夾路徑：",
    "LabelMinBackdropDownloadWidth": "最小背景下載寬度：",
    "LabelMinResumeDuration": "最少恢復播放時間（秒）：",
    "LabelMinResumeDurationHelp": "媒體比這更短不可恢復播放",
    "LabelMinResumePercentage": "最低恢復播放百分比:",
    "LabelMinResumePercentageHelp": "媒體如果在這個時間之前停止，會被定為未播放",
    "LabelMinScreenshotDownloadWidth": "最小截圖下載寬度：",
    "LabelName": "名字：",
    "LabelNewPassword": "新密碼：",
    "LabelNewPasswordConfirm": "確認新密碼：",
    "LabelNext": "下一個",
    "LabelPassword": "密碼：",
    "LabelPlaylist": "播放清單：",
    "LabelPrevious": "上一個",
    "LabelRefreshMode": "更新模式：",
    "LabelSaveLocalMetadata": "將媒體圖像及資料檔存到媒體所在的資料夾",
    "LabelSaveLocalMetadataHelp": "直接保存媒體圖像及資料到媒體所在的文件夾能使編輯工作更容易。",
    "LabelTime": "時間：",
    "LabelTriggerType": "觸發類型：",
    "LabelUser": "使用者：",
    "LabelYourFirstName": "你的名字：",
    "LabelYoureDone": "完成！",
    "LibraryAccessHelp": "選擇媒體文件夾與這用戶共享。管理員將可以使用媒體資料據管理器編輯所有的媒體文件夾。",
    "Like": "喜歡",
    "MaxParentalRatingHelp": "具有較高的家長評級內容將從這用戶被隱藏。",
    "MessageAreYouSureDeleteSubtitles": "您真的要刪除這個字幕檔嗎？",
    "MessageDownloadQueued": "下載已排程。",
    "MessageItemsAdded": "已新增項目。",
    "MessageNoMovieSuggestionsAvailable": "目前並沒有推薦的電影。開始觀看並對您的電影評分後，我們就會為您推薦您可能會喜歡的內容。",
    "MessageNothingHere": "這裡沒有什麼。",
    "MessagePasswordResetForUsers": "該使用者的密碼已被移除。要以該使用者登入時，請將密碼欄位留白。",
    "MessagePleaseEnsureInternetMetadata": "請確保已啟用從互聯網下載媒體資料。",
    "Monday": "星期一",
    "MoreUsersCanBeAddedLater": "往後可以在控制台內添加更多用戶。",
    "MySubtitles": "我的字幕",
    "NewCollection": "新合集",
    "NewCollectionHelp": "收藏櫃讓您能夠建立個人化的影音及其他媒體的分類。",
    "NewCollectionNameExample": "例子：星球大戰合集",
    "NoNextUpItemsMessage": "沒有找到。開始看你的節目！",
    "NoSubtitleSearchResultsFound": "無結果。",
    "OptionAlbum": "專輯",
    "OptionAlbumArtist": "專輯歌手",
    "OptionAllowBrowsingLiveTv": "允許使用電視",
    "OptionAllowManageLiveTv": "允許管理電視節目錄影",
    "OptionAllowUserToManageServer": "允許這用戶管理伺服器",
    "OptionArtist": "歌手",
    "OptionAscending": "升序",
    "OptionAutomatic": "自動",
    "OptionBlockLiveTvChannels": "電視頻道",
    "OptionBluray": "藍光",
    "OptionCommunityRating": "社區評分",
    "OptionContinuing": "持續",
    "OptionCriticRating": "評論家評價",
    "OptionDaily": "每日",
    "OptionDateAdded": "添加日期",
    "OptionDatePlayed": "播放日期",
    "OptionDescending": "降序",
    "OptionDisableUser": "禁用此用戶",
    "OptionDisableUserHelp": "被禁用的用戶將不允許連接伺服器。現有的連接將被即時終止。",
    "OptionDislikes": "不喜歡",
    "OptionDownloadArtImage": "圖像",
    "OptionDownloadBackImage": "媒體包裝背面",
    "OptionDownloadBoxImage": "媒體包裝",
    "OptionDownloadDiscImage": "光碟",
    "OptionDownloadLogoImage": "標誌",
    "OptionDownloadMenuImage": "菜單",
    "OptionDownloadPrimaryImage": "主要圖",
    "OptionDownloadThumbImage": "縮略圖",
    "OptionDvd": "DVD",
    "OptionEnded": "完結",
    "OptionFavorite": "我的最愛",
    "OptionFriday": "星期五",
    "OptionHasSubtitles": "字幕",
    "OptionHasThemeSong": "主題曲",
    "OptionHasThemeVideo": "主題視頻",
    "OptionHideUser": "在登入頁面隱藏此使用者",
    "OptionImdbRating": "IMDB評分",
    "OptionIsHD": "高清",
    "OptionIsSD": "標清",
    "OptionLikes": "喜歡",
    "OptionMissingEpisode": "缺少了的單元",
    "OptionMonday": "星期一",
    "OptionNameSort": "名字",
    "OptionNew": "新增...",
    "OptionOnAppStartup": "在伺服器啟動",
    "OptionOnInterval": "每時段",
    "OptionParentalRating": "家長評級",
    "OptionPlayCount": "播放次數",
    "OptionPlayed": "已播放",
    "OptionPremiereDate": "首映日期",
    "OptionResumable": "可恢復",
    "OptionRuntime": "播放長度",
    "OptionSaturday": "星期六",
    "OptionSpecialEpisode": "特集",
    "OptionSunday": "星期天",
    "OptionThursday": "星期四",
    "OptionTrackName": "曲目名稱",
    "OptionTuesday": "星期二",
    "OptionTvdbRating": "Tvdb評分",
    "OptionUnairedEpisode": "還未發佈的單元",
    "OptionUnplayed": "未播放",
    "OptionWakeFromSleep": "從休眠中回復",
    "OptionWednesday": "星期三",
    "OptionWeekly": "每週",
    "OriginalAirDateValue": "原始播出日期：{0}",
    "ParentalRating": "Parental Rating",
    "PasswordMatchError": "密碼和密碼確認必須一致。",
    "PasswordResetComplete": "密碼已重設。",
    "PasswordResetConfirmation": "你確定要重設密碼？",
    "PasswordSaved": "密碼已保存。",
    "Play": "播放",
    "Record": "開始錄影",
    "RecordSeries": "錄製整個系列",
    "RecordingCancelled": "已取消排程錄製。",
    "RecordingScheduled": "已排程錄製。",
    "Refresh": "重新整理",
    "RefreshDialogHelp": "詳細資料的更新方式會依據Jellyfin的設定及已經啟用的網路服務來進行。",
    "ReplaceAllMetadata": "取代所有詳細資料",
    "ReplaceExistingImages": "取代現有圖片",
    "Saturday": "星期六",
    "Save": "保存",
    "Search": "搜尋",
    "SearchForCollectionInternetMetadata": "在互聯網上搜索媒體圖像和資料",
    "SearchForMissingMetadata": "搜尋遺失的詳細資料",
    "SearchForSubtitles": "搜尋字幕",
    "SeriesRecordingScheduled": "已排程錄製整個系列。",
    "ServerUpdateNeeded": "此Jellyfin伺服器需要更新，請至{0}取得最新版本",
    "SettingsSaved": "設置已保存。",
    "Share": "分享",
    "Subtitles": "字幕",
    "Sunday": "星期天",
    "TabAdvanced": "進階",
    "TabAlbumArtists": "專輯歌手",
    "TabAlbums": "專輯",
    "TabArtists": "歌手",
    "TabCatalog": "目錄",
    "TabChannels": "頻道",
    "TabEpisodes": "單元",
    "TabGenres": "類型",
    "TabGuide": "節目表",
    "TabInfo": "資訊",
    "TabLatest": "最新",
    "TabLiveTV": "電視",
    "TabMetadata": "媒體資料",
    "TabMovies": "電影",
    "TabMusic": "音樂",
    "TabMyPlugins": "我的插件",
    "TabNetworks": "網絡",
    "TabPassword": "密碼",
    "TabPlaylist": "播放清單",
    "TabProfile": "配置",
    "TabProfiles": "配置",
    "TabRecordings": "錄影",
    "TabSecurity": "安全性",
    "TabSeries": "電視劇",
    "TabServer": "伺服器",
    "TabSettings": "設定",
    "TabShows": "節目",
    "TabSongs": "歌曲",
    "TabSuggestions": "推薦內容",
    "TabTrailers": "預告",
    "TabTranscoding": "轉碼中",
    "TabUpcoming": "接下來",
    "TellUsAboutYourself": "請自我介紹一下你自己",
    "ThisWizardWillGuideYou": "此精靈將帶你完成安裝過程。開始之前，請選擇您慣用的語言。",
    "Thursday": "星期四",
    "TrackCount": "{0}個曲目",
    "Tuesday": "星期二",
    "UninstallPluginConfirmation": "你確定要卸載{0}？",
    "UninstallPluginHeader": "卸載插件",
    "UserProfilesIntro": "Jellyfin 包含對用戶配置文件的內置支持，使每個用戶都可以擁有自己的顯示設置，播放狀態和家長控制。",
    "Users": "使用者",
    "VersionNumber": "版本 {0}",
    "Wednesday": "星期三",
    "WelcomeToProject": "歡迎使用 Jellyfin！",
    "WizardCompleted": "這就是我們所需要的全部資訊，Jellyfin現在正在收集你的媒體櫃的資料，在這段時間內，不妨參考我們推出的應用程式。按一下<b>完成</b>進入<b>伺服器總覽頁</b>。",
    "Actor": "演員",
    "AddToPlayQueue": "加入播放清單",
    "AddToPlaylist": "加入播放列表",
    "Absolute": "絕對",
    "AccessRestrictedTryAgainLater": "存取目前受限，請稍後再試。",
    "AddedOnValue": "加入 {0}",
    "AdditionalNotificationServices": "請瀏覽附加元件目錄以安裝額外的通知服務。",
    "Albums": "專輯",
    "Alerts": "警示",
    "AllChannels": "所有節目",
    "AllComplexFormats": "所有複雜格式 (ASS, SSA, VOBSUB, PGS, SUB/IDX, 等)",
    "AllLanguages": "所有語言",
    "AllLibraries": "所有媒體",
    "AllowMediaConversion": "允許媒體轉檔",
    "AllowMediaConversionHelp": "授予或拒絕存取媒體轉檔功能。",
    "AllowRemoteAccess": "允許遠端存取這個Jellyfin 伺服器。",
    "AlwaysPlaySubtitles": "總是顯示字幕",
    "AlwaysPlaySubtitlesHelp": "將會載符合語音設定的字幕，無論語音是哪一個語言。",
    "AnyLanguage": "任何語言",
    "Anytime": "任何時間",
    "AroundTime": "大概在 {0} 左右",
    "Art": "圖像",
    "Artists": "演出者",
    "AsManyAsPossible": "越多越好",
    "Ascending": "由少到多",
    "AspectRatio": "長寬比",
    "AttributeNew": "新增",
    "Audio": "音訊",
    "Auto": "自動",
    "AutoBasedOnLanguageSetting": "自動(根據語言設定)",
    "Backdrop": "背景",
    "Backdrops": "背景",
    "Banner": "橫幅",
    "BirthDateValue": "生於: {0}",
    "BirthLocation": "出生地",
    "BirthPlaceValue": "出生地: {0}",
    "Blacklist": "黑名單",
    "Books": "圖書",
    "ButtonAccept": "接受",
    "ButtonAddMediaLibrary": "新增媒體櫃",
    "ButtonArrowLeft": "左",
    "ButtonArrowRight": "右",
    "ButtonArrowUp": "上",
    "ButtonAudioTracks": "音軌",
    "ButtonBack": "回去",
    "ButtonChangeServer": "更換伺服器",
    "AddItemToCollectionHelp": "利用搜尋並使用右鍵或點擊目錄將項目添加到收藏中。",
    "AddToCollection": "加入收藏",
    "AirDate": "播出日期",
    "Aired": "已播於",
    "AllEpisodes": "所有集數",
    "AllowHWTranscodingHelp": "若啟用，將會允許調諧器同步轉檔，這會減少Jellyfin伺服器轉檔必要。",
    "AllowOnTheFlySubtitleExtraction": "允許同步字幕截取",
    "AllowOnTheFlySubtitleExtractionHelp": "可以從影片中提取內建字幕並以純文字的形式給 Jellyfin 應用程式以避免影片轉碼。在某些系統中這個提取的進程可能會花費較長時間並導致視頻播放出現停滯。若禁用這個選項，當內置字幕不被播放端設備支援時，字幕將透過影片轉碼燒進影片中。",
    "AllowedRemoteAddressesHelp": "可以從非本地連線的IP位址，用冒號分隔，若留白，則允許所有IP。",
    "BookLibraryHelp": "支援有聲書和電子書。請瀏覽Jellyfin書籍命名指南。",
    "Box": "盒子",
    "BoxRear": "盒子（背面）",
    "BurnSubtitlesHelp": "根據字幕格式決定服務器在轉換視頻時是否燒錄字幕。避免燒錄字幕會提高服務器性能。選擇“自動”以燒錄基於圖像的字幕格式（如 VOBSUB, PGS, SUB/IDX 等）和一些複雜的 ASS/SSA 字幕",
    "ButtonArrowDown": "下",
    "ButtonChangeContentType": "更改內容類型",
    "ButtonConnect": "連結",
    "ButtonDown": "下",
    "ButtonDownload": "下載",
    "ButtonEditOtherUserPreferences": "編輯此使用者的內容，大頭貼和個人設定。",
    "ButtonFullscreen": "全螢幕",
    "ButtonHelp": "幫助",
    "ButtonInfo": "詳細資料",
    "ButtonLearnMore": "瞭解更多",
    "ButtonLibraryAccess": "媒體庫存取",
    "ButtonManualLogin": "手動登入",
    "ButtonMore": "更多",
    "ButtonMoreInformation": "更多資訊",
    "ButtonNetwork": "網路",
    "ButtonNextTrack": "下一首",
    "ButtonOff": "關",
    "ButtonOpen": "開",
    "ButtonOther": "其他",
    "ButtonParentalControl": "家庭管理",
    "ButtonPause": "暫停",
    "ButtonPreviousTrack": "上一首",
    "ButtonProfile": "個人首頁",
    "ButtonRename": "重新命名",
    "ButtonRepeat": "重覆播放",
    "ButtonResetEasyPassword": "重設簡單PIN碼",
    "ButtonRestart": "重新啟動",
    "ButtonResume": "繼續播放",
    "ButtonRevoke": "撤銷",
    "ButtonScanAllLibraries": "掃描所有媒體庫",
    "ButtonSelectView": "選擇視窗",
    "ButtonSend": "傳送",
    "ButtonSettings": "設定",
    "ButtonShuffle": "隨機播放",
    "ButtonShutdown": "關機",
    "ButtonSplitVersionsApart": "區別版本",
    "ButtonStart": "開始",
    "ButtonStop": "停止",
    "ButtonSubmit": "提交",
    "ButtonSubtitles": "字幕",
    "ButtonTrailer": "預告片",
    "ButtonUninstall": "解除安裝",
    "ButtonUp": "上",
    "ButtonViewWebsite": "查看網站",
    "ButtonWebsite": "網站",
    "CancelRecording": "取消錄影",
    "CancelSeries": "取消系列",
    "Categories": "類別",
    "ChangingMetadataImageSettingsNewContent": "更改影片詳細資料或媒體圖像像的下載設定僅對以後添加至媒體庫中的新内容生效，若要採用更改，您需要手動刷新數據。",
    "ChannelAccessHelp": "選擇此用戶之共享頻道。管理員將能夠使用資料管理器編輯所有資料夾。",
    "ChannelNameOnly": "只在頻道 {0}",
    "ChannelNumber": "頻道號碼",
    "Channels": "頻道",
    "CinemaModeConfigurationHelp": "劇影院模式直接為您的客廳帶來劇場級體驗，同時還可以播放預告片和自定開場白。",
    "CinemaModeConfigurationHelp2": "Jellyfin 應用程式將有一個用於啟動或關閉劇院模式的設定。 電視的應用程式預設開啟劇院模式。",
    "CinemaModeFeatureDescription": "劇院模式用預告片和自定開場白帶給您最真實的劇院體驗。",
    "CloudSyncFeatureDescription": "將您的媒體備份到雲端當作簡單的備份，收藏和轉檔。",
    "Collections": "合輯",
    "Composer": "作曲家",
    "ConfigureDateAdded": "調整媒體庫設定裡 伺服器怎麼判定「添加日期」",
    "ConfirmDeleteImage": "刪除圖片？",
    "ConfirmDeleteItems": "刪除這些項目會將檔案從系統和媒體庫中刪除。你真的要繼續嗎？",
    "ConfirmEndPlayerSession": "您要在 {0} 秒後將 Jellyfin關機嗎？",
    "Connect": "連結",
    "ContinueWatching": "繼續觀看",
    "CriticRating": "影評評分",
    "DateAdded": "添加日期",
    "DatePlayed": "播放日期",
    "DeathDateValue": "死於： {0}",
    "Default": "預設",
    "ButtonAddScheduledTaskTrigger": "新增觸發",
    "CategoryPlugin": "外掛元件",
    "ColorPrimaries": "三原色",
    "ColorSpace": "色彩空間",
    "ColorTransfer": "色彩傳輸",
    "CommunityRating": "公眾評分",
    "DefaultCameraUploadPathHelp": "請選擇自訂上傳路徑。若留白, 將會使用預設資料夾。如果使用自訂路徑，則還需要在Jellyfin庫設置中作為“媒體庫”添加。",
    "DefaultErrorMessage": "處理請求時發生錯誤。請稍後再試。",
    "DefaultMetadataLangaugeDescription": "這些是你的默認設定並可以在你的每個媒體庫中單獨設定。",
    "DefaultSubtitlesHelp": "字幕將基於內建數據中的“默認”標題和“強制”標題來載入。當有多個選項可用時，將根據語言偏好決定。",
    "DeleteDeviceConfirmation": "你確定你要刪除這個裝置嗎？當下一次有用戶用這個裝置登入時，這個裝置會再次出現。",
    "DeleteMedia": "刪除媒體",
    "DeleteUserConfirmation": "你確定要刪除此用戶？",
    "Descending": "降序",
    "Desktop": "桌面",
    "DetectingDevices": "正在偵測裝置",
    "DeviceAccessHelp": "只適用於用唯一辨識方法的裝置，並不會阻止瀏覽器存取。已過濾的用戶裝置會被拒絕存取，直到他們被批准。",
    "DeviceLastUsedByUserName": "最後被 {0} 使用",
    "DirectPlayError": "直接播放錯誤",
    "DirectPlaying": "直接播放",
    "DirectStreamHelp1": "媒體在畫質和媒體類型（H.264，AC3等）方面與裝置相容，但是在不相容的容器（.mkv，.avi，.wmv等）中。 在影片傳輸到裝置之前，將會重新包裝。",
    "DirectStreamHelp2": "直接串流一個文件就會占用非常少的處理效能並且影片的品質不會有任何損失。",
    "DirectStreaming": "直接串流",
    "Director": "導演",
    "DirectorValue": "導演： {0}",
    "DirectorsValue": "導演： {0}",
    "Disabled": "已停用",
    "Disc": "光碟",
    "Disconnect": "斷開連結",
    "Display": "顯示",
    "DisplayInMyMedia": "在主畫面顯示",
    "DisplayInOtherHomeScreenSections": "在“最新媒體”和“繼續觀看“等主畫面區塊中顯示",
    "DisplayMissingEpisodesWithinSeasons": "顯示每季缺少的劇集",
    "DisplayMissingEpisodesWithinSeasonsHelp": "必須在 Jellyfin 伺服器的 電視媒體庫設置中啟用該功能。",
    "DisplayModeHelp": "選擇您正在運行Jellyfin的螢幕類型。",
    "DoNotRecord": "不要錄",
    "Down": "下",
    "DownloadItemLimitHelp": "非必要。 設置要下載的項目數限制。",
    "Downloaded": "已下載",
    "Downloading": "下載中",
    "DownloadingDots": "下載中…",
    "Downloads": "下載",
    "DownloadsValue": "{0} 個下載",
    "DrmChannelsNotImported": "受 DMR 保護的頻道將不會被導入。",
    "DropShadow": "背景投影",
    "DvrFeatureDescription": "使用Jellyfin DVR安排個人直播電視錄製，系列錄製等。",
    "EasyPasswordHelp": "你的簡易 PIN 碼將會用於在支援的 Jellyfin 應用 上進行離線存取，同時也可以被用於連網狀態下的登錄。",
    "EditMetadata": "編輯數據",
    "EditSubtitles": "編輯字幕",
    "EnableBackdrops": "啟用背景",
    "EnableBackdropsHelp": "若啟用，當瀏覽媒體庫時背景圖將作為一些頁面的背景。",
    "EnableCinemaMode": "啟用影院模式",
    "EnableColorCodedBackgrounds": "啟用色彩背景",
    "EnableDebugLoggingHelp": "Debug logging只能在偵錯過程時啟用。增加的文件系統存取有時會使一些裝置無法進入睡眠模式。",
    "EnableDisplayMirroring": "啟用雙螢幕",
    "EnableExternalVideoPlayers": "啟用外接影片播放器",
    "EnableExternalVideoPlayersHelp": "當你開始播放影片時，將會顯示一個外接播放器目錄。",
    "EnableHardwareEncoding": "啟用硬體編碼",
    "EnableNextVideoInfoOverlay": "在播放時啟用下一個影片資訊",
    "EnableNextVideoInfoOverlayHelp": "在影片結束前，顯示當前播放列表中下一個影片的資訊。",
    "EnablePhotos": "啟用圖片",
    "EnablePhotosHelp": "照片將被偵測到並和其他媒體文件一起顯示。",
    "EnableStreamLooping": "自動循環播放直播",
    "EnableStreamLoopingHelp": "如果直播僅包含了幾秒鐘的數據並且需要被不斷的請求，請啟用此項。如果在沒有相關問題的情況下啟動此項，可能會導致一些問題。",
    "EnableThemeSongs": "啟用主題曲",
    "EnableThemeSongsHelp": "如果啟用，當瀏覽媒體庫時主題曲將作為背景音樂播放。",
    "EnableThemeVideos": "啟用主題影片",
    "EnableThemeVideosHelp": "如果啟用，當瀏覽媒體庫時主題影片將作為背景影片播放。",
    "EnterFFmpegLocation": "輸入 FFmpeg 路徑",
    "Episodes": "劇集",
    "Error": "錯誤",
    "ErrorAddingListingsToSchedulesDirect": "我們將陣容添加到您的Schedules Direct帳戶時出錯。Schedules Direct只允許有限的帳號排序。您可能在繼續前直接登入Schedules Direct 網站和刪除其他清單。",
    "ErrorAddingGuestAccount1": "新增Jellyfin Connect時發生錯誤。你的賓客有建立Jellyfin帳號嗎？他們可以在 {0} 創建帳號。",
    "ErrorAddingGuestAccount2": "若你還是遇到問題，請發送email至 {0} 並附上你和他們的email帳號。",
    "ErrorAddingJellyfinConnectAccount1": "新增Jellyfin Connect時發生錯誤。您有建立Jellyfin帳號嗎？您可以在 {0} 創建帳號。",
    "ErrorAddingJellyfinConnectAccount2": "若你還是遇到問題，請用發生問題的email帳號發送email至 {0}。",
    "ErrorAddingJellyfinConnectAccount3": "這個 Jellyfin 帳號已經被連接至一個本地帳號。一個 Jellyfin帳號 只能同時被連接到一個本機帳號。",
    "ErrorAddingMediaPathToVirtualFolder": "添加媒體路徑時發生錯誤。請確認路徑是否有效，且你的 Jellyfin 伺服器有對該位置的存取權。",
    "ErrorAddingTunerDevice": "添加調諧器設備時發生錯誤。請確認它是否可被存取後再試一次。",
    "ErrorAddingXmlTvFile": "存取 XmlTV 文件時發生錯誤。請確認該文件是否存在然後再試一次。",
    "ErrorConnectServerUnreachable": "處理請求時發生錯誤。您的伺服器無法與我們位於 {0} 的 Jellyfin Connect伺服器溝通。請確認你的伺服器有網路連結且防火牆或其他安全性程式允許這個程式對外溝通。",
    "ErrorDeletingItem": "從Jellyfin伺服器刪除項目時發生錯誤。請確認伺服器有那個磁碟的寫入權限並再試一次。",
    "ErrorGettingTvLineups": "下載電視節目表時發生錯誤。請確認你的資訊是正確的然後再試一次。",
    "ErrorMessagePasswordNotMatchConfirm": "密碼和密碼確認必須吻合。",
    "ErrorMessageStartHourGreaterThanEnd": "結束時間必須在開始時間後。",
    "ErrorMessageUsernameInUse": "用戶名已存在。請重新選個名稱再試。",
    "ErrorPleaseSelectLineup": "請選擇一個節目表, 然後再試一次。如果沒有可用的節目表, 請檢查您的用戶名、密碼和郵遞區號是否正確。",
    "ErrorReachingJellyfinConnect": "連接 Jellyfin Connect 伺服器時發生錯誤。請確認你的網絡狀態是否穩定後再試一次。",
    "ErrorRemovingJellyfinConnectAccount": "移除 Jellyfin Connect 帳號時發生錯誤。請確認你的網絡狀態是否穩定後再試一次。",
    "ErrorSavingTvProvider": "儲存電視供應商時發生錯誤。請確認它是可存取後再試一次。",
    "EveryNDays": "每 {0} 天",
    "ExitFullscreen": "結束全螢幕",
    "ExtraLarge": "特大",
    "ExtractChapterImagesHelp": "提取章節圖像將允許 Jellyfin 應用程式顯示一個圖像形式的場景選擇目錄。這個提取的過程可能會非常緩慢、佔用大量 CPU 資源，並且可能需要幾個GB的硬碟空間。提取將會在影片被偵測到時啟動，同時也可作為一個夜間計劃任務運行。這個任務可以在“計劃任務”選項中進行設置。不建議在尖峰時刻使用時間進行這個任務。",
    "Extras": "額外",
    "FFmpegSavePathNotFound": "我們無法通過你輸入的路徑找到 FFmpeg。 FFprobe 同樣也是必要且應該被放在同一個資料夾中。他們通常會被打包在一起以供下載。請檢查這個路徑然後再試一次。",
    "FastForward": "快轉",
    "Favorites": "我的最愛",
    "Features": "功能",
    "FileReadCancelled": "文件讀取已取消。",
    "Fill": "填滿",
    "Filters": "濾鏡",
    "FolderTypeBooks": "書籍",
    "FolderTypeInherit": "延用",
    "FolderTypeMixed": "混合媒體",
    "FolderTypeUnset": "混合內容",
    "Folders": "資料夾",
    "ForAdditionalLiveTvOptions": "以查看額外的電視直播供應商，點擊“服務”以查看可用的選項。",
    "FormatValue": "格式：{0}",
    "FreeAppsFeatureDescription": "享受免費的Jellyfin應用程式。",
    "Fullscreen": "全螢幕",
    "General": "一般",
    "GenreValue": "類型 : {0}",
    "Genres": "風格",
    "GenresValue": "類型 : {0}",
    "GroupBySeries": "按系列分組",
    "GroupVersions": "按版本分組",
    "GuestStar": "特邀明星",
    "GuestUserNotFound": "未找到用戶。請確保用戶名稱正確後重試，或者嘗試輸入他們的電子郵件地址。",
    "Guide": "指南",
    "GuideProviderSelectListings": "選擇列表",
    "H264CrfHelp": "The Constant Rate Factor (CRF) 是 x264 編碼器的默認畫質設置。您可以設介於0和51之間的值, 其中較低的值將導致更好的畫質 (以更大的文件大小為代價)。正常值介於18和28之間。 x264 的默認值為 23, 可以將其用作起始點。",
    "H264EncodingPresetHelp": "選擇一個更快的值以提升性能，或者選擇一個更慢的值以提升畫質。",
    "HDPrograms": "HD節目",
    "HandledByProxy": "由反向代理處理",
    "HardwareAccelerationWarning": "啟動硬體加速可能在某些環境下導致系統不穩定。請確認你的作業系統和影片驅動程式是最新的。如果你在開啟此項後播放影片產生困難，那麼你需要將此選項設回”自動“。",
    "HeaderAccessSchedule": "存取時程",
    "HeaderAccessScheduleHelp": "創建一個存取時程以限制可存取的時段。",
    "HeaderActiveDevices": "運行中裝置",
    "HeaderActivity": "活動",
    "HeaderAddDevice": "新增裝置",
    "HeaderAddLocalUser": "新增本機使用者",
    "HeaderAddScheduledTaskTrigger": "新增觸發",
    "HeaderAddTag": "加標籤",
    "HeaderAddToCollection": "加到收藏",
    "HeaderAddToPlaylist": "加到播放列表",
    "HeaderAddUpdateImage": "新增/更新圖片",
    "HeaderAdvanced": "進階",
    "HeaderAirDays": "播出天數",
    "HeaderAlbumArtists": "專輯演出者",
    "HeaderAlbums": "專輯",
    "HeaderAlert": "通知",
    "HeaderAllowMediaDeletionFrom": "允許從中刪除媒體",
    "HeaderApiKey": "API金鑰",
    "HeaderApiKeys": "API金鑰",
    "HeaderApiKeysHelp": "外部應用程式需要有一個 API 金鑰以用於和 Jellyfin 伺服器溝通。金鑰將在通過 Jellyfin 帳戶登錄時自動發行，或者你可以手動為應用程生生成一個金鑰。",
    "HeaderApp": "應用程式",
    "HeaderAppearsOn": "同時出現於",
    "HeaderAudio": "音訊",
    "HeaderAudioBooks": "有聲書",
    "HeaderAudioLanguages": "音訊語言",
    "HeaderAudioSettings": "音訊設定",
    "HeaderAudioTracks": "音軌",
    "HeaderBackdrops": "背景",
    "HeaderBlockItemsWithNoRating": "封鎖沒有評級或設置不允許的內容：",
    "HeaderBooks": "書籍",
    "HeaderBranding": "品牌",
    "HeaderBrandingHelp": "選擇外觀，滿足您和團體的要求。",
    "HeaderCameraUpload": "相片上傳",
    "HeaderCameraUploadHelp": "Jellyfin 應用程式能自動上傳你通過裝置拍攝的照片至你的 Jellyfin 伺服器。",
    "HeaderCancelRecording": "取消錄製",
    "HeaderCancelSeries": "取消系列",
    "HeaderCancelSyncJob": "取消同步",
    "HeaderCastAndCrew": "演員與工作人員",
    "HeaderChangeFolderType": "更改內容類型",
    "HeaderChangeFolderTypeHelp": "以更改類型，請移除這個媒體庫並以你需要的新類型重新建立一個媒體庫。",
    "HeaderChannelAccess": "節目存取",
    "HeaderChapterImages": "章節圖片",
    "HeaderChapters": "章節",
    "HeaderCinemaMode": "劇院模式",
    "HeaderClients": "客戶端",
    "HeaderCloudSync": "雲端同步",
    "HeaderCodecProfile": "編碼配置",
    "HeaderCodecProfileHelp": "編碼器的配置文件標明了設備播放特定編碼時的限制。如果在限制之內則媒體將被轉碼，否則編碼器將被配置為直接播放。",
    "HeaderCollections": "收藏",
    "HeaderColumns": "列",
    "HeaderConfigureRemoteAccess": "配置遠端控制",
    "HeaderConfirm": "確認",
    "HeaderConfirmDeletion": "確認刪除",
    "HeaderConfirmPluginInstallation": "確認插件安裝",
    "HeaderConfirmProfileDeletion": "確認刪除個人資料",
    "HeaderConfirmRecordingCancellation": "確認取消錄製",
    "HeaderConfirmRecordingDeletion": "確認刪除錄影",
    "HeaderConfirmRemoveUser": "移除用戶",
    "HeaderConfirmRevokeApiKey": "撤銷 API 金鑰",
    "HeaderConfirmSeriesCancellation": "確認系列取消",
    "HeaderConfirmation": "確認",
    "HeaderConnectToServer": "連結至伺服器",
    "HeaderConnectionFailure": "連結失敗",
    "HeaderContainerProfile": "媒體載體配置",
    "HeaderContainerProfileHelp": "媒體載體的配置文件標明了設備播放特定媒體格式時的限制。如果在限制之內則媒體將被轉碼，否則媒體格式將被配置為直接播放。",
    "HeaderContinueListening": "繼續聆聽",
    "HeaderContinueWatching": "繼續觀賞",
    "HeaderConvertYourRecordings": "為你的錄制轉檔",
    "HeaderCredits": "製作人員名單",
    "HeaderDashboardUserPassword": "用戶的密碼被管理在每個用戶的私人配置設置中。",
    "HeaderDate": "日期",
    "HeaderDateIssued": "發布日期",
    "HeaderDefaultRecordingSettings": "默認錄製設定",
    "HeaderDeleteDevice": "刪除裝置",
    "HeaderDeleteImage": "刪除圖片",
    "HeaderDeleteItems": "刪除項目",
    "HeaderDeleteProvider": "刪除供應者",
    "HeaderDeleteTaskTrigger": "刪除任務觸發條件",
    "HeaderDestination": "目的地",
    "HeaderDetectMyDevices": "偵測我的設備",
    "HeaderDeveloperInfo": "開發者訊息",
    "HeaderDevice": "裝置",
    "HeaderDeviceAccess": "允許裝置存取",
    "HeaderDevices": "裝置",
    "HeaderDirectPlayProfile": "直接播放配置",
    "HeaderDirectPlayProfileHelp": "添加直接播放配置，標明哪些媒體格式設備可以自己處理。",
    "HeaderDisplay": "顯示",
    "HeaderDisplaySettings": "顯示設定",
    "HeaderDownloadSettings": "下載設定",
    "HeaderDownloadSubtitlesFor": "下載字幕：",
    "HeaderDownloadSync": "下載與同步",
    "HeaderEditImages": "編輯圖片",
    "HeaderEmbeddedImage": "內嵌圖片",
    "HeaderEnabledFields": "已啟用的欄位",
    "HeaderEnabledFieldsHelp": "反選欄位以鎖定並不讓其數據被更改。",
    "HeaderEpisodes": "集數",
    "HeaderError": "錯誤",
    "HeaderExport": "輸出",
    "HeaderExternalIds": "外部 ID:",
    "HeaderExternalPlayerPlayback": "外部播放器播放",
    "HeaderExternalServices": "外部服務",
    "HeaderFavoriteAlbums": "最愛專輯",
    "HeaderFavoriteArtists": "最愛演出者",
    "HeaderFavoriteCollections": "最愛收藏",
    "HeaderFavoriteEpisodes": "最愛級數",
    "HeaderFavoriteMovies": "最愛電影",
    "HeaderFavoritePlaylists": "最愛播放列表",
    "HeaderFavoriteShows": "最愛節目",
    "HeaderFavoriteSongs": "最愛歌曲",
    "HeaderFavoriteVideos": "最愛的影片",
    "HeaderFeatures": "功能",
    "HeaderFetcherSettings": "擷取器設置",
    "HeaderFilters": "篩選條件",
    "HeaderForKids": "給兒童",
    "HeaderForgotKey": "忘記金鑰",
    "HeaderFreeApps": "免費Jellyfin應用程式",
    "HeaderGenres": "類型",
    "HeaderGuests": "賓客",
    "HeaderHomePage": "主畫面",
    "HeaderHomeScreen": "主畫面",
    "HeaderHomeScreenSettings": "主畫面設定",
    "HeaderHttpHeaders": "Http 開頭",
    "HeaderIdentification": "身份識別",
    "HeaderIdentificationCriteriaHelp": "至少輸入一個識別標準。",
    "HeaderIdentificationHeader": "身份識別標題",
    "HeaderIdentifyItemHelp": "輸入一個或多個搜索條件。刪除條件可得到更多搜索結果。",
    "HeaderImageBackdrop": "背景",
    "HeaderImageLogo": "商標",
    "HeaderImageOptions": "圖片選項",
    "HeaderImagePrimary": "主要",
    "HeaderImages": "圖片",
    "HeaderInstall": "安裝",
    "HeaderInvitationSent": "邀請已傳送",
    "HeaderInvitations": "邀請",
    "HeaderInviteUser": "邀請使用者",
    "HeaderInviteUserHelp": "通過 Jellyfin Connect 與朋友分享你的媒體比以往任何時候都更為簡單。",
    "HeaderInviteWithJellyfinConnect": "通過 Jellyfin Connect 邀請",
    "HeaderItems": "項目",
    "HeaderJellyfinAccountAdded": "Jellyfin 帳戶已添加",
    "HeaderJellyfinAccountRemoved": "已移除 Jellyfin 帳戶",
    "HeaderJellyfinServer": "Jellyfin 伺服器",
    "HeaderKeepRecording": "繼續錄製",
    "HeaderKeepSeries": "保存系列",
    "HeaderKodiMetadataHelp": "要啟用或禁用 Nfo 數據, 請在 Jellyfin 媒體庫安裝程序中編輯媒體庫, 然後找到“數據儲存”部分。",
    "HeaderLanguage": "語言",
    "HeaderLatestChannelItems": "最近節目項目",
    "HeaderLatestChannelMedia": "最近節目項目",
    "HeaderLatestDownloadedVideos": "最近下載影片",
    "HeaderLatestFrom": "最新發行：{0}",
    "HeaderLatestFromChannel": "最新的 {0}",
    "HeaderLatestItems": "最新項目",
    "HeaderLatestMedia": "最新媒體",
    "HeaderLatestMusic": "最新音樂",
    "HeaderLatestTvRecordings": "最新錄製",
    "HeaderLearnMore": "知道更多",
    "HeaderLibraries": "媒體庫",
    "HeaderLibrary": "媒體庫",
    "HeaderLibraryAccess": "媒體庫存取",
    "HeaderLibraryFolders": "媒體庫資料夾",
    "HeaderLibraryOrder": "媒體庫排序",
    "HeaderLibrarySettings": "媒體庫設定",
    "HeaderLiveTvTunerSetup": "電視直播調諧器安裝",
    "HeaderLoginFailure": "登入失敗",
    "HeaderManagement": "管理",
    "HeaderMedia": "媒體",
    "HeaderMediaInfo": "媒體資訊",
    "HeaderMediaLocations": "媒體位址",
    "HeaderMenu": "目錄",
    "HeaderMetadataSettings": "數據設定",
    "HeaderMissing": "不見了",
    "HeaderMoreLikeThis": "更多類似的",
    "HeaderMovies": "電影",
    "HeaderMusicQuality": "音質",
    "HeaderMyDevice": "我的裝置",
    "HeaderMyMedia": "我的媒體",
    "HeaderMyMediaSmall": "我的媒體",
    "HeaderMyViews": "我的觀看記錄",
    "HeaderName": "名字",
    "HeaderNavigation": "導覽",
    "HeaderNetwork": "網路",
    "HeaderNewApiKey": "新API金鑰",
    "HeaderNewApiKeyHelp": "允許一個應用程式存取Jellyfin伺服器。",
    "HeaderNewDevices": "新裝置",
    "HeaderNewServer": "新伺服器",
    "HeaderNextEpisodePlayingInValue": "下一集在 {0} 後播放",
    "HeaderNextVideoPlayingInValue": "下一部影片在 {0} 後播放",
    "HeaderNotifications": "通知",
    "HeaderNumberOfPlayers": "播放器",
    "HeaderOffline": "離線",
    "HeaderOfflineDownloads": "離線媒體",
    "HeaderOfflineDownloadsDescription": "下載媒體以離線使用。",
    "HeaderOfflineSync": "離線同步",
    "HeaderOnNow": "現正播放",
    "HeaderOptions": "選項",
    "HeaderOtherDisplaySettings": "顯示設定",
    "HeaderOtherItems": "其他項目",
    "HeaderOverview": "綜覽",
    "HeaderPassword": "密碼",
    "HeaderPasswordReset": "重設密碼",
    "HeaderPeople": "使用者",
    "HeaderPersonInfo": "使用者資訊",
    "HeaderPhotoAlbums": "相簿",
    "HeaderPhotoInfo": "相片資訊",
    "HeaderPinCodeReset": "重設PIN碼",
    "HeaderPlayMyMedia": "播放我的媒體",
    "HeaderPlayOn": "播放在",
    "HeaderPlayback": "媒體播放",
    "HeaderPlaybackError": "播放錯誤",
    "HeaderPlaybackSettings": "播放設定",
    "HeaderPlaylists": "播放列表",
    "HeaderPluginInstallation": "插件安裝",
    "HeaderProgram": "程式",
    "HeaderRecentActivity": "最近活動",
    "HeaderRecordingGroups": "錄影群",
    "HeaderRecordingOptions": "錄影選項",
    "HeaderRecordingPostProcessing": "錄影後製",
    "HeaderReleaseDate": "發行日期",
    "HeaderRemoteControl": "遙控",
    "HeaderRemoveMediaFolder": "刪除媒體資料夾",
    "HeaderRemoveMediaLocation": "刪除媒體位址",
    "HeaderRequireManualLogin": "需要手動輸入帳號：",
    "HeaderRequireManualLoginHelp": "停用時，Jellyfin應用程式將呈現圖像式使用者選單",
    "HeaderResetTuner": "重設調諧器",
    "HeaderResolution": "畫質",
    "HeaderRestart": "重新啟動",
    "HeaderRestartingJellyfinServer": "重新啟動Jellyfin伺服器",
    "HeaderResult": "結果",
    "HeaderResume": "續播",
    "HeaderResumeSettings": "續播設定",
    "HeaderReviews": "評價",
    "HeaderRevisionHistory": "更改紀錄",
    "HeaderRunningTasks": "正在進行的工作",
    "HeaderScreenSavers": "螢幕保護程式",
    "HeaderSeason": "季",
    "HeaderSeasonNumber": "季數",
    "HeaderSeasons": "季數",
    "HeaderSecondsValue": "{0} 秒",
    "HeaderSelectAudio": "選擇音軌",
    "HeaderSelectDevices": "選擇裝置",
    "HeaderSelectExternalPlayer": "選擇外接播放器",
    "HeaderSelectMediaPath": "選擇媒體位址",
    "HeaderSelectPath": "選擇位址",
    "HeaderSelectSubtitles": "選擇字幕",
    "HeaderSelectTranscodingPath": "選擇轉碼暫放位址",
    "HeaderSelectTranscodingPathHelp": "瀏覽或輸入轉碼用來存暫時資料的位址。資料夾需可讀取。",
    "HeaderSelectUploadPath": "選擇上傳位址",
    "HeaderSendMessage": "傳送訊息",
    "HeaderSeriesOptions": "系列選項",
    "HeaderSeriesRecordings": "系列錄影",
    "HeaderSeriesStatus": "系列狀態",
    "HeaderServerSettings": "伺服器設定",
    "HeaderServices": "服務",
    "HeaderSettings": "設定",
    "HeaderSetupLibrary": "設置你的媒體庫",
    "HeaderShareMediaFolders": "分享媒體資料夾",
    "HeaderShutdown": "關機",
    "HeaderSortBy": "分類",
    "HeaderSortOrder": "分類順序",
    "HeaderSource": "來源",
    "HeaderSpecialEpisodeInfo": "特集資訊",
    "HeaderSpecials": "特機",
    "HeaderSplitMedia": "分隔媒體",
    "HeaderStartNow": "開始播放",
    "HeaderStopRecording": "停止錄影",
    "HeaderSubtitleAppearance": "字幕外觀",
    "HeaderSubtitleDownloads": "字幕下載",
    "HeaderSubtitleSettings": "字幕設定",
    "HeaderSubtitles": "字幕",
    "HeaderSupportTheTeam": "支持Jellyfin團隊",
    "HeaderTags": "標籤",
    "HeaderThisUserIsCurrentlyDisabled": "這個使用者目前停用",
    "HeaderTime": "時間",
    "HeaderToAccessPleaseEnterEasyPinCode": "請輸入您的簡易PIN碼",
    "HeaderTopPlugins": "熱門插件",
    "HeaderTrack": "軌",
    "HeaderTracks": "軌",
    "HeaderTrailers": "預告片",
    "HeaderTryPlayback": "嘗試播放",
    "HeaderTunerDevices": "調諧器裝置",
    "BobAndWeaveWithHelp": "Bob and weave (高品質，轉檔慢)",
    "ButtonPurchase": "購買",
    "ButtonRestorePreviousPurchase": "恢復購買",
    "ButtonUnlockWithPurchase": "購買已解鎖",
    "LabelIpAddressValue": "IP 位置: {0}",
    "LabelRunningTimeValue": "運行時間: {0}",
    "MessageApplicationUpdated": "Jellyfin Server 已經更新",
    "MessageNamedServerConfigurationUpdatedWithValue": "伺服器設定 {0} 部分已經更新",
    "MessageServerConfigurationUpdated": "伺服器設定已經更新",
    "Movies": "電影",
    "Photos": "相片",
    "Playlists": "播放清單",
    "PluginInstalledWithName": "{0} 已安裝",
    "PluginUninstalledWithName": "{0} 已移除",
    "PluginUpdatedWithName": "{0} 已更新",
    "ProviderValue": "提供商： {0}",
    "Shows": "節目",
    "Songs": "歌曲",
    "Sync": "同步",
    "ValueSpecialEpisodeName": "特典 - {0}"
}
