{
    "Auto": "Outo",
    "AuthProviderHelp": "Kies 'n Authentication Provider vir die egtheid van gebruiker se wagwoord.",
    "Audio": "Klank",
    "AttributeNew": "Nuwe",
    "AspectRatio": "Aspek verhouding",
    "Ascending": "Boontoe",
    "AsManyAsPossible": "So veel moontlik",
    "Artists": "Kunstenare",
    "Art": "Kuns",
    "AroundTime": "Omtrent {0}",
    "Anytime": "Enige tyd",
    "AnyLanguage": "Enige taal",
    "AlwaysPlaySubtitlesHelp": "Subtitels wat ooreenstem met taal voorkeur sal gelaai work ongeag oudio taal.",
    "AlwaysPlaySubtitles": "Subtitels word altyd toegelaat",
    "AllowedRemoteAddressesHelp": "Komma skeiding lys van IP adresse of IP/netmask toegange van netwerke wat toegelaat word vir afgeleë konneksies. As die leeg gelos sal enige afgeleë konneksies toegelaat word.",
    "AllowRemoteAccessHelp": "As afgetik, alle afgeleë verbinding sal geblokkeer word.",
    "AllowRemoteAccess": "Toelating tot afgeleë verbinding na hierdie Jellyfin bediener.",
    "AllowOnTheFlySubtitleExtractionHelp": "Ingebedde ondertitels kan uitgepak word uit videos en bedien word na kliënte in eenvoudige teks om transkodeering van video te verlig. Op sekere sisteme kan die langer vat en video terugspeel vertraag deur die ekstraksie metode. Deaktiveer die opsie om ingebedde ondertitels in video te heg tydens transkodeer vir die gebruik van eie kliënt toestel.",
    "AllowOnTheFlySubtitleExtraction": "Laat toe die onmiddellike ondertitel ekstraksie",
    "AllowMediaConversionHelp": "Gee of weier toegang to die media omskepping funksie.",
    "AllowMediaConversion": "Laat media omsitting toe",
    "AllowHWTranscodingHelp": "Laat die insteller stroom toe om dadelik te transkodeer. Dit verlig transkodeering van bediener.",
    "AllLibraries": "Alle biblioteke",
    "AllLanguages": "Alle tale",
    "AllEpisodes": "Alle episodes",
    "AllComplexFormats": "Alle ingewikkelde formate (ASS, SSA, VOBSUB, PGS, SUB/IDX, ens.)",
    "AllChannels": "Alle kanale",
    "All": "Als",
    "Alerts": "Waarskuwings",
    "Albums": "Albums",
    "AirDate": "Uitsaai datum",
    "Aired": "Uitgesaai",
    "AdditionalNotificationServices": "Blaai deur die inprop module katalogus deur om addisionele notifikasie dienste the installeer.",
    "AddedOnValue": "{0} bygevoeg",
    "AddToPlaylist": "Voeg by speellys",
    "AddToPlayQueue": "Plaas in wagtou",
    "AddToCollection": "Voeg by versameling",
    "AddItemToCollectionHelp": "Voeg items by die versamelings deur hulle te soek en regs-kliek of kliek kieslys om hulle by versameling te voeg.",
    "Add": "Voeg by",
    "Actor": "Akteur",
    "AccessRestrictedTryAgainLater": "Toegang is beperk. Probeer weer later .",
    "Absolute": "Absoluut"
}
