{
    "Absolute": "Absolute",
    "AccessRestrictedTryAgainLater": "Access is currently restricted. Please try again later.",
    "Actor": "Actor",
    "Add": "Add",
    "AddItemToCollectionHelp": "Add items to collections by searching for them and using their right-click or tap menus to add them to a collection.",
    "AddToCollection": "Add to collection",
    "AddToPlayQueue": "Add to play queue",
    "AddToPlaylist": "Add to playlist",
    "AddedOnValue": "Added {0}",
    "AdditionalNotificationServices": "Browse the plugin catalog to install additional notification services.",
    "AirDate": "Air date",
    "Aired": "Aired",
    "Albums": "Albums",
    "Alerts": "Alerts",
    "All": "All",
    "AllChannels": "All channels",
    "AllComplexFormats": "All complex formats (ASS, SSA, VOBSUB, PGS, SUB/IDX, etc.)",
    "AllEpisodes": "All episodes",
    "AllLanguages": "All languages",
    "AllLibraries": "All libraries",
    "AllowHWTranscodingHelp": "Allow the tuner to transcode streams on the fly. This may help reduce transcoding required by the server.",
    "AllowMediaConversion": "Allow media conversion",
    "AllowMediaConversionHelp": "Grant or deny access to the convert media feature.",
    "AllowOnTheFlySubtitleExtraction": "Allow subtitle extraction on the fly",
    "AllowOnTheFlySubtitleExtractionHelp": "Embedded subtitles can be extracted from videos and delivered to clients in plain text in order to help prevent video transcoding. On some systems this can take a long time and cause video playback to stall during the extraction process. Disable this to have embedded subtitles burned in with video transcoding when they are not natively supported by the client device.",
    "AllowFfmpegThrottling": "Throttle Transcodes",
    "AllowFfmpegThrottlingHelp": "When a transcode or remux gets far enough ahead from the current playback position, pause the process so it will consume less resources. This is most useful when watching without seeking often. Turn this off if you experience playback issues.",
    "AllowRemoteAccess": "Allow remote connections to this Jellyfin Server.",
    "AllowRemoteAccessHelp": "If unchecked, all remote connections will be blocked.",
    "AllowedRemoteAddressesHelp": "Comma separated list of IP addresses or IP/netmask entries for networks that will be allowed to connect remotely. If left blank, all remote addresses will be allowed.",
    "AlwaysPlaySubtitles": "Always play subtitles",
    "AlwaysPlaySubtitlesHelp": "Subtitles matching the language preference will be loaded regardless of the audio language.",
    "AnyLanguage": "Any language",
    "Anytime": "Anytime",
    "AroundTime": "Around {0}",
    "Art": "Art",
    "Artists": "Artists",
    "AsManyAsPossible": "As many as possible",
    "Ascending": "Ascending",
    "AskAdminToCreateLibrary": "Ask an administrator to create a library.",
    "AspectRatio": "Aspect Ratio",
    "AttributeNew": "New",
    "Audio": "Audio",
    "AuthProviderHelp": "Select an Authentication Provider to be used to authenticate this user's password.",
    "Auto": "Auto",
    "AutoBasedOnLanguageSetting": "Auto (based on language setting)",
    "Backdrop": "Backdrop",
    "Backdrops": "Backdrops",
    "Banner": "Banner",
    "BirthDateValue": "Born: {0}",
    "BirthLocation": "Birth location",
    "BirthPlaceValue": "Birth place: {0}",
    "Blacklist": "Blacklist",
    "BookLibraryHelp": "Audio and text books are supported. Review the {0}book naming guide{1}.",
    "Books": "Books",
    "Box": "Box",
    "BoxRear": "Box (rear)",
    "Browse": "Browse",
    "BrowsePluginCatalogMessage": "Browse our plugin catalog to view available plugins.",
    "BurnSubtitlesHelp": "Determines if the server should burn in subtitles when converting video depending on the subtitle format. Avoiding burning in subtitles will improve server performance. Select Auto to burn image based formats (VOBSUB, PGS, SUB/IDX, etc) and certain ASS/SSA subtitles.",
    "ButtonAdd": "Add",
    "ButtonAddImage": "Add Image",
    "ButtonAddMediaLibrary": "Add Media Library",
    "ButtonAddScheduledTaskTrigger": "Add Trigger",
    "ButtonAddServer": "Add Server",
    "ButtonAddUser": "Add User",
    "ButtonArrowDown": "Down",
    "ButtonArrowLeft": "Left",
    "ButtonArrowRight": "Right",
    "ButtonArrowUp": "Up",
    "ButtonAudioTracks": "Audio Tracks",
    "ButtonBack": "Back",
    "ButtonCancel": "Cancel",
    "ButtonChangeServer": "Change Server",
    "ButtonConnect": "Connect",
    "ButtonDelete": "Delete",
    "ButtonDeleteImage": "Delete Image",
    "ButtonDown": "Down",
    "ButtonDownload": "Download",
    "ButtonEdit": "Edit",
    "ButtonEditImages": "Edit images",
    "ButtonEditOtherUserPreferences": "Edit this user's profile, image and personal preferences.",
    "ButtonFilter": "Filter",
    "ButtonForgotPassword": "Forgot Password",
    "ButtonFullscreen": "Fullscreen",
    "ButtonGotIt": "Got It",
    "ButtonGuide": "Guide",
    "ButtonHelp": "Help",
    "ButtonHome": "Home",
    "ButtonInfo": "Info",
    "ButtonLearnMore": "Learn more",
    "ButtonLibraryAccess": "Library access",
    "ButtonManualLogin": "Manual Login",
    "ButtonMore": "More",
    "ButtonNetwork": "Network",
    "ButtonNew": "New",
    "ButtonNextTrack": "Next track",
    "ButtonOff": "Off",
    "ButtonOk": "Ok",
    "ButtonOpen": "Open",
    "ButtonParentalControl": "Parental control",
    "ButtonPause": "Pause",
    "ButtonPlay": "Play",
    "ButtonPreviousTrack": "Previous track",
    "ButtonProfile": "Profile",
    "ButtonQuickStartGuide": "Quick Start Guide",
    "ButtonRefresh": "Refresh",
    "ButtonRefreshGuideData": "Refresh Guide Data",
    "ButtonRemove": "Remove",
    "ButtonRename": "Rename",
    "ButtonRepeat": "Repeat",
    "ButtonResetEasyPassword": "Reset easy pin code",
    "ButtonResetPassword": "Reset Password",
    "ButtonRestart": "Restart",
    "ButtonResume": "Resume",
    "ButtonRevoke": "Revoke",
    "ButtonSave": "Save",
    "ButtonScanAllLibraries": "Scan All Libraries",
    "ButtonSearch": "Search",
    "ButtonSelectDirectory": "Select Directory",
    "ButtonSelectServer": "Select Server",
    "ButtonSelectView": "Select view",
    "ButtonSend": "Send",
    "ButtonSettings": "Settings",
    "ButtonShuffle": "Shuffle",
    "ButtonShutdown": "Shutdown",
    "ButtonSignIn": "Sign In",
    "ButtonSignOut": "Sign Out",
    "ButtonSort": "Sort",
    "ButtonStart": "Start",
    "ButtonStop": "Stop",
    "ButtonSplit": "Split",
    "ButtonSubmit": "Submit",
    "ButtonSubtitles": "Subtitles",
    "ButtonTrailer": "Trailer",
    "ButtonUninstall": "Uninstall",
    "ButtonUp": "Up",
    "ButtonViewWebsite": "View website",
    "ButtonWebsite": "Website",
    "CancelRecording": "Cancel recording",
    "CancelSeries": "Cancel series",
    "Categories": "Categories",
    "ChangingMetadataImageSettingsNewContent": "Changes to metadata or artwork downloading settings will only apply to new content added to your library. To apply the changes to existing titles, you'll need to refresh their metadata manually.",
    "ChannelAccessHelp": "Select the channels to share with this user. Administrators will be able to edit all channels using the metadata manager.",
    "ChannelNameOnly": "Channel {0} only",
    "ChannelNumber": "Channel number",
    "Channels": "Channels",
    "CinemaModeConfigurationHelp": "Cinema mode brings the theater experience straight to your living room with the ability to play trailers and custom intros before the main feature.",
    "Collections": "Collections",
    "ColorPrimaries": "Color primaries",
    "ColorSpace": "Color space",
    "ColorTransfer": "Color transfer",
    "CommunityRating": "Community rating",
    "Composer": "Composer",
    "ConfigureDateAdded": "Configure how date added is determined in the Jellyfin Server dashboard under Library settings",
    "ConfirmDeleteImage": "Delete image?",
    "ConfirmDeleteItem": "Deleting this item will delete it from both the file system and your media library. Are you sure you wish to continue?",
    "ConfirmDeleteItems": "Deleting these items will delete them from both the file system and your media library. Are you sure you wish to continue?",
    "ConfirmDeletion": "Confirm Deletion",
    "ConfirmEndPlayerSession": "Would you like to shutdown Jellyfin on {0}?",
    "Connect": "Connect",
    "ContinueWatching": "Continue watching",
    "Continuing": "Continuing",
    "CopyStreamURL": "Copy Stream URL",
    "CopyStreamURLSuccess": "URL copied successfully.",
    "CopyStreamURLError": "There was an error copying the URL.",
    "CriticRating": "Critic rating",
    "CustomDlnaProfilesHelp": "Create a custom profile to target a new device or override a system profile.",
    "DateAdded": "Date added",
    "DatePlayed": "Date played",
    "DeathDateValue": "Died: {0}",
    "Default": "Default",
    "DefaultErrorMessage": "There was an error processing the request. Please try again later.",
    "DefaultMetadataLangaugeDescription": "These are your defaults and can be customized on a per-library basis.",
    "DefaultSubtitlesHelp": "Subtitles are loaded based on the default and forced flags in the embedded metadata. Language preferences are considered when multiple options are available.",
    "Delete": "Delete",
    "DeleteDeviceConfirmation": "Are you sure you wish to delete this device? It will reappear the next time a user signs in with it.",
    "DeleteImage": "Delete Image",
    "DeleteImageConfirmation": "Are you sure you wish to delete this image?",
    "DeleteMedia": "Delete media",
    "DeleteUser": "Delete User",
    "DeleteUserConfirmation": "Are you sure you wish to delete this user?",
    "Depressed": "Depressed",
    "Descending": "Descending",
    "Desktop": "Desktop",
    "DetectingDevices": "Detecting devices",
    "DeviceAccessHelp": "This only applies to devices that can be uniquely identified and will not prevent browser access. Filtering user device access will prevent them from using new devices until they've been approved here.",
    "DirectPlaying": "Direct playing",
    "DirectStreamHelp1": "The media is compatible with the device regarding resolution and media type (H.264, AC3, etc), but is in an incompatible file container (mkv, avi, wmv, etc). The video will be re-packaged on the fly before streaming it to the device.",
    "DirectStreamHelp2": "Direct Streaming a file uses very little processing power without any loss in video quality.",
    "DirectStreaming": "Direct streaming",
    "Director": "Director",
    "DirectorValue": "Director: {0}",
    "DirectorsValue": "Directors: {0}",
    "Disabled": "Disabled",
    "Disc": "Disc",
    "Disconnect": "Disconnect",
    "Dislike": "Dislike",
    "Display": "Display",
    "DisplayInMyMedia": "Display on home screen",
    "DisplayInOtherHomeScreenSections": "Display in home screen sections such as latest media and continue watching",
    "DisplayMissingEpisodesWithinSeasons": "Display missing episodes within seasons",
    "DisplayMissingEpisodesWithinSeasonsHelp": "This must also be enabled for TV libraries in the server configuration.",
    "DisplayModeHelp": "Select the type of screen you're running Jellyfin on.",
    "DoNotRecord": "Do not record",
    "Down": "Down",
    "Download": "Download",
    "DownloadsValue": "{0} downloads",
    "DrmChannelsNotImported": "Channels with DRM will not be imported.",
    "DropShadow": "Drop Shadow",
    "EasyPasswordHelp": "Your easy pin code is used for offline access on supported clients and can also be used for easy in-network sign in.",
    "Edit": "Edit",
    "EditImages": "Edit images",
    "EditMetadata": "Edit metadata",
    "EditSubtitles": "Edit subtitles",
    "EnableBackdrops": "Backdrops",
    "EnableBackdropsHelp": "Display backdrops in the background of some pages while browsing the library.",
    "EnableCinemaMode": "Cinema mode",
    "EnableColorCodedBackgrounds": "Color coded backgrounds",
    "EnableDisplayMirroring": "Display mirroring",
    "EnableExternalVideoPlayers": "External video players",
    "EnableExternalVideoPlayersHelp": "An external player menu will be shown when starting video playback.",
    "EnableHardwareEncoding": "Enable hardware encoding",
    "EnableNextVideoInfoOverlay": "Show next video info during playback",
    "EnableNextVideoInfoOverlayHelp": "At the end of a video, display info about the next video coming up in the current playlist.",
    "EnablePhotos": "Display photos",
    "EnablePhotosHelp": "Images will be detected and displayed alongside other media files.",
    "EnableStreamLooping": "Auto-loop live streams",
    "EnableStreamLoopingHelp": "Enable this if live streams only contain a few seconds of data and need to be continuously requested. Enabling this when not needed may cause problems.",
    "EnableThemeSongs": "Theme songs",
    "EnableThemeSongsHelp": "Play theme songs in the background while browsing the library.",
    "EnableThemeVideos": "Theme videos",
    "EnableThemeVideosHelp": "Play theme videos in the background while browsing the library.",
    "Ended": "Ended",
    "EndsAtValue": "Ends at {0}",
    "Episodes": "Episodes",
    "ErrorAddingListingsToSchedulesDirect": "There was an error adding the lineup to your Schedules Direct account. Schedules Direct only allows a limited number of lineups per account. You may need to log into the Schedules Direct website and remove others listings from your account before proceeding.",
    "ErrorAddingMediaPathToVirtualFolder": "There was an error adding the media path. Please ensure the path is valid and the Jellyfin Server process has access to that location.",
    "ErrorAddingTunerDevice": "There was an error adding the tuner device. Please ensure it is accessible and try again.",
    "ErrorAddingXmlTvFile": "There was an error accessing the XMLTV file. Please ensure the file exists and try again.",
    "ErrorDeletingItem": "There was an error deleting the item from Jellyfin Server. Please check that Jellyfin Server has write access to the media folder and try again.",
    "ErrorGettingTvLineups": "There was an error downloading TV lineups. Please ensure your information is correct and try again.",
    "ErrorMessageStartHourGreaterThanEnd": "End time must be greater than the start time.",
    "ErrorPleaseSelectLineup": "Please select a lineup and try again. If no lineups are available, then please check that your username, password, and postal code is correct.",
    "ErrorSavingTvProvider": "There was an error saving the TV provider. Please ensure it is accessible and try again.",
    "EveryNDays": "Every {0} days",
    "ExitFullscreen": "Exit full screen",
    "ExtraLarge": "Extra Large",
    "ExtractChapterImagesHelp": "Extracting chapter images will allow clients to display graphical scene selection menus. The process can be slow, resource intensive, and may require several gigabytes of space. It runs when videos are discovered, and also as a nightly scheduled task. The schedule is configurable in the scheduled tasks area. It is not recommended to run this task during peak usage hours.",
    "Extras": "Extras",
    "FFmpegSavePathNotFound": "We're unable to locate FFmpeg using the path you've entered. FFprobe is also required and must exist in the same folder. These components are normally bundled together in the same download. Please check the path and try again.",
    "FastForward": "Fast-forward",
    "Favorite": "Favorite",
    "Favorites": "Favorites",
    "Features": "Features",
    "FetchingData": "Fetching additional data",
    "File": "File",
    "FileNotFound": "File not found.",
    "FileReadCancelled": "The file read has been canceled.",
    "FileReadError": "An error occurred while reading the file.",
    "Filters": "Filters",
    "FolderTypeBooks": "Books",
    "FolderTypeMovies": "Movies",
    "FolderTypeMusic": "Music",
    "FolderTypeMusicVideos": "Music Videos",
    "FolderTypeTvShows": "TV Shows",
    "FolderTypeUnset": "Mixed Content",
    "Folders": "Folders",
    "FormatValue": "Format: {0}",
    "Friday": "Friday",
    "Fullscreen": "Full screen",
    "General": "General",
    "GenreValue": "Genre: {0}",
    "Genres": "Genres",
    "GenresValue": "Genres: {0}",
    "GroupBySeries": "Group by series",
    "GroupVersions": "Group versions",
    "GuestStar": "Guest star",
    "Guide": "Guide",
    "GuideProviderLogin": "Login",
    "GuideProviderSelectListings": "Select Listings",
    "H264CrfHelp": "The Constant Rate Factor (CRF) is the default quality setting for the x264 encoder. You can set the values between 0 and 51, where lower values would result in better quality (at the expense of higher file sizes). Sane values are between 18 and 28. The default for x264 is 23, so you can use this as a starting point.",
    "EncoderPresetHelp": "Choose a faster value to improve performance, or a slower value to improve quality.",
    "HDPrograms": "HD programs",
    "HandledByProxy": "Handled by reverse proxy",
    "HardwareAccelerationWarning": "Enabling hardware acceleration may cause instability in some environments. Ensure that your operating system and video drivers are fully up to date. If you have difficulty playing video after enabling this, you'll need to change the setting back to None.",
    "HeaderAccessSchedule": "Access Schedule",
    "HeaderAccessScheduleHelp": "Create an access schedule to limit access to certain hours.",
    "HeaderActiveDevices": "Active Devices",
    "HeaderActiveRecordings": "Active Recordings",
    "HeaderActivity": "Activity",
    "HeaderAddScheduledTaskTrigger": "Add Trigger",
    "HeaderAddToCollection": "Add to Collection",
    "HeaderAddToPlaylist": "Add to Playlist",
    "HeaderAddUpdateImage": "Add/Update Image",
    "HeaderAddUser": "Add User",
    "HeaderAdditionalParts": "Additional Parts",
    "HeaderAdmin": "Admin",
    "HeaderAlbumArtists": "Album Artists",
    "HeaderAlbums": "Albums",
    "HeaderAlert": "Alert",
    "HeaderAllowMediaDeletionFrom": "Allow Media Deletion From",
    "HeaderApiKey": "API Key",
    "HeaderApiKeys": "API Keys",
    "HeaderApiKeysHelp": "External applications are required to have an API key in order to communicate with Jellyfin Server. Keys are issued by logging in with a Jellyfin account, or by manually granting the application a key.",
    "HeaderApp": "App",
    "HeaderAppearsOn": "Appears On",
    "HeaderAudioBooks": "Audio Books",
    "HeaderAudioSettings": "Audio Settings",
    "HeaderAutomaticUpdates": "Automatic Updates",
    "HeaderBlockItemsWithNoRating": "Block items with no or unrecognized rating information:",
    "HeaderBooks": "Books",
    "HeaderBranding": "Branding",
    "HeaderCancelRecording": "Cancel Recording",
    "HeaderCancelSeries": "Cancel Series",
    "HeaderCastAndCrew": "Cast & Crew",
    "HeaderCastCrew": "Cast & Crew",
    "HeaderChannelAccess": "Channel Access",
    "HeaderChannels": "Channels",
    "HeaderChapterImages": "Chapter Images",
    "HeaderCodecProfile": "Codec Profile",
    "HeaderCodecProfileHelp": "Codec profiles indicate the limitations of a device when playing specific codecs. If a limitation applies then the media will be transcoded, even if the codec is configured for direct play.",
    "HeaderConfigureRemoteAccess": "Configure Remote Access",
    "HeaderConfirmPluginInstallation": "Confirm Plugin Installation",
    "HeaderConfirmProfileDeletion": "Confirm Profile Deletion",
    "HeaderConfirmRevokeApiKey": "Revoke API Key",
    "HeaderConnectToServer": "Connect to Server",
    "HeaderConnectionFailure": "Connection Failure",
    "HeaderContainerProfile": "Container Profile",
    "HeaderContainerProfileHelp": "Container profiles indicate the limitations of a device when playing specific formats. If a limitation applies then the media will be transcoded, even if the format is configured for direct play.",
    "HeaderContinueListening": "Continue Listening",
    "HeaderContinueWatching": "Continue Watching",
    "HeaderCustomDlnaProfiles": "Custom Profiles",
    "HeaderDateIssued": "Date Issued",
    "HeaderDefaultRecordingSettings": "Default Recording Settings",
    "HeaderDeleteDevice": "Delete Device",
    "HeaderDeleteItem": "Delete Item",
    "HeaderDeleteItems": "Delete Items",
    "HeaderDeleteProvider": "Delete Provider",
    "HeaderDeleteTaskTrigger": "Delete Task Trigger",
    "HeaderDetectMyDevices": "Detect My Devices",
    "HeaderDeveloperInfo": "Developer Info",
    "HeaderDeviceAccess": "Device Access",
    "HeaderDevices": "Devices",
    "HeaderDirectPlayProfile": "Direct Play Profile",
    "HeaderDirectPlayProfileHelp": "Add direct play profiles to indicate which formats the device can handle natively.",
    "HeaderDisplay": "Display",
    "HeaderDownloadSync": "Download & Sync",
    "HeaderEasyPinCode": "Easy Pin Code",
    "HeaderEditImages": "Edit Images",
    "HeaderEnabledFields": "Enabled Fields",
    "HeaderEnabledFieldsHelp": "Uncheck a field to lock it and prevent its data from being changed.",
    "HeaderEpisodes": "Episodes",
    "HeaderError": "Error",
    "HeaderExternalIds": "External IDs:",
    "HeaderFavoriteBooks": "Favorite Books",
    "HeaderFavoriteMovies": "Favorite Movies",
    "HeaderFavoriteShows": "Favorite Shows",
    "HeaderFavoriteEpisodes": "Favorite Episodes",
    "HeaderFavoriteAlbums": "Favorite Albums",
    "HeaderFavoritePeople": "Favorite People",
    "HeaderFavoriteArtists": "Favorite Artists",
    "HeaderFavoriteSongs": "Favorite Songs",
    "HeaderFavoriteVideos": "Favorite Videos",
    "HeaderFeatureAccess": "Feature Access",
    "HeaderFeatures": "Features",
    "HeaderFetchImages": "Fetch Images:",
    "HeaderFetcherSettings": "Fetcher Settings",
    "HeaderFilters": "Filters",
    "HeaderForKids": "For Kids",
    "HeaderForgotPassword": "Forgot Password",
    "HeaderFrequentlyPlayed": "Frequently Played",
    "HeaderGenres": "Genres",
    "HeaderGuideProviders": "TV Guide Data Providers",
    "HeaderHome": "Home",
    "HeaderHttpHeaders": "HTTP Headers",
    "HeaderIdentification": "Identification",
    "HeaderIdentificationCriteriaHelp": "Enter at least one identification criteria.",
    "HeaderIdentificationHeader": "Identification Header",
    "HeaderIdentifyItemHelp": "Enter one or more search criteria. Remove criteria to increase search results.",
    "HeaderImageOptions": "Image Options",
    "HeaderImageSettings": "Image Settings",
    "HeaderInstall": "Install",
    "HeaderInstantMix": "Instant Mix",
    "HeaderItems": "Items",
    "HeaderKeepRecording": "Keep Recording",
    "HeaderKeepSeries": "Keep Series",
    "HeaderKodiMetadataHelp": "To enable or disable NFO metadata, edit a library in Jellyfin library setup and locate the metadata savers section.",
    "HeaderLatestEpisodes": "Latest Episodes",
    "HeaderLatestMedia": "Latest Media",
    "HeaderLatestMovies": "Latest Movies",
    "HeaderLatestMusic": "Latest Music",
    "HeaderLatestRecordings": "Latest Recordings",
    "HeaderLibraries": "Libraries",
    "HeaderLibraryAccess": "Library Access",
    "HeaderLibraryFolders": "Library Folders",
    "HeaderLibraryOrder": "Library Order",
    "HeaderLibrarySettings": "Library Settings",
    "HeaderLiveTV": "Live TV",
    "HeaderLiveTv": "Live TV",
    "HeaderLiveTvTunerSetup": "Live TV Tuner Setup",
    "HeaderLoginFailure": "Login Failure",
    "HeaderMedia": "Media",
    "HeaderMediaFolders": "Media Folders",
    "HeaderMediaInfo": "Media Info",
    "HeaderMetadataSettings": "Metadata Settings",
    "HeaderMoreLikeThis": "More Like This",
    "HeaderMovies": "Movies",
    "HeaderMusicQuality": "Music Quality",
    "HeaderMusicVideos": "Music Videos",
    "HeaderMyDevice": "My Device",
    "HeaderMyMedia": "My Media",
    "HeaderMyMediaSmall": "My Media (small)",
    "HeaderNavigation": "Navigation",
    "HeaderNewApiKey": "New API Key",
    "HeaderNewDevices": "New Devices",
    "HeaderNextEpisodePlayingInValue": "Next Episode Playing in {0}",
    "HeaderNextUp": "Next Up",
    "HeaderNextVideoPlayingInValue": "Next Video Playing in {0}",
    "HeaderOnNow": "On Now",
    "HeaderOtherItems": "Other Items",
    "HeaderParentalRatings": "Parental Ratings",
    "HeaderPassword": "Password",
    "HeaderPasswordReset": "Password Reset",
    "HeaderPaths": "Paths",
    "HeaderPendingInvitations": "Pending Invitations",
    "HeaderPeople": "People",
    "HeaderPhotoAlbums": "Photo Albums",
    "HeaderPinCodeReset": "Reset Pin Code",
    "HeaderPlayAll": "Play All",
    "HeaderPlayOn": "Play On",
    "HeaderPlayback": "Media Playback",
    "HeaderPlaybackError": "Playback Error",
    "HeaderPleaseSignIn": "Please sign in",
    "HeaderPluginInstallation": "Plugin Installation",
    "HeaderPreferredMetadataLanguage": "Preferred Metadata Language",
    "HeaderProfile": "Profile",
    "HeaderProfileInformation": "Profile Information",
    "HeaderProfileServerSettingsHelp": "These values control how Jellyfin Server will present itself to the device.",
    "HeaderRecentlyPlayed": "Recently Played",
    "HeaderRecordingOptions": "Recording Options",
    "HeaderRecordingPostProcessing": "Recording Post Processing",
    "HeaderRemoteControl": "Remote Control",
    "HeaderRemoveMediaFolder": "Remove Media Folder",
    "HeaderRemoveMediaLocation": "Remove Media Location",
    "HeaderResponseProfile": "Response Profile",
    "HeaderResponseProfileHelp": "Response profiles provide a way to customize information sent to the device when playing certain kinds of media.",
    "HeaderRestart": "Restart",
    "HeaderRestartingServer": "Restarting Server",
    "HeaderRevisionHistory": "Revision History",
    "HeaderRunningTasks": "Running Tasks",
    "HeaderScenes": "Scenes",
    "HeaderSchedule": "Schedule",
    "HeaderSeasons": "Seasons",
    "HeaderSecondsValue": "{0} Seconds",
    "HeaderSelectCertificatePath": "Select Certificate Path",
    "HeaderSelectMetadataPath": "Select Metadata Path",
    "HeaderSelectMetadataPathHelp": "Browse or enter the path you'd like to store metadata within. The folder must be writeable.",
    "HeaderSelectPath": "Select Path",
    "HeaderSelectServer": "Select Server",
    "HeaderSelectServerCachePath": "Select Server Cache Path",
    "HeaderSelectServerCachePathHelp": "Browse or enter the path to use for server cache files. The folder must be writeable.",
    "HeaderSelectTranscodingPath": "Select Transcoding Temporary Path",
    "HeaderSelectTranscodingPathHelp": "Browse or enter the path to use for transcoding temporary files. The folder must be writeable.",
    "HeaderSendMessage": "Send Message",
    "HeaderSeries": "Series",
    "HeaderSeriesOptions": "Series Options",
    "HeaderSeriesStatus": "Series Status",
    "HeaderServerSettings": "Server Settings",
    "HeaderSettings": "Settings",
    "HeaderSetupLibrary": "Setup your media libraries",
    "HeaderShutdown": "Shutdown",
    "HeaderSortBy": "Sort By",
    "HeaderSortOrder": "Sort Order",
    "HeaderSpecialEpisodeInfo": "Special Episode Info",
    "HeaderSpecialFeatures": "Special Features",
    "HeaderStartNow": "Start Now",
    "HeaderStatus": "Status",
    "HeaderStopRecording": "Stop Recording",
    "HeaderSubtitleAppearance": "Subtitle Appearance",
    "HeaderSubtitleDownloads": "Subtitle Downloads",
    "HeaderSubtitleProfile": "Subtitle Profile",
    "HeaderSubtitleProfiles": "Subtitle Profiles",
    "HeaderSubtitleProfilesHelp": "Subtitle profiles describe the subtitle formats supported by the device.",
    "HeaderSystemDlnaProfiles": "System Profiles",
    "HeaderTags": "Tags",
    "HeaderTaskTriggers": "Task Triggers",
    "HeaderThisUserIsCurrentlyDisabled": "This user is currently disabled",
    "HeaderTracks": "Tracks",
    "HeaderTranscodingProfile": "Transcoding Profile",
    "HeaderTranscodingProfileHelp": "Add transcoding profiles to indicate which formats should be used when transcoding is required.",
    "HeaderTunerDevices": "Tuner Devices",
    "HeaderTuners": "Tuners",
    "HeaderTypeImageFetchers": "{0} Image Fetchers",
    "HeaderTypeText": "Enter Text",
    "HeaderUpcomingOnTV": "Upcoming On TV",
    "HeaderUploadImage": "Upload Image",
    "HeaderUser": "User",
    "HeaderUsers": "Users",
    "HeaderVideoQuality": "Video Quality",
    "HeaderVideoType": "Video Type",
    "HeaderVideoTypes": "Video Types",
    "HeaderVideos": "Videos",
    "HeaderXmlDocumentAttribute": "Xml Document Attribute",
    "HeaderXmlDocumentAttributes": "Xml Document Attributes",
    "HeaderXmlSettings": "Xml Settings",
    "HeaderYears": "Years",
    "HeadersFolders": "Folders",
    "Help": "Help",
    "Hide": "Hide",
    "HideWatchedContentFromLatestMedia": "Hide watched content from latest media",
    "Home": "Home",
    "Horizontal": "Horizontal",
    "HttpsRequiresCert": "To enable secure connections, you will need to supply a trusted SSL certificate, such as Let's Encrypt. Please either supply a certificate, or disable secure connections.",
    "Identify": "Identify",
    "Images": "Images",
    "ImportFavoriteChannelsHelp": "If enabled, only channels that are marked as favorite on the tuner device will be imported.",
    "ImportMissingEpisodesHelp": "If enabled, information about missing episodes will be imported into your Jellyfin database and displayed within seasons and series. This may cause significantly longer library scans.",
    "InstallingPackage": "Installing {0}",
    "InstantMix": "Instant mix",
    "ItemCount": "{0} items",
    "Items": "Items",
    "Kids": "Kids",
    "Label3DFormat": "3D format:",
    "LabelAbortedByServerShutdown": "(Aborted by server shutdown)",
    "LabelAccessDay": "Day of week:",
    "LabelAccessEnd": "End time:",
    "LabelAccessStart": "Start time:",
    "LabelAirDays": "Air days:",
    "LabelAirTime": "Air time:",
    "LabelAirsAfterSeason": "Airs after season:",
    "LabelAirsBeforeEpisode": "Airs before episode:",
    "LabelAirsBeforeSeason": "Airs before season:",
    "LabelAlbum": "Album:",
    "LabelAlbumArtHelp": "PN used for album art, within the dlna:profileID attribute on upnp:albumArtURI. Some devices require a specific value, regardless of the size of the image.",
    "LabelAlbumArtMaxHeight": "Album art max height:",
    "LabelAlbumArtMaxHeightHelp": "Max resolution of album art exposed via upnp:albumArtURI.",
    "LabelAlbumArtMaxWidth": "Album art max width:",
    "LabelAlbumArtMaxWidthHelp": "Max resolution of album art exposed via upnp:albumArtURI.",
    "LabelAlbumArtPN": "Album art PN:",
    "LabelAlbumArtists": "Album artists:",
    "LabelAll": "All",
    "LabelAllowHWTranscoding": "Allow hardware transcoding",
    "LabelAllowServerAutoRestart": "Allow the server to restart automatically to apply updates",
    "LabelAllowServerAutoRestartHelp": "The server will only restart during idle periods when no users are active.",
    "LabelAllowedRemoteAddresses": "Remote IP address filter:",
    "LabelAllowedRemoteAddressesMode": "Remote IP address filter mode:",
    "LabelAppName": "App name",
    "LabelAppNameExample": "Example: Sickbeard, Sonarr",
    "LabelArtists": "Artists:",
    "LabelArtistsHelp": "Separate multiple using ;",
    "LabelAudio": "Audio:",
    "LabelAudioBitDepth": "Audio bit depth:",
    "LabelAudioBitrate": "Audio bitrate:",
    "LabelAudioChannels": "Audio channels:",
    "LabelAudioCodec": "Audio codec:",
    "LabelAudioLanguagePreference": "Preferred audio language:",
    "LabelAudioSampleRate": "Audio sample rate:",
    "LabelAuthProvider": "Authentication Provider:",
    "LabelAutomaticallyRefreshInternetMetadataEvery": "Automatically refresh metadata from the internet:",
    "LabelBindToLocalNetworkAddress": "Bind to local network address:",
    "LabelBindToLocalNetworkAddressHelp": "Optional. Override the local IP address to bind the http server to. If left empty, the server will bind to all availabile addresses. Changing this value requires restarting Jellyfin Server.",
    "LabelBirthDate": "Birth date:",
    "LabelBirthYear": "Birth year:",
    "LabelBitrate": "Bitrate:",
    "LabelBlastMessageInterval": "Alive message interval (seconds)",
    "LabelBlastMessageIntervalHelp": "Determines the duration in seconds between blast alive messages.",
    "LabelBlockContentWithTags": "Block items with tags:",
    "LabelBurnSubtitles": "Burn subtitles:",
    "LabelCache": "Cache:",
    "LabelCachePath": "Cache path:",
    "LabelCachePathHelp": "Specify a custom location for server cache files such as images. Leave blank to use the server default.",
    "LabelCancelled": "Cancelled",
    "LabelCertificatePassword": "Certificate password:",
    "LabelCertificatePasswordHelp": "If your certificate requires a password, please enter it here.",
    "LabelChannels": "Channels:",
    "LabelCollection": "Collection:",
    "LabelCommunityRating": "Community rating:",
    "LabelContentType": "Content type:",
    "LabelCorruptedFrames": "Corrupted frames:",
    "LabelCountry": "Country:",
    "LabelCriticRating": "Critic rating:",
    "LabelCurrentPassword": "Current password:",
    "LabelCustomCertificatePath": "Custom SSL certificate path:",
    "LabelCustomCertificatePathHelp": "Path to a PKCS #12 file containing a certificate and private key to enable TLS support on a custom domain.",
    "LabelCustomCss": "Custom CSS:",
    "LabelCustomCssHelp": "Apply your own custom styling to the web interface.",
    "LabelCustomDeviceDisplayName": "Display name:",
    "LabelCustomDeviceDisplayNameHelp": "Supply a custom display name or leave empty to use the name reported by the device.",
    "LabelCustomRating": "Custom rating:",
    "LabelDashboardTheme": "Server dashboard theme:",
    "LabelDateAdded": "Date added:",
    "LabelDateAddedBehavior": "Date added behavior for new content:",
    "LabelDateAddedBehaviorHelp": "If a metadata value is present it will always be used before either of these options.",
    "LabelDateTimeLocale": "Date time locale:",
    "LabelDay": "Day:",
    "LabelDeathDate": "Death date:",
    "LabelDefaultScreen": "Default screen:",
    "LabelDefaultUser": "Default user:",
    "LabelDefaultUserHelp": "Determines which user library should be displayed on connected devices. This can be overridden for each device using profiles.",
    "LabelDeviceDescription": "Device description",
    "LabelDidlMode": "DIDL mode:",
    "LabelDiscNumber": "Disc number:",
    "LabelDisplayLanguage": "Display language:",
    "LabelDisplayLanguageHelp": "Translating Jellyfin is an ongoing project.",
    "LabelDisplayMissingEpisodesWithinSeasons": "Display missing episodes within seasons",
    "LabelDisplayMode": "Display mode:",
    "LabelDisplayName": "Display name:",
    "LabelDisplayOrder": "Display order:",
    "LabelDisplaySpecialsWithinSeasons": "Display specials within seasons they aired in",
    "LabelDownMixAudioScale": "Audio boost when downmixing:",
    "LabelDownMixAudioScaleHelp": "Boost audio when downmixing. A value of one will preserve the original volume.",
    "LabelDownloadLanguages": "Download languages:",
    "LabelDropImageHere": "Drop image here, or click to browse.",
    "LabelDroppedFrames": "Dropped frames:",
    "LabelDropShadow": "Drop shadow:",
    "LabelDynamicExternalId": "{0} Id:",
    "LabelEasyPinCode": "Easy pin code:",
    "LabelEmbedAlbumArtDidl": "Embed album art in Didl",
    "LabelEmbedAlbumArtDidlHelp": "Some devices prefer this method for obtaining album art. Others may fail to play with this option enabled.",
    "LabelEnableAutomaticPortMap": "Enable automatic port mapping",
    "LabelEnableAutomaticPortMapHelp": "Attempt to automatically map the public port to the local port via UPnP. This may not work with some router models. Changes will not apply until after a server restart.",
    "LabelEnableBlastAliveMessages": "Blast alive messages",
    "LabelEnableBlastAliveMessagesHelp": "Enable this if the server is not detected reliably by other UPnP devices on your network.",
    "LabelEnableDlnaClientDiscoveryInterval": "Client discovery interval (seconds)",
    "LabelEnableDlnaClientDiscoveryIntervalHelp": "Determines the duration in seconds between SSDP searches performed by Jellyfin.",
    "LabelEnableDlnaDebugLogging": "Enable DLNA debug logging",
    "LabelEnableDlnaDebugLoggingHelp": "Create large log files and should only be used as needed for troubleshooting purposes.",
    "LabelEnableDlnaPlayTo": "Enable DLNA Play To",
    "LabelEnableDlnaPlayToHelp": "Detect devices within your network and offer the ability to remote control them.",
    "LabelEnableDlnaServer": "Enable DLNA server",
    "LabelEnableDlnaServerHelp": "Allows UPnP devices on your network to browse and play content.",
    "LabelEnableHardwareDecodingFor": "Enable hardware decoding for:",
    "LabelEnableRealtimeMonitor": "Enable real time monitoring",
    "LabelEnableRealtimeMonitorHelp": "Changes to files will be processed immediately, on supported file systems.",
    "LabelEnableSingleImageInDidlLimit": "Limit to single embedded image",
    "LabelEnableSingleImageInDidlLimitHelp": "Some devices will not render properly if multiple images are embedded within Didl.",
    "LabelEndDate": "End date:",
    "LabelEpisodeNumber": "Episode number:",
    "LabelEvent": "Event:",
    "LabelEveryXMinutes": "Every:",
    "LabelBaseUrl": "Base URL:",
    "LabelBaseUrlHelp": "You can add a custom subdirectory here to access the server from a more unique URL.",
    "LabelExtractChaptersDuringLibraryScan": "Extract chapter images during the library scan",
    "LabelExtractChaptersDuringLibraryScanHelp": "Generate chapter images when videos are imported during the library scan. Otherwise, they will be extracted during the chapter images scheduled task, allowing the regular library scan to complete faster.",
    "LabelFailed": "Failed",
    "LabelFileOrUrl": "File or URL:",
    "LabelFinish": "Finish",
    "LabelFolder": "Folder:",
    "LabelFont": "Font:",
    "LabelForgotPasswordUsernameHelp": "Enter your username, if you remember it.",
    "LabelFormat": "Format:",
    "LabelFriendlyName": "Friendly name:",
    "LabelServerNameHelp": "This name will be used to identify the server and will default to the server's computer name.",
    "LabelGroupMoviesIntoCollections": "Group movies into collections",
    "LabelGroupMoviesIntoCollectionsHelp": "When displaying movie lists, movies belonging to a collection will be displayed as one grouped item.",
    "LabelH264Crf": "H264 encoding CRF:",
    "LabelEncoderPreset": "H264 and H265 encoding preset:",
    "LabelHardwareAccelerationType": "Hardware acceleration:",
    "LabelHardwareAccelerationTypeHelp": "Hardware acceleration requires additional configuration.",
    "LabelHomeNetworkQuality": "Home network quality:",
    "LabelHomeScreenSectionValue": "Home screen section {0}:",
    "LabelHttpsPort": "Local HTTPS port number:",
    "LabelHttpsPortHelp": "The TCP port number that Jellyfin's HTTPS server should bind to.",
    "LabelIconMaxHeight": "Icon maximum height:",
    "LabelIconMaxHeightHelp": "Maximum resolution of icons exposed via upnp:icon.",
    "LabelIconMaxWidth": "Icon maximum width:",
    "LabelIconMaxWidthHelp": "Maximum resolution of icons exposed via upnp:icon.",
    "LabelIdentificationFieldHelp": "A case-insensitive substring or regex expression.",
    "LabelImageFetchersHelp": "Enable and rank your preferred image fetchers in order of priority.",
    "LabelImageType": "Image type:",
    "LabelImportOnlyFavoriteChannels": "Restrict to channels marked as favorite",
    "LabelInNetworkSignInWithEasyPassword": "Enable in-network sign in with my easy pin code",
    "LabelInNetworkSignInWithEasyPasswordHelp": "Use the easy pin code to sign in to clients within your local network. Your regular password will only be needed away from home. If the pin code is left blank, you won't need a password within your home network.",
    "LabelInternetQuality": "Internet quality:",
    "LabelKeepUpTo": "Keep up to:",
    "LabelKidsCategories": "Children's categories:",
    "LabelKodiMetadataDateFormat": "Release date format:",
    "LabelKodiMetadataDateFormatHelp": "All dates within NFO files will be parsed using this format.",
    "LabelKodiMetadataEnableExtraThumbs": "Copy extrafanart to extrathumbs field",
    "LabelKodiMetadataEnableExtraThumbsHelp": "When downloading images they can be saved into both extrafanart and extrathumbs for maximum Kodi skin compatibility.",
    "LabelKodiMetadataEnablePathSubstitution": "Enable path substitution",
    "LabelKodiMetadataEnablePathSubstitutionHelp": "Enables path substitution of image paths using the server's path substitution settings.",
    "LabelKodiMetadataSaveImagePaths": "Save image paths within nfo files",
    "LabelKodiMetadataSaveImagePathsHelp": "This is recommended if you have image file names that don't conform to Kodi guidelines.",
    "LabelKodiMetadataUser": "Save user watch data to NFO files for:",
    "LabelKodiMetadataUserHelp": "Save watch data to NFO files for other applications to utilize.",
    "LabelLanNetworks": "LAN networks:",
    "LabelLanguage": "Language:",
    "LabelLineup": "Lineup:",
    "LabelLocalHttpServerPortNumber": "Local HTTP port number:",
    "LabelLocalHttpServerPortNumberHelp": "The TCP port number that Jellyfin's HTTP server should bind to.",
    "LabelLockItemToPreventChanges": "Lock this item to prevent future changes",
    "LabelLoginDisclaimer": "Login disclaimer:",
    "LabelLoginDisclaimerHelp": "A message that will be displayed at the bottom of the login page.",
    "LabelLogs": "Logs:",
    "LabelManufacturer": "Manufacturer:",
    "LabelManufacturerUrl": "Manufacturer URL",
    "LabelMatchType": "Match type:",
    "LabelMaxBackdropsPerItem": "Maximum number of backdrops per item:",
    "LabelMaxChromecastBitrate": "Chromecast streaming quality:",
    "LabelMaxParentalRating": "Maximum allowed parental rating:",
    "LabelMaxResumePercentage": "Maximum resume percentage:",
    "LabelMaxResumePercentageHelp": "Titles are assumed fully played if stopped after this time.",
    "LabelMaxScreenshotsPerItem": "Maximum number of screenshots per item:",
    "LabelMaxStreamingBitrate": "Maximum streaming quality:",
    "LabelMaxStreamingBitrateHelp": "Specify a maximum bitrate when streaming.",
    "LabelMessageText": "Message text:",
    "LabelMessageTitle": "Message title:",
    "LabelMetadata": "Metadata:",
    "LabelMetadataDownloadLanguage": "Preferred download language:",
    "LabelMetadataDownloadersHelp": "Enable and rank your preferred metadata downloaders in order of priority. Lower priority downloaders will only be used to fill in missing information.",
    "LabelMetadataPath": "Metadata path:",
    "LabelMetadataPathHelp": "Specify a custom location for downloaded artwork and metadata.",
    "LabelMetadataReaders": "Metadata readers:",
    "LabelMetadataReadersHelp": "Rank your preferred local metadata sources in order of priority. The first file found will be read.",
    "LabelMetadataSavers": "Metadata savers:",
    "LabelMetadataSaversHelp": "Choose the file formats to save your metadata to.",
    "LabelMethod": "Method:",
    "LabelMinBackdropDownloadWidth": "Minimum backdrop download width:",
    "LabelMinResumeDuration": "Minimum resume duration:",
    "LabelMinResumeDurationHelp": "The shortest video length in seconds that will save playback location and let you resume.",
    "LabelMinResumePercentage": "Minimum resume percentage:",
    "LabelMinResumePercentageHelp": "Titles are assumed unplayed if stopped before this time.",
    "LabelMinScreenshotDownloadWidth": "Minimum screenshot download width:",
    "LabelModelDescription": "Model description",
    "LabelModelName": "Model name",
    "LabelModelNumber": "Model number",
    "LabelModelUrl": "Model URL",
    "LabelMonitorUsers": "Monitor activity from:",
    "LabelMovieCategories": "Movie categories:",
    "LabelMoviePrefix": "Movie prefix:",
    "LabelMoviePrefixHelp": "If a prefix is applied to movie titles, enter it here so the server can handle it properly.",
    "LabelMovieRecordingPath": "Movie recording path (optional):",
    "LabelMusicStreamingTranscodingBitrate": "Music transcoding bitrate:",
    "LabelMusicStreamingTranscodingBitrateHelp": "Specify a max bitrate when streaming music.",
    "LabelName": "Name:",
    "LabelNewName": "New name:",
    "LabelNewPassword": "New password:",
    "LabelNewPasswordConfirm": "New password confirm:",
    "LabelNewsCategories": "News categories:",
    "LabelNext": "Next",
    "LabelNotificationEnabled": "Enable this notification",
    "LabelNumber": "Number:",
    "LabelNumberOfGuideDays": "Number of days of guide data to download:",
    "LabelNumberOfGuideDaysHelp": "Downloading more days worth of guide data provides the ability to schedule out further in advance and view more listings, but it will also take longer to download. Auto will choose based on the number of channels.",
    "LabelOptionalNetworkPath": "(Optional) Shared network folder:",
    "LabelOptionalNetworkPathHelp": "If this folder is shared on your network, supplying the network share path can allow Jellyfin apps on other devices to access media files directly.",
    "LabelOriginalAspectRatio": "Original aspect ratio:",
    "LabelOriginalTitle": "Original title:",
    "LabelOverview": "Overview:",
    "LabelParentNumber": "Parent number:",
    "LabelParentalRating": "Parental rating:",
    "LabelPassword": "Password:",
    "LabelPasswordConfirm": "Password (confirm):",
    "LabelPasswordResetProvider": "Password Reset Provider:",
    "LabelPasswordRecoveryPinCode": "Pin code:",
    "LabelPath": "Path:",
    "LabelPersonRole": "Role:",
    "LabelPersonRoleHelp": "Example: Ice cream truck driver",
    "LabelPlaceOfBirth": "Place of birth:",
    "LabelPlayDefaultAudioTrack": "Play default audio track regardless of language",
    "LabelPlayer": "Player:",
    "LabelPlayerDimensions": "Player dimensions:",
    "LabelPlaylist": "Playlist:",
    "LabelPlayMethod": "Play method:",
    "LabelPleaseRestart": "Changes will take effect after manually reloading the web client.",
    "LabelPostProcessor": "Post-processing application:",
    "LabelPostProcessorArguments": "Post-processor command line arguments:",
    "LabelPostProcessorArgumentsHelp": "Use {path} as the path to the recording file.",
    "LabelPreferredDisplayLanguage": "Preferred display language:",
    "LabelPreferredDisplayLanguageHelp": "Translating Jellyfin is an ongoing project.",
    "LabelPreferredSubtitleLanguage": "Preferred subtitle language:",
    "LabelPrevious": "Previous",
    "LabelProfileAudioCodecs": "Audio codecs:",
    "LabelProfileCodecs": "Codecs:",
    "LabelProfileCodecsHelp": "Separated by comma. This can be left empty to apply to all codecs.",
    "LabelProfileContainer": "Container:",
    "LabelProfileContainersHelp": "Separated by comma. This can be left empty to apply to all containers.",
    "LabelProfileVideoCodecs": "Video codecs:",
    "LabelProtocol": "Protocol:",
    "LabelProtocolInfo": "Protocol info:",
    "LabelProtocolInfoHelp": "The value that will be used when responding to GetProtocolInfo requests from the device.",
    "LabelPublicHttpPort": "Public HTTP port number:",
    "LabelPublicHttpPortHelp": "The public port number that should be mapped to the local HTTP port.",
    "LabelPublicHttpsPort": "Public HTTPS port number:",
    "LabelPublicHttpsPortHelp": "The public port number that should be mapped to the local HTTPS port.",
    "LabelReadHowYouCanContribute": "Learn how you can contribute.",
    "LabelReasonForTranscoding": "Reason for transcoding:",
    "LabelRecord": "Record:",
    "LabelRecordingPath": "Default recording path:",
    "LabelRecordingPathHelp": "Specify the default location to save recordings. If left empty, the server's program data folder will be used.",
    "LabelRefreshMode": "Refresh mode:",
    "LabelReleaseDate": "Release date:",
    "LabelRemoteClientBitrateLimit": "Internet streaming bitrate limit (Mbps):",
    "LabelRemoteClientBitrateLimitHelp": "An optional per-stream bitrate limit for all out of network devices. This is useful to prevent devices from requesting a higher bitrate than your internet connection can handle. This may result in increased CPU load on your server in order to transcode videos on the fly to a lower bitrate.",
    "LabelRuntimeMinutes": "Run time (minutes):",
    "LabelSaveLocalMetadata": "Save artwork into media folders",
    "LabelSaveLocalMetadataHelp": "Saving artwork into media folders will put them in a place where they can be easily edited.",
    "LabelScheduledTaskLastRan": "Last ran {0}, taking {1}.",
    "LabelScreensaver": "Screensaver:",
    "EnableFastImageFadeIn": "Fast image fade-in",
    "EnableFastImageFadeInHelp": "Enable faster fade-in animation for loaded images",
    "LabelSeasonNumber": "Season number:",
    "LabelSecureConnectionsMode": "Secure connection mode:",
    "LabelSelectFolderGroups": "Automatically group content from the following folders into views such as Movies, Music and TV:",
    "LabelSelectFolderGroupsHelp": "Folders that are unchecked will be displayed by themselves in their own view.",
    "LabelSelectUsers": "Select users:",
    "LabelSelectVersionToInstall": "Select version to install:",
    "LabelSendNotificationToUsers": "Send the notification to:",
    "LabelSerialNumber": "Serial number",
    "LabelSeriesRecordingPath": "Series recording path (optional):",
    "LabelServerHost": "Host:",
    "LabelServerHostHelp": "192.168.1.100:8096 or https://myserver.com",
    "LabelServerName": "Server name:",
    "LabelSimultaneousConnectionLimit": "Simultaneous stream limit:",
    "LabelSize": "Size:",
    "LabelSkin": "Skin:",
    "LabelSkipBackLength": "Skip back length:",
    "LabelSkipForwardLength": "Skip forward length:",
    "LabelSkipIfAudioTrackPresent": "Skip if the default audio track matches the download language",
    "LabelSkipIfAudioTrackPresentHelp": "Uncheck this to ensure all videos have subtitles, regardless of audio language.",
    "LabelSkipIfGraphicalSubsPresent": "Skip if the video already contains embedded subtitles",
    "LabelSkipIfGraphicalSubsPresentHelp": "Keeping text versions of subtitles will result in more efficient delivery and decrease the likelihood of video transcoding.",
    "LabelSonyAggregationFlags": "Sony aggregation flags:",
    "LabelSonyAggregationFlagsHelp": "Determines the content of the aggregationFlags element in the urn:schemas-sonycom:av namespace.",
    "LabelSortBy": "Sort by:",
    "LabelSortOrder": "Sort order:",
    "LabelSortTitle": "Sort title:",
    "LabelSoundEffects": "Sound effects:",
    "LabelSource": "Source:",
    "LabelSpecialSeasonsDisplayName": "Special season display name:",
    "LabelSportsCategories": "Sports categories:",
    "LabelStartWhenPossible": "Start when possible:",
    "LabelStatus": "Status:",
    "LabelStopWhenPossible": "Stop when possible:",
    "LabelStopping": "Stopping",
    "LabelStreamType": "Stream type:",
    "LabelSubtitleDownloaders": "Subtitle downloaders:",
    "LabelSubtitleFormatHelp": "Example: srt",
    "LabelSubtitlePlaybackMode": "Subtitle mode:",
    "LabelSubtitles": "Subtitles:",
    "LabelSupportedMediaTypes": "Supported Media Types:",
    "LabelTVHomeScreen": "TV mode home screen:",
    "LabelTag": "Tag:",
    "LabelTagline": "Tagline:",
    "LabelTextBackgroundColor": "Text background color:",
    "LabelTextColor": "Text color:",
    "LabelTextSize": "Text size:",
    "LabelTheme": "Theme:",
    "LabelTime": "Time:",
    "LabelTimeLimitHours": "Time limit (hours):",
    "LabelTitle": "Title:",
    "LabelTrackNumber": "Track number:",
    "LabelTranscodingAudioCodec": "Audio codec:",
    "LabelTranscodingContainer": "Container:",
    "LabelTranscodePath": "Transcode path:",
    "LabelTranscodingTempPathHelp": "Specify a custom path for the transcode files served to clients. Leave blank to use the server default.",
    "LabelTranscodes": "Transcodes:",
    "LabelTranscodingFramerate": "Transcoding framerate:",
    "LabelTranscodingProgress": "Transcoding progress:",
    "LabelTranscodingThreadCount": "Transcoding thread count:",
    "LabelTranscodingThreadCountHelp": "Select the maximum number of threads to use when transcoding. Reducing the thread count will lower CPU usage but may not convert fast enough for a smooth playback experience.",
    "LabelTranscodingVideoCodec": "Video codec:",
    "LabelTriggerType": "Trigger Type:",
    "LabelTunerIpAddress": "Tuner IP Address:",
    "LabelTunerType": "Tuner type:",
    "LabelType": "Type:",
    "LabelTypeMetadataDownloaders": "{0} metadata downloaders:",
    "LabelTypeText": "Text",
    "LabelUseNotificationServices": "Use the following services:",
    "LabelUser": "User:",
    "LabelUserAgent": "User agent:",
    "LabelUserLibrary": "User library:",
    "LabelUserLibraryHelp": "Select which user library to display to the device. Leave empty to inherit the default setting.",
    "LabelUserLoginAttemptsBeforeLockout": "Failed login attempts before user is locked out:",
    "LabelUserRemoteClientBitrateLimitHelp": "Override the default global value set in server playback settings.",
    "LabelUsername": "Username:",
    "LabelVaapiDevice": "VA API Device:",
    "LabelVaapiDeviceHelp": "This is the render node that is used for hardware acceleration.",
    "LabelValue": "Value:",
    "LabelVersion": "Version:",
    "LabelVersionInstalled": "{0} installed",
    "DashboardVersionNumber": "Version: {0}",
    "DashboardServerName": "Server: {0}",
    "DashboardOperatingSystem": "Operating System: {0}",
    "DashboardArchitecture": "Architecture: {0}",
    "LabelVideo": "Video:",
    "LabelVideoBitrate": "Video bitrate:",
    "LabelVideoCodec": "Video codec:",
    "LabelVideoResolution": "Video resolution:",
    "LabelWeb": "Web:",
    "LabelXDlnaCap": "X-DLNA cap:",
    "LabelXDlnaCapHelp": "Determines the content of the X_DLNACAP element in the urn:schemas-dlna-org:device-1-0 namespace.",
    "LabelXDlnaDoc": "X-DLNA doc:",
    "LabelXDlnaDocHelp": "Determines the content of the X_DLNADOC element in the urn:schemas-dlna-org:device-1-0 namespace.",
    "LabelYear": "Year:",
    "LabelYourFirstName": "Your first name:",
    "LabelYoureDone": "You're Done!",
    "LabelZipCode": "Zip Code:",
    "LabelffmpegPath": "FFmpeg path:",
    "LabelffmpegPathHelp": "The path to the ffmpeg application file, or folder containing ffmpeg.",
    "LanNetworksHelp": "Comma separated list of IP addresses or IP/netmask entries for networks that will be considered on local network when enforcing bandwidth restrictions. If set, all other IP addresses will be considered to be on the external network and will be subject to the external bandwidth restrictions. If left blank, only the server's subnet is considered to be on the local network.",
    "Large": "Large",
    "LatestFromLibrary": "Latest {0}",
    "LaunchWebAppOnStartup": "Launch the web interface when starting the server",
    "LaunchWebAppOnStartupHelp": "Open the web client in your default web browser when the server initially starts. This will not occur when using the restart server function.",
    "LearnHowYouCanContribute": "Learn how you can contribute.",
    "LeaveBlankToNotSetAPassword": "You can leave this field blank to set no password.",
    "LibraryAccessHelp": "Select the libraries to share with this user. Administrators will be able to edit all folders using the metadata manager.",
    "Like": "Like",
    "LinksValue": "Links: {0}",
    "List": "List",
    "Live": "Live",
    "LiveBroadcasts": "Live broadcasts",
    "LiveTV": "Live TV",
    "Logo": "Logo",
    "ManageLibrary": "Manage library",
    "ManageRecording": "Manage recording",
    "MapChannels": "Map Channels",
    "MarkPlayed": "Mark played",
    "MarkUnplayed": "Mark unplayed",
    "MaxParentalRatingHelp": "Content with a higher rating will be hidden from this user.",
    "MediaInfoAnamorphic": "Anamorphic",
    "MediaInfoAspectRatio": "Aspect ratio",
    "MediaInfoBitDepth": "Bit depth",
    "MediaInfoBitrate": "Bitrate",
    "MediaInfoChannels": "Channels",
    "MediaInfoCodec": "Codec",
    "MediaInfoCodecTag": "Codec tag",
    "MediaInfoContainer": "Container",
    "MediaInfoDefault": "Default",
    "MediaInfoExternal": "External",
    "MediaInfoForced": "Forced",
    "MediaInfoFramerate": "Framerate",
    "MediaInfoInterlaced": "Interlaced",
    "MediaInfoLanguage": "Language",
    "MediaInfoLayout": "Layout",
    "MediaInfoLevel": "Level",
    "MediaInfoPath": "Path",
    "MediaInfoPixelFormat": "Pixel format",
    "MediaInfoProfile": "Profile",
    "MediaInfoRefFrames": "Ref frames",
    "MediaInfoResolution": "Resolution",
    "MediaInfoSampleRate": "Sample rate",
    "MediaInfoSize": "Size",
    "MediaInfoTimestamp": "Timestamp",
    "MediaInfoSoftware": "Software",
    "MediaInfoStreamTypeAudio": "Audio",
    "MediaInfoStreamTypeData": "Data",
    "MediaInfoStreamTypeEmbeddedImage": "Embedded Image",
    "MediaInfoStreamTypeSubtitle": "Subtitle",
    "MediaInfoStreamTypeVideo": "Video",
    "MediaIsBeingConverted": "The media is being converted into a format that is compatible with the device that is playing the media.",
    "Menu": "Menu",
    "MessageAlreadyInstalled": "This version is already installed.",
    "MessageAreYouSureDeleteSubtitles": "Are you sure you wish to delete this subtitle file?",
    "MessageAreYouSureYouWishToRemoveMediaFolder": "Are you sure you wish to remove this media folder?",
    "MessageConfirmAppExit": "Do you want to exit?",
    "MessageConfirmDeleteGuideProvider": "Are you sure you wish to delete this guide provider?",
    "MessageConfirmDeleteTunerDevice": "Are you sure you wish to delete this device?",
    "MessageConfirmProfileDeletion": "Are you sure you wish to delete this profile?",
    "MessageConfirmRecordingCancellation": "Cancel recording?",
    "MessageConfirmRemoveMediaLocation": "Are you sure you wish to remove this location?",
    "MessageConfirmRestart": "Are you sure you wish to restart Jellyfin Server?",
    "MessageConfirmRevokeApiKey": "Are you sure you wish to revoke this api key? The application's connection to Jellyfin Server will be abruptly terminated.",
    "MessageConfirmShutdown": "Are you sure you wish to shutdown the server?",
    "MessageContactAdminToResetPassword": "Please contact your system administrator to reset your password.",
    "MessageCreateAccountAt": "Create an account at {0}",
    "MessageDeleteTaskTrigger": "Are you sure you wish to delete this task trigger?",
    "MessageDirectoryPickerBSDInstruction": "For BSD, you may need to configure storage within your FreeNAS Jail in order to allow Jellyfin to access it.",
    "MessageDirectoryPickerInstruction": "Network paths can be entered manually in the event the Network button fails to locate your devices. For example, {0} or {1}.",
    "MessageDirectoryPickerLinuxInstruction": "For Linux on Arch Linux, CentOS, Debian, Fedora, openSUSE, or Ubuntu, you must grant the service user at least read access to your storage locations.",
    "MessageDownloadQueued": "Download queued.",
    "MessageEnablingOptionLongerScans": "Enabling this option may result in significantly longer library scans.",
    "MessageFileReadError": "There was an error reading the file. Please try again.",
    "MessageForgotPasswordFileCreated": "The following file has been created on your server and contains instructions on how to proceed:",
    "MessageForgotPasswordInNetworkRequired": "Please try again within your home network to initiate the password reset process.",
    "MessageImageFileTypeAllowed": "Only JPEG and PNG files are supported.",
    "MessageImageTypeNotSelected": "Please select an image type from the drop-down menu.",
    "MessageInstallPluginFromApp": "This plugin must be installed from within the app you intend to use it in.",
    "MessageInvalidForgotPasswordPin": "An invalid or expired pin code was entered. Please try again.",
    "MessageInvalidUser": "Invalid username or password. Please try again.",
    "MessageItemSaved": "Item saved.",
    "MessageItemsAdded": "Items added.",
    "MessageLeaveEmptyToInherit": "Leave empty to inherit settings from a parent item or the global default value.",
    "MessageNoAvailablePlugins": "No available plugins.",
    "MessageNoCollectionsAvailable": "Collections allow you to enjoy personalized groupings of Movies, Series, and Albums. Click the + button to start creating collections.",
    "MessageNoMovieSuggestionsAvailable": "No movie suggestions are currently available. Start watching and rating your movies, and then come back to view your recommendations.",
    "MessageNoPluginsInstalled": "You have no plugins installed.",
    "MessageNoServersAvailable": "No servers have been found using the automatic server discovery.",
    "MessageNoTrailersFound": "No trailers found. Install the Trailer channel to enhance your movie experience by adding a library of internet trailers.",
    "MessageNothingHere": "Nothing here.",
    "MessagePasswordResetForUsers": "The following users have had their passwords reset. They can now sign in with the pin codes that were used to perform the reset.",
    "MessagePlayAccessRestricted": "Playback of this content is currently restricted. Please contact your server administrator for more information.",
    "MessagePleaseEnsureInternetMetadata": "Please ensure downloading of internet metadata is enabled.",
    "MessagePleaseWait": "Please wait. This may take a minute.",
    "MessagePluginConfigurationRequiresLocalAccess": "To configure this plugin please sign in to your local server directly.",
    "MessagePluginInstallDisclaimer": "Plugins built by Jellyfin community members are a great way to enhance your Jellyfin experience with additional features and benefits. Before installing, please be aware of the effects they may have on your Jellyfin Server, such as longer library scans, additional background processing, and decreased system stability.",
    "MessageReenableUser": "See below to reenable",
    "MessageSettingsSaved": "Settings saved.",
    "MessageTheFollowingLocationWillBeRemovedFromLibrary": "The following media locations will be removed from your library:",
    "MessageUnableToConnectToServer": "We're unable to connect to the selected server right now. Please ensure it is running and try again.",
    "MessageUnsetContentHelp": "Content will be displayed as plain folders. For best results use the metadata manager to set the content types of sub-folders.",
    "MessageYouHaveVersionInstalled": "You currently have version {0} installed.",
    "Metadata": "Metadata",
    "MetadataManager": "Metadata Manager",
    "MetadataSettingChangeHelp": "Changing metadata settings will affect new content that is added going forward. To refresh existing content, open the detail screen and click the refresh button, or perform bulk refreshes using the metadata manager.",
    "MinutesAfter": "minutes after",
    "MinutesBefore": "minutes before",
    "Mobile": "Mobile",
    "Monday": "Monday",
    "MoreFromValue": "More from {0}",
    "MoreUsersCanBeAddedLater": "More users can be added later from within the dashboard.",
    "MoreMediaInfo": "Media Info",
    "MoveLeft": "Move left",
    "MoveRight": "Move right",
    "MovieLibraryHelp": "Review the {0}movie naming guide{1}.",
    "Movies": "Movies",
    "MusicAlbum": "Music Album",
    "MusicArtist": "Music Artist",
    "MusicLibraryHelp": "Review the {0}music naming guide{1}.",
    "MusicVideo": "Music Video",
    "Mute": "Mute",
    "MySubtitles": "My Subtitles",
    "Name": "Name",
    "Never": "Never",
    "NewCollection": "New Collection",
    "NewCollectionHelp": "Collections allow you to create personalized groupings of movies and other library content.",
    "NewCollectionNameExample": "Example: Star Wars Collection",
    "NewEpisodes": "New episodes",
    "NewEpisodesOnly": "New episodes only",
    "News": "News",
    "Next": "Next",
    "NextUp": "Next Up",
    "No": "No",
    "NoCreatedLibraries": "Seems like you haven't created any libraries yet. {0}Would you like to create one now?{1}",
    "NoNewDevicesFound": "No new devices found. To add a new tuner, close this dialog and enter the device information manually.",
    "NoNextUpItemsMessage": "None found. Start watching your shows!",
    "NoPluginConfigurationMessage": "This plugin has no settings to configure.",
    "NoSubtitleSearchResultsFound": "No results found.",
    "NoSubtitles": "No subtitles",
    "NoSubtitlesHelp": "Subtitles will not be loaded by default. They can still be turned on manually during playback.",
    "None": "None",
    "Normal": "Normal",
    "NumLocationsValue": "{0} folders",
    "Off": "Off",
    "OneChannel": "One channel",
    "OnlyForcedSubtitles": "Only forced subtitles",
    "OnlyForcedSubtitlesHelp": "Only subtitles marked as forced will be loaded.",
    "OnlyImageFormats": "Only image formats (VOBSUB, PGS, SUB, etc)",
    "Option3D": "3D",
    "OptionAdminUsers": "Administrators",
    "OptionAlbum": "Album",
    "OptionAlbumArtist": "Album Artist",
    "OptionAllUsers": "All users",
    "OptionAllowAudioPlaybackTranscoding": "Allow audio playback that requires transcoding",
    "OptionForceRemoteSourceTranscoding": "Force transcoding of remote media sources (like LiveTV)",
    "OptionAllowBrowsingLiveTv": "Allow Live TV access",
    "OptionAllowContentDownloading": "Allow media downloading and syncing",
    "OptionAllowLinkSharing": "Allow social media sharing",
    "OptionAllowLinkSharingHelp": "Only web pages containing media information are shared. Media files are never shared publicly. Shares are time-limited and will expire after {0} days.",
    "OptionAllowManageLiveTv": "Allow Live TV recording management",
    "OptionAllowMediaPlayback": "Allow media playback",
    "OptionAllowMediaPlaybackTranscodingHelp": "Restricting access to transcoding may cause playback failures in Jellyfin apps due to unsupported media formats.",
    "OptionAllowRemoteControlOthers": "Allow remote control of other users",
    "OptionAllowRemoteSharedDevices": "Allow remote control of shared devices",
    "OptionAllowRemoteSharedDevicesHelp": "DLNA devices are considered shared until a user begins controlling them.",
    "OptionAllowSyncTranscoding": "Allow media downloading and syncing that requires transcoding",
    "OptionAllowUserToManageServer": "Allow this user to manage the server",
    "OptionAllowVideoPlaybackRemuxing": "Allow video playback that requires conversion without re-encoding",
    "OptionAllowVideoPlaybackTranscoding": "Allow video playback that requires transcoding",
    "OptionArtist": "Artist",
    "OptionAscending": "Ascending",
    "OptionAuto": "Auto",
    "OptionAutomatic": "Auto",
    "OptionAutomaticallyGroupSeries": "Automatically merge series that are spread across multiple folders",
    "OptionAutomaticallyGroupSeriesHelp": "If enabled, series that are spread across multiple folders within this library will be automatically merged into a single series.",
    "OptionBanner": "Banner",
    "OptionBlockBooks": "Books",
    "OptionBlockChannelContent": "Internet Channel Content",
    "OptionBlockLiveTvChannels": "Live TV Channels",
    "OptionBlockMovies": "Movies",
    "OptionBlockMusic": "Music",
    "OptionBlockTrailers": "Trailers",
    "OptionBlockTvShows": "TV Shows",
    "OptionBluray": "Blu-ray",
    "OptionCaptionInfoExSamsung": "CaptionInfoEx (Samsung)",
    "OptionCommunityRating": "Community Rating",
    "OptionContinuing": "Continuing",
    "OptionCriticRating": "Critic Rating",
    "OptionCustomUsers": "Custom",
    "OptionDaily": "Daily",
    "OptionDateAdded": "Date Added",
    "OptionDateAddedFileTime": "Use file creation date",
    "OptionDateAddedImportTime": "Use date scanned into the library",
    "OptionDatePlayed": "Date Played",
    "OptionDescending": "Descending",
    "OptionDisableUser": "Disable this user",
    "OptionDisableUserHelp": "If disabled the server will not allow any connections from this user. Existing connections will be abruptly terminated.",
    "OptionDislikes": "Dislikes",
    "OptionDisplayFolderView": "Display a folder view to show plain media folders",
    "OptionDisplayFolderViewHelp": "Display folders alongside your other media libraries. This can be useful if you'd like to have a plain folder view.",
    "OptionDownloadArtImage": "Art",
    "OptionDownloadBackImage": "Back",
    "OptionDownloadBannerImage": "Banner",
    "OptionDownloadBoxImage": "Box",
    "OptionDownloadDiscImage": "Disc",
    "OptionDownloadImagesInAdvance": "Download images in advance",
    "OptionDownloadImagesInAdvanceHelp": "By default, most images are only downloaded when requested by a Jellyfin app. Enable this option to download all images in advance, as new media is imported. This may cause significantly longer library scans.",
    "OptionDownloadLogoImage": "Logo",
    "OptionDownloadMenuImage": "Menu",
    "OptionDownloadPrimaryImage": "Primary",
    "OptionDownloadThumbImage": "Thumb",
    "OptionDvd": "DVD",
    "OptionEmbedSubtitles": "Embed within container",
    "OptionEnableAccessFromAllDevices": "Enable access from all devices",
    "OptionEnableAccessToAllChannels": "Enable access to all channels",
    "OptionEnableAccessToAllLibraries": "Enable access to all libraries",
    "OptionEnableExternalContentInSuggestions": "Enable external content in suggestions",
    "OptionEnableExternalContentInSuggestionsHelp": "Allow internet trailers and live TV programs to be included within suggested content.",
    "OptionEnableForAllTuners": "Enable for all tuner devices",
    "OptionEnableM2tsMode": "Enable M2ts mode",
    "OptionEnableM2tsModeHelp": "Enable m2ts mode when encoding to mpegts.",
    "OptionEnded": "Ended",
    "OptionEquals": "Equals",
    "OptionEstimateContentLength": "Estimate content length when transcoding",
    "OptionEveryday": "Every day",
    "OptionExternallyDownloaded": "External download",
    "OptionExtractChapterImage": "Enable chapter image extraction",
    "OptionFavorite": "Favorites",
    "OptionFriday": "Friday",
    "OptionHasSpecialFeatures": "Special Features",
    "OptionHasSubtitles": "Subtitles",
    "OptionHasThemeSong": "Theme Song",
    "OptionHasThemeVideo": "Theme Video",
    "OptionHasTrailer": "Trailer",
    "OptionHideUser": "Hide this user from login screens",
    "OptionHideUserFromLoginHelp": "Useful for private or hidden administrator accounts. The user will need to sign in manually by entering their username and password.",
    "OptionHlsSegmentedSubtitles": "HLS segmented subtitles",
    "OptionHomeVideos": "Photos",
    "OptionIgnoreTranscodeByteRangeRequests": "Ignore transcode byte range requests",
    "OptionIgnoreTranscodeByteRangeRequestsHelp": "If enabled, these requests will be honored but will ignore the byte range header.",
    "OptionImdbRating": "IMDb Rating",
    "OptionIsHD": "HD",
    "OptionIsSD": "SD",
    "OptionLikes": "Likes",
    "OptionList": "List",
    "OptionLoginAttemptsBeforeLockout": "Determines how many incorrect login attempts can be made before lockout occurs.",
    "OptionLoginAttemptsBeforeLockoutHelp": "A value of zero means inheriting the default of three attempts for normal users and five for administrators. Setting this to -1 will disable the feature.",
    "OptionMax": "Max",
    "OptionMissingEpisode": "Missing Episodes",
    "OptionMonday": "Monday",
    "OptionNameSort": "Name",
    "OptionNew": "New...",
    "OptionNone": "None",
    "OptionOnAppStartup": "On application startup",
    "OptionOnInterval": "On an interval",
    "OptionParentalRating": "Parental Rating",
    "OptionPlainStorageFolders": "Display all folders as plain storage folders",
    "OptionPlainStorageFoldersHelp": "If enabled, all folders are represented in DIDL as \"object.container.storageFolder\" instead of a more specific type, such as \"object.container.person.musicArtist\".",
    "OptionPlainVideoItems": "Display all videos as plain video items",
    "OptionPlainVideoItemsHelp": "If enabled, all videos are represented in DIDL as \"object.item.videoItem\" instead of a more specific type, such as \"object.item.videoItem.movie\".",
    "OptionPlayCount": "Play Count",
    "OptionPlayed": "Played",
    "OptionPoster": "Poster",
    "OptionPosterCard": "Poster card",
    "OptionPremiereDate": "Premiere Date",
    "OptionProfileAudio": "Audio",
    "OptionProfilePhoto": "Photo",
    "OptionProfileVideo": "Video",
    "OptionProfileVideoAudio": "Video Audio",
    "OptionProtocolHls": "HTTP Live Streaming",
    "OptionProtocolHttp": "HTTP",
    "OptionRandom": "Random",
    "OptionRegex": "Regex",
    "OptionReleaseDate": "Release Date",
    "OptionReportByteRangeSeekingWhenTranscoding": "Report that the server supports byte seeking when transcoding",
    "OptionReportByteRangeSeekingWhenTranscodingHelp": "This is required for some devices that don't time seek very well.",
    "OptionRequirePerfectSubtitleMatch": "Only download subtitles that are a perfect match for my video files",
    "OptionRequirePerfectSubtitleMatchHelp": "Requiring a perfect match will filter subtitles to include only those that have been tested and verified with your exact video file. Unchecking this will increase the likelihood of subtitles being downloaded, but will increase the chances of mistimed or incorrect subtitle text.",
    "OptionResElement": "res element",
    "OptionResumable": "Resumable",
    "OptionRuntime": "Runtime",
    "OptionSaturday": "Saturday",
    "OptionSaveMetadataAsHidden": "Save metadata and images as hidden files",
    "OptionSaveMetadataAsHiddenHelp": "Changing this will apply to new metadata saved going forward. Existing metadata files will be updated the next time they are saved by Jellyfin Server.",
    "OptionSpecialEpisode": "Specials",
    "OptionSubstring": "Substring",
    "OptionSunday": "Sunday",
    "OptionThursday": "Thursday",
    "OptionThumb": "Thumb",
    "OptionThumbCard": "Thumb card",
    "OptionTrackName": "Track Name",
    "OptionTuesday": "Tuesday",
    "OptionTvdbRating": "TVDB Rating",
    "OptionUnairedEpisode": "Unaired Episodes",
    "OptionUnplayed": "Unplayed",
    "OptionWakeFromSleep": "Wake from sleep",
    "OptionWednesday": "Wednesday",
    "OptionWeekdays": "Weekdays",
    "OptionWeekends": "Weekends",
    "OptionWeekly": "Weekly",
    "OriginalAirDateValue": "Original air date: {0}",
    "Overview": "Overview",
    "PackageInstallCancelled": "{0} installation cancelled.",
    "PackageInstallCompleted": "{0} installation completed.",
    "PackageInstallFailed": "{0} installation failed.",
    "ParentalRating": "Parental rating",
    "PasswordMatchError": "Password and password confirmation must match.",
    "PasswordResetComplete": "The password has been reset.",
    "PasswordResetConfirmation": "Are you sure you wish to reset the password?",
    "PasswordResetHeader": "Reset Password",
    "PasswordResetProviderHelp": "Choose a Password Reset Provider to be used when this user requests a password reset",
    "PasswordSaved": "Password saved.",
    "People": "People",
    "PerfectMatch": "Perfect match",
    "Photos": "Photos",
    "PictureInPicture": "Picture in picture",
    "PinCodeResetComplete": "The pin code has been reset.",
    "PinCodeResetConfirmation": "Are you sure you wish to reset the pin code?",
    "PlaceFavoriteChannelsAtBeginning": "Place favorite channels at the beginning",
    "Play": "Play",
    "PlayAllFromHere": "Play all from here",
    "PlaybackData": "Playback Data",
    "PlayCount": "Play count",
    "PlayFromBeginning": "Play from beginning",
    "PlayNext": "Play next",
    "PlayNextEpisodeAutomatically": "Play next episode automatically",
    "PlaybackErrorNoCompatibleStream": "There was an issue with the client profiling and the server isn't sending a compatible media format.",
    "Played": "Played",
    "Playlists": "Playlists",
    "PleaseAddAtLeastOneFolder": "Please add at least one folder to this library by clicking the Add button.",
    "PleaseConfirmPluginInstallation": "Please click OK to confirm you've read the above and wish to proceed with the plugin installation.",
    "PleaseEnterNameOrId": "Please enter a name or an external ID.",
    "PleaseRestartServerName": "Please restart Jellyfin Server - {0}.",
    "PleaseSelectTwoItems": "Please select at least two items.",
    "PluginInstalledMessage": "The plugin has been successfully installed. Jellyfin Server will need to be restarted for changes to take effect.",
    "PreferEmbeddedTitlesOverFileNames": "Prefer embedded titles over filenames",
    "PreferEmbeddedTitlesOverFileNamesHelp": "This determines the default display title when no internet metadata or local metadata is available.",
    "PreferredNotRequired": "Preferred, but not required",
    "Premiere": "Premiere",
    "Premieres": "Premieres",
    "Previous": "Previous",
    "Primary": "Primary",
    "Producer": "Producer",
    "ProductionLocations": "Production locations",
    "Programs": "Programs",
    "Quality": "Quality",
    "QueueAllFromHere": "Queue all from here",
    "Raised": "Raised",
    "Rate": "Rate",
    "RecentlyWatched": "Recently watched",
    "RecommendationBecauseYouLike": "Because you like {0}",
    "RecommendationBecauseYouWatched": "Because you watched {0}",
    "RecommendationDirectedBy": "Directed by {0}",
    "RecommendationStarring": "Starring {0}",
    "Record": "Record",
    "RecordSeries": "Record series",
    "RecordingCancelled": "Recording cancelled.",
    "RecordingPathChangeMessage": "Changing your recording folder will not migrate existing recordings from the old location to the new. You'll need to move them manually if desired.",
    "RecordingScheduled": "Recording scheduled.",
    "Recordings": "Recordings",
    "Refresh": "Refresh",
    "RefreshDialogHelp": "Metadata is refreshed based on settings and internet services that are enabled in the Jellyfin Server dashboard.",
    "RefreshMetadata": "Refresh metadata",
    "RefreshQueued": "Refresh queued.",
    "ReleaseDate": "Release date",
    "RememberMe": "Remember me",
    "RemoveFromCollection": "Remove from collection",
    "RemoveFromPlaylist": "Remove from playlist",
    "Repeat": "Repeat",
    "RepeatAll": "Repeat all",
    "RepeatEpisodes": "Repeat episodes",
    "RepeatMode": "Repeat Mode",
    "RepeatOne": "Repeat one",
    "ReplaceAllMetadata": "Replace all metadata",
    "ReplaceExistingImages": "Replace existing images",
    "RequiredForAllRemoteConnections": "Required for all remote connections",
    "RestartPleaseWaitMessage": "Please wait while Jellyfin Server shuts down and restarts. This may take a minute or two.",
    "ResumeAt": "Resume from {0}",
    "Rewind": "Rewind",
    "RunAtStartup": "Run at startup",
    "Runtime": "Runtime",
    "Saturday": "Saturday",
    "Save": "Save",
    "SaveSubtitlesIntoMediaFolders": "Save subtitles into media folders",
    "SaveSubtitlesIntoMediaFoldersHelp": "Storing subtitles next to video files will allow them to be more easily managed.",
    "ScanForNewAndUpdatedFiles": "Scan for new and updated files",
    "ScanLibrary": "Scan library",
    "Schedule": "Schedule",
    "Screenshot": "Screenshot",
    "Screenshots": "Screenshots",
    "Search": "Search",
    "SearchForCollectionInternetMetadata": "Search the internet for artwork and metadata",
    "SearchForMissingMetadata": "Search for missing metadata",
    "SearchForSubtitles": "Search for Subtitles",
    "SearchResults": "Search Results",
    "SelectAdminUsername": "Please select a username for the admin account.",
    "SendMessage": "Send message",
    "Series": "Series",
    "SeriesCancelled": "Series cancelled.",
    "SeriesDisplayOrderHelp": "Order episodes by air date, DVD order, or absolute numbering.",
    "SeriesRecordingScheduled": "Series recording scheduled.",
    "SeriesSettings": "Series settings",
    "SeriesYearToPresent": "{0} - Present",
    "ServerNameIsRestarting": "Jellyfin Server - {0} is restarting.",
    "ServerNameIsShuttingDown": "Jellyfin Server - {0} is shutting down.",
    "ServerRestartNeededAfterPluginInstall": "Jellyfin Server will need to be restarted after installing a plugin.",
    "ServerUpdateNeeded": "This Jellyfin Server needs to be updated. To download the latest version, please visit {0}",
    "Settings": "Settings",
    "SettingsSaved": "Settings saved.",
    "SettingsWarning": "Changing these values may cause instability or connectivity failures. If you experience any problems, we recommend changing them back to default.",
    "Share": "Share",
    "ShowAdvancedSettings": "Show advanced settings",
    "ShowIndicatorsFor": "Show indicators for:",
    "ShowTitle": "Show title",
    "ShowYear": "Show year",
    "Shows": "Shows",
    "Shuffle": "Shuffle",
    "SimultaneousConnectionLimitHelp": "The maximum number of allowed simultaneous streams. Enter 0 for no limit.",
    "SkipEpisodesAlreadyInMyLibrary": "Don't record episodes that are already in my library",
    "SkipEpisodesAlreadyInMyLibraryHelp": "Episodes will be compared using season and episode numbers, when available.",
    "Small": "Small",
    "SmallCaps": "Small Caps",
    "Smaller": "Smaller",
    "Smart": "Smart",
    "SmartSubtitlesHelp": "Subtitles matching the language preference will be loaded when the audio is in a foreign language.",
    "Songs": "Songs",
    "Sort": "Sort",
    "SortByValue": "Sort by {0}",
    "SortChannelsBy": "Sort channels by:",
    "SortName": "Sort name",
    "Sports": "Sports",
    "StopRecording": "Stop recording",
    "Studios": "Studios",
    "SubtitleAppearanceSettingsAlsoPassedToCastDevices": "These settings also apply to any Chromecast playback started by this device.",
    "SubtitleAppearanceSettingsDisclaimer": "These settings will not apply to graphical subtitles (PGS, DVD, etc) or ASS/SSA subtitles that embed their own styles.",
    "SubtitleDownloadersHelp": "Enable and rank your preferred subtitle downloaders in order of priority.",
    "SubtitleOffset": "Subtitle Offset",
    "Subtitles": "Subtitles",
    "Suggestions": "Suggestions",
    "Sunday": "Sunday",
    "Sync": "Sync",
    "SystemDlnaProfilesHelp": "System profiles are read-only. Changes to a system profile will be saved to a new custom profile.",
    "TV": "TV",
    "TabAccess": "Access",
    "TabAdvanced": "Advanced",
    "TabAlbumArtists": "Album Artists",
    "TabAlbums": "Albums",
    "TabArtists": "Artists",
    "TabCatalog": "Catalog",
    "TabChannels": "Channels",
    "TabCodecs": "Codecs",
    "TabCollections": "Collections",
    "TabContainers": "Containers",
    "TabDashboard": "Dashboard",
    "TabDevices": "Devices",
    "TabDirectPlay": "Direct Play",
    "TabDisplay": "Display",
    "TabEpisodes": "Episodes",
    "TabFavorites": "Favorites",
    "TabGenres": "Genres",
    "TabGuide": "Guide",
    "TabInfo": "Info",
    "TabLatest": "Latest",
    "TabLiveTV": "Live TV",
    "TabLogs": "Logs",
    "TabMetadata": "Metadata",
    "TabMovies": "Movies",
    "TabMusic": "Music",
    "TabMusicVideos": "Music Videos",
    "TabMyPlugins": "My Plugins",
    "TabNetworks": "Networks",
    "TabNetworking": "Networking",
    "TabNfoSettings": "NFO Settings",
    "TabNotifications": "Notifications",
    "TabOther": "Other",
    "TabParentalControl": "Parental Control",
    "TabPassword": "Password",
    "TabPlayback": "Playback",
    "TabPlaylist": "Playlist",
    "TabPlaylists": "Playlists",
    "TabPlugins": "Plugins",
    "TabProfile": "Profile",
    "TabProfiles": "Profiles",
    "TabRecordings": "Recordings",
    "TabResponses": "Responses",
    "TabResumeSettings": "Resume",
    "TabScheduledTasks": "Scheduled Tasks",
    "TabSeries": "Series",
    "TabServer": "Server",
    "TabSettings": "Settings",
    "TabShows": "Shows",
    "TabSongs": "Songs",
    "TabStreaming": "Streaming",
    "TabSuggestions": "Suggestions",
    "TabTrailers": "Trailers",
    "TabTranscoding": "Transcoding",
    "TabUpcoming": "Upcoming",
    "TabUsers": "Users",
    "Tags": "Tags",
    "TagsValue": "Tags: {0}",
    "TellUsAboutYourself": "Tell us about yourself",
    "ThemeSongs": "Theme songs",
    "ThemeVideos": "Theme videos",
    "TheseSettingsAffectSubtitlesOnThisDevice": "These settings affect subtitles on this device",
    "ThisWizardWillGuideYou": "This wizard will help guide you through the setup process. To begin, please select your preferred language.",
    "Thumb": "Thumb",
    "Thursday": "Thursday",
    "TitleHardwareAcceleration": "Hardware Acceleration",
    "TitleHostingSettings": "Hosting Settings",
    "TitlePlayback": "Playback",
    "TrackCount": "{0} tracks",
    "Trailers": "Trailers",
    "Transcoding": "Transcoding",
    "Tuesday": "Tuesday",
    "TvLibraryHelp": "Review the {0}TV naming guide{1}.",
    "Uniform": "Uniform",
    "UninstallPluginConfirmation": "Are you sure you wish to uninstall {0}?",
    "UninstallPluginHeader": "Uninstall Plugin",
    "Unmute": "Unmute",
    "Unplayed": "Unplayed",
    "Unrated": "Unrated",
    "Up": "Up",
    "Upload": "Upload",
    "UserAgentHelp": "Supply a custom user-agent HTTP header.",
    "UserProfilesIntro": "Jellyfin includes support for user profiles with granular display settings, play state, and parental controls.",
    "ValueAlbumCount": "{0} albums",
    "ValueAudioCodec": "Audio Codec: {0}",
    "ValueCodec": "Codec: {0}",
    "ValueConditions": "Conditions: {0}",
    "ValueContainer": "Container: {0}",
    "ValueDiscNumber": "Disc {0}",
    "ValueEpisodeCount": "{0} episodes",
    "ValueMinutes": "{0} min",
    "ValueMovieCount": "{0} movies",
    "ValueMusicVideoCount": "{0} music videos",
    "ValueOneAlbum": "1 album",
    "ValueOneEpisode": "1 episode",
    "ValueOneMovie": "1 movie",
    "ValueOneMusicVideo": "1 music video",
    "ValueOneSeries": "1 series",
    "ValueOneSong": "1 song",
    "ValueSeconds": "{0} seconds",
    "ValueSeriesCount": "{0} series",
    "ValueSongCount": "{0} songs",
    "ValueSpecialEpisodeName": "Special - {0}",
    "ValueTimeLimitMultiHour": "Time limit: {0} hours",
    "ValueTimeLimitSingleHour": "Time limit: 1 hour",
    "ValueVideoCodec": "Video Codec: {0}",
    "Vertical": "Vertical",
    "VideoRange": "Video range",
    "ViewAlbum": "View album",
    "ViewArtist": "View artist",
    "ViewPlaybackInfo": "View playback info",
    "Watched": "Watched",
    "Wednesday": "Wednesday",
    "WelcomeToProject": "Welcome to Jellyfin!",
    "Whitelist": "Whitelist",
    "WizardCompleted": "That's all we need for now. Jellyfin has begun collecting information about your media library. Check out some of our apps, and then click <b>Finish</b> to view the <b>Dashboard</b>.",
    "Writer": "Writer",
    "XmlDocumentAttributeListHelp": "These attributes are applied to the root element of every XML response.",
    "XmlTvKidsCategoriesHelp": "Programs with these categories will be displayed as programs for children. Separate multiple with '|'.",
    "XmlTvMovieCategoriesHelp": "Programs with these categories will be displayed as movies. Separate multiple with '|'.",
    "XmlTvNewsCategoriesHelp": "Programs with these categories will be displayed as news programs. Separate multiple with '|'.",
    "XmlTvPathHelp": "A path to a XMLTV file. Jellyfin will read this file and periodically check it for updates. You are responsible for creating and updating the file.",
    "XmlTvSportsCategoriesHelp": "Programs with these categories will be displayed as sports programs. Separate multiple with '|'.",
    "Yes": "Yes",
    "Yesterday": "Yesterday",
    "UnsupportedPlayback": "Jellyfin cannot decrypt content protected by DRM but all content will be attempted regardless, including protected titles. Some files may appear completely black due to encryption or other unsupported features, such as interactive titles."
}
