{
    "Add": "Hozzáadás",
    "AddToCollection": "Hozzáadás gyűjteményhez",
    "AddToPlaylist": "Hozzáadás lejátszási listához",
    "AddedOnValue": "Hozzáadva: {0}",
    "AdditionalNotificationServices": "Keresd meg a Bővítmények katalógust további értesítési szolgáltatások telepítéséhez.",
    "Alerts": "Értesítések",
    "All": "Összes",
    "AllEpisodes": "Összes epizód",
    "AllLanguages": "Összes nyelv",
    "AllLibraries": "Összes könyvtár",
    "Ascending": "Növekvő",
    "AttributeNew": "Új",
    "Audio": "Audió",
    "AutoBasedOnLanguageSetting": "Automatikus (a nyelvi beállítások alapján)",
    "BirthDateValue": "Született: {0}",
    "BirthPlaceValue": "Születési hely: {0}",
    "Books": "Könyvek",
    "Browse": "Tallózás",
    "ButtonAdd": "Hozzáadás",
    "ButtonAddMediaLibrary": "Médiakönyvtár hozzáadása",
    "ButtonAddServer": "Szerver Hozzáadása",
    "ButtonAddUser": "Új felhasználó",
    "ButtonArrowDown": "Le",
    "ButtonArrowUp": "Fel",
    "ButtonAudioTracks": "Audió Sávok",
    "ButtonCancel": "Mégsem",
    "ButtonChangeServer": "Szerver váltás",
    "ButtonConnect": "Kapcsolódás",
    "ButtonDelete": "Törlés",
    "ButtonDeleteImage": "Kép törlése",
    "ButtonDown": "Le",
    "ButtonDownload": "Letöltés",
    "ButtonEdit": "Szerkesztés",
    "ButtonEditImages": "Képek szerkesztése",
    "ButtonFilter": "Szűrő",
    "ButtonForgotPassword": "Elfelejtett Jelszó",
    "ButtonGotIt": "Értettem",
    "ButtonHelp": "Segítség",
    "ButtonHome": "Kezdőlap",
    "ButtonLibraryAccess": "Könyvtár hozzáférés",
    "ButtonManualLogin": "Manuális belépés",
    "ButtonMore": "Tovább",
    "ButtonNew": "Új",
    "ButtonNextTrack": "Következő sáv",
    "ButtonOff": "Ki",
    "ButtonOpen": "Megnyitás",
    "ButtonParentalControl": "Szülői felügyelet",
    "ButtonPause": "Szünet",
    "ButtonPlay": "Lejátszás",
    "ButtonPreviousTrack": "Előző sáv",
    "ButtonProfile": "Profil",
    "ButtonQuickStartGuide": "Gyorsbeállítás varázsló",
    "ButtonRefresh": "Frissítés",
    "ButtonRemove": "Eltávolítás",
    "ButtonRename": "Átnevezés",
    "ButtonRepeat": "Ismétlés",
    "ButtonResetEasyPassword": "Pin kód visszaállítása",
    "ButtonResetPassword": "Jelszó visszaállítás",
    "ButtonRestart": "Újraindítás",
    "ButtonResume": "Folytatás",
    "ButtonSave": "Mentés",
    "ButtonScanAllLibraries": "Minden könyvtár beolvasása",
    "ButtonSearch": "Keresés",
    "ButtonSelectDirectory": "Könyvtár választása",
    "ButtonSelectServer": "Szerver Kiválasztás",
    "ButtonSend": "Küldés",
    "ButtonSettings": "Beállítások",
    "ButtonShuffle": "Keverés",
    "ButtonShutdown": "Leállítás",
    "ButtonSignIn": "Bejelentkezés",
    "ButtonSignOut": "Kijelentkezés",
    "ButtonSort": "Rendezés",
    "ButtonStop": "Leállít",
    "ButtonSubmit": "Elküld",
    "ButtonSubtitles": "Feliratok",
    "ButtonTrailer": "Előzetes",
    "ButtonUninstall": "Eltávolítás",
    "ButtonWebsite": "Weboldal",
    "Channels": "Csatornák",
    "Collections": "Gyűjtemények",
    "CommunityRating": "Közösségi értékelés",
    "Connect": "Kapcsolódás",
    "DateAdded": "Hozzáadva",
    "DatePlayed": "Lejátszás dátuma",
    "Delete": "Törlés",
    "DeleteMedia": "Média törlése",
    "Descending": "Csökkenő",
    "Director": "Rendező",
    "DirectorValue": "Rendező: {0}",
    "DirectorsValue": "Rendezők: {0}",
    "Dislike": "Nem tettszik",
    "Display": "Megjelenítés",
    "DisplayMissingEpisodesWithinSeasons": "Hiányzó évad epizódok megjelenítése",
    "DisplayMissingEpisodesWithinSeasonsHelp": "Ezt engedélyezni kell a szerver beállításában lévő TV könyvtárak esetében is.",
    "Down": "Le",
    "Download": "Letöltés",
    "Edit": "Szerkesztés",
    "EditImages": "Képek szerkesztése",
    "EditMetadata": "Metaadat szerkesztése",
    "EditSubtitles": "Feliratok szerkesztése",
    "EnableBackdrops": "Háttérképek",
    "EnableBackdropsHelp": "A háttérképek a könyvtár böngészése közben néhány oldal hátterében jelennek meg.",
    "EnableHardwareEncoding": "Hardveres kódolás engedélyezése",
    "EnableThemeSongs": "Főcím dalok",
    "EnableThemeSongsHelp": "Főcím dalok lejátszása háttérben  a könyvtár böngészése közben.",
    "EndsAtValue": "Várható befejezés {0}",
    "Episodes": "Epizódok",
    "ExitFullscreen": "Kilépés a teljes képernyőből",
    "FastForward": "Ugrás előre",
    "Favorite": "Kedvenc",
    "Favorites": "Kedvencek",
    "Features": "Jellemzők",
    "FileNotFound": "Fájl nem található.",
    "Filters": "Szűrők",
    "FolderTypeBooks": "Könyvek",
    "FolderTypeMovies": "Filmek",
    "FolderTypeMusic": "Zenék",
    "FolderTypeMusicVideos": "Zenei Videók",
    "FolderTypeTvShows": "TV Műsorok",
    "FolderTypeUnset": "Vegyes Tartalom",
    "Folders": "Könyvtárak",
    "Friday": "Péntek",
    "Fullscreen": "Teljes képernyő",
    "General": "Általános",
    "Genres": "Műfajok",
    "GenresValue": "Műfajok: {0}",
    "HeaderActiveDevices": "Aktív eszközök",
    "HeaderAddToCollection": "Hozzáadás  gyűjteményhez",
    "HeaderAddToPlaylist": "Hozzáadás lejátszási listához",
    "HeaderAddUpdateImage": "Kép hozzáadása / frissítése",
    "HeaderAddUser": "Új felhasználó",
    "HeaderAlbums": "Albumok",
    "HeaderAudioBooks": "Hangos könyvek",
    "HeaderAudioSettings": "Audió Beállítások",
    "HeaderAutomaticUpdates": "Automatikus frissitések",
    "HeaderCastAndCrew": "Szereplők és Stáb",
    "HeaderCastCrew": "Szereplők és Stáb",
    "HeaderChannels": "Csatornák",
    "HeaderConnectToServer": "Kapcsolódás a Szerverhez",
    "HeaderContinueWatching": "Megtekintés folytatása",
    "HeaderCustomDlnaProfiles": "Egyedi profilok",
    "HeaderDetectMyDevices": "Eszközök érzékelése",
    "HeaderDeveloperInfo": "Fejlesztői információk",
    "HeaderDeviceAccess": "Eszköz Hozzáférések",
    "HeaderDevices": "Eszközök",
    "HeaderDisplay": "Megjelenítés",
    "HeaderDownloadSync": "Letöltés & Sync",
    "HeaderEasyPinCode": "Pin kód",
    "HeaderEditImages": "Képek szerkesztése",
    "HeaderEnabledFields": "Engedélyezett mezők",
    "HeaderEpisodes": "Epizódok",
    "HeaderExternalIds": "Külső id-k:",
    "HeaderFeatures": "Jellemzők",
    "HeaderFilters": "Szűrők",
    "HeaderForgotPassword": "Elfelejtett Jelszó",
    "HeaderFrequentlyPlayed": "Gyakran játszott",
    "HeaderGenres": "Műfajok",
    "HeaderIdentifyItemHelp": "Adj meg egy vagy több keresési kritériumot. Távolítsd el a kritériumokat a keresési eredmények növelése érdekében.",
    "HeaderImageSettings": "Kép beállítások",
    "HeaderInstall": "Telepítés",
    "HeaderLatestEpisodes": "Legújabb Epizódok",
    "HeaderLatestMedia": "Legújabb média",
    "HeaderLatestMovies": "Legújabb Filmek",
    "HeaderLibraries": "Könyvtárak",
    "HeaderLibraryAccess": "Könyvtár Hozzáférés",
    "HeaderLibraryFolders": "Médiatár mappák",
    "HeaderLibraryOrder": "Médiatár elrendezése",
    "HeaderLibrarySettings": "Médiatár beállítások",
    "HeaderLiveTvTunerSetup": "Élő TV tuner beállítása",
    "HeaderMedia": "Média",
    "HeaderMediaFolders": "Média Könyvtárak",
    "HeaderMediaInfo": "Média Infó",
    "HeaderMetadataSettings": "Metaadat Beállítások",
    "HeaderMoreLikeThis": "Több ehhez hasonló",
    "HeaderMovies": "Filmek",
    "HeaderMusicVideos": "Zenei videók",
    "HeaderMyDevice": "Jelenlegi eszköz",
    "HeaderMyMedia": "Médiatáram",
    "HeaderMyMediaSmall": "Médiatáram (kicsi)",
    "HeaderNextUp": "Következik",
    "HeaderOnNow": "Most",
    "HeaderParentalRatings": "Korhatár besorolás",
    "HeaderPassword": "Jelszó",
    "HeaderPaths": "Útvonalak",
    "HeaderPeople": "Személyek",
    "HeaderPinCodeReset": "Pin kód visszaállítása",
    "HeaderPlayAll": "Összes vetítése",
    "HeaderPlayOn": "Vetítés itt",
    "HeaderPlayback": "Média Lejátszás",
    "HeaderPleaseSignIn": "Kérlek jelentkezz be",
    "HeaderPluginInstallation": "Bővítmény Telepítése",
    "HeaderPreferredMetadataLanguage": "Előnyben részesített metaadat nyelv",
    "HeaderProfile": "Profil",
    "HeaderRecentlyPlayed": "Nemrég játszott",
    "HeaderRemoteControl": "Távirányítás",
    "HeaderRestart": "Újraindítás",
    "HeaderRevisionHistory": "Módosítási előzmények",
    "HeaderRunningTasks": "Futó folyamatok",
    "HeaderScenes": "Jelenetek",
    "HeaderSeasons": "Évadok",
    "HeaderSelectMetadataPath": "Válaszd ki a metaadat útvonalat",
    "HeaderSelectServer": "Szerver Kiválasztás",
    "HeaderSendMessage": "Üzenet küldése",
    "HeaderSeries": "Sorozatok",
    "HeaderSettings": "Beállítások",
    "HeaderSetupLibrary": "Média könyvtárak beállítása",
    "HeaderShutdown": "Leállítás",
    "HeaderSortBy": "Megjelenítés",
    "HeaderSortOrder": "Sorrend",
    "HeaderSpecialFeatures": "Speciális lehetőségek",
    "HeaderStatus": "Állapot",
    "HeaderSubtitleDownloads": "Felirat letöltések",
    "HeaderSystemDlnaProfiles": "Rendszer profilok",
    "HeaderTags": "Címkék",
    "HeaderTracks": "Sávok",
    "HeaderUploadImage": "Kép feltöltés",
    "HeaderUser": "Felhasználó",
    "HeaderUsers": "Felhasználók",
    "HeaderVideoType": "Videó típusa",
    "HeaderVideos": "Videók",
    "HeaderYears": "Év",
    "HeadersFolders": "Könyvtárak",
    "Help": "Segítség",
    "HideWatchedContentFromLatestMedia": "A megtekintett tartalom elrejtése a legújabb médiából",
    "Home": "Kezdőlap",
    "Identify": "Azonosítás",
    "Images": "Képek",
    "InstallingPackage": "{0} Telepítése",
    "Label3DFormat": "3D formátum:",
    "LabelAlbumArtists": "Album előadók:",
    "LabelAll": "Összes",
    "LabelAllowServerAutoRestart": "Automatikus újraindítás engedélyezése a szervernek a frissítések telepítéséhez",
    "LabelAllowServerAutoRestartHelp": "A szerver csak akkor indul újra ha nincs felhasználói tevékenység.",
    "LabelArtists": "Előadók:",
    "LabelAudio": "Audió:",
    "LabelAudioLanguagePreference": "Audió nyelvének beállítása:",
    "LabelBirthYear": "Születési év:",
    "LabelCachePath": "Gyorsítótár útvonal:",
    "LabelCollection": "Gyűjtemény:",
    "LabelCommunityRating": "Közösségi értékelés:",
    "LabelContentType": "Tartalom típusa:",
    "LabelCountry": "Ország:",
    "LabelCriticRating": "Kritikusok értékelése:",
    "LabelCurrentPassword": "Jelenlegi jelszó:",
    "LabelCustomDeviceDisplayName": "Megjelenítendő név:",
    "LabelCustomDeviceDisplayNameHelp": "Adj meg egy egyedi nevet, vagy hagyd üresen a készülék által elküldött név használatához.",
    "LabelCustomRating": "Egyéni értékelés:",
    "LabelDashboardTheme": "Szerver vezérlőpult kinézet:",
    "LabelDateAdded": "Hozzáadva:",
    "LabelDateTimeLocale": "Dátum és idő formátum:",
    "LabelDay": "Nap:",
    "LabelDisplayMissingEpisodesWithinSeasons": "Hiányzó évad epizódok megjelenítése",
    "LabelDisplayName": "Megjelenítendő név:",
    "LabelDisplayOrder": "Megjelenítési sorrend:",
    "LabelDownloadLanguages": "Nyelvek letöltése:",
    "LabelEasyPinCode": "Pin kód:",
    "LabelEnableAutomaticPortMap": "Automatikus port átirányítás engedélyezése",
    "LabelEnableHardwareDecodingFor": "Hardveres dekódolás engedélyezése a következőkhöz:",
    "LabelEnableRealtimeMonitor": "Valós idejű figyelés engedélyezése",
    "LabelEnableRealtimeMonitorHelp": "A módosítások azonnal feldolgozásra kerülnek a támogatott fájlrendszereken.",
    "LabelEpisodeNumber": "Epizód száma:",
    "LabelEvent": "Esemény:",
    "LabelEveryXMinutes": "Minden:",
    "LabelFinish": "Befejez",
    "LabelForgotPasswordUsernameHelp": "Add meg a felhasználóneved, ha emlékszel rá.",
    "LabelGroupMoviesIntoCollections": "Filmek csoportosítása gyűjteményekbe",
    "LabelEncoderPreset": "H264 enkóder beállítások:",
    "LabelHardwareAccelerationType": "Hardveres gyorsítás:",
    "LabelHardwareAccelerationTypeHelp": "A hardveres gyorsítás további konfigurálást igényel.",
    "LabelHomeScreenSectionValue": "{0}. kezdőképernyő blokk:",
    "LabelImageType": "Kép típusa:",
    "LabelKodiMetadataDateFormat": "Megjelenési dátum formátuma:",
    "LabelLanguage": "Nyelv:",
    "LabelLogs": "Naplók:",
    "LabelMessageText": "Üzenet szövege:",
    "LabelMessageTitle": "Üzenet címe:",
    "LabelMetadata": "Metaadatok:",
    "LabelMetadataDownloadLanguage": "Előnyben részesített letöltendő nyelv:",
    "LabelMetadataPath": "Metaadat útvonal:",
    "LabelMetadataReaders": "Metaadat olvasók:",
    "LabelMetadataSavers": "Metaadat mentés:",
    "LabelMetadataSaversHelp": "A metaadat letöltésének formátuma.",
    "LabelName": "Név:",
    "LabelNewPassword": "Új jelszó:",
    "LabelNewPasswordConfirm": "Új jelszó megerősítése:",
    "LabelNext": "Következő",
    "LabelNotificationEnabled": "Értesítés engedélyezése",
    "LabelOptionalNetworkPath": "(Opcionális) Megosztott hálózati mappa:",
    "LabelOriginalAspectRatio": "Eredeti képarány:",
    "LabelOriginalTitle": "Eredeti cím:",
    "LabelOverview": "Tartalom:",
    "LabelParentalRating": "Korhatár besorolás:",
    "LabelPassword": "Jelszó:",
    "LabelPasswordRecoveryPinCode": "Pin kód:",
    "LabelPath": "Útvonal:",
    "LabelPlayDefaultAudioTrack": "Az alapértelmezett hangsáv lejátszása a nyelvtől függetlenül",
    "LabelPlaylist": "Lejátszási lista:",
    "LabelPreferredDisplayLanguage": "Elsődleges megjelenítendő nyelv:",
    "LabelPreferredDisplayLanguageHelp": "A Jellyfin fordítása egy folyamatos projekt.",
    "LabelPrevious": "Előző",
    "LabelProfileAudioCodecs": "Audió kódekek:",
    "LabelProfileCodecs": "Kódek:",
    "LabelProfileContainer": "Tároló:",
    "LabelProfileVideoCodecs": "Videó kódekek:",
    "LabelRefreshMode": "Frissítési mód:",
    "LabelReleaseDate": "Megjelenés dátuma:",
    "LabelRuntimeMinutes": "Játékidő (perc):",
    "LabelSeasonNumber": "Évad száma:",
    "LabelSelectFolderGroups": "Automatikusan csoportosítsa a következő mappák tartalmát olyan nézetekre, mint a Filmek, a Zene és a TV:",
    "LabelSelectFolderGroupsHelp": "A ki nem választott mappák önmagukban, saját nézetben jelennek meg.",
    "LabelSelectUsers": "Felhasználó kiválasztása:",
    "LabelSelectVersionToInstall": "Válaszd ki a telepíteni kívánt verziót:",
    "LabelSendNotificationToUsers": "Értesítés küldése a következőknek:",
    "LabelServerHostHelp": "192.168.1.100:8096 vagy https://myserver.com",
    "LabelSortBy": "Rendezés:",
    "LabelSortOrder": "Sorrend:",
    "LabelSortTitle": "ABC szerinti cím:",
    "LabelSource": "Forrás:",
    "LabelStatus": "Státusz:",
    "LabelStopping": "Megállítás",
    "LabelSubtitleFormatHelp": "Például: srt",
    "LabelSubtitlePlaybackMode": "Felirat mód:",
    "LabelSubtitles": "Feliratok:",
    "LabelTagline": "Címke:",
    "LabelTheme": "Kinézet:",
    "LabelTime": "Idő:",
    "LabelTimeLimitHours": "Időlimit (óra):",
    "LabelTitle": "Cím:",
    "LabelTranscodingAudioCodec": "Audió kódek:",
    "LabelTranscodingContainer": "Tároló:",
    "LabelTranscodingVideoCodec": "Videó kódek:",
    "LabelTunerType": "Tuner típusa:",
    "LabelType": "Típus:",
    "LabelTypeMetadataDownloaders": "{0} metaadat letöltő:",
    "LabelUseNotificationServices": "Az alábbi szolgáltatások használata:",
    "LabelUser": "Felhasználó:",
    "LabelUsername": "Felhasználónév:",
    "LabelVersionInstalled": "{0} telepítve",
    "LabelVersionNumber": "Verzió {0}",
    "LabelVideo": "Videó:",
    "LabelYear": "Év:",
    "LabelYourFirstName": "Keresztneved:",
    "LabelYoureDone": "Készen vagy!",
    "LatestFromLibrary": "Nemrég hozzáadott {0}",
    "Like": "Tettszik",
    "Live": "Élő",
    "ManageLibrary": "Könyvtár kezelése",
    "MediaInfoBitrate": "Bitráta",
    "MediaInfoChannels": "Csatornák",
    "MediaInfoCodec": "Kódek",
    "MediaInfoContainer": "Tároló",
    "MediaInfoDefault": "Alapértelmezett",
    "MediaInfoExternal": "Külső",
    "MediaInfoForced": "Égetett",
    "MediaInfoFramerate": "Filmkocka",
    "MediaInfoLanguage": "Nyelv",
    "MediaInfoLayout": "Formátum",
    "MediaInfoPath": "Útvonal",
    "MediaInfoProfile": "Profil",
    "MediaInfoResolution": "Felbontás",
    "MediaInfoSampleRate": "Mintavételi ráta",
    "MessageAlreadyInstalled": "Ez a verzió már telepítve van.",
    "MessageConfirmRestart": "Biztosan újra szeretnéd indítani a Jellyfin Szervert?",
    "MessageConfirmShutdown": "Biztosan le akarod állítani a Szervert?",
    "MessageItemsAdded": "Elem hozzáadva.",
    "MessageNoPluginsInstalled": "Nincs bővítmény telepítve.",
    "MessageNothingHere": "Nincs itt semmi.",
    "MessagePleaseEnsureInternetMetadata": "Kérlek ellenőrizd hogy az Internetes metaadat letöltés engedélyezve van.",
    "MessageSettingsSaved": "Beállítások mentve.",
    "Metadata": "Metaadat",
    "MetadataManager": "Metaadat Manager",
    "Monday": "Hétfő",
    "MoreFromValue": "Még több {0}",
    "MoreUsersCanBeAddedLater": "Később további felhasználókat vehetsz fel a Vezérlőpultban.",
    "Movies": "Filmek",
    "Mute": "Némít",
    "MySubtitles": "Feliratok",
    "Name": "Név",
    "NewCollection": "Új Gyűjtemény",
    "NewCollectionNameExample": "Például: Star Wars Gyűjtemény",
    "NewEpisodes": "Új epizódok",
    "NewEpisodesOnly": "Csak új epizódok",
    "NoSubtitleSearchResultsFound": "Nincs találat.",
    "None": "Nincs",
    "NumLocationsValue": "{0} könyvtár",
    "OptionAdminUsers": "Adminisztrátorok",
    "OptionAllUsers": "Összes felhasználó",
    "OptionAllowBrowsingLiveTv": "Élő TV hozzáférés engedélyezése",
    "OptionAllowLinkSharing": "Közösségi médiamegosztás engedélyezése",
    "OptionAllowMediaPlayback": "Média lejátszás engedélyezése",
    "OptionAllowRemoteControlOthers": "Egyéb felhasználók távoli irányításának engedélyezése",
    "OptionAllowRemoteSharedDevices": "Megosztott eszközök távirányításának engedélyezése",
    "OptionAllowUserToManageServer": "Szerver kezelés engedélyezése a felhasználónak",
    "OptionAscending": "Növekvő",
    "OptionBlockMovies": "Filmek",
    "OptionBlockTrailers": "Előzetesek",
    "OptionCommunityRating": "Közösségi értékelés",
    "OptionCriticRating": "Kritikusok értékelése",
    "OptionDaily": "Napi",
    "OptionDateAdded": "Hozzáadva",
    "OptionDatePlayed": "Lejátszási dátum",
    "OptionDescending": "Csökkenő",
    "OptionDisableUser": "Felhasználó letiltása",
    "OptionDislikes": "Nemtetszések",
    "OptionDownloadBackImage": "Vissza",
    "OptionDownloadBoxImage": "Doboz",
    "OptionDownloadDiscImage": "Lemez",
    "OptionDownloadLogoImage": "Logó",
    "OptionDownloadMenuImage": "Menü",
    "OptionEnableAccessFromAllDevices": "Hozzáférés engedélyezése minden eszközről",
    "OptionEnableAccessToAllChannels": "Hozzáférés engedélyezése minden csatornához",
    "OptionEnableAccessToAllLibraries": "Hozzáférés engedélyezése minden könyvtárhoz",
    "OptionExternallyDownloaded": "Külső letöltés",
    "OptionFavorite": "Kedvencek",
    "OptionFriday": "Péntek",
    "OptionHasSpecialFeatures": "Speciális lehetőségek",
    "OptionHasSubtitles": "Feliratok",
    "OptionHasThemeSong": "Főcímdal",
    "OptionHasThemeVideo": "Filmzene",
    "OptionHasTrailer": "Előzetes",
    "OptionHideUser": "Felhasználó elrejtése a bejelentkezési képernyőn",
    "OptionHomeVideos": "Fényképek",
    "OptionImdbRating": "IMDb értékelés",
    "OptionLikes": "Kedveltek",
    "OptionMissingEpisode": "Hiányzó Epizódok",
    "OptionMonday": "Hétfő",
    "OptionNameSort": "Név",
    "OptionNew": "Új...",
    "OptionParentalRating": "Korhatár besorolás",
    "OptionPlayCount": "Lejátszások száma",
    "OptionPlayed": "Megnézett",
    "OptionProfileAudio": "Audió",
    "OptionProfileVideo": "Videó",
    "OptionReleaseDate": "Megjelenés dátuma",
    "OptionResumable": "Folytatható",
    "OptionRuntime": "Játékidő",
    "OptionSaturday": "Szombat",
    "OptionSunday": "Vasárnap",
    "OptionThursday": "Csütörtök",
    "OptionTrackName": "Sáv Címe",
    "OptionTuesday": "Kedd",
    "OptionUnairedEpisode": "Nem vetített Epizódok",
    "OptionUnplayed": "Nemjátszott",
    "OptionWednesday": "Szerda",
    "OptionWeekly": "Heti",
    "OriginalAirDateValue": "Eredeti vetítés dátuma: {0}",
    "PackageInstallCancelled": "{0} telepítése megszakítva.",
    "PackageInstallCompleted": "{0} telepítése befejezve.",
    "PackageInstallFailed": "{0} telepítése nem sikerült.",
    "ParentalRating": "Korhatár besorolás",
    "People": "Személyek",
    "Play": "Lejátszás",
    "PlayAllFromHere": "Összes vetítése innen",
    "PlayCount": "Lejátszások száma",
    "Played": "Megnézett",
    "PleaseRestartServerName": "Kérlek indítsd újra a Jellyfin Szerver-t - {0}.",
    "Quality": "Minőség",
    "RecommendationBecauseYouLike": "Mert tetszett a(z) {0}",
    "RecommendationBecauseYouWatched": "Amiért megnézted ezt: {0}",
    "RecommendationDirectedBy": "Rendezte:  {0}",
    "RecommendationStarring": "Főszerepben:  {0}",
    "Record": "Felvétel",
    "Refresh": "Frissítés",
    "RefreshDialogHelp": "A metaadatok frissítése a Jellyfin Server vezérlőpultjában engedélyezett beállítások és internetszolgáltatások alapján történik.",
    "RefreshMetadata": "Metaadat frissítése",
    "ReleaseDate": "Megjelenés dátuma",
    "RememberMe": "Emlékezz rám",
    "Repeat": "Ismétlés",
    "RepeatAll": "Összes ismétlése",
    "RepeatMode": "Ismétlés módja",
    "RepeatOne": "Aktuális ismétlése",
    "ReplaceAllMetadata": "Összes metaadat cseréje",
    "ReplaceExistingImages": "Cserélje ki a meglévő képeket",
    "Rewind": "Ugrás vissza",
    "Runtime": "Játékidő",
    "Saturday": "Szombat",
    "Save": "Mentés",
    "ScanForNewAndUpdatedFiles": "Keresés az új és frissített fájlokra",
    "ScanLibrary": "Könyvtár beolvasása",
    "Search": "Keresés",
    "SearchForMissingMetadata": "Keresés a hiányzó metaadatokra",
    "SearchForSubtitles": "Felirat keresése",
    "SearchResults": "A keresés eredménye",
    "SendMessage": "Üzenet küldés",
    "SeriesYearToPresent": "{0} - Napjainkig",
    "ServerNameIsRestarting": "Jellyfin Szerver - {0} újraindul.",
    "ServerNameIsShuttingDown": "Jellyfin Server - {0} leáll.",
    "ServerUpdateNeeded": "Ezt a Jellyfin Szervert frissíteni kell. A legújabb verzió letöltéséhez kérjük, látogass el ide {0}",
    "Settings": "Beállítások",
    "SettingsSaved": "Beállítások mentve.",
    "Share": "Megosztás",
    "ShowTitle": "Név megjelenítése",
    "Shuffle": "Keverés",
    "SkipEpisodesAlreadyInMyLibraryHelp": "Az epizódokat összehasonlítjuk az évad és az epizód számával, ha rendelkezésre állnak.",
    "Sort": "Rendezés",
    "SortByValue": "Rendezés {0} szerint",
    "Studios": "Stúdiók",
    "Subtitles": "Feliratok",
    "Suggestions": "Javaslatok",
    "Sunday": "Vasárnap",
    "Sync": "Szinkronizál",
    "TabAccess": "Hozzáférés",
    "TabAdvanced": "Haladó",
    "TabAlbumArtists": "Album Előadók",
    "TabAlbums": "Albumok",
    "TabArtists": "Előadók",
    "TabCatalog": "Katalógus",
    "TabChannels": "Csatornák",
    "TabCodecs": "Kódek",
    "TabCollections": "Gyűjtemények",
    "TabContainers": "Tároló",
    "TabDashboard": "Vezérlőpult",
    "TabDevices": "Eszközök",
    "TabDisplay": "Megjelenítés",
    "TabEpisodes": "Epizódok",
    "TabFavorites": "Kedvencek",
    "TabGenres": "Műfajok",
    "TabGuide": "Leírás",
    "TabInfo": "Infó",
    "TabLatest": "Legújabb",
    "TabLogs": "Naplók",
    "TabMetadata": "Metaadat",
    "TabMovies": "Filmek",
    "TabMusic": "Zene",
    "TabMusicVideos": "Zenei Videók",
    "TabMyPlugins": "Telepített bővítmények",
    "TabNetworks": "Csatornák",
    "TabNfoSettings": "NFO Beállítások",
    "TabNotifications": "Értesítések",
    "TabOther": "Egyéb",
    "TabParentalControl": "Szülői Felügyelet",
    "TabPassword": "Jelszó",
    "TabPlayback": "Lejátszás",
    "TabPlaylist": "Lejátszási lista",
    "TabPlaylists": "Lejátszási listák",
    "TabPlugins": "Bővítmények",
    "TabProfile": "Profil",
    "TabProfiles": "Profilok",
    "TabRecordings": "Felvételek",
    "TabScheduledTasks": "Ütemezett feladatok",
    "TabSeries": "Sorozatok",
    "TabServer": "Szerver",
    "TabSettings": "Beállítások",
    "TabShows": "Műsorok",
    "TabSongs": "Dalok",
    "TabSuggestions": "Javaslatok",
    "TabTrailers": "Előzetesek",
    "TabTranscoding": "Átkódolás",
    "TabUpcoming": "Hamarosan érkezik",
    "TabUsers": "Felhasználók",
    "Tags": "Címkék",
    "TellUsAboutYourself": "Mondj valamit magadról",
    "ThisWizardWillGuideYou": "Ez a varázsló végigvezet a telepítésen. A kezdéshez válasz nyelvet.",
    "Thursday": "Csütörtök",
    "TitleHardwareAcceleration": "Hardveres gyorsítás",
    "TitlePlayback": "Lejátszás",
    "Tuesday": "Kedd",
    "UninstallPluginConfirmation": "Biztosan el szeretnéd távolítani a következőt:  {0} ?",
    "UninstallPluginHeader": "Bővítmény Eltávolítása",
    "Unmute": "Hangosít",
    "Up": "Fel",
    "ValueAudioCodec": "Audió Kódek: {0}",
    "ValueCodec": "Kódek: {0}",
    "ValueContainer": "Tároló: {0}",
    "ValueEpisodeCount": "{0} epizód",
    "ValueMovieCount": "{0} film",
    "ValueMusicVideoCount": "{0} zenei videó",
    "ValueSongCount": "{0} dal",
    "ValueVideoCodec": "Videó kódek: {0}",
    "ViewPlaybackInfo": "Lejátszási információk megtekintése",
    "Watched": "Megtekintett",
    "Wednesday": "Szerda",
    "WelcomeToProject": "Üdv a Jellyfinben!",
    "Writer": "Író",
    "Yesterday": "Tegnap",
    "FormatValue": "Formátum: {0}",
    "GenreValue": "Műfaj: {0}",
    "HeaderServerSettings": "Szerver beállítások",
    "LabelDropImageHere": "Húzz ide egy képet, vagy kattints a böngészéshez.",
    "LabelDropShadow": "Árnyék:",
    "LabelDynamicExternalId": "{0} Id:",
    "AccessRestrictedTryAgainLater": "A hozzáférés jelenleg korlátozott. Kérlek próbáld újra később.",
    "Actor": "Színész",
    "AirDate": "Vetítés dátuma",
    "Aired": "Adásban",
    "Albums": "Albumok",
    "AllChannels": "Minden csatorna",
    "AllComplexFormats": "Minden összetett formátum (ASS, SSA, VOBSUB, PGS, SUB/IDX, stb.)",
    "AllowMediaConversion": "Média konvertálás engedélyezése",
    "AllowMediaConversionHelp": "Add meg vagy tiltsd le a média konvertálás funkcióhoz való hozzáférést.",
    "AllowRemoteAccess": "Engedélyezze a távoli kapcsolatokat a Jellyfin szerverhez.",
    "AllowRemoteAccessHelp": "Ha nincs bekapcsolva, minden távoli kapcsolat blokkolva lesz.",
    "AlwaysPlaySubtitles": "Mindig legyen felirat",
    "AnyLanguage": "Bármelyik nyelv",
    "Anytime": "Bármikor",
    "AroundTime": "{0} körül",
    "AsManyAsPossible": "Amennyi lehetséges",
    "AspectRatio": "Képarány",
    "Auto": "Auto",
    "Backdrop": "Háttér",
    "Backdrops": "Háttér",
    "Banner": "Banner",
    "BirthLocation": "Születési hely",
    "Box": "Doboz",
    "AlwaysPlaySubtitlesHelp": "A nyelvi beállításoknak megfelelő feliratok az audió nyelvétől függetlenül kerülnek betöltésre.",
    "Artists": "Előadók",
    "Blacklist": "Feketelista",
    "BookLibraryHelp": "Az audió- és szövegkönyvek támogatottak. Nézd meg a {0} könyvelnevezési útmutatót {1}.",
    "BrowsePluginCatalogMessage": "Böngéssz a Bővítmény katalógusunkban a rendelkezésre álló bővítmények megtekintéséhez.",
    "AddItemToCollectionHelp": "Adj elemeket a gyűjteményekhez, ehhez keresed meg őket, majd kattints jobb egérgombbal, vagy kattints a menüre és add hozzá a gyűjteményhez.",
    "AllowedRemoteAddressesHelp": "Vesszővel válaszd el az IP-címek vagy IP / netmask címek listáját annak a hálózatnak amelyből távolról csatlakozhatnak. Ha üresen marad, az összes távoli cím megengedett.",
    "BoxRear": "Box (hátsó)",
    "ButtonArrowLeft": "Bal",
    "ButtonArrowRight": "Jobb",
    "ButtonBack": "Vissza",
    "ButtonEditOtherUserPreferences": "A felhasználó profiljának, képének és személyes beállításainak szerkesztése.",
    "ButtonFullscreen": "Teljes képernyő",
    "ButtonInfo": "Info",
    "ButtonLearnMore": "Tudj meg többet",
    "ButtonNetwork": "Hálózat",
    "ButtonOk": "Ok",
    "ButtonRevoke": "Visszavon",
    "ButtonSelectView": "Válassz nézetet",
    "ButtonStart": "Start",
    "ButtonUp": "Fel",
    "ButtonViewWebsite": "Webhely megtekintése",
    "CancelRecording": "Felvétel törlése",
    "CancelSeries": "Sorozat törlése",
    "Categories": "Kategóriák",
    "ChangingMetadataImageSettingsNewContent": "A metaadatok vagy az artwork fileok letöltési beállításainak módosítása csak a könyvtárhoz hozzáadott új tartalomra vonatkozik. A meglévő címek módosításainak alkalmazásához manuálisan kell frissíteni a metaadatokat.",
    "ChannelAccessHelp": "Válaszd ki a megosztani kívánt csatornákat a felhasználóval. A rendszergazdák a metaadatkezelő segítségével szerkeszthetik az összes csatornát.",
    "ChannelNameOnly": "Csak {0} csatorna",
    "ChannelNumber": "Csatorna száma",
    "CinemaModeConfigurationHelp": "A Cinema Mode igazi mozi élményt nyújt előzetessel és egyedi intróval a film vetítése előtt.",
    "ColorSpace": "Színtér",
    "ColorTransfer": "Színátvitel",
    "Composer": "Zeneszerző",
    "ConfigureDateAdded": "Állítsd be a hozzáadott dátum meghatározását a Jellyfin Szerver Vezérlőpultjában a Könyvtár beállításai alatt",
    "ConfirmDeleteImage": "Kép törlése?",
    "ConfirmDeleteItem": "Az elem törlése mind a fájlrendszerből, mind a médiakönyvtárból törlődik. Biztosan folytatni akarod?",
    "ConfirmDeleteItems": "Az elem törlése mind a fájlrendszerből, mind a médiakönyvtárból törlődik. Biztosan folytatni akarod?",
    "ConfirmDeletion": "Törlés megerősítése",
    "ConfirmEndPlayerSession": "Szeretnéd leállítani a Jellyfin-t {0}?",
    "ContinueWatching": "Megtekintés folytatása",
    "Continuing": "Folyamatos",
    "CriticRating": "Kritikus értékelés",
    "CustomDlnaProfilesHelp": "Hozz létre egyéni profilt az új eszközhöz, vagy módosítsd a rendszerprofilt.",
    "DeathDateValue": "Elhunyt: {0}",
    "Default": "Alapértelmezett",
    "DefaultErrorMessage": "Hiba történt a kérés feldolgozása során. Kérlek próbáld újra később.",
    "DefaultMetadataLangaugeDescription": "Ezek az alapértelmezettek, és könyvtáranként testre szabhatók.",
    "DeleteDeviceConfirmation": "Biztosan törölni szeretnéd ezt az eszközt? Legközelebb akkor jelenik meg, amikor a felhasználó bejelentkezik róla.",
    "DeleteImage": "Kép törlése",
    "DeleteImageConfirmation": "Biztosan törölni szeretnéd ezt a képet?",
    "DeleteUser": "Felhasználó törlése",
    "DeleteUserConfirmation": "Biztosan törölni szeretnéd ezt a felhasználót?",
    "DetectingDevices": "Eszközök észlelése",
    "DirectPlaying": "Közvetlen lejátszás",
    "DirectStreamHelp1": "Az adathordozó kompatibilis a készülékkel a felbontás és a médiatípus (H.264, AC3, stb.) tekintetében, de nem kompatibilis a fájltárolóban (.mkv, .avi, .wmv, stb.). A videófelvétel újra csomagolásra kerül, mielőtt azt a készülékre továbbítaná.",
    "DirectStreamHelp2": "A fájl közvetlen közvetítése (Direct Streaming) nagyon kevés feldolgozási erőforrást használ, ennek ellenére a videó nem veszít a minőségéből.",
    "DirectStreaming": "Közvetlen streaming",
    "Disabled": "Tiltva",
    "Disc": "Lemez",
    "Disconnect": "Szétkapcsol",
    "DisplayInMyMedia": "Megjelenítés a kezdőképernyőn",
    "DisplayInOtherHomeScreenSections": "Megjelenítés a kezdőképernyőn, mint például a Legújabb Média, és a Folyamatban lévő filmek",
    "DisplayModeHelp": "Válaszd ki a Jellyfin-n futó képernyő típusát.",
    "DoNotRecord": "Ne rögzítsen",
    "DownloadsValue": "{0} letöltés",
    "DrmChannelsNotImported": "A csatornák DRM-el nem kerülnek importálásra.",
    "DropShadow": "Árnyék",
    "EasyPasswordHelp": "Az egyszerű PIN kódot az offline hozzáféréshez használják a támogatott kliens alkalmazásokban, valamint hálózaton belüli bejelentkezéshez is használható.",
    "EnableCinemaMode": "Cinema Mode",
    "EnableColorCodedBackgrounds": "Színkódolt háttérképek",
    "EnableDisplayMirroring": "Kijelző tükrözés",
    "EnableExternalVideoPlayers": "Külső videolejátszók",
    "EnableExternalVideoPlayersHelp": "A külső lejátszó menü a videó indításakor jelenik meg.",
    "EnableNextVideoInfoOverlay": "A következő videó adatainak megjelenítése lejátszás közben",
    "EnableNextVideoInfoOverlayHelp": "A videó végén megjeleníti az aktuális lejátszási listában lévő következő videó adatait.",
    "EnablePhotos": "Fotók megjelenítése",
    "EnablePhotosHelp": "A fényképeket a médiafájlok mellett észleli és megjeleníti.",
    "Ended": "Befejeződött",
    "ErrorAddingMediaPathToVirtualFolder": "Hiba történt a média elérésekor. Kérlek győződjön meg róla, hogy az elérési út érvényes és a Jellyfin szerver hozzáfér az adott helyhez.",
    "ErrorAddingTunerDevice": "Hiba történt a tuner eszköz hozzáadásakor. Kérlek győződj meg róla, hogy az eszköz elérhető és próbáld meg újra.",
    "ErrorAddingXmlTvFile": "Hiba történt az XMLTV fájl elérésekor. Győződj meg róla, hogy a fájl létezik és próbáld meg újra.",
    "ErrorDeletingItem": "Hiba történt az elem törlése során a Jellyfin Szerverről. Ellenőrizd, hogy a Jellyfin Szerver rendelkezik-e írási jogosultsággal a média mappához és próbálja újra.",
    "ErrorMessageStartHourGreaterThanEnd": "A befejezési időnek nagyobbnak kell lennie mint a kezdési idő.",
    "ErrorSavingTvProvider": "Hiba történt a TV szolgáltató mentésekor. Kérlek győződj meg róla, hogy elérhető és próbálkozz meg újra.",
    "EveryNDays": "Minden {0} nap",
    "ExtraLarge": "Extra NAGY",
    "ExtractChapterImagesHelp": "A fejezetképek kivonása lehetővé teszi, hogy az alkalmazások grafikus jelenetválasztási menüket jelenítsenek meg. A folyamat lehet lassú, erőforrás igényes, és több gigabájt területet igényelhet. A kivonás akkor történik, amikor új videók kerülnek a Médiatárba, valamint egy éjszakai ütemezett feladatként. Az ütemezés konfigurálható az Ütemezett Feladatok menüpontban. Nem ajánlott ezt a feladatot a csúcshasználati órákban futtatni.",
    "Extras": "Extrák",
    "FFmpegSavePathNotFound": "Nem található az FFmpeg a megadott útvonalon. FFprobe is szükséges, és ugyanabban a mappában kell lennie. Ezek az összetevők általában ugyanabban a csomagban találhatók. Kérlek ellenőrizd a megadott útvonalat és próbáld meg újra.",
    "File": "Fájl",
    "FileReadCancelled": "Az olvasott fájl törlése megtörtént.",
    "FileReadError": "Hiba történt a fájl olvasása közben.",
    "GroupBySeries": "Csoportosítás sorozatonként",
    "GuestStar": "Vendég sztár",
    "GuideProviderLogin": "Bejelentkezés",
    "GuideProviderSelectListings": "Válassz listát",
    "EncoderPresetHelp": "Válassz egy gyorsabb értéket a teljesítmény javítása érdekében, vagy egy lassabb értéket a minőség javítása érdekében.",
    "HDPrograms": "HD programok",
    "HandledByProxy": "Reverse proxy segítségével kezelhető",
    "HardwareAccelerationWarning": "A hardveres gyorsítás engedélyezése bizonyos környezetekben instabilitást okozhat. Győződj meg róla, hogy az operációs rendszer és a videó-illesztőprogramok teljesen naprakészek. Ha a beállítás után problémába ütközik a videólejátszás, akkor vissza kell állítani a beállítást Nincs-re.",
    "HeaderAccessSchedule": "Hozzáférési Ütemezés",
    "HeaderAccessScheduleHelp": "Hozz létre hozzáférési ütemezést, hogy korlátozd a hozzáférést bizonyos időben.",
    "HeaderActiveRecordings": "Aktív Felvételek",
    "HeaderActivity": "Tevékenységek",
    "HeaderAdditionalParts": "További részek",
    "HeaderAdmin": "Adminisztrátor",
    "HeaderAlbumArtists": "Album előadók",
    "HeaderAlert": "Figyelem",
    "HeaderAllowMediaDeletionFrom": "Média törlés engedélyezése",
    "HeaderApiKey": "API Kulcs",
    "HeaderApiKeys": "API Kulcsok",
    "HeaderAppearsOn": "Megjelenik",
    "HeaderBooks": "Könyvek",
    "HeaderCancelRecording": "Felvétel törlése",
    "HeaderCancelSeries": "Sorozat törlése",
    "HeaderChannelAccess": "Csatorna hozzáférés",
    "HeaderChapterImages": "Fejezet képek",
    "HeaderCodecProfile": "Kódek profil",
    "HeaderCodecProfileHelp": "A kódekprofilok jelzik a készülék korlátait ha speciális kódekeket játszanak. Ha egy korlátozás érvényes akkor a média átkódolásra kerül, még akkor is ha a kódek közvetlen lejátszásra van konfigurálva.",
    "HeaderConfigureRemoteAccess": "Távoli hozzáférés konfigurálása",
    "HeaderConfirmPluginInstallation": "Bővítmény telepítésének megerősítése",
    "HeaderConfirmProfileDeletion": "Profil törlésének megerősítése",
    "HeaderConfirmRevokeApiKey": "API kulcs visszavonása",
    "HeaderConnectionFailure": "Kapcsolathiba",
    "HeaderContainerProfile": "Konténerprofil",
    "HeaderContainerProfileHelp": "A konténerprofilok meghatározzák az eszköz korlátozásait bizonyos formátumok lejátszásakor. Ha egy korlátozás érvényes akkor a média átkódolásra kerül még akkor is, ha a formátum közvetlen lejátszásra van konfigurálva.",
    "HeaderDateIssued": "Kiadási dátum",
    "HeaderDefaultRecordingSettings": "Alapértelmezett felvételi beállítások",
    "HeaderDeleteDevice": "Eszköz törlése",
    "HeaderDeleteItem": "Elem törlése",
    "HeaderDeleteItems": "Elemek törlése",
    "HeaderDeleteProvider": "Szolgáltató törlése",
    "HeaderDirectPlayProfile": "Közvetlen lejátszás profil",
    "HeaderDirectPlayProfileHelp": "Közvetlen lejátszási profilok hozzáadása során megadható, hogy a készülék milyen formátumot képes kezelni a natív módon.",
    "HeaderEnabledFieldsHelp": "Távolítsd el a mezőt a zároláshoz és az adatok megváltoztatásának megakadályozásához.",
    "HeaderError": "Hiba",
    "HeaderFeatureAccess": "Funkció hozzáférés",
    "HeaderFetchImages": "Képek letöltése:",
    "HeaderFetcherSettings": "Letöltő beállítások",
    "HeaderForKids": "Gyerekeknek",
    "HeaderHttpHeaders": "HTTP Fejlécek",
    "HeaderIdentification": "Azonosítás",
    "HeaderIdentificationCriteriaHelp": "Adj meg legalább egy azonosítási kritériumot.",
    "HeaderIdentificationHeader": "Azonosító fejléc",
    "HeaderImageOptions": "Képbeállítások",
    "HeaderInstantMix": "Azonnali keverés",
    "HeaderItems": "Elemek",
    "HeaderKeepRecording": "Felvétel készítése",
    "HeaderKodiMetadataHelp": "Az Nfo metaadatok engedélyezéséhez vagy letiltásához  szerkeszd a könyvtárat a Jellyfin Médiatár beállításaiban és keresd meg a metaadat letöltő részt.",
    "HeaderLatestMusic": "Legújabb Zene",
    "HeaderLatestRecordings": "Legújabb Felvételek",
    "HeaderLiveTV": "Élő TV",
    "HeaderLiveTv": "Élő TV",
    "HeaderLoginFailure": "Bejelentkezési hiba",
    "HeaderMusicQuality": "Zene minősége",
    "HeaderNewApiKey": "Új API kulcs",
    "HeaderNewDevices": "Új eszközök",
    "HeaderNextEpisodePlayingInValue": "Következő epizód lejátszása {0} múlva",
    "HeaderNextVideoPlayingInValue": "Következő videó lejátszása {0}",
    "HeaderOtherItems": "Egyéb elemek",
    "HeaderPasswordReset": "Jelszó visszaállítása",
    "HeaderPendingInvitations": "Függő meghívók",
    "HeaderPhotoAlbums": "Fényképalbumok",
    "HeaderPlaybackError": "Lejátszási hiba",
    "HeaderProfileInformation": "Profil információ",
    "HeaderProfileServerSettingsHelp": "Ezek az értékek szabályozzák, hogy a Jellyfin Szerver hogyan jelenik meg az eszközökön.",
    "HeaderRecordingOptions": "Felvétel beállítások",
    "HeaderRecordingPostProcessing": "Felvétel utáni feldolgozás",
    "HeaderRemoveMediaFolder": "Média mappa eltávolítása",
    "HeaderRemoveMediaLocation": "Média eltávolítása",
    "HeaderResponseProfile": "Válaszprofil",
    "HeaderResponseProfileHelp": "A válaszprofilok lehetővé teszik az eszközre küldött információk testreszabását bizonyos médiák lejátszásakor.",
    "HeaderSecondsValue": "{0} másodperc",
    "HeaderSelectCertificatePath": "Válaszd ki a Tanúsítvány útvonalát",
    "HeaderSelectMetadataPathHelp": "Böngészd ki vagy írd be azt a elérési utat, amelyben a metaadatokat tárolni akarod. A mappának írhatónak kell lennie.",
    "HeaderSelectPath": "Válassz útvonalat",
    "HeaderSelectServerCachePath": "Válaszd ki a szerver gyorsítótár útvonalát",
    "HeaderSelectServerCachePathHelp": "Tallózd ki vagy írd be a szerver gyorsítótár fájljainak elérési útját. A mappának írhatónak kell lennie.",
    "HeaderSelectTranscodingPath": "Válaszd ki az Átkódolás ideiglenes útvonalát",
    "HeaderSelectTranscodingPathHelp": "Tallózd ki vagy add meg az átmeneti fájlok átkódolásához használt útvonalat. A mappának írhatónak kell lennie.",
    "HeaderSeriesOptions": "Sorozatok beállításai",
    "LabelTag": "Címke:",
    "MediaInfoCodecTag": "Kódek címke",
    "Photos": "Fényképek",
    "Playlists": "Lejátszási listák",
    "Shows": "Műsorok",
    "Songs": "Dalok",
    "ValueSpecialEpisodeName": "Special - {0}",
    "EnableThemeVideos": "Videók témák",
    "EnableThemeVideosHelp": "Videó témájának lejátszása  háttérben a könyvtár böngészése közben.",
    "HeaderBlockItemsWithNoRating": "Blokkolja azokat az elemeket amelyek tiltott, vagy nem felismerhető minősítésűek:",
    "HeaderSchedule": "Ütemezés",
    "HeaderSeriesStatus": "Sorozat állapot",
    "HeaderSpecialEpisodeInfo": "Speciális epizód információ",
    "HeaderStartNow": "Indítás most",
    "HeaderStopRecording": "Felvétel leállítása",
    "HeaderSubtitleAppearance": "Felirat megjelenés",
    "HeaderSubtitleProfile": "Felirat profil",
    "HeaderSubtitleProfiles": "Feliratok profilok",
    "HeaderSubtitleProfilesHelp": "A feliratprofilok leírják a készülék által támogatott feliratformátumokat.",
    "HeaderTaskTriggers": "Feladatindítók",
    "HeaderThisUserIsCurrentlyDisabled": "Ez a felhasználó jelenleg tiltva van",
    "HeaderTranscodingProfile": "Átkódolási profil",
    "HeaderTranscodingProfileHelp": "Add meg az átkódolási profilokat arra vonatkozóan, hogy milyen formátumokat kell használni az átkódoláshoz.",
    "HeaderTunerDevices": "Tuner eszközök",
    "HeaderTuners": "Tunerek",
    "HeaderTypeImageFetchers": "{0} képgyűjtők",
    "HeaderTypeText": "Írd be a szöveget",
    "HeaderVideoQuality": "Videóminőség",
    "HeaderVideoTypes": "Videó típusok",
    "HeaderXmlDocumentAttribute": "XML dokumentum attribútum",
    "HeaderXmlDocumentAttributes": "XML dokumentum attribútumok",
    "HeaderXmlSettings": "XML beállítások",
    "Hide": "Elrejtés",
    "Horizontal": "Vízszintes",
    "HttpsRequiresCert": "A biztonságos kapcsolatok engedélyezéséhez megbízható SSL-tanúsítványt kell használni, mint például a Let's Encrypt. Kérlek add meg a tanúsítványt, vagy tiltsd le a biztonságos kapcsolatokat.",
    "ImportMissingEpisodesHelp": "Ha engedélyezve van, a hiányzó epizódokra vonatkozó információk a Jellyfin adatbázisába kerülnek importálásra és megjelenítésre kerülnek az évadokban és sorozatokban. Ez jelentősen hosszabb könyvtárvizsgálatot okozhat.",
    "InstantMix": "Azonnali keverés",
    "ItemCount": "{0} elem",
    "Items": "Elemek",
    "Kids": "Gyerekek",
    "LabelAbortedByServerShutdown": "(A szerver leállítása megszakította)",
    "LabelAccessDay": "A hét napja:",
    "LabelAccessEnd": "Befejezés ideje:",
    "LabelAccessStart": "Kezdés ideje:",
    "LabelAirDays": "Vetítési napok:",
    "LabelAirTime": "Vetítés ideje:",
    "LabelAirsAfterSeason": "Vetítések az évad után:",
    "LabelAirsBeforeEpisode": "Vetítések az epizód előtt:",
    "LabelAirsBeforeSeason": "Vetítések az évad előtt:",
    "LabelAlbum": "Album:",
    "LabelAllowHWTranscoding": "Hardveres átkódolás engedélyezése",
    "LabelAllowedRemoteAddresses": "Távoli IP cím szűrő:",
    "LabelAllowedRemoteAddressesMode": "Távoli IP cím szűrő mód:",
    "LabelAppName": "App neve",
    "LabelAppNameExample": "Például: Sickbeard, Sonarr",
    "LabelAutomaticallyRefreshInternetMetadataEvery": "A metaadatok automatikus frissítése az internetről:",
    "LabelBindToLocalNetworkAddress": "Kötés a helyi hálózati címhez:",
    "LabelBindToLocalNetworkAddressHelp": "Opcionális. A helyi IP cím felülbírálása a http szerverhez való csatlakozáshoz. Ha üres marad, a szerver minden elérhető címhez kötődik. Az érték megváltoztatásához a Jellyfin Szerver újraindítása szükséges.",
    "LabelBirthDate": "Születési dátum:",
    "LabelBlastMessageInterval": "Élő üzenetintervallum (másodperc)",
    "LabelBlastMessageIntervalHelp": "Meghatározza másodpercben az üzenetek közötti időtartamot.",
    "LabelBlockContentWithTags": "Blokkolja a címkével ellátott elemeket:",
    "LabelCache": "Gyorsítótár:",
    "LabelCachePathHelp": "Adj meg egy egyéni helyet a szerver gyorsítótár fájljainak, például a képeknek. Hagyd üresen az alapértelmezett beállításához.",
    "LabelCancelled": "Megszakítva",
    "LabelCertificatePassword": "Tanúsítvány jelszava:",
    "LabelCertificatePasswordHelp": "Ha a tanúsítványhoz jelszó szükséges, írd ide.",
    "LabelChannels": "Csatornák:",
    "LabelCustomCertificatePath": "Egyéni SSL tanúsítvány elérési útvonala:",
    "LabelCustomCss": "Egyedi CSS:",
    "LabelCustomCssHelp": "Egyedi CSS stílusok alkalmazása a webes felülethez.",
    "LabelCustomizeOptionsPerMediaType": "A média típusának testreszabása:",
    "LabelDeathDate": "Halálának dátuma:",
    "LabelDefaultScreen": "Alapértelmezett képernyő:",
    "LabelDefaultUser": "Alapértelmezett felhasználó:",
    "LabelDefaultUserHelp": "Meghatározza, hogy melyik felhasználói könyvtárat kell megjeleníteni a csatlakoztatott eszközökön. Ez minden eszközön felülírható profilok segítségével.",
    "LabelDeviceDescription": "Eszköz leírása",
    "LabelDidlMode": "Didl mód:",
    "LabelDiscNumber": "Lemezszám:",
    "LabelDisplayLanguage": "Megjelenítési nyelv:",
    "LabelDisplayLanguageHelp": "A Jellyfin fordítása egy folyamatos projekt.",
    "LabelDisplayMode": "Megjelenítési mód:",
    "LabelDownloadInternetMetadata": "Artwork és a metaadatok letöltése az internetről",
    "LabelDownloadInternetMetadataHelp": "A Jellyfin Szerver letöltheti a médiák adatait és látványos bemutatókat készít.",
    "LabelArtistsHelp": "Ha több van használd a következő elválasztót ;",
    "LabelDisplayCollectionsView": "Jelenítse meg a Gyűjtemények menüpontot a filmgyűjtemények megjelenítéséhez",
    "LabelDisplayCollectionsViewHelp": "Ez külön menüpontot hoz létre a filmgyűjtemények megjelenítéséhez. Gyűjtemény létrehozásához kattints jobb gombbal vagy kattints a három pontra bármelyik filmen, és válaszd a 'Hozzáadás gyűjteményhez' lehetőséget. ",
    "LabelEnableAutomaticPortMapHelp": "A szerver az UPnP segítségével a routeren megpróbálja automatikusan átirányítani a nyilvános portot a helyi portra. Előfordulhat, hogy egyes router modelleken ez nem működik. A módosítások újraindítás után lépnek életbe.",
    "LabelEnableBlastAliveMessagesHelp": "Engedélyezd ezt ha a szerver nem észleli megbízhatóan a hálózat más UPnP-eszközeit.",
    "LabelEnableDlnaClientDiscoveryInterval": "Kliens felderítési intervallum (másodperc)",
    "LabelEnableDlnaClientDiscoveryIntervalHelp": "A Jellyfin által végrehajtott SSDP keresések időtartamát határozza meg másodpercben.",
    "LabelEnableDlnaDebugLogging": "DLNA hibakeresési naplózás engedélyezése",
    "LabelEnableDlnaDebugLoggingHelp": "Ez nagy naplófájlokat hoz létre és csak hibaelhárítás céljából használható.",
    "LabelEnableDlnaPlayTo": "DLNA Play To engedélyezése",
    "LabelEnableDlnaPlayToHelp": "Felismerheti a hálózaton belüli eszközöket, és lehetővé teszi azok távvezérlését.",
    "LabelEnableDlnaServer": "DLNA szerver engedélyezése",
    "LabelEnableDlnaServerHelp": "Lehetővé teszi a hálózaton található UPnP eszközöknek, hogy böngésszenek és lejátszanak tartalmat.",
    "LabelEnableSingleImageInDidlLimit": "Korlátozás egyetlen beágyazott képre",
    "LabelEnableSingleImageInDidlLimitHelp": "Néhány eszköz nem jeleníti meg megfelelően, ha több kép van beágyazva a Didl-be.",
    "LabelEndDate": "Befejezés dátuma:",
    "LabelExtractChaptersDuringLibraryScan": "Fejezet képek készítése a könyvtár beolvasása során",
    "LabelExtractChaptersDuringLibraryScanHelp": "A fejezetképek elkészítése a könyvtár beolvasása során történik meg. Ellenkező esetben az elkészítés az Ütemezett feladatokban meghatározott időben készül el, ami lehetővé teszi a könyvtárbeolvasás gyorsítását.",
    "LabelFailed": "Sikertelen",
    "LabelFileOrUrl": "Fájl vagy URL:",
    "LabelFont": "Betűtípus:",
    "LabelFormat": "Formátum:",
    "LabelFriendlyName": "Könnyen megjegyezhető név:",
    "LabelServerNameHelp": "Ez a név kerül a Szerver azonosítására és alapértelmezetten a számítógép neve kerül felhasználásra.",
    "LabelGroupMoviesIntoCollectionsHelp": "A filmlisták megjelenítésekor a gyűjteményhez tartozó filmek egy csoportos elemként jelennek meg.",
    "LabelH264Crf": "H264 enkóder CRF:",
    "LabelHomeNetworkQuality": "Otthoni hálózat minősége:",
    "LabelHttpsPort": "Helyi HTTPS port száma:",
    "LabelImageFetchersHelp": "Engedélyezd és rangsorold az előnyben részesített képletöltőket prioritásuk sorrendjében.",
    "LabelImportOnlyFavoriteChannels": "Csak a kedvencként megjelölt csatornákra korlátozza",
    "LabelInNetworkSignInWithEasyPassword": "Engedélyezze a hálózaton belüli bejelentkezést az egyszerű PIN kóddal",
    "LabelInNetworkSignInWithEasyPasswordHelp": "Az egyszerű PIN kódod segítségével beléphetsz az alkalmazásokból az otthoni hálózaton belül. A szokásos jelszót csak akkor kell használni, ha az otthoni hálózaton kívül vagy. Ha a PIN kód üres, akkor nem lesz szükség jelszóra az otthoni hálózaton belül.",
    "LabelInternetQuality": "Internet minősége:",
    "LabelKidsCategories": "Gyermek kategóriák:",
    "LabelKodiMetadataDateFormatHelp": "Az NFO-n belüli összes dátum ezzel a formátummal lesz kezelve.",
    "LabelKodiMetadataEnableExtraThumbs": "Másolja az extrafanartot extrathumbs mezőbe",
    "LabelKodiMetadataEnableExtraThumbsHelp": "A képek letöltésekor mind az extrafanart, mind az extrathumbs-ba menthetőek a maximális Kodi skin kompatibilitáshoz.",
    "LabelKodiMetadataEnablePathSubstitution": "Útvonal helyettesítés engedélyezése",
    "LabelKodiMetadataEnablePathSubstitutionHelp": "Lehetővé teszi a képútvonalak helyettesítését a szerver útvonal helyettesítési beállításaival.",
    "LabelKodiMetadataSaveImagePaths": "A képek útvonalának mentése az nfo fájlokban",
    "LabelKodiMetadataSaveImagePathsHelp": "Ez akkor ajánlott, ha olyan képfájlnevek vannak amelyek nem felelnek meg a Kodi irányelveinek.",
    "LabelLanNetworks": "LAN hálózatok:",
    "LabelLocalHttpServerPortNumber": "Helyi HTTP port száma:",
    "LabelLockItemToPreventChanges": "Az elem zárolása a jövőbeni változások elkerülése érdekében",
    "LabelLoginDisclaimer": "Bejelentkezési nyilatkozat:",
    "LabelLoginDisclaimerHelp": "Ez az üzenet a bejelentkezési oldal alján jelenik meg.",
    "LabelManufacturer": "Gyártó:",
    "LabelManufacturerUrl": "Gyártó URL címe",
    "LabelMatchType": "Egyezés típusa:",
    "LabelMaxBackdropsPerItem": "A hátterek maximális száma elemenként:",
    "LabelMaxChromecastBitrate": "Chromecast streaming minősége:",
    "LabelMaxParentalRating": "Maximálisan megengedett szülői minősítés:",
    "LabelMaxStreamingBitrate": "Maximum streaming minőség:",
    "LabelMetadataDownloadersHelp": "Engedélyezd és rangsorold az előnyben részesített metaadat letöltőket prioritásuk sorrendjében. Az alacsonyabb prioritású letöltőket csak a hiányzó információk letöltésére használjuk.",
    "LabelMetadataPathHelp": "Add meg a letöltött artwork és metaadatok egyéni helyét.",
    "LabelMethod": "Módszer:",
    "LabelModelDescription": "Modell leírás",
    "LabelModelName": "Modell név",
    "LabelModelNumber": "Típusszám",
    "LabelModelUrl": "Modell URL",
    "LabelMovieCategories": "Film kategóriák:",
    "LabelMoviePrefix": "Film előtag:",
    "LabelMoviePrefixHelp": "Ha a filmcímekhez előtagot használsz, írd be ide, hogy a szerver megfelelően kezelje.",
    "LabelMovieRecordingPath": "Filmfelvételi útvonal (opcionális):",
    "LabelMusicStreamingTranscodingBitrate": "Zene átkódolási bitráta:",
    "LabelNewName": "Új név:",
    "LabelNewsCategories": "Hírek kategóriái:",
    "LabelNumber": "Szám:",
    "LabelOptionalNetworkPathHelp": "Ha ez a mappa meg van osztva a hálózaton, a hálózati megosztási útvonal megadása lehetővé teszi, hogy a Jellyfin alkalmazások más eszközökön közvetlenül hozzáférjenek a médiafájlokhoz.",
    "LabelPasswordConfirm": "Jelszó (megerősítés):",
    "LabelPlaceOfBirth": "Születési hely:",
    "LabelPostProcessor": "A feldolgozás utáni alkalmazás:",
    "LabelPostProcessorArgumentsHelp": "Használd a {path} parancsot a felvételi fájl elérési útjához.",
    "LabelProfileCodecsHelp": "Vesszővel elválasztva . Ez maradjon üres, hogy minden kodekre érvényes legyen.",
    "LabelProfileContainersHelp": "Vesszővel elválasztva. Ez üresen hagyható, hogy az összes konténerre vonatkozzon.",
    "LabelProtocol": "Protokoll:",
    "LabelProtocolInfo": "Protokoll adatok:",
    "LabelProtocolInfoHelp": "Az az érték, amelyet a készülék a GetProtocolInfo kérésekre válaszol.",
    "LabelPublicHttpPort": "Nyilvános HTTP portszám:",
    "LabelPublicHttpPortHelp": "A nyilvános port száma, amelyet a helyi HTTP portra kell átirányítani.",
    "LabelPublicHttpsPort": "Nyilvános HTTPS port száma:",
    "LabelPublicHttpsPortHelp": "A nyilvános port száma, amelyet a helyi HTTPS portra kell átirányítani.",
    "LabelReadHowYouCanContribute": "Ismerd meg, hogyan járulhatsz hozzá.",
    "LabelReasonForTranscoding": "Az átkódolás oka:",
    "LabelRemoteClientBitrateLimit": "Internetes streaming bitráta limit (Mbps):",
    "LabelRemoteClientBitrateLimitHelp": "Ez egy opcionális adatfolyam sebesség korlát a hálózaton kívüli eszközök számára. Ez akkor hasznos, amikor az eszközök magasabb bitrátát kérnek, mint amennyit az internetkapcsolat képes kezelni. Ez megnövelheti a szerver CPU terhelését, hogy átkódolja a videókat egy alacsonyabb bitrátára.",
    "LabelSaveLocalMetadata": "Mentse az artwork fájlokat a média mappákba",
    "LabelSaveLocalMetadataHelp": "Az artwork fájlok médiamappákba történő mentése olyan helyre kerül, ahol könnyen szerkeszthető.",
    "LabelScheduledTaskLastRan": "Utoljára futtatva: {0}, Időtartam: {1}.",
    "LabelScreensaver": "Képernyővédő:",
    "LabelSecureConnectionsMode": "Biztonságos kapcsolat módja:",
    "LabelSerialNumber": "Sorozatszám",
    "LabelSeriesRecordingPath": "Sorozatfelvétel útvonala (opcionális):",
    "LabelServerHost": "Kiszolgáló:",
    "LabelVersion": "Verzió:",
    "MessageAreYouSureDeleteSubtitles": "Biztosan törölni szeretnéd ezt a feliratfájlt?",
    "MessageFileReadError": "Hiba történt a fájl olvasása során. Kérlek próbáld újra.",
    "MessageForgotPasswordFileCreated": "A következő fájl jött létre a szerveren, ami utasításokat tartalmaz a folytatáshoz:",
    "OptionDateAddedFileTime": "Használja a fájl létrehozásának dátumát",
    "LabelMinBackdropDownloadWidth": "A letöltendő háttérkép minimális szélessége:",
    "LabelMinResumeDuration": "A folytatás minimum időtartama:",
    "LabelMinResumeDurationHelp": "A rövidebb videó hosszúság másodpercben, melynél a lejátszás helye mentésre kerül, így később folytatható lesz.",
    "LabelMinResumePercentage": "Minimum folytatás százalékban:",
    "LabelMinScreenshotDownloadWidth": "Minimális képernyőkép letöltési szélesség:",
    "LabelPreferredSubtitleLanguage": "Alapértelmezett feliratnyelv:",
    "LabelSkin": "Kinézet:",
    "LabelSkipBackLength": "Ugrás vissza hossza:",
    "LabelSkipForwardLength": "Ugrás előre hossza:",
    "LabelSkipIfGraphicalSubsPresent": "Kihagyás, ha a videó már tartalmaz beágyazott feliratokat",
    "LabelSoundEffects": "Hanghatások:",
    "LabelSportsCategories": "Sport kategóriák:",
    "LabelStartWhenPossible": "Elindul, amint lehetséges:",
    "LabelStopWhenPossible": "Leáll, amint lehetséges:",
    "LabelSubtitleDownloaders": "Felirat letöltők:",
    "LabelSupportedMediaTypes": "Támogatott médiatípusok:",
    "LabelTVHomeScreen": "TV mód kezdőképernyő:",
    "LabelTextBackgroundColor": "Szöveg háttérszín:",
    "LabelTextColor": "Szöveg szín:",
    "LabelTextSize": "Szövegméret:",
    "LabelTranscodingTempPathHelp": "Ez a mappa az átkódoló által használt munkafájlokat tartalmazza. Adj meg egyéni útvonalat, vagy hagyd üresen a szerver alapértelmezetten beállításához.",
    "LabelTranscodingThreadCount": "Átkódolási CPU szálak száma:",
    "LabelTranscodingThreadCountHelp": "Válaszd ki az átkódolás során használni kívánt szálak maximális számát. A szálszám csökkentése csökkenti a processzor használatát, de lehet nem lesz képes elég gyorsan átalakítani a folyamatos lejátszási élményhez.",
    "LabelTunerIpAddress": "Tuner IP címe:",
    "LabelTypeText": "Szöveg",
    "LabelUserLibrary": "Felhasználói könyvtár:",
    "LabelUserLibraryHelp": "Válaszd ki, hogy melyik felhasználói könyvtárat jelenítse meg az eszközön. Hagyd üresen az alapértelmezett beállításhoz.",
    "LabelUserRemoteClientBitrateLimitHelp": "A szerver lejátszási beállításaiban megadott alapértelmezett globális érték felülbírálása.",
    "LabelVaapiDevice": "VA API eszköz:",
    "LabelValue": "Érték:",
    "LabelZipCode": "Irányítószám:",
    "LabelffmpegPath": "FFmpeg útvonal:",
    "LabelffmpegPathHelp": "Az ffmpeg alkalmazásfájl elérési útja, vagy az őt tartalmazó mappa.",
    "Large": "Nagy",
    "LearnHowYouCanContribute": "Ismerd meg, hogyan járulhatsz hozzá.",
    "LeaveBlankToNotSetAPassword": "Ha nem szeretnél jelszót beállítani, hagyd ezt a mezőt üresen.",
    "LibraryAccessHelp": "Válaszd ki azokat a könyvtárakat amelyeket megosztani kívánsz ezzel a felhasználóval. A rendszergazdák a Metaadat Manager segítségével szerkeszthetik az összes mappát.",
    "LinksValue": "Linkek: {0}",
    "List": "Lista",
    "LiveTV": "Élő TV",
    "Logo": "Logo",
    "ManageRecording": "Felvétel kezelése",
    "MarkPlayed": "Lejátszottként megjelöl",
    "MarkUnplayed": "Nem játszottként megjelöl",
    "MaxParentalRatingHelp": "A magasabb minősítésű tartalom a felhasználó elől elrejtésre kerül.",
    "MediaInfoAnamorphic": "Anamorphic",
    "MediaInfoAspectRatio": "Képarány",
    "MediaInfoBitDepth": "Bit mélység",
    "MediaInfoInterlaced": "Átlapolt",
    "MediaInfoLevel": "Szint",
    "MediaInfoPixelFormat": "Pixel formátum",
    "MediaInfoRefFrames": "Ref frame",
    "MediaInfoSize": "Méret",
    "MediaInfoTimestamp": "Időbélyeg",
    "MediaIsBeingConverted": "A médiát olyan formátumra konvertálja, amely kompatibilis a lejátszó eszközzel.",
    "Menu": "Menü",
    "MessageAreYouSureYouWishToRemoveMediaFolder": "Biztosan el akarod távolítani ezt a média mappát?",
    "MessageConfirmDeleteTunerDevice": "Biztosan törölni szeretnéd ezt az eszközt?",
    "MessageConfirmProfileDeletion": "Biztosan törölni szeretnéd ezt a profilt?",
    "MessageConfirmRecordingCancellation": "Felvétel törlése?",
    "MessageConfirmRemoveMediaLocation": "Biztosan el akarod távolítani ezt a helyet?",
    "MessageContactAdminToResetPassword": "A jelszó visszaállításához fordulj a rendszergazdához.",
    "MessageCreateAccountAt": "Fiók létrehozása {0}",
    "MessageDeleteTaskTrigger": "Biztosan törölni szeretnéd ezt a feladatot?",
    "MessageDownloadQueued": "A letöltés sorban áll.",
    "MessageEnablingOptionLongerScans": "Ennek az opciónak a bekapcsolása jelentősen hosszabb könyvtárbeolvasást eredményezhet.",
    "MessageImageFileTypeAllowed": "Csak JPEG és PNG fájlok támogatottak.",
    "MessageImageTypeNotSelected": "Kérlek válaszd ki a kép típusát a legördülő menüből.",
    "MessageInstallPluginFromApp": "Ezt a bővítményt azon alkalmazásból kell telepíteni, amelyben használni kívánod.",
    "MessageInvalidForgotPasswordPin": "Érvénytelen vagy lejárt PIN kódot írtál be. Kérlek próbáld újra.",
    "MessageInvalidUser": "Érvénytelen felhasználónév vagy jelszó. Kérlek próbáld újra.",
    "MessageItemSaved": "Elem mentve.",
    "MessageLeaveEmptyToInherit": "Hagyd üresen, hogy örökölje a szülőelem beállításait, vagy a globális alapértelmezett értéket.",
    "MessageNoAvailablePlugins": "Nincs elérhető bővítmény.",
    "OptionExtractChapterImage": "Fejezetképek kinyerésének engedélyezése",
    "ValueOneMovie": "1 film",
    "LabelMaxScreenshotsPerItem": "Képernyőképek maximális száma elemenként:",
    "LabelPersonRoleHelp": "Például: Ice cream truck driver",
    "LabelRecord": "Felvétel:",
    "LabelRecordingPath": "Alapértelmezett felvételi útvonal:",
    "LabelRecordingPathHelp": "Add meg az alapértelmezett helyet a felvételek mentéséhez. Ha üres marad, akkor a szerver adatmappája kerül felhasználásra.",
    "LabelSkipIfAudioTrackPresent": "Kihagyás, ha az alapértelmezett hangsáv megfelel a letöltési nyelvnek",
    "LabelSonyAggregationFlags": "Sony összesítő jelölők:",
    "LabelSpecialSeasonsDisplayName": "Speciális évad megjelenítési neve:",
    "LanNetworksHelp": "Vesszővel elválasztott lista az IP címekről vagy IP / netmask bejegyzésekről a hálózatokban, amelyeket a helyi hálózaton figyelembe kell venni a sávszélesség korlátozások végrehajtása során. Ha be van állítva, az összes többi IP cím külső hálózaton lesz, és a külső sávszélesség korlátozások szabálya alá tartozik. Ha üres marad, csak a szerver alhálózata tekinthető a helyi hálózatnak.",
    "LiveBroadcasts": "Élő adások",
    "MessageConfirmRevokeApiKey": "Biztosan visszavonod ezt az API kulcsot? Az alkalmazás csatlakozása a Jellyfin Szerverhez hirtelen megszűnik.",
    "MessageDirectoryPickerInstruction": "A hálózati útvonalak manuálisan megadhatók abban az esetben, ha a Hálózati gomb nem találja meg a készülékeket. Például: {0} vagy {1}.",
    "MessageDirectoryPickerLinuxInstruction": "Az Arch Linux, CentOS, Debian, Fedora, openSUSE vagy Ubuntu Linux operációs rendszereken a Jellyfin szolgáltatás felhasználójának legalább olvasási hozzáférést kell biztosítania a tárolóhelyekhez.",
    "MessageForgotPasswordInNetworkRequired": "Kérlek próbáld meg újra a jelszó visszaállítási folyamatot az otthoni hálózatban.",
    "MessageNoMovieSuggestionsAvailable": "Jelenleg nincsenek filmajánlatok. Kezdj el nézni és értékelni a filmeket, majd térj vissza, hogy megtekinthesd az ajánlásokat.",
    "MessagePasswordResetForUsers": "A következő felhasználók jelszavai visszaálltak. Most már bejelentkezhetnek a visszaállításhoz használt PIN kódokkal.",
    "MessagePlayAccessRestricted": "A tartalom lejátszása jelenleg korlátozott. További információért fordulj a Szerver üzemeltetőjéhez.",
    "MessagePleaseWait": "Kérlek várj. Ez eltarthat egy percet.",
    "MessagePluginConfigurationRequiresLocalAccess": "A bővítmény beállításához jelentkezz be közvetlenül a helyi szerverre.",
    "MessagePluginInstallDisclaimer": "A Jellyfin közösség tagjai által készített bővítmények nagyszerű módot adnak a Jellyfin élményének, funkcióinak bővítéséhez. Telepítés előtt kérlek vedd figyelembe a Jellyfin szerverre gyakorolt hatásokat, mint például a hosszabb könyvtárvizsgálatokat, a további háttérfeldolgozást, vagy akár a rendszer stabilitásának csökkenését.",
    "MessageReenableUser": "Az újra engedélyezéshez lásd lentebb",
    "MessageTheFollowingLocationWillBeRemovedFromLibrary": "A következő médiahelyek eltávolításra kerülnek a könyvtáradból:",
    "MessageUnableToConnectToServer": "Jelenleg nem tudunk csatlakozni a kiválasztott szerverhez. Győződj meg róla, hogy fut és próbáld meg újra.",
    "MessageUnsetContentHelp": "A tartalom sima mappákként jelenik meg. A legjobb eredmény eléréséhez használd a Metaadat kezelőt az almappák tartalmi típusainak beállításához.",
    "MessageYouHaveVersionInstalled": "Jelenleg a(z) {0} verzió van telepítve.",
    "MinutesAfter": "perc múlva",
    "MinutesBefore": "perccel korábban",
    "Mobile": "Mobil",
    "MoveLeft": "Mozgás balra",
    "MoveRight": "Mozgás jobbra",
    "MovieLibraryHelp": "Tekintsd át a {0} film elnevezési útmutatót {1}.",
    "Never": "Soha",
    "NewCollectionHelp": "A gyűjtemények lehetővé teszik, hogy személyre szabott csoportokat hozz létre filmekből és más könyvtártartalomból.",
    "News": "Hírek",
    "Next": "Következő",
    "NextUp": "Következik",
    "No": "Nem",
    "NoNewDevicesFound": "Nem található új eszköz. Új tuner hozzáadásához zárd be ezt a párbeszédablakot és add meg kézzel az eszköz adatait.",
    "NoNextUpItemsMessage": "Nem található. Kezdj el nézni műsorokat!",
    "NoPluginConfigurationMessage": "Ez a bővítmény nem rendelkezik konfigurációs beállításokkal.",
    "NoSubtitles": "Nincs felirat",
    "NoSubtitlesHelp": "A feliratok alapértelmezés szerint nem lesznek betöltve. Lejátszás közben kézzel is bekapcsolhatók.",
    "Off": "Ki",
    "OneChannel": "Egy csatorna",
    "OnlyImageFormats": "Csak képformátumok (VOBSUB, PGS, SUB stb.)",
    "Option3D": "3D",
    "OptionAlbum": "Album",
    "OptionAlbumArtist": "Album előadó",
    "OptionAllowAudioPlaybackTranscoding": "Engedélyezze az átkódolást igénylő audió lejátszást",
    "OptionAllowContentDownloading": "Média letöltésének és szinkronizálásának engedélyezése",
    "OptionAllowLinkSharingHelp": "Csak a médiaadatokat tartalmazó weboldalak oszthatók meg. A médiafájlok soha nem oszthatók meg nyilvánosan. A megosztás időlimithez van kötve, és lejár {0} nap elteltével.",
    "OptionAllowManageLiveTv": "Élő TV felvételkezelés engedélyezése",
    "OptionAllowMediaPlaybackTranscodingHelp": "Az átkódoláshoz való hozzáférés korlátozása lejátszási hibákat okozhat a Jellyfin alkalmazásokban a nem támogatott médiaformátumok miatt.",
    "OptionAllowRemoteSharedDevicesHelp": "A DLNA eszközöket mindaddig megosztottnak tekintjük, amíg a felhasználó meg nem kezdi azok irányítását.",
    "OptionAllowSyncTranscoding": "Engedélyezze a média letöltését és szinkronizálását, amely átkódolást igényel",
    "OptionAllowVideoPlaybackRemuxing": "Olyan videólejátszás engedélyezése, amely átalakítást igényel újrakódolás nélkül",
    "OptionAllowVideoPlaybackTranscoding": "Engedélyezze az átkódolást igénylő videó lejátszást",
    "OptionArtist": "Előadó",
    "OptionAuto": "Auto",
    "OptionAutomatic": "Auto",
    "OptionAutomaticallyGroupSeries": "A több mappában elosztott sorozat automatikus összevonása",
    "OptionAutomaticallyGroupSeriesHelp": "Ha engedélyezve van, a több mappában elosztott sorozat automatikusan egyesül egy sorozatba.",
    "OptionBlockBooks": "Könyvek",
    "OptionBlockLiveTvChannels": "Élő TV csatornák",
    "OptionBlockMusic": "Zene",
    "OptionBlockTvShows": "TV műsorok",
    "OptionBluray": "Blu-ray",
    "OptionCaptionInfoExSamsung": "CaptionInfoEx (Samsung)",
    "OptionContinuing": "Folytatva",
    "OptionDateAddedImportTime": "Használja a könyvtárba beolvasási dátumot",
    "OptionDisableUserHelp": "Ha letiltod, a szerver nem engedélyezi a felhasználó csatlakozását. A meglévő kapcsolatok hirtelen megszűnnek.",
    "OptionDisplayFolderView": "Az egyszerű média mappák mappanézetének megjelenítése",
    "OptionDisplayFolderViewHelp": "Jelenítse meg a mappákat a többi médiakönyvtár mellett. Ez hasznos lehet,  ha egyszerű mappa nézeteket szeretnél látni.",
    "OptionDownloadImagesInAdvance": "Képek előzetes letöltése",
    "OptionDownloadImagesInAdvanceHelp": "Alapértelmezés szerint a legtöbb kép csak akkor töltődik le, ha azt egy Jellyfin alkalmazás kéri. Engedélyezd ezt az opciót az összes kép előzetes letöltéséhez, mikor új médiát importál. Ez jelentősen hosszabb könyvtár vizsgálatot eredményezhet.",
    "OptionDownloadPrimaryImage": "Elsődleges",
    "OptionDvd": "DVD",
    "OptionEmbedSubtitles": "Beágyazva tárolóba",
    "OptionEnableExternalContentInSuggestions": "Külső tartalom engedélyezése a javaslatokban",
    "OptionEnableExternalContentInSuggestionsHelp": "Engedélyezze az internetes előzeteseket és az élő TV műsorokat a javasolt tartalomban.",
    "OptionEnableForAllTuners": "Engedélyezze az összes tuner eszközre",
    "PlayNextEpisodeAutomatically": "A következő epizód automatikus lejátszása",
    "ShowAdvancedSettings": "Speciális beállítások megjelenítése",
    "ValueSeconds": "{0} másodperc",
    "AddToPlayQueue": "Hozzáadás a lejátszási sorhoz",
    "AllowHWTranscodingHelp": "Lehetővé teszi a tuner számára, hogy át tudja kódolni a streameket valós időben. Ez segíthet csökkenteni a Szerver által igényelt átkódolást.",
    "AllowOnTheFlySubtitleExtraction": "Felirat kinyerésének engedélyezése valós időben",
    "MessageNoTrailersFound": "Nincsenek előzetesek. Telepítsd a Trailer csatornát, hogy javítsd a filmélményt az internetes előzetesek könyvtárának hozzáadásával.",
    "OptionEnableM2tsMode": "M2ts mód engedélyezése",
    "OptionEnableM2tsModeHelp": "Engedélyezze az m2ts módot amikor mpegts kódolás történik.",
    "OptionEnded": "Befejezett",
    "OptionEstimateContentLength": "Az átkódolás során becsülje meg a tartalom hosszát",
    "OptionEveryday": "Minden nap",
    "OptionHideUserFromLoginHelp": "Hasznos a privát vagy a rejtett rendszergazdák számára. A felhasználónak kézzel kell bejelentkeznie a felhasználónevének és jelszavának megadásával.",
    "OptionIgnoreTranscodeByteRangeRequests": "Figyelmen kívül hagyja a transzkód bájt tartomány kéréseket",
    "OptionIgnoreTranscodeByteRangeRequestsHelp": "Ha engedélyezve van, ezeket a kéréseket tiszteletben tartja, viszont figyelmen kívül hagyja a bájt tartomány fejlécét.",
    "OptionIsHD": "HD",
    "OptionIsSD": "SD",
    "OptionMax": "Max",
    "OptionNone": "Egyik sem",
    "OptionOnAppStartup": "Alkalmazás indításakor",
    "OptionOnInterval": "Időközönként",
    "OptionPlainStorageFolders": "Az összes mappa megjelenítése egyszerű tároló mappaként",
    "OptionPlainVideoItems": "Az összes videó megjelenítése egyszerű videófelvételként",
    "OptionPremiereDate": "Premier dátuma",
    "OptionProfilePhoto": "Fénykép",
    "OptionProfileVideoAudio": "Videó Audió",
    "OptionProtocolHls": "HTTP Live Streaming",
    "OptionProtocolHttp": "HTTP",
    "OptionRegex": "Regex",
    "OptionReportByteRangeSeekingWhenTranscoding": "Jelentse, hogy a szerver támogatja az átkódolás során a bájt keresését",
    "OptionRequirePerfectSubtitleMatch": "Csak olyan feliratokat töltsön le, amelyek tökéletesen megfelelnek a videó fájljaimnak",
    "OptionRequirePerfectSubtitleMatchHelp": "A tökéletes egyezés megköveteli a feliratok szűrését, hogy csak azokat tartalmazzák amelyeket teszteltek és hitelesítettek a pontos videofájljával. Az opció kikapcsolása növeli a felirat találat valószínűségét, de növeli a hibás vagy helytelen felirat szövegének esélyeit is.",
    "OptionSaveMetadataAsHidden": "Mentse a metaadatokat és a képeket rejtett fájlként",
    "OptionSaveMetadataAsHiddenHelp": "Ennek megváltoztatása az új metaadatokra vonatkozik, amelyeket ment. A már meglévő metaadatfájlok frissítése a Jellyfin Server következő mentésekor történik.",
    "OptionTvdbRating": "TVDB  értékelés",
    "OptionWakeFromSleep": "Ébredjen alvásból",
    "OptionWeekdays": "Hétköznapok",
    "OptionWeekends": "Hétvége",
    "Overview": "Áttekintés",
    "PasswordMatchError": "A jelszónak és a jelszó megerősítésének meg kell egyeznie.",
    "PasswordResetComplete": "A jelszó visszaállítva.",
    "PasswordResetConfirmation": "Biztosan vissza szeretnéd állítani a jelszót?",
    "PasswordResetHeader": "Jelszó visszaállítása",
    "PasswordSaved": "Jelszó mentve.",
    "PerfectMatch": "Tökéletes párosítás",
    "PictureInPicture": "Kép a képen",
    "PinCodeResetComplete": "A PIN kód alaphelyzetbe áll.",
    "PinCodeResetConfirmation": "Biztosan vissza szeretnéd állítani a PIN kódot?",
    "PlaceFavoriteChannelsAtBeginning": "Helyezd el a kedvenc csatornákat az elején",
    "PlayFromBeginning": "Lejátszás az elejétől",
    "PlayNext": "Következő lejátszása",
    "PleaseAddAtLeastOneFolder": "Adj hozzá legalább egy mappát ehhez a könyvtárhoz a Hozzáad gombra kattintva.",
    "PleaseConfirmPluginInstallation": "Kérlek kattints az OK gombra, hogy megerősítsd, hogy elolvastad a fentieket és folytatni kívánod a bővítmény telepítését.",
    "PleaseEnterNameOrId": "Kérlek adj meg egy nevet vagy egy külső ID-t.",
    "PleaseSelectTwoItems": "Kérlek válassz legalább két elemet.",
    "PluginInstalledMessage": "A bővítmény sikeresen telepítve lett. A módosítások életbelépéséhez újra kell indítani a Jellyfin Szerver programot.",
    "PreferEmbeddedTitlesOverFileNames": "A fájlnevek helyett előnyben részesíti a beépített címeket",
    "PreferEmbeddedTitlesOverFileNamesHelp": "Ez határozza meg az alapértelmezett megjelenítési címet, ha nem áll rendelkezésre internetes metaadat vagy helyi metaadat.",
    "PreferredNotRequired": "Ajánlott, de nem szükséges",
    "Premiere": "Premier",
    "Premieres": "Premierek",
    "Previous": "Előző",
    "Primary": "Elsődleges",
    "Producer": "Producer",
    "ProductionLocations": "Gyártási helyek",
    "Programs": "Programok",
    "Raised": "Emelt",
    "Rate": "Arány",
    "RecentlyWatched": "Nemrég nézett",
    "RecordSeries": "Sorozatok rögzítése",
    "RecordingCancelled": "Felvétel törölve.",
    "RecordingPathChangeMessage": "A felvételi mappa módosítása nem fogja áthelyezni a meglévő felvételeket a régi helyről az újra. Szükség esetén manuálisan kell mozgatni őket.",
    "RecordingScheduled": "A rögzítés ütemezett.",
    "Recordings": "Felvételek",
    "RefreshQueued": "Frissítés sorba állítva.",
    "RemoveFromCollection": "Gyűjteményből eltávolítani",
    "RemoveFromPlaylist": "Lejátszási listáról eltávolítani",
    "RepeatEpisodes": "Epizódok ismétlése",
    "RequiredForAllRemoteConnections": "Minden távoli kapcsolathoz szükséges",
    "RestartPleaseWaitMessage": "Kérlek várj, amíg a Jellyfin Szerver leáll és újraindul. Ez eltarthat egy-két percig.",
    "ResumeAt": "Folytatás: {0}",
    "RunAtStartup": "Futtassa indításkor",
    "SaveSubtitlesIntoMediaFolders": "Mentse a feliratokat a média mappákba",
    "SaveSubtitlesIntoMediaFoldersHelp": "A feliratok tárolása a videofájlok mellett lehetővé teszi, hogy könnyebben kezelhetők legyenek.",
    "Schedule": "Ütemezés",
    "Screenshot": "Képernyőkép",
    "Screenshots": "Képernyőképek",
    "SearchForCollectionInternetMetadata": "Keresés az interneten artwork és metaadat után",
    "Series": "Sorozatok",
    "SeriesCancelled": "A sorozat törölt.",
    "SeriesRecordingScheduled": "A sorozatfelvétel ütemezett.",
    "SeriesSettings": "Sorozat beállítások",
    "ServerRestartNeededAfterPluginInstall": "A bővítmény telepítése után újra kell indítani a Jellyfin Szerver-t.",
    "SettingsWarning": "Ezen értékek módosítása instabilitást vagy csatlakozási hibákat okozhat. Ha bármilyen probléma merül fel javasoljuk, hogy állítsd vissza őket az alapértelmezettre.",
    "ShowIndicatorsFor": "Indikátor megjelenítése a következőhöz:",
    "ShowYear": "Év megjelenítése",
    "SimultaneousConnectionLimitHelp": "A megengedett egyidejű stream-ek maximális száma. Adj meg 0 értéket a korlátozás nélküli beállításhoz .",
    "SkipEpisodesAlreadyInMyLibrary": "Ne rögzítsen olyan epizódokat, amelyek már szerepelnek a könyvtárban",
    "Small": "Kicsi",
    "Smaller": "Kisebb",
    "Smart": "Okos",
    "SmartSubtitlesHelp": "A nyelvi beállításoknak megfelelő feliratok akkor kerülnek betöltésre, ha a hang idegen nyelven van.",
    "SortChannelsBy": "Csatornák rendezése:",
    "SortName": "Rendezés neve",
    "Sports": "Sport",
    "StopRecording": "Felvétel leállítása",
    "SubtitleAppearanceSettingsAlsoPassedToCastDevices": "Ezek a beállítások a készülék által elindított összes Chromecast lejátszásra is vonatkoznak.",
    "SubtitleAppearanceSettingsDisclaimer": "Ezek a beállítások nem vonatkoznak a grafikus feliratokra (PGS, DVD, stb.) vagy a saját stílusokat tartalmazó feliratokra (ASS / SSA).",
    "SubtitleDownloadersHelp": "Engedélyezd és rangsorold az előnyben részesített feliratok letöltőket sorrendben.",
    "SystemDlnaProfilesHelp": "A rendszerprofilok csak olvashatóak. A rendszerprofil módosításai egy új egyéni profilba kerülnek.",
    "TV": "TV",
    "TabDirectPlay": "Közvetlen lejátszás",
    "TabLiveTV": "Élő TV",
    "TabResponses": "Válaszok",
    "TabResumeSettings": "Folytatás",
    "TabStreaming": "Streaming",
    "TagsValue": "Címkék: {0}",
    "ThemeSongs": "Téma dalok",
    "ThemeVideos": "Téma videók",
    "TheseSettingsAffectSubtitlesOnThisDevice": "Ezek a beállítások befolyásolják a feliratokat az eszközön",
    "TitleHostingSettings": "Host beállítások",
    "TrackCount": "{0} szám",
    "Trailers": "Előzetesek",
    "Transcoding": "Átkódolás",
    "TvLibraryHelp": "Tekintsd át a {0} TV elnevezési útmutatót {1}.",
    "Uniform": "Egyforma",
    "Unplayed": "Nem játszott",
    "Unrated": "Besorolatlan",
    "Upload": "Feltöltés",
    "UserProfilesIntro": "A Jellyfin beépített támogatást tartalmaz a felhasználói profilokhoz lehetővé téve, hogy minden felhasználó rendelkezzen saját megjelenítési beállításokkal, lejátszási és szülői felügyelettel.",
    "ValueAlbumCount": "{0} album",
    "ValueConditions": "Feltételek: {0}",
    "ValueDiscNumber": "Lemez {0}",
    "ValueMinutes": "{0} perc",
    "ValueOneAlbum": "1 album",
    "ValueOneEpisode": "1 epizód",
    "ValueOneMusicVideo": "1 zenei videó",
    "ValueOneSeries": "1 sorozat",
    "ValueOneSong": "1 dal",
    "ValueSeriesCount": "{0} sorozat",
    "ValueTimeLimitMultiHour": "időlimit: {0} óra",
    "ValueTimeLimitSingleHour": "Időlimit: 1 óra",
    "Vertical": "Függőleges",
    "VideoRange": "Videó tartomány",
    "ViewAlbum": "Album megtekintése",
    "ViewArtist": "Előadó megtekintése",
    "Whitelist": "Fehérlista",
    "WizardCompleted": "Ez most minden amire szükség volt. A Jellyfin megkezdte a médiakönyvtáraddal kapcsolatos információk gyűjtését. Nézz meg néhány alkalmazásunkat, majd kattints a <b>Befejezés </b> gombra a <b>Vezérlőpult</b> megtekintéséhez.",
    "XmlTvKidsCategoriesHelp": "Az ilyen kategóriákkal rendelkező programok gyerekeknek szóló programokként jelennek meg. Válaszd el őket a '|' elválasztóval.",
    "XmlTvMovieCategoriesHelp": "Az ilyen kategóriákkal rendelkező programok filmként jelennek meg. Válaszd el őket a '|' elválasztóval.",
    "XmlTvNewsCategoriesHelp": "Az ezekhez a kategóriákhoz tartozó programok hírprogramként jelennek meg. Válaszd el őket a '|' elválasztóval.",
    "XmlTvPathHelp": "Az XML TV fájl elérési útvonala. A Jellyfin elolvassa ezt a fájlt és rendszeresen ellenőrzi a frissítéseket. Te vagy a felelős a fájl létrehozásáért és frissítéséért.",
    "XmlTvSportsCategoriesHelp": "Az ilyen kategóriákkal rendelkező programok sportprogramként jelennek meg. Válaszd el őket a '|' elválasztóval.",
    "Yes": "Igen",
    "LabelMaxResumePercentage": "Maximum folytatás százalékban:",
    "LabelMaxResumePercentageHelp": "A címeket teljesen lejátszottnak tekintjük, ha ezen idő után fejezed be.",
    "LabelMaxStreamingBitrateHelp": "Adj meg egy maximum bitrátát a streameléshez.",
    "LabelMinResumePercentageHelp": "A címeket nem lejátszottnak tekintjük, ha ez alatt az idő alatt fejezed be.",
    "LabelMusicStreamingTranscodingBitrateHelp": "Határozz meg egy streamelési max bitrátát a zenékhez.",
    "DashboardVersionNumber": "Verzió: {0}",
    "DashboardServerName": "Szerver: {0}",
    "LabelWeb": "Web:",
    "MediaInfoSoftware": "Szoftver",
    "MediaInfoStreamTypeAudio": "Audió",
    "MediaInfoStreamTypeSubtitle": "Felirat",
    "MediaInfoStreamTypeVideo": "Videó",
    "LabelUserAgent": "Felhasználó ügynök:",
    "LabelUserLoginAttemptsBeforeLockout": "Sikertelen bejelentkezési kísérletek a felhasználó zárolása előtt:",
    "DashboardOperatingSystem": "Operációs rendszer: {0}",
    "DashboardArchitecture": "Platform: {0}",
    "LaunchWebAppOnStartup": "Indítsa el a webes felületet a szerver indításakor",
    "MessageNoCollectionsAvailable": "A gyűjtemények lehetővé teszik Filmek, Sorozatok és Albumok egyéni csoportosítását. A gyűjtemények létrehozásához kattints a + gombra.",
    "MessageNoServersAvailable": "Az automatikus kiszolgálókeresés nem talált szervert.",
    "OptionLoginAttemptsBeforeLockout": "Meghatározza, hogy hány érvénytelen bejelentkezési kísérlet történhet zárolás előtt.",
    "TabNetworking": "Hálózat",
    "HeaderFavoriteArtists": "Kedvenc előadók",
    "SmallCaps": "Kiskapitális",
    "AllowOnTheFlySubtitleExtractionHelp": "A beágyazott feliratokat ki lehet nyerni a videókból és elküldeni az alkalmazásoknak sima szöveg formátumba, hogy ne legyen átkódolás. Néhány eszközön ez hosszú ideig is eltarthat, valamint a videó lejátszás megakadhat az eltávolítási folyamat futása közben. Ezt kikapcsolva a beágyazott feliratok videó átkódolással beégetésre kerülnek azon kliens eszközökre melyek nem támogatják a külső feliratokat.",
    "Art": "ClearArt",
    "AuthProviderHelp": "Válaszd ki az azonosítási szolgáltatást amely ezen felhasználó jelszavának ellenőrzését valósítja meg.",
    "BurnSubtitlesHelp": "Meghatározza, hogy a szervernek be kell-e égetnie a feliratot videó átkódolás esetén a felirat típusának függvényében. A beégetés elkerülésével a szerver teljesítménye javul. Válaszd az Auto lehetőséget a kép alapú feliratok (pl. VOBSUB, PGS, SUB/IDX, stb) és bizonyos ASS/SSA feliratok beégetéséhez.",
    "ButtonAddScheduledTaskTrigger": "Vezérlő Hozzáadása",
    "ButtonGuide": "Műsorújság",
    "ButtonRefreshGuideData": "Műsorújság Frissítése",
    "ColorPrimaries": "Alapszínek",
    "DefaultSubtitlesHelp": "A feliratok a beágyazott metaadatok alapértelmezett és forced jelölői által meghatározottak alapján kerülnek betöltésre. A nyelvi beállítások akkor kerülnek figyelembe vételre, ha több lehetőség is rendelkezésre áll.",
    "EnableStreamLooping": "Élő műsorfolyamok automatikus újrajátszása",
    "EnableStreamLoopingHelp": "Kapcsold be, ha az élő stream csak néhány másodpercnyi adatot tartalmaz és folyamatosan újra kell kérni. Ennek szükségtelen bekapcsolása problémát okozhat.",
    "Guide": "Műsorújság",
    "H264CrfHelp": "A Constant Rate Factor (CRF) az alapértelmezett minőségi beállítás az x264 enkóderhez. Az értékek 0 és 51 között állíthatók, ahol az alacsonyabb érték jobb minőséget eredményez (nagyobb fájl méret mellett). Az ajánlott érték 18 és 28 között van. Az x264 alapértelmezett beállítása 23, ez lehet kiindulási alap.",
    "HeaderAddScheduledTaskTrigger": "Vezérlő Hozzáadása",
    "HeaderApiKeysHelp": "A külső alkalmazásoknak egy API kulcsra van szükésge, hogy kommunikáljanak a Jellyfin szerverrel. A kulcsokat egy Jellyfin fiókkal történő belépéssel lehet megkapni, vagy kézileg felvenni egy alkalmazáshoz tartozó kulcsot.",
    "HeaderBranding": "Személyes arculat",
    "HeaderContinueListening": "Folyamatban lévő zenék",
    "HeaderDeleteTaskTrigger": "Feladatvezérlő törlése",
    "HeaderFavoriteMovies": "Kedvenc Filmek",
    "HeaderFavoriteShows": "Kedvenc sorozatok",
    "HeaderFavoriteEpisodes": "Kedvenc epizódok",
    "HeaderFavoriteAlbums": "Kedvenc albumok",
    "HeaderFavoriteSongs": "Kedvenc dalok",
    "HeaderFavoriteVideos": "Kedvenc Videók",
    "HeaderGuideProviders": "TV műsorújság Szolgáltatók",
    "HeaderHome": "Kezdőlap",
    "HeaderRestartingServer": "Szerver újraindítása",
    "HeaderUpcomingOnTV": "Következő TV műsorok",
    "ImportFavoriteChannelsHelp": "Ha engedélyezve van, csak a tuner eszközön kedvencként megjelölt csatornák kerülnek importálásra.",
    "LabelAlbumArtHelp": "A használandó PN érték az albumborítók esetében, mely a upnp:albumArtURI dlna:profileID tulajdonságában szerepel. Néhány eszköz meghatározott értéket vár el, függetlenül a kép méretétől.",
    "LabelAlbumArtMaxHeight": "Albumborító maximális magasság:",
    "LabelAlbumArtMaxHeightHelp": "Albumborító maximális magasság mely upnp:albumArtURI kiajánlásra kerül.",
    "LabelAlbumArtMaxWidth": "Albumborító maximális szélesség:",
    "LabelAlbumArtMaxWidthHelp": "Albumborító maximális szélesség mely upnp:albumArtURI kiajánlásra kerül.",
    "LabelAlbumArtPN": "Albumborító PN:",
    "LabelAuthProvider": "Azonosítási Szolgáltató:",
    "LabelBurnSubtitles": "Feliratok beégetése:",
    "LabelCustomCertificatePathHelp": "A PKCS #12 fájl elérési útja, mely tartalmazza a tanúsítványt és privát kulcsot az egyedi tartományon történő TLS támogatás engedélyezéséhez.",
    "LabelDateAddedBehavior": "Új tartalom esetén alkalmazandó hozzáadás dátuma mód:",
    "LabelDateAddedBehaviorHelp": "Ha egy metaadat érték jelen van, akkor mindig az lesz előnyben részesítve ezen opciók előtt.",
    "LabelDownMixAudioScale": "Hangkiemelés átkódolás esetén:",
    "LabelDownMixAudioScaleHelp": "Hangkiemelés átkódoláskor. Az egy érték az eredeti hangerő értékének felel meg.",
    "LabelEmbedAlbumArtDidl": "Albumborító beágyazása a Didl-be",
    "LabelEmbedAlbumArtDidlHelp": "Néhány eszköz ezt a megoldást részesíti előnyben az albumborítók esetében. Mások esetlegesen lejátszási hibát jeleznek, ha ez az opció engedélyezve van.",
    "LabelEnableBlastAliveMessages": "Blast alive üzenetek",
    "LabelHttpsPortHelp": "A TCP port száma, melyen a Jellyfin HTTPS szervere figyel.",
    "LabelIconMaxHeight": "Ikon maximális magasság:",
    "LabelIconMaxHeightHelp": "Ikon maximális magasság, mely az upnp:icon keresztül kiajánlásra kerül.",
    "LabelIconMaxWidth": "Ikon maximális szélesség:",
    "LabelIconMaxWidthHelp": "Ikon maximális szélesség, mely az upnp:icon keresztül kiajánlásra kerül.",
    "LabelIdentificationFieldHelp": "Kis-és nagybetű különbséget figyelmen kívül hagyó szöveg vagy reguláris kifejezés.",
    "LabelKeepUpTo": "Őrizd meg:",
    "LabelKodiMetadataUser": "Mentsd el a következő felhasználó megtekintési adatát az NFO-ba:",
    "LabelKodiMetadataUserHelp": "A kiválasztott felhasználó megtekintési adata elmentésre kerül az NFO fájlokba, melyet azután más alkalmazások használhatnak.",
    "LabelLocalHttpServerPortNumberHelp": "A TCP port száma, melyen a Jellyfin HTTP szerver figyel.",
    "UserAgentHelp": "Adj meg egy egyedi HTTP user-agent fejlécet.",
    "XmlDocumentAttributeListHelp": "Ezek a tulajdonságok minden XML válaszüzenet gyökér elemére alkalmazásra kerülnek.",
    "Thumb": "Miniatűr",
    "MediaInfoStreamTypeData": "Adat",
    "MediaInfoStreamTypeEmbeddedImage": "Beágyazott kép",
    "LabelBitrate": "Bitráta:",
    "LabelAudioSampleRate": "Audió mintavételi ráta:",
    "LabelAudioCodec": "Audió kódek:",
    "LabelAudioChannels": "Audió csatorna:",
    "LabelAudioBitrate": "Audió bitráta:",
    "LabelAudioBitDepth": "Audió bitmélység:",
    "HeaderFavoriteBooks": "Kedvenc Könyvek",
    "CopyStreamURLSuccess": "URL másolása sikeres.",
    "CopyStreamURL": "Stream URL másolása",
    "PlaybackData": "Lejátszási adatok",
    "ButtonAddImage": "Kép hozzáadása",
    "LabelPasswordResetProvider": "Jelszó Visszaállítási Szolgáltató:",
    "FetchingData": "További adatok lekérése",
    "LabelBaseUrl": "Alap URL:",
    "Depressed": "Nyomott",
    "Desktop": "Asztal",
    "LabelTrackNumber": "Sáv száma:",
    "LabelSize": "Méret:",
    "LabelSimultaneousConnectionLimit": "Egyidejű streamek maximális száma:",
    "LabelServerName": "Szerver neve:",
    "LabelPleaseRestart": "A változtatások a weboldal manuális újratöltése után lépnek életbe.",
    "LabelPlayMethod": "Lejátszási mód:",
    "LabelPlayer": "Lejátszó:",
    "LabelPersonRole": "Szerep:",
    "LabelNumberOfGuideDays": "Előre letöltött műsorújságbeli napok száma:",
    "LabelFolder": "Mappa:",
    "HeaderNavigation": "Navigáció",
    "HeaderFavoritePeople": "Kedvenc emberek",
    "HeaderApp": "Alkalmazás",
    "GroupVersions": "Verziók csoportosítása",
    "CopyStreamURLError": "Hiba történt az URL másolása közben.",
    "OptionSubstring": "Szövegrészlet",
    "ButtonSplit": "Szétvág",
    "Absolute": "Abszolút",
    "LabelSkipIfAudioTrackPresentHelp": "Vedd ki a pipát, ha minden videóhoz szeretnél feliratot az audio nyelvétől függetlenül.",
    "EnableFastImageFadeInHelp": "Gyorsabb előtűnés animáció a betöltött képekhez",
    "EnableFastImageFadeIn": "Gyors kép-előtűnés",
    "SubtitleOffset": "Felirat eltolása",
    "SeriesDisplayOrderHelp": "Rakd sorba az epizódokat az adásba kerülésük dátuma, a DVD sorszám, vagy az abszolút számozás szerint.",
    "SelectAdminUsername": "Kérjük válassz felhasználónevet az adminisztrátor fiók számára.",
    "QueueAllFromHere": "Az összes sorba állítása innen",
    "OptionThumbCard": "Miniatűr kártya",
    "OptionThumb": "Miniatűr",
    "OptionSpecialEpisode": "Különkiadások",
    "OptionRandom": "Véletlenszerű",
    "OptionPosterCard": "Poszter kártya",
    "OptionPoster": "Poszter",
    "OptionLoginAttemptsBeforeLockoutHelp": "A 0 érték beállítással az alapértelmezett beállítások lesznek bekapcsolva. A sima felhasználóknak 3, az adminisztrátoroknak 5 lehetőségük lesz. A -1 érték kikapcsolja ezt a funkciót.",
    "OptionList": "Lista",
    "OptionDownloadThumbImage": "Miniatűr",
    "OptionDownloadBannerImage": "Banner",
    "OptionDownloadArtImage": "Grafika",
    "OptionCustomUsers": "Egyéni",
    "OptionBlockChannelContent": "Internetes csatornatartalmak",
    "OptionBanner": "Banner",
    "OnlyForcedSubtitlesHelp": "Csak a kényszerítettnek jelölt feliratok fognak megjelenni.",
    "OnlyForcedSubtitles": "Csak kényszerített feliratok",
    "Normal": "Normális",
    "MusicVideo": "Videoklip",
    "MusicLibraryHelp": "Nézd meg a {0}zenék elnevezési útmutatóját{1}.",
    "MusicArtist": "Zenei előadó",
    "MusicAlbum": "Zenealbum",
    "MoreMediaInfo": "Média információ",
    "MetadataSettingChangeHelp": "A metaadat beállítások módosítása az ezután újonnan hozzáadott médiát fogja befolyásolni. A már meglévő tartalom frissítéséhez nyisd meg a részletek képernyőt, és kattints a frissítésre, vagy végezz tömeges frissítést a Metaadat Managerben.",
    "MessageConfirmDeleteGuideProvider": "Biztosan törölni szeretnéd ezt a műsorújság szolgáltatót?",
    "MessageConfirmAppExit": "Ki szeretnél lépni?",
    "LaunchWebAppOnStartupHelp": "A web kliens indítása az alapértelmezett böngészőben a szerver indítása után. A kliens nem fog elindulni a szerver újraindítása után.",
    "LabelVideoResolution": "Videó felbontás:",
    "LabelVideoCodec": "Videó kodek:",
    "LabelVideoBitrate": "Videó bitráta:",
    "LabelStreamType": "Stream típusa:",
    "LabelSkipIfGraphicalSubsPresentHelp": "A feliratok szöveges verziójának megtartása hatékonyabb kézbesítést eredményez és csökkenti az átkódolás valószínűségét.",
    "LabelNumberOfGuideDaysHelp": "Több napnyi műsorújság letöltése hosszabb távú időzítést tesz lehetővé, valamint több napra előre tekinthető meg a műsorújság, azonban hosszabb ideig fog tartani a letöltés. Az automatikus lehetőség a csatornák számától függően állítja be az értéket.",
    "LabelMonitorUsers": "Tevékenység követése tőle:",
    "LabelDroppedFrames": "Eldobott képkockák:",
    "LabelDisplaySpecialsWithinSeasons": "Speciális epizódok megjelenítése abban az évadban, amiben adásban voltak",
    "LabelCorruptedFrames": "Sérült képkockák:",
    "HeaderKeepSeries": "Sorozat megtartása",
    "ErrorGettingTvLineups": "Hiba történt a TV kínálat letöltése során. Kérjük ellenőrizd a megadott információkat és próbáld újra.",
    "LabelTranscodes": "Átkódolások:",
    "AskAdminToCreateLibrary": "Kérj meg egy adminisztrátort könyvtár létrehozására.",
    "LabelXDlnaDoc": "X-DLNA doc:",
    "LabelXDlnaCap": "X-DLNA cap:",
    "MapChannels": "Csatornák feltérképezése",
    "PasswordResetProviderHelp": "Válassz egy jelszó-visszaállítási szolgáltatót, amelyet akkor kell használni, amikor a felhasználó jelszó-visszaállítást kér",
    "OptionResElement": "res elem",
    "OptionReportByteRangeSeekingWhenTranscodingHelp": "Erre olyan készülékek esetében van szükség, amelyek időigénye nem nagyon jó.",
    "OptionPlainVideoItemsHelp": "Ha engedélyezve van, akkor az összes videót a DIDL-ben \"object.item.videoItem\" -ként ábrázolja, nem pedig egy specifikusabb típusként, például \"object.item.videoItem.movie\" .",
    "OptionPlainStorageFoldersHelp": "Ha engedélyezve van, akkor az összes mappa a DIDL-ben \"object.container.storageFolder\" lesz, nem pedig egy specifikusabb típusként, például \"object.container.person.musicArtist\".",
    "OptionHlsSegmentedSubtitles": "HLS szegmentált feliratok",
    "OptionEquals": "Egyenlő",
    "OptionForceRemoteSourceTranscoding": "A távoli médiaforrások (például az élő TV) átkódolásának kényszerítése",
    "NoCreatedLibraries": "Úgy tűnik még nem hoztál létre egy könyvtárat sem. {0}Szeretnél létrehozni egyet most?{1}",
    "MessageDirectoryPickerBSDInstruction": "A BSD esetében valószínűleg konfigurálni kell a FreeNAS Jailben lévő tárolót, hogy a Jellyfin hozzáférhest kapjon.",
    "LabelXDlnaDocHelp": "Meghatározza az X_DLNADOC elem tartalmát az urn: schemas-dlna-org: device-1-0 névtérben.",
    "LabelXDlnaCapHelp": "Meghatározza az X_DLNACAP elem tartalmát az urn: schemas-dlna-org: eszköz-1-0 névtérben.",
    "LabelVaapiDeviceHelp": "Ez a render csomópont, amelyet a hardveres gyorsításhoz használunk.",
    "LabelTriggerType": "Trigger típusa:",
    "LabelTranscodingProgress": "Átkódolás folyamatban:",
    "LabelTranscodingFramerate": "Átkódolás framerate:",
    "LabelTranscodePath": "Átkódolási útvonal:",
    "LabelSonyAggregationFlagsHelp": "Meghatározza az aggregationFlags elem tartalmát az urn: schemas-sonycom: av névtérben.",
    "LabelPostProcessorArguments": "Utófeldolgozási parancssori paraméterek:",
    "LabelPlayerDimensions": "Lejátszó méretei:",
    "LabelParentNumber": "Szülő száma:",
    "LabelMetadataReadersHelp": "Rangsorold az előnyben részesített metaadat forrásokat. Az a forrás kerül sorsolásra, amelyben először találunk információt.",
    "LabelLineup": "Felhozatal:",
    "LabelBaseUrlHelp": "Ide hozzáadhatsz egy egyéni alkönyvtárat, hogy a szerverhez egyedibb URL-címről férj hozzá.",
    "ErrorPleaseSelectLineup": "Kérjük, válassz ki egy felhozatalt, és próbáld újra. Ha nem állnak rendelkezésre felsorolások, akkor ellenőrizd, hogy helyes-e felhasználóneved, jelszavad és irányítószámod.",
    "ErrorAddingListingsToSchedulesDirect": "Hiba történt a felhozatal hozzáadása közben a Schedules Direct fiókhoz. A Schedules Direct csak korlátozott számú fiók hozzáadását támogatja. Lehetséges, hogy be kell jelentkezned a Schedules Direct weboldalán és eltávolítani néhány más listát a fiókodról mielőtt továbblépsz.",
    "DeviceAccessHelp": "Ez csak azokra az eszközökre alkalmazható, amelyek egyedileg vannak azonosítva és nem gátolják meg a böngészőből való elérést. A felhasználói eszközök kiszűrése meg fogja akadályozni az új eszközök használatát addig, amíg itt nem engedélyezed őket.",
    "PlaybackErrorNoCompatibleStream": "Hiba történt a kliens felmérése közben és a szerver nem küld kompatibilis formátumot az eszközre.",
    "AllowFfmpegThrottlingHelp": "Ha az átkódolás vagy remux eléggé előtöltődött a jelenlegi lejátszási pozícióhoz képest, ez megállítja a folyamatot, hogy kevesebb erőforrást vegyen igénybe. Ez akkor hasznos, ha ritkán ugrálsz előre a lejátszott videókban. Kapcsold ki, ha lejátszási problémákba ütközöl.",
    "AllowFfmpegThrottling": "Átkódolás visszafogása"
}
