{
    "ButtonQuickStartGuide": "Guía de inicio rápido",
    "ButtonSignOut": "Sign out",
    "EnableHardwareEncoding": "Habilitar la codificación de hardware",
    "FolderTypeTvShows": "TV",
    "HeaderAddUser": "Agregar Usuario",
    "HeaderLatestEpisodes": "Últimos capítulos",
    "HeaderLiveTV": "TV en vivo",
    "HeaderSeries": "Series",
    "LabelAll": "Todo",
    "LabelDisplayMissingEpisodesWithinSeasons": "Mostar capítulos no disponibles en temporadas",
    "LabelFinish": "Terminar",
    "LabelNext": "Siguiente",
    "LabelPrevious": "Anterior",
    "LabelYourFirstName": "Su nombre:",
    "LabelYoureDone": "Ha terminado!",
    "MoreUsersCanBeAddedLater": "Más usuarios se pueden agregar más tarde dentro del panel.",
    "NewCollectionNameExample": "Ejemplo: Colección de Star Wars",
    "OptionMissingEpisode": "Capítulos faltantes",
    "OptionUnairedEpisode": "Capítulos no emitidos",
    "ParentalRating": "Parental Rating",
    "TabEpisodes": "Capítulos",
    "TellUsAboutYourself": "Contanos acerca de vos",
    "ThisWizardWillGuideYou": "Este asistente le ayudará a guiarlo durante el proceso de configuración. Para comenzar, seleccione su idioma preferido.",
    "UserProfilesIntro": "Jellyfin incluye soporte integrado para los perfiles de usuario, lo que permite a cada usuario tener su propia configuración de pantalla, estado de reproducción y controles parentales.",
    "ValueAudioCodec": "Códec de audio: {0}",
    "ValueCodec": "Códec: {0}",
    "ValueConditions": "Condiciones: {0}",
    "ValueVideoCodec": "Códec de video: {0}",
    "WelcomeToProject": "Bienvenidos a Jellyfin!",
    "WizardCompleted": "Eso es todo lo que necesitamos por ahora. Jellyfin ha comenzado a recolectar información sobre su biblioteca de medios. Dale un vistazo a algunas de nuestras aplicaciones y, a continuación, hacé clic en <b>Finalizar</b> para ver el <b>Panel de control del servidor</b>.",
    "Albums": "Álbumes",
    "Artists": "Artistas",
    "Books": "Libros",
    "Channels": "Canales",
    "Collections": "Colecciones",
    "Favorites": "Favoritos",
    "Folders": "Carpetas",
    "Genres": "Géneros",
    "HeaderAlbumArtists": "Artistas de álbumes",
    "HeaderContinueWatching": "Continuar viendo",
    "HeaderNextUp": "Continuar Viendo",
    "Movies": "Películas",
    "Photos": "Fotos",
    "Playlists": "Listas de reproducción",
    "Songs": "Canciones",
    "Sync": "Sincronizar",
    "ValueSpecialEpisodeName": "Especial - {0}",
    "Absolute": "Absoluto",
    "AccessRestrictedTryAgainLater": "El acceso está actualmente restringido. Por favor intente nuevamente mas tarde.",
    "Actor": "Actor",
    "Add": "Agregar",
    "AddItemToCollectionHelp": "Agregue items a las colecciones buscándolas y usando el click derecho o tocando el menu para añadirlas a una colección.",
    "AddToCollection": "Añadir a la colección",
    "AddToPlayQueue": "Añadir a la lista de reproducción",
    "AddToPlaylist": "Añadir a la lista de reproducción",
    "AddedOnValue": "Añadidos {0}",
    "AdditionalNotificationServices": "Navegue el catálogo de plugins para instalar servicios de notificación adicionales.",
    "AirDate": "Fecha de emisión",
    "Aired": "Emitido",
    "Alerts": "Alertas",
    "All": "Todo",
    "AllChannels": "Todos los canales",
    "AllComplexFormats": "Todos los formatos complejos (ASS, SSA, VOBSUB, PGS, SUB/IDX, etc.)",
    "AllEpisodes": "Todos los capítulos",
    "AllLanguages": "Todos los idiomas",
    "AllLibraries": "Todas las bibliotecas",
    "AllowMediaConversion": "Permitir conversión de medios",
    "AllowMediaConversionHelp": "Permitir o denegar acceso a la opción de convertir medios.",
    "AllowOnTheFlySubtitleExtraction": "Permitir extracción de subtítulos al vuelo",
    "AllowOnTheFlySubtitleExtractionHelp": "Los subtítulos incrustados pueden ser extraídos de videos y entregados a apps de Jellyfin en texto plano para ayudar a prevenir la transcodificación de video. En algunos sistemas esto puede llevar un largo tiempo y causar demoras en la reproducción durante el proceso de extracción. Desactivar esta opción para quemar los subtítulos incrustados en la transcodificación de video cuando no son soportados nativamente por el dispositivo cliente.",
    "AllowRemoteAccess": "Permitir conexiones remotas a este Servidor Jellyfin.",
    "AllowRemoteAccessHelp": "Si no está tildado, todas las conexiones remotas serán bloqueadas.",
    "AlwaysPlaySubtitles": "Siempre reproducir subtítulos",
    "AnyLanguage": "Cualquier idioma",
    "Anytime": "Cualquier fecha",
    "Ascending": "Ascendente",
    "AttributeNew": "Nuevo",
    "Audio": "Audio",
    "Auto": "Auto",
    "AutoBasedOnLanguageSetting": "Auto (basado en configuración de idioma)",
    "AutomaticallyConvertNewContent": "Convertir contenido nuevo automáticamente",
    "Backdrop": "Fondo",
    "AllowHWTranscodingHelp": "Si se activa, se permitirá al sintonizador transcodificar streams al vuelo. Esto podría ayudar a reducir la transcodificación requerida por el servidor Jellyfin.",
    "AllowedRemoteAddressesHelp": "Lista separada por comas de direcciones IP o IP/máscara-de-red para redes a las que se les permitirá conectarse de forma remota. Si se deja vacía, todas las direcciones remotas serán permitidas.",
    "AlwaysPlaySubtitlesHelp": "Los subtítulos que concuerden con la preferencia de idioma se cargarán independientemente del idioma del audio.",
    "AndroidUnlockRestoreHelp": "Para recuperar tu compra anterior, por favor asegurate que iniciaste sesión en el dispositivo con la misma cuenta de Google (o Amazon) que hizo la compra originalmente. Asegurate de que la tienda de aplicaciones esté habilitada y no posea control parental alguno, y que tiene una conexión a Internet activa. Solo tendrás que hacer esto una sola vez para recuperar tu compra anterior.",
    "AroundTime": "Alrededor de {0}",
    "Art": "Arte",
    "AsManyAsPossible": "Tantos como sea posible",
    "AspectRatio": "Relación de aspecto",
    "AudioBitrateNotSupported": "Tasa de bits de audio no soportado",
    "AudioSampleRateNotSupported": "Frecuencia de muestreo de audio no soportada",
    "AutomaticallyConvertNewContentHelp": "El contenido nuevo que se agregue a esta carpeta va a convertirse automáticamente.",
    "AutomaticallySyncNewContent": "Descargar contenido nuevo automáticamente",
    "AutomaticallySyncNewContentHelp": "El contenido nuevo agregado a esta carpeta va a ser descargado automáticamente al dispositivo.",
    "Backdrops": "Imágenes de fondo",
    "Banner": "Cartel",
    "BestFit": "Mejor ajuste",
    "BirthDateValue": "Nacimiento: {0}",
    "BirthLocation": "Lugar de nacimiento",
    "BirthPlaceValue": "Lugar de nacimiento: {0}",
    "Blacklist": "Lista negra",
    "BobAndWeaveWithHelp": "Bob and weave (mayor calidad, pero más lento)",
    "BookLibraryHelp": "Libros de audio y de texto son soportados. Revise la {0}guía de nombrado de libros de Jellyfin{1}.",
    "Box": "Caja",
    "BoxRear": "Caja (lado opuesto)",
    "Browse": "Explorar",
    "BrowsePluginCatalogMessage": "Explore nuestro catálogo de complementos para ver los complementos disponibles.",
    "BurnSubtitlesHelp": "Determine si el servidor debería incrustar los subtítulos cuando convierte los videos dependiendo del formato de subtítulo. Evitar incrustar subtitulos mejorará el rendimiento del servidor. Seleccione Auto para incrustar formatos basados en imagen (por ejemplo, VOBSUB, PGS, SUB/IDX, etc.), como así también ciertos subtítulos ASS/SSA",
    "ButtonAccept": "Aceptar",
    "ButtonAdd": "Agregar",
    "ButtonAddMediaLibrary": "Agregar biblioteca de medios",
    "ButtonAddScheduledTaskTrigger": "Agregar desencadenador",
    "ButtonAddServer": "Agregar servidor",
    "ButtonAddUser": "Agregar usuario",
    "ButtonArrowDown": "Abajo",
    "ButtonArrowLeft": "Izquierda",
    "ButtonArrowRight": "Derecha",
    "ButtonArrowUp": "Arriba",
    "ButtonAudioTracks": "Pistas de audio",
    "ButtonBack": "Atrás",
    "ButtonCancel": "Cancelar",
    "ButtonCancelSeries": "Cancelar serie",
    "ButtonChangeServer": "Cambiar servidor",
    "ButtonClear": "Limpiar",
    "ButtonClose": "Cerrar",
    "ButtonConfigurePassword": "Configurar contraseña",
    "ButtonConfigurePinCode": "Configurar clave PIN",
    "ButtonConnect": "Conectar",
    "ButtonConvertMedia": "Convertir medios",
    "ButtonCreate": "Crear",
    "ButtonDelete": "Eliminar",
    "ButtonDeleteImage": "Eliminar imagen",
    "ButtonDown": "Abajo",
    "ButtonDownload": "Descargar",
    "ButtonEdit": "Editar",
    "ButtonEditImages": "Editar imágenes",
    "ButtonEditOtherUserPreferences": "Editar perfil, imagen y preferencias personales del usuario.",
    "ButtonExit": "Salir",
    "ButtonFilter": "Filtrar",
    "ButtonForgotPassword": "Olvidé mi contraseña",
    "ButtonFullscreen": "Pantalla completa",
    "ButtonGotIt": "Lo entendí",
    "ButtonGuide": "Guía",
    "ButtonHelp": "Ayuda",
    "ButtonHide": "Ocultar",
    "ButtonHome": "Inicio",
    "ButtonInfo": "Información",
    "ButtonInviteUser": "Invitar usuario",
    "ButtonLearnMore": "Aprender más",
    "ButtonLibraryAccess": "Acceso a la biblioteca",
    "ButtonManageFolders": "Administrar carpetas",
    "ButtonManageServer": "Administrar servidor",
    "ButtonManualLogin": "Inicio de sesión manual",
    "ButtonMenu": "Menú",
    "ButtonMore": "Más",
    "ButtonMute": "Silenciar",
    "ButtonNetwork": "Red",
    "ButtonNew": "Nuevo",
    "ButtonNewServer": "Nuevo servidor",
    "ButtonNext": "Siguiente",
    "ButtonNextTrack": "Pista siguiente",
    "ButtonNo": "No",
    "ButtonNowPlaying": "Reproduciendo ahora",
    "ButtonOff": "Desactivado",
    "ButtonOk": "Aceptar",
    "ButtonOpen": "Abrir",
    "ButtonParentalControl": "Control parental",
    "ButtonPause": "Pausar",
    "ButtonPlay": "Reproducir",
    "ButtonPlayOneMinute": "Reproducir un minuto",
    "ButtonPlayTrailer": "Tráiler",
    "ButtonPlaylist": "Lista de reproducción",
    "ButtonPreferences": "Preferencias",
    "ButtonPrevious": "Anterior",
    "ButtonPreviousTrack": "Pista anterior",
    "ButtonPrivacyPolicy": "Política de privacidad",
    "ButtonProfile": "Perfil",
    "ButtonProfileHelp": "Definir imagen de perfil y contraseña",
    "ButtonPurchase": "Comprar",
    "ButtonQuality": "Calidad",
    "ButtonRecord": "Grabar",
    "ButtonReenable": "Reactivar",
    "ButtonRefresh": "Actualizar",
    "ButtonRefreshGuideData": "Actualizar datos de la guía",
    "ButtonReject": "Rechazar",
    "ButtonRemote": "Remoto",
    "ButtonRemoteControl": "Control remoto",
    "ButtonRemove": "Quitar",
    "ButtonRename": "Renombrar",
    "ButtonRepeat": "Repetir",
    "ButtonReports": "Reportes",
    "ButtonReset": "Restablecer",
    "ButtonResetEasyPassword": "Restablecer codigo PIN",
    "ButtonResetPassword": "Restablecer contraseña",
    "ButtonResetTuner": "Restablecer sintonizador",
    "ButtonRestart": "Reiniciar",
    "ButtonRestartNow": "Reiniciar ahora",
    "ButtonRestorePreviousPurchase": "Recuperar compra",
    "ButtonResume": "Resumir",
    "ButtonRevoke": "Revocar",
    "ButtonSave": "Guardar",
    "ButtonScanAllLibraries": "Escanear todas las bibliotecas",
    "ButtonScanLibrary": "Escanear biblioteca",
    "ButtonScheduledTasks": "Tareas programadas",
    "ButtonSearch": "Buscar",
    "ButtonSelect": "Seleccionar",
    "ButtonSelectDirectory": "Seleccionar directorio",
    "ButtonSelectServer": "Seleccionar servidor",
    "ButtonSelectView": "Seleccionar vista",
    "ButtonSend": "Enviar",
    "ButtonSendInvitation": "Enviar invitación",
    "ButtonServer": "Servidor",
    "ButtonServerDashboard": "Panel del servidor",
    "ButtonSettings": "Ajustes",
    "ButtonShare": "Compartir",
    "ButtonShuffle": "Aleatorio",
    "ButtonShutdown": "Apagar",
    "ButtonSignIn": "Iniciar sesión",
    "ButtonSignUp": "Registrarse",
    "ButtonSkip": "Saltear",
    "ButtonSort": "Ordenar",
    "ButtonStart": "Iniciar",
    "ButtonStop": "Detener",
    "ButtonStopRecording": "Detener grabación",
    "ButtonSubmit": "Enviar",
    "ButtonSubtitles": "Subtítulos",
    "ButtonSync": "Sincronizar",
    "ButtonTrailer": "Tráiler",
    "ButtonTryAgain": "Intentar de nuevo",
    "ButtonUninstall": "Desinstalar",
    "ButtonUnlockPrice": "Desbloquear {0}",
    "ButtonUnlockWithPurchase": "Desbloquear con compra",
    "ButtonUnmute": "Desilenciar",
    "ButtonUp": "Arriba",
    "ButtonUpdateNow": "Actualizar ahora",
    "ButtonView": "Ver",
    "ButtonViewAlbum": "Ver álbum",
    "ButtonViewArtist": "Ver artista",
    "ButtonViewWebsite": "Ver sitio web",
    "ButtonWebsite": "Sitio web",
    "ButtonYes": "Si",
    "CancelDownload": "Cancelar descarga",
    "CancelRecording": "Cancelar grabación",
    "CancelSeries": "Cancelar serie",
    "Categories": "Categorías",
    "CategoryApplication": "Aplicación",
    "CategoryPlugin": "Complemento",
    "CategorySync": "Sincronización",
    "CategorySystem": "Sistema",
    "CategoryUser": "Usuario",
    "ChangingMetadataImageSettingsNewContent": "Cambiar la configuración de descarga de metadatos o arte solo aplicará al contenido nuevo que se agregue a tu biblioteca. Para aplicar los cambios a los títulos existentes, tendrás que actualizar sus metadatos manualmente.",
    "ChannelAccessHelp": "Selecciona los canales a compartir con este usuario. Los administradores podrán editar todos los canales con el administrador de metadatos",
    "ChannelNameOnly": "Sólo canal {0}",
    "ChannelNumber": "Número del canal",
    "CinemaModeConfigurationHelp": "El modo cine trae la experiencia del cine directamente a tu living, con la posibilidad de reproducir tráilers e introducciones personalizadas antes de la función principal.",
    "CinemaModeConfigurationHelp2": "Las aplicaciones de Jellyfin tienen la opcion de habilitar o deshabilitar el modo cine. Las aplicaciones de TV activan el modo cine de forma predeterminada.",
    "CinemaModeFeatureDescription": "El modo cine te da la verdadera experiencia del cine con tráilers e introducciones personalizadas antes de la función principal.",
    "CloudSyncFeatureDescription": "Sincroniza tus medios a la nube para respaldos, archivados y conversiones más fáciles.",
    "ColorPrimaries": "Colores primarios",
    "ColorSpace": "Espacio de color",
    "ColorTransfer": "Transferencia de color",
    "CommunityRating": "Puntuación de la comunidad",
    "Composer": "Compositor",
    "ConfigureDateAdded": "Configura cómo se va a determinar las fechas de adición en la pestaña Bibliotecas del panel del servidor Jellyfin",
    "ConfirmDeleteImage": "¿Eliminar imagen?",
    "ConfirmDeleteItem": "Eliminar este elemento lo eliminara tanto del sistema de archivos como de la biblioteca de medios. ¿Está seguro que desea continuar?",
    "ConfirmDeleteItems": "Eliminar estos elementos los eliminara tanto del sistema de archivos como de la biblioteca de medios. ¿Está seguro que desea continuar?",
    "ConfirmDeletion": "Confirmar eliminación",
    "ConfirmEndPlayerSession": "¿Desea apagar Jellyfin en {0}?",
    "ConfirmRemoveDownload": "¿Quitar descarga?",
    "Connect": "Conectar",
    "ContainerBitrateExceedsLimit": "La tasa de bits del medio excede el límite.",
    "ContainerNotSupported": "Contenedor no soportado",
    "Continue": "Continuar",
    "ContinueInSecondsValue": "Continuar en {0} segundos.",
    "ContinueWatching": "Seguir viendo",
    "Continuing": "Continuando",
    "Convert": "Convertir",
    "ConvertItemLimitHelp": "Opcional. Configure un límite en el número de elementos que serán convertidos.",
    "ConvertUnwatchedVideosOnly": "Convertir sólo videos no vistos.",
    "ConvertUnwatchedVideosOnlyHelp": "Unicamente los videos no visualizados van a ser convertidos.",
    "ConvertingDots": "Convirtiendo...",
    "Countries": "Paises",
    "CoverArt": "Arte de portada",
    "CustomDlnaProfilesHelp": "Crear un perfil personalizado para apuntar un nuevo dispositivo o sobre-escribir el perfil del sistema.",
    "DateAdded": "Fecha agregada",
    "DatePlayed": "Fecha reproducido",
    "Days": "Dias",
    "DeathDateValue": "Muerte: {0}",
    "Default": "Predeterminado",
    "DefaultCameraUploadPathHelp": "Selecciona un directorio personalizado. Si queda en blanco, una carpeta predeterminada va a ser usada. Si es una carpeta personalizada, esta va a necesitar ser agregada en la biblioteca, en la configuración de bibliotecas de Jellyfin.",
    "DefaultErrorMessage": "Hubo un error procesando la solicitud. Por favor intentalo nuevamente mas tarde.",
    "DefaultMetadataLangaugeDescription": "Estos son tus predeterminados y pueden ser personalizados por librería unicamente.",
    "Delete": "Borrar",
    "DeleteDeviceConfirmation": "Estas seguro que quieres borrar este dispositivo? Este va a volver a aparecer cuando una persona se registre.",
    "DeleteImage": "Borrar Imagen",
    "DeleteImageConfirmation": "Estas seguro que quieres borrar esta imagen?",
    "DeleteMedia": "Borrar medio",
    "DeleteUser": "Borrar Usuario",
    "DeleteUserConfirmation": "Estas seguro que quieres borrar este usuario?",
    "Depressed": "Deprimido",
    "Descending": "Descendiente",
    "Desktop": "Escritorio",
    "DetectingDevices": "Detectando dispositivos",
    "DeviceAccessHelp": "Esto aplica solo a dispositivos que pueden ser identificados y esto no va a prevenir el acceso con el navegador. Filtrar el acceso a los dispositivos del usuario va a prevenir el uso con nuevos dispositivos, hasta que estos sean aprobados.",
    "DeviceLastUsedByUserName": "Usado ultima vez por {0}",
    "DirectPlayError": "Error en la reproducción directa",
    "DirectPlaying": "Reproducción directa",
    "DirectStreamHelp1": "El medio es compatible con el dispositivo respecto a la resolución y el tipo de medio (H.264, AC3, etc.), pero esta en un contenedor incompatible (.mkv, .avi, .wmv, etc.). El video va a ser re-empaquetado en el momento que sea transmitido al dispositivo.",
    "DirectStreamHelp2": "Transmitir directamente un archivo usa muy poco procesamiento, esto sin perdida en la calidad de video.",
    "DirectStreaming": "Transmisión en directo",
    "Director": "Director",
    "DirectorValue": "Director: {0}",
    "DirectorsValue": "Directores: {0}",
    "Disabled": "Deshabilitado",
    "Disc": "Disco",
    "Disconnect": "Desconectar",
    "Display": "Pantalla",
    "DisplayInMyMedia": "Mostrar en pantalla principal",
    "DisplayInOtherHomeScreenSections": "Mostrar en las secciones de la pantalla principal, como últimos medios y continuar viendo",
    "DisplayMissingEpisodesWithinSeasons": "Mostrar episodios faltantes entre temporadas",
    "DisplayMissingEpisodesWithinSeasonsHelp": "Esto debe ser habilitado en las bibilotecas de TV, en la configuracion del servidor de Jellyfin.",
    "DisplayModeHelp": "Selecciona el tipo de pantalla en el cual estas usando Jellyfin.",
    "DoNotRecord": "No grabar",
    "Down": "Abajo",
    "Download": "Descargar",
    "DownloadItemLimitHelp": "Opcional. Establecer un limite a los items por descargar.",
    "Downloaded": "Descargado",
    "Downloading": "Descargando",
    "DownloadingDots": "Descargando...",
    "Downloads": "Descargas",
    "DownloadsValue": "{0} descargas",
    "DrmChannelsNotImported": "Canales con DRM no van a ser importados.",
    "DropShadow": "Sombra paralela",
    "DvrFeatureDescription": "Agendar grabaciones individuales de TV en vivo, grabaciones de series y mucho mas con Jellyfin DVR.",
    "DvrSubscriptionRequired": "Jellyfin DVR requiere una suscripción a Jellyfin Premiere.",
    "EasyPasswordHelp": "Tu numero de PIN fácil puede ser usado por las aplicaciones de Jellyfin soportadas, también pueden ser utilizadas para acceder fácilmente al ingresar dentro de tu red.",
    "Edit": "Editar",
    "EditImages": "Editar imagenes",
    "EditMetadata": "Editar metadata",
    "EditSubtitles": "Editar subtitulos",
    "EnableBackdrops": "Habilitar fondo",
    "EnableBackdropsHelp": "Si esta habilitado, los fondos van a ser mostrados en segundo plano de algunas paginas mientras estas en la biblioteca.",
    "EnableCinemaMode": "Habilitar modo Cine",
    "EnableColorCodedBackgrounds": "Habilitar colores en el fondo del codigo",
    "AuthProviderHelp": "Selecciona un Proveedor de Autenticación para autenticar la contraseña de este usuario",
    "CriticRating": "Calificación de la crítica",
    "DefaultSubtitlesHelp": "Los subtítulos se cargan en base a los indicadores por defecto y los indicadores forzados en los metadatos embebidos. Las preferencias de idioma son consideradas cuando existe más de una opción.",
    "Dislike": "No me gusta",
    "EnableDebugLoggingHelp": "El registro de depuración debería activarse solo a fin de solucionar problemas. El incremento en el acceso al sistema de archivos podría prevenir que el servidor entre en modo de suspensión en algunos entornos.",
    "EnableDisplayMirroring": "Habilitar duplicación de la pantalla",
    "EnableExternalVideoPlayers": "Habilitar reproductores de vídeo externos",
    "EnableExternalVideoPlayersHelp": "Se mostrará un menú de reproductor externo al iniciar la reproducción de video",
    "EnableNextVideoInfoOverlay": "Habilitar vista de información del siguiente vídeo durante la reproducción",
    "EnableNextVideoInfoOverlayHelp": "Al finalizar un video, mostrar información sobre el siguiente vídeo en la lista de reproducción",
    "EnablePhotos": "Habilitar fotos",
    "EnablePhotosHelp": "Las fotos serán detectadas y se mostrarán junto a otros archivos de medios",
    "EnableStreamLooping": "Repetir automáticamente transmisiones en vivo",
    "EnableStreamLoopingHelp": "Habilita esto sí las transmisiones en vivo sólo contienen unos cuantos segundos y es necesario solicitarlos continuamente. Habilitar esto cuando no es necesario puede causar problemas.",
    "EnableThemeSongs": "Habilitar canciones tema",
    "EnableThemeSongsHelp": "Al habilitarse, las canciones tema se reproducirán de fondo cuando navegas por la biblioteca.",
    "EnableThemeVideos": "Habilitar videos de tema",
    "EnableThemeVideosHelp": "Al habilitarse, los videos de tema se reproducirán de fondo mientras navegues por la biblioteca.",
    "Ended": "Finalizado",
    "EndsAtValue": "Termina en {0}",
    "Episodes": "Episodios",
    "ErrorAddingListingsToSchedulesDirect": "Ocurrió un error al añadir el alineamiento a tu cuenta de Schedules Direct. Schedules Direct solo permite una cantidad limitada de alineamientos por cuenta. Quizás necesites ingresar al sitio de Schedules Direct y eliminar otros alineamientos de tu cuenta antes de continuar.",
    "ErrorAddingMediaPathToVirtualFolder": "Ocurrió un error al agregar la ruta de medios. Por favor, asegurate que la ruta es válida y que el proceso que sirve Jellyfin tiene acceso a esa ubicación.",
    "ErrorAddingTunerDevice": "Ocurrió un error al añadir el dispositivo sintonizador. Por favor asegurate que está disponible e intenta de nuevo.",
    "ErrorAddingXmlTvFile": "Ocurrió un error al acceder al archivo de XmlTV. Por favor asegurate de que el archivo existe e intenta de nuevo.",
    "ErrorDeletingItem": "Ocurrió un error al eliminar el ítem del servidor Jellyfin. Por favor verifica que el servidor Jellyfin tiene permiso de escritura a la carpeta de medios e intenta de nuevo.",
    "ErrorGettingTvLineups": "Ocurrió un error al descargar los alineamientos de TV. Por favor asegúrate que tu información es correcta e intenta de nuevo.",
    "ErrorMessageStartHourGreaterThanEnd": "La hora de fin tiene que ser mayor que la de inicio.",
    "ErrorPleaseSelectLineup": "Por favor selecciona un alineamiento e intenta de nuevo. Si no existen alineamientos disponibles, asegúrate de que tu nombre de usuario, contraseña y código postal son correctos.",
    "ErrorSavingTvProvider": "Ocurrió un error al guardar el proveedor de TV. Por favor asegúrate de que está disponible e intenta de nuevo.",
    "EveryNDays": "Cada {0} días",
    "ExitFullscreen": "Salir de pantalla completa",
    "ExtraLarge": "Extra grande",
    "ExtractChapterImagesHelp": "Extraer imágenes de los capítulos permitirá a las aplicaciones de Jellyfin mostrar menúes gráficos de selección de escena. El proceso puede ser lento, ocupar mucho tiempo de cpu y puede ocupar varios gigabytes de almacenamiento. El proceso corre cuando los videos son descubiertos, y también como un proceso periódico por la noche. El horario del proceso periódico se puede configurar en el área de procesos periódicos. No se recomienda correr este proceso durante horas de alto uso.",
    "Extras": "Extras",
    "FFmpegSavePathNotFound": "No pudimos localizar FFmpeg usando la ruta que has ingresado. FFprobe también es necesario y debe existir en la misma carpeta. Éstos componentes normalmente están incluidos en la misma descarga. Por favor, revisa la ruta e intenta de nuevo.",
    "FastForward": "Avanzar Rápido",
    "Favorite": "Favorito",
    "Features": "Características",
    "File": "Archivo",
    "FileNotFound": "Archivo no encontrado.",
    "FileReadCancelled": "La lectura del archivo se ha cancelado.",
    "FileReadError": "Ocurrió un error al leer el archivo.",
    "Filters": "Filtros",
    "FolderTypeBooks": "Libros",
    "FolderTypeMovies": "Películas",
    "FolderTypeMusic": "Música",
    "FolderTypeMusicVideos": "Videos Musicales",
    "FolderTypeUnset": "Sin especificar (Contenido Mixto)",
    "FormatValue": "Formato: {0}",
    "Friday": "Viernes",
    "Fullscreen": "Pantalla Completa",
    "General": "General",
    "GenreValue": "Género: {0}",
    "GenresValue": "Géneros: {0}",
    "GroupBySeries": "Agrupar por Serie",
    "GroupVersions": "Agrupar versiones",
    "GuestStar": "Estrella invitada",
    "Guide": "Guía",
    "GuideProviderLogin": "Iniciar Sesión",
    "GuideProviderSelectListings": "Seleccionar Listados",
    "HeaderFavoriteSongs": "Canciones favoritas",
    "HeaderFavoriteShows": "Programas favoritos",
    "HeaderFavoriteEpisodes": "Episodios favoritos",
    "HeaderFavoriteArtists": "Artistas favoritos",
    "HeaderFavoriteAlbums": "Álbumes favoritos",
    "Shows": "Series"
}
