{
    "AccessRestrictedTryAgainLater": "접근이 제한되었습니다. 다시 시도하세요.",
    "Actor": "배우",
    "Add": "추가",
    "AddToPlaylist": "재생목록에 추가",
    "AdditionalNotificationServices": "추가 알림 서비스를 설치하려면 플러그인 카탈로그를 탐색하세요.",
    "All": "모두",
    "AllChannels": "모든 채널",
    "AllEpisodes": "모든 에피소드",
    "AllLanguages": "모든 언어",
    "AttributeNew": "신규",
    "Audio": "오디오",
    "Backdrops": "배경",
    "BirthDateValue": "출생: {0}",
    "BirthPlaceValue": "출생지: {0}",
    "BrowsePluginCatalogMessage": "사용 가능한 플러그인을 보려면 플러그인 카탈로그를 탐색하세요.",
    "ButtonAdd": "추가",
    "ButtonAddScheduledTaskTrigger": "트리거 추가",
    "ButtonAddServer": "서버 추가",
    "ButtonAddUser": "사용자 추가",
    "ButtonArrowDown": "아래",
    "ButtonArrowLeft": "왼쪽",
    "ButtonArrowRight": "오른쪽",
    "ButtonArrowUp": "위",
    "ButtonBack": "뒤로",
    "ButtonCancel": "취소",
    "ButtonChangeServer": "서버 변경",
    "ButtonConnect": "접속",
    "ButtonDelete": "삭제",
    "ButtonDeleteImage": "이지지 삭제",
    "ButtonDownload": "다운로드",
    "ButtonEdit": "편집",
    "ButtonEditOtherUserPreferences": "사용자 프로파일, 이미지, 개인 설정을 편집합니다.",
    "ButtonFilter": "필터",
    "ButtonForgotPassword": "비밀번호 분실",
    "ButtonGotIt": "그럴게요.",
    "ButtonGuide": "가이드",
    "ButtonHelp": "도움말",
    "ButtonHome": "홈",
    "ButtonInfo": "정보",
    "ButtonLearnMore": "더 알아보기",
    "ButtonManualLogin": "수동 로그인",
    "ButtonMore": "더 보기",
    "ButtonNetwork": "네트워크",
    "ButtonNew": "신규",
    "ButtonNextTrack": "다음 트랙",
    "ButtonOk": "OK",
    "ButtonOpen": "열기",
    "ButtonPause": "일시 중지",
    "ButtonPlay": "재생",
    "ButtonPreviousTrack": "이전 트랙",
    "ButtonProfile": "프로파일",
    "ButtonQuickStartGuide": "빠른 시작 가이드",
    "ButtonRefresh": "새로 고침",
    "ButtonRefreshGuideData": "가이드 데이터 새로 고침",
    "ButtonRemove": "제거",
    "ButtonRename": "이름 변경",
    "ButtonRepeat": "반복",
    "ButtonResetEasyPassword": "간편 PIN 코드 초기화",
    "ButtonResetPassword": "비밀번호 재설정",
    "ButtonRestart": "다시 시작",
    "ButtonResume": "이어서 재생",
    "ButtonSave": "저장",
    "ButtonSearch": "찾기",
    "ButtonSelectDirectory": "디렉터리 선택",
    "ButtonSelectServer": "서버 선택",
    "ButtonSelectView": "보기 선택",
    "ButtonSend": "전송",
    "ButtonSettings": "설정",
    "ButtonShutdown": "종료",
    "ButtonSignIn": "로그인",
    "ButtonSignOut": "Sign out",
    "ButtonSort": "정렬",
    "ButtonStart": "시작",
    "ButtonStop": "중지",
    "ButtonSubmit": "전송",
    "ButtonSubtitles": "자막",
    "ButtonUninstall": "설치 제거",
    "ButtonViewWebsite": "웹사이트 보기",
    "ButtonWebsite": "웹사이트",
    "ChannelAccessHelp": "이 사용자와 공유할 채널을 선택합니다. 관리자는 메타데이터 매니저를 사용하여 모든 채널을 수정할 수 있습니다.",
    "CinemaModeConfigurationHelp": "시네마 모드는 본 영화 전에 예고편과 소개 영상등을 재생하여 을 사용자의 거실에서 극장의 경험을 제공합니다.",
    "Composer": "작곡가",
    "ConfirmDeleteItem": "이 항목을 삭제하면 파일 시스템과 라이브러리 모두에서 삭제됩니다. 계속하겠습니까?",
    "ConfirmDeletion": "삭제 확인",
    "Connect": "접속",
    "CustomDlnaProfilesHelp": "대상 장치를 새 기기로 사용자 프로파일을 생성하거나 시스템 프로파일로 덮어씁니다.",
    "DeathDateValue": "사망: {0}",
    "DefaultErrorMessage": "요구 처리 과정에 오류가 발생하였습니다. 다시 시도하세요.",
    "DefaultMetadataLangaugeDescription": "이는 기본값이며 라이브러리별로 사용자 정의 할 수 있습니다.",
    "Delete": "삭제",
    "DeleteImage": "이미지 삭제",
    "DeleteImageConfirmation": "이 이미지를 삭제하겠습니까?",
    "DeleteMedia": "미디어 지우기",
    "DeleteUser": "사용자 삭제",
    "DeleteUserConfirmation": "이 사용자를 삭제하겠습니까?",
    "DeviceAccessHelp": "이것은 고유하게 식별할 수 있고 브라우저 액세스를 방해하지 않는 장치에만 적용됩니다. 사용자 장치 액세스를 필터링하면 여기에서 승인 될 때까지 새 장치를 사용할 수 없게 됩니다.",
    "Director": "감독",
    "Dislike": "싫어함",
    "Download": "다운로드",
    "Edit": "편집",
    "EditSubtitles": "자막 편집",
    "EnableCinemaMode": "시네마 모드 사용",
    "ErrorAddingTunerDevice": "튜너 장치를 추가하는데 오류가 발생하였습니다. 접속 가능한지 확인하고 다시 시도하세요.",
    "ErrorSavingTvProvider": "TV 제공자를 저장하는데 오류가 발생하였습니다. 접속 가능한지 확인하고 다시 시도하세요.",
    "ExitFullscreen": "전체화면 나가기",
    "ExtractChapterImagesHelp": "쳅터 이미지를 추출하면 EMBY앱에서 그래픽 장면 선택 메뉴를 표시할 수 있습니다. 이 프로세스는 느지고, CPU자원을 많이 사용 할 수도 있으며 몇 수 기가 바이트의 공간이 필요할 수 있습니다. 동영상이 검색될때 실행되며 야간에 예약된 작업으로 실행됩니다. 일정은 예약된 작업 영역에서 구성할 수 있습니다. 사용량이 가장 많은 시간에 이 작업를 실행하는 것은 권장되지 않습니다.",
    "FastForward": "빨리 감기",
    "FileNotFound": "파일을 찾을 수 없습니다.",
    "FileReadError": "파일을 읽는 동안 오류가 발생하였습니다.",
    "FolderTypeBooks": "책",
    "FolderTypeMovies": "영화",
    "FolderTypeMusic": "음악",
    "FolderTypeMusicVideos": "뮤직 비디오",
    "FolderTypeTvShows": "TV",
    "Friday": "금요일",
    "Fullscreen": "전체화면",
    "GuideProviderLogin": "로그인",
    "GuideProviderSelectListings": "목록 선택",
    "HeaderAccessSchedule": "접속 일정",
    "HeaderAccessScheduleHelp": "특정 시간대에 접속을 제한하기 위한 접속 일정을 만듭니다.",
    "HeaderActiveDevices": "활성 기기",
    "HeaderActiveRecordings": "활성화 된 녹화",
    "HeaderActivity": "활성화",
    "HeaderAddScheduledTaskTrigger": "트리거 추가",
    "HeaderAddToCollection": "컬렉션에 추가",
    "HeaderAddToPlaylist": "재생목록에 추가",
    "HeaderAddUpdateImage": "이미지 추가/업데이트",
    "HeaderAddUser": "사용자 추가",
    "HeaderAdditionalParts": "추가 장면",
    "HeaderAdmin": "관리자",
    "HeaderAlbums": "앨범",
    "HeaderAlert": "경고",
    "HeaderApiKey": "API 키",
    "HeaderApiKeys": "API 키",
    "HeaderApp": "앱",
    "HeaderAudioSettings": "오디오 설정",
    "HeaderAutomaticUpdates": "자동 업데이트",
    "HeaderBooks": "책",
    "HeaderBranding": "브랜딩",
    "HeaderCastCrew": "배역 및 제작진",
    "HeaderChannelAccess": "채널 접속",
    "HeaderChannels": "채널",
    "HeaderCodecProfile": "코덱 프로파일",
    "HeaderConfirmProfileDeletion": "프로파일 삭제 확인",
    "HeaderConnectToServer": "서버 접속",
    "HeaderConnectionFailure": "연결 실패",
    "HeaderContainerProfile": "컨테이너 프로파일",
    "HeaderContinueWatching": "계속 시청하기",
    "HeaderCustomDlnaProfiles": "사용자 프로파일",
    "HeaderDeleteItem": "항목 삭제",
    "HeaderDeleteProvider": "제공자 삭제",
    "HeaderDeleteTaskTrigger": "작업 트리거 삭제",
    "HeaderDeveloperInfo": "개발자 정보",
    "HeaderDeviceAccess": "장치 접속",
    "HeaderDevices": "장치",
    "HeaderDirectPlayProfile": "다이렉트 플레이 프로파일",
    "HeaderEasyPinCode": "간편 PIN 코드",
    "HeaderError": "오류",
    "HeaderFeatureAccess": "기능 접근",
    "HeaderFeatures": "특징들",
    "HeaderFetchImages": "이미지 가져오기:",
    "HeaderFilters": "필터",
    "HeaderForgotPassword": "비밀번호 분실",
    "HeaderFrequentlyPlayed": "자주 재생",
    "HeaderGenres": "장르",
    "HeaderGuideProviders": "가이드 제공자",
    "HeaderIdentification": "식별",
    "HeaderImageSettings": "이미지 설정",
    "HeaderInstall": "설치",
    "HeaderInstantMix": "인스턴스 믹스",
    "HeaderItems": "항목",
    "HeaderLatestEpisodes": "최근 에피소드",
    "HeaderLatestMedia": "최근 미디어",
    "HeaderLatestMusic": "최근 음악",
    "HeaderLatestRecordings": "최근 녹화",
    "HeaderLibraries": "라이브러리",
    "HeaderLibraryAccess": "라이브러리 접속",
    "HeaderLibraryFolders": "미디어 폴더",
    "HeaderLibrarySettings": "라이브러리 설정",
    "HeaderLiveTV": "TV 방송",
    "HeaderLiveTv": "TV 방송",
    "HeaderLoginFailure": "로그인 실패",
    "HeaderMedia": "미디어",
    "HeaderMediaFolders": "미디어 폴더",
    "HeaderMediaInfo": "미디어 정보",
    "HeaderMetadataSettings": "메타데이터 설정",
    "HeaderMovies": "영화",
    "HeaderMusicVideos": "뮤직 비디오",
    "HeaderMyMedia": "내 미디어",
    "HeaderMyMediaSmall": "내 미디어 (작음)",
    "HeaderNewApiKey": "새 API 키",
    "HeaderNextUp": "다음으로",
    "HeaderParentalRatings": "자녀 보호 등급",
    "HeaderPassword": "비밀번호",
    "HeaderPasswordReset": "비밀번호 초기화",
    "HeaderPaths": "경로",
    "HeaderPendingInvitations": "초대 보류",
    "HeaderPinCodeReset": "PIN 코드 초기화",
    "HeaderPlayAll": "모두 재생",
    "HeaderPlayback": "미디어 재생",
    "HeaderPlaybackError": "재생 오류",
    "HeaderPleaseSignIn": "로그인 하세요",
    "HeaderPluginInstallation": "플러그인 설치",
    "HeaderProfile": "프로파일",
    "HeaderProfileInformation": "프로파일 정보",
    "HeaderProfileServerSettingsHelp": "이 값은 Jellyfin Server가 기기에 자신을 어떻게 표시 할지를 제어합니다.",
    "HeaderRecentlyPlayed": "최근 재생",
    "HeaderRemoteControl": "원격 제어",
    "HeaderRemoveMediaFolder": "미디어 폴더 제거",
    "HeaderRemoveMediaLocation": "미디어 위치 제거",
    "HeaderResponseProfile": "프로파일 회신",
    "HeaderRestart": "다시 시작",
    "HeaderRevisionHistory": "리비전 이력",
    "HeaderRunningTasks": "실행중인 작업",
    "HeaderScenes": "장면",
    "HeaderSchedule": "일정",
    "HeaderSeasons": "시즌",
    "HeaderSelectMetadataPath": "메타데이터 경로 선택",
    "HeaderSelectMetadataPathHelp": "메타데이터를 보관할 경로를 탐색 또는 입력하세요. 쓰기 가능한 폴더여야 합니다.",
    "HeaderSelectPath": "경로 선택",
    "HeaderSelectServer": "서버 선택",
    "HeaderSelectServerCachePath": "서버 캐시 경로 선택",
    "HeaderSelectServerCachePathHelp": "서버 캐시 파일에 사용할 경로를 탐색 또는 입력하세요. 쓰기 가능한 폴더여야 합니다.",
    "HeaderSelectTranscodingPath": "트랜스코딩 임시 경로 선택",
    "HeaderSelectTranscodingPathHelp": "트랜스코딩 임시 파일에 사용할 경로를 탐색 또는 입력하세요. 쓰기 가능한 폴더여야 합니다.",
    "HeaderSendMessage": "메시지 전송",
    "HeaderSeries": "Series:",
    "HeaderServerSettings": "서버 설정",
    "HeaderSettings": "설정",
    "HeaderSetupLibrary": "미디어 라이브러리 설정",
    "HeaderShutdown": "종료",
    "HeaderSpecialEpisodeInfo": "스페셜 에피소드 정보",
    "HeaderSpecialFeatures": "특수 기능",
    "HeaderStatus": "상태",
    "HeaderSubtitleProfile": "자막 프로파일",
    "HeaderSubtitleProfilesHelp": "자막 프로파일은 기기에서 지원하는 자막 형식을 설명한다.",
    "HeaderSystemDlnaProfiles": "시스템 프로파일",
    "HeaderTags": "태그",
    "HeaderTaskTriggers": "작업 트리거",
    "HeaderThisUserIsCurrentlyDisabled": "이 사용자는 현재 사용할 수 없습니다",
    "HeaderTracks": "트랙",
    "HeaderTranscodingProfile": "트랜스코딩 프로파일",
    "HeaderTunerDevices": "튜너 장치",
    "HeaderTypeText": "텍스트 입력",
    "HeaderUser": "사용자",
    "HeaderUsers": "사용자",
    "HeaderVideoTypes": "비디오 종류",
    "HeaderVideos": "비디오",
    "HeaderXmlDocumentAttribute": "XML 문서 속성",
    "HeaderXmlDocumentAttributes": "XML 문서 속성",
    "HeaderXmlSettings": "XML 설정",
    "HeaderYears": "연도",
    "HeadersFolders": "폴더",
    "Help": "도움말",
    "Images": "이미지",
    "ImportFavoriteChannelsHelp": "옵션을 켜면 즐겨찾기 표시한 채널만 불러옵니다.",
    "ImportMissingEpisodesHelp": "이 기능을 사용하면 누락 된 에피소드에 대한 정보가 Jellyfin 데이터베이스로 가져와 시즌 및 시리즈 내에서 표시됩니다. 이로 인해 상당히 긴 라이브러리 스캔이 발생할 수 있습니다.",
    "InstallingPackage": "{0} 설치 중",
    "InstantMix": "인스턴트 믹스",
    "ItemCount": "{0} 항목",
    "Label3DFormat": "3D 형식:",
    "LabelAbortedByServerShutdown": "(서버가 종료되어 취소됨)",
    "LabelAccessDay": "요일:",
    "LabelAccessEnd": "종료 시각:",
    "LabelAccessStart": "시작 시각:",
    "LabelAirDays": "방영일:",
    "LabelAirTime": "방영 시각:",
    "LabelAlbum": "앨범",
    "LabelAlbumArtHelp": "PN은 upnp:albumArtURI의 dlna:profileID 속성 내에서 앨범 아트에 사용되었습니다.\n일부 장치는 이미지의 크기에 상관 없이 특정 값을 필요로 합니다.",
    "LabelAlbumArtMaxHeight": "앨범 아트 최대 높이:",
    "LabelAlbumArtMaxHeightHelp": "upnp:albumArtURI를 통해 노출된 앨범 아트의 최대 해상도.",
    "LabelAlbumArtMaxWidth": "앨범 아트 최대 넓이:",
    "LabelAlbumArtMaxWidthHelp": "upnp:albumArtURI를 통해 노출된 앨범 아트의 최대 해상도.",
    "LabelAlbumArtPN": "앨범 아트 PN:",
    "LabelAlbumArtists": "앨범 아티스트:",
    "LabelAll": "모두",
    "LabelAllowServerAutoRestart": "서버가 자동으로 업데이트를 적용하도록 재시작 허용",
    "LabelAllowServerAutoRestartHelp": "서버는 활성화된 사용자가 없는 유휴 기간에만 다시 시작합니다.",
    "LabelAppName": "앱 이름",
    "LabelArtists": "아티스트:",
    "LabelArtistsHelp": "분리 사용할 배수 ;",
    "LabelAudioLanguagePreference": "오디오 언어 설정:",
    "LabelBirthDate": "생일:",
    "LabelBirthYear": "생년:",
    "LabelBlastMessageInterval": "활성 메세지 간격(초)",
    "LabelBlastMessageIntervalHelp": "서버 활성화 메세지 간의 지속 시간을 초 단위로 결정합니다.",
    "LabelCache": "캐시:",
    "LabelCachePath": "캐시 경로:",
    "LabelCachePathHelp": "이미지와 같은 서버 캐시 파일을 위한 사용자 위치를 지정합니다. 서버 기본값을 사용하려면 비워둡니다.",
    "LabelCollection": "컬렉션",
    "LabelCommunityRating": "커뮤니티 평점:",
    "LabelContentType": "콘텐츠 종류:",
    "LabelCountry": "국가:",
    "LabelCriticRating": "Critic 평점:",
    "LabelCurrentPassword": "현재 비밀번호:",
    "LabelCustomCertificatePath": "사용자 SSL 인증서 경로:",
    "LabelCustomCertificatePathHelp": "자기 소유의 SSL 인증서을 제공하십시오. .PFX 파일 형식이어야 합니다.",
    "LabelCustomCss": "사용자 css:",
    "LabelCustomCssHelp": "사용자 css를 웹 인터페이스에 적용합니다.",
    "LabelCustomDeviceDisplayName": "표시 이름:",
    "LabelCustomRating": "사용자 평점:",
    "LabelDateAdded": "추가한 날짜:",
    "LabelDateAddedBehavior": "새 콘텐트를 추가한 날짜 정의 방식",
    "LabelDateAddedBehaviorHelp": "메타데이터에 지정된 값이 있으면 이 옵션에 우선하여 사용합니다.",
    "LabelDay": "일:",
    "LabelDeathDate": "사망일:",
    "LabelDefaultUser": "기본 사용자:",
    "LabelDefaultUserHelp": "연결된 장치에 어떤 사용자 라이브러리를 표시할 지 결정합니다. 이 설정은 각 장치의 사용중인 프로파일을 대체합니다.",
    "LabelDeviceDescription": "장치 설명",
    "LabelDidlMode": "DIDL 모드 :",
    "LabelDisplayMissingEpisodesWithinSeasons": "각 시즌의 누락된 에피소드 표시",
    "LabelDisplayName": "표시 이름:",
    "LabelDisplayOrder": "표시 순서:",
    "LabelDisplaySpecialsWithinSeasons": "그들이 방송한 시즌내의 스페셜을 전시합니다.",
    "LabelDownMixAudioScale": "다운 믹싱할 때 오디오 증폭:",
    "LabelDownMixAudioScaleHelp": "다운 믹싱할 때 오디오를 증폭합니다. 원래 음량을 유지하려면 1로 설정하세요.",
    "LabelDownloadLanguages": "다운로드 언어:",
    "LabelEasyPinCode": "간편 PIN 코드:",
    "LabelEmbedAlbumArtDidl": "DIDL에 앨벌 아트 삽입",
    "LabelEnableAutomaticPortMap": "자동 포트 맵핑 사용",
    "LabelEnableDlnaClientDiscoveryInterval": "클라이언트 검색 간격 (초)",
    "LabelEnableDlnaClientDiscoveryIntervalHelp": "Jellyfin가 수행한 SSDP검색 간의 시간 간격(초)을 결정합니다.",
    "LabelEnableDlnaDebugLogging": "DNLA 디버그 로그 사용",
    "LabelEnableDlnaDebugLoggingHelp": "매우 큰 로그 파일을 생성합니다. 문제해결을 위해 필요한 경우에만 사용하여야 합니다.",
    "LabelEnableDlnaPlayTo": "다음에서 DNLA 재생 사용:",
    "LabelEnableDlnaPlayToHelp": "Jellyfin는 여러분의 네트워크에서 장치를 인식하여 원격으로 제어할 수 있습니다.",
    "LabelEnableDlnaServer": "DLNA 서버 사용",
    "LabelEnableDlnaServerHelp": "여러분의 네트워크에 있는 UPnP 장치가 Jellyfin 콘텐츠를 탐색하고 재생할 수 있게 허용합니다.",
    "LabelEnableRealtimeMonitor": "실시간 모니터링 사용",
    "LabelEnableRealtimeMonitorHelp": "지원하는 파일 시스템에서 변경 사항이 즉시 실행됩니다.",
    "LabelEndDate": "종료일 :",
    "LabelEvent": "이벤트:",
    "LabelEveryXMinutes": "매일 :",
    "LabelExtractChaptersDuringLibraryScan": "라이브러리를 검색할 때 챕터 이미지 추출",
    "LabelExtractChaptersDuringLibraryScanHelp": "이 옵션을 켜면 라이브러리를 검색하여 비디오를 가져올 때 챕터 이미지를 추출합니다. 옵션을 끄면 예약 작업을 통해 정기적으로 라이브러리를 검색할 때 추출합니다.",
    "LabelFailed": "실패",
    "LabelFinish": "끝내기",
    "LabelForgotPasswordUsernameHelp": "기억하고 있다면, 사용자명을 입력하세요.",
    "LabelFormat": "형식:",
    "LabelFriendlyName": "별칭",
    "LabelServerNameHelp": "이 이름은 서버를 구분하는데 사용합니다. 비워두면 컴퓨터 이름을 사용합니다.",
    "LabelGroupMoviesIntoCollections": "컬렉션으로 영화 묶기",
    "LabelGroupMoviesIntoCollectionsHelp": "영화 목록을 표시할 때 컬렉션에 포함된 영화가 한 개로 묶여진 항목으로 보여줍니다.",
    "LabelHardwareAccelerationType": "하드웨어 가속:",
    "LabelHardwareAccelerationTypeHelp": "지원하는 시스템에서만 사용할 수 있습니다.",
    "LabelHttpsPort": "로컬 https 포트 번호:",
    "LabelHttpsPortHelp": "Jellyfin의 https 서버가 바인딩 되어야 하는 tcp포트 번호.",
    "LabelIconMaxHeight": "아이콘 최대 높이:",
    "LabelIconMaxHeightHelp": "upnp:icon를 통해 노출된 앨범 아트의 최대 해상도.",
    "LabelIconMaxWidth": "아이콘 최대 넓이:",
    "LabelIconMaxWidthHelp": "upnp:icon를 통해 노출된 앨범 아트의 최대 해상도.",
    "LabelIdentificationFieldHelp": "대소문자를 구별하지 않는 부분 문자열 또는 정규 표현식.",
    "LabelImageFetchersHelp": "선호하는 이미지 다운로더를 우선 순위에 라 정렬합니다.",
    "LabelImageType": "이미지 형식:",
    "LabelImportOnlyFavoriteChannels": "즐겨찾기 표시한 채널로 제한",
    "LabelInNetworkSignInWithEasyPassword": "간편 PIN 코드로 내부 네트워크 로그인",
    "LabelInNetworkSignInWithEasyPasswordHelp": "당신의 홈 네트워크 내에서 emby앱에 로그하기 위해 쉬운 PIN코드를 사용할 수 있습니다. 귀하의 일반 비밀 번호는 집 밖에서만 필요합니다. PIN코드가 공백이면 홈 네트워크 내에 암호가 필요하지 않습니다.",
    "LabelKodiMetadataDateFormat": "출시 날짜 형식:",
    "LabelKodiMetadataDateFormatHelp": "nfo 파일의 모든 날짜는 이 형식을 사용하여 읽고 씁니다.",
    "LabelKodiMetadataSaveImagePaths": "nfo 파일에 이미지 경로 저장",
    "LabelLanguage": "언어:",
    "LabelLocalHttpServerPortNumber": "로컬 http 포트 번호:",
    "LabelLocalHttpServerPortNumberHelp": "Jellyfin http 서버의 TCP 포트 번호입니다.",
    "LabelLockItemToPreventChanges": "변경할 수 없게 항목 잠금",
    "LabelLoginDisclaimer": "로그인 고지사항",
    "LabelLoginDisclaimerHelp": "로그인 페이지 하단에 고지사항이 표시됩니다.",
    "LabelLogs": "로그:",
    "LabelManufacturer": "제조사",
    "LabelManufacturerUrl": "제작자 URL",
    "LabelMaxBackdropsPerItem": "항목별 최대 배경 이미지 수:",
    "LabelMaxParentalRating": "최대 허용 연령 제한 :",
    "LabelMaxScreenshotsPerItem": "항목별 최대 스크린샷 수:",
    "LabelMaxStreamingBitrateHelp": "스트리밍 시 최대 비트 전송률을 지정합니다.",
    "LabelMessageText": "메시지 텍스트:",
    "LabelMessageTitle": "메시지 제목:",
    "LabelMetadata": "메타데이터:",
    "LabelMetadataDownloadLanguage": "다운로드 선호 언어:",
    "LabelMetadataDownloadersHelp": "선호하는 메타데이터 다운로더를 우선 순위에 따라 정렬합니다. 낮은 우선 순위의 다운로더는 누락된 정보를 가져오는 데만 사용합니다.",
    "LabelMetadataPath": "메타데이터 경로:",
    "LabelMetadataPathHelp": "다운로드한 아트워크와 메타데이터를 저장할 사용자 위치를 지정합니다.",
    "LabelMetadataSavers": "메타데이터 서버",
    "LabelMetadataSaversHelp": "메타데이터를 저장할 형식을 선택합니다.",
    "LabelMethod": "방법:",
    "LabelMinBackdropDownloadWidth": "다운로드할 배경 이미지 최소 넓이:",
    "LabelMinScreenshotDownloadWidth": "다운로드할 스크린샷 최소 넓이:",
    "LabelModelDescription": "모델 설명",
    "LabelModelName": "모델명",
    "LabelModelNumber": "모델 번호",
    "LabelModelUrl": "모델 URL",
    "LabelMonitorUsers": "다음의 활동 모니터링:",
    "LabelMovieRecordingPath": "영화 녹화 경로 (옵션):",
    "LabelMusicStreamingTranscodingBitrate": "음악 트랜스코딩 비트레이트:",
    "LabelMusicStreamingTranscodingBitrateHelp": "음악 스트리밍 시 최대 비트 전송률 지정",
    "LabelName": "이름:",
    "LabelNewName": "새 이름:",
    "LabelNewPassword": "새 비밀번호:",
    "LabelNewPasswordConfirm": "새 비밀번호 확인:",
    "LabelNext": "다음",
    "LabelNotificationEnabled": "이 알림 사용",
    "LabelNumber": "번호:",
    "LabelNumberOfGuideDays": "다운로드할 가이드 일 수:",
    "LabelNumberOfGuideDaysHelp": "더 많은 기간의 가이드 데이터를 다운로드하는 것은 미리 예약할 수 있고 더 많은 목록을 볼 수 있지만 다운로드하는 데 더 오래 걸릴 수 있습니다.",
    "LabelOriginalAspectRatio": "원 화면비율:",
    "LabelOverview": "줄거리:",
    "LabelParentalRating": "등급:",
    "LabelPassword": "비밀번호:",
    "LabelPasswordConfirm": "비밀번호 (확인):",
    "LabelPasswordRecoveryPinCode": "PIN 코드:",
    "LabelPath": "경로 :",
    "LabelPlaceOfBirth": "출생지:",
    "LabelPlayDefaultAudioTrack": "언어에 상관없이 기본 오디오 트랙 재생",
    "LabelPlaylist": "재생목록:",
    "LabelPreferredDisplayLanguage": "선호하는 화면 언어:",
    "LabelPreferredDisplayLanguageHelp": "Jellyfin 번역은 진행중인 프로젝트입니다.",
    "LabelPrevious": "이전",
    "LabelProfileAudioCodecs": "오디오 코덱:",
    "LabelProfileCodecs": "코덱:",
    "LabelProfileCodecsHelp": "쉼표로 구분합니다. 모든 코덱에  적용할 수 있도록 빈 칸을 비워 둘 수 있습니다.",
    "LabelProfileContainer": "컨테이너 :",
    "LabelProfileContainersHelp": "쉼표로 구분하여 분리합니다. 모든 컨테이너에 적용할 수 있도록 빈 칸을 비워 둘 수 있습니다.",
    "LabelProfileVideoCodecs": "비디오 코덱:",
    "LabelProtocol": "프로토콜:",
    "LabelProtocolInfo": "프로토콜 정보:",
    "LabelPublicHttpPort": "공용 http 포트 번호 :",
    "LabelPublicHttpPortHelp": "로컬 http 포트에 매핑 되어야 하는 공용 포트 번호입니다.",
    "LabelPublicHttpsPort": "공용 https 포트 번호 :",
    "LabelPublicHttpsPortHelp": "로컬 https 포트에 매핑 되어야 하는 공용 포트 번호입니다.",
    "LabelReadHowYouCanContribute": "여러분이 기여할 수 있는 방법을 알려드립니다.",
    "LabelRecordingPath": "기본 재코딩 위치 :",
    "LabelRecordingPathHelp": "녹화를 저장할 기본 위치를 지정합니다. 비어 있는 경우 서버의 프로그램 데이터 폴더가 사용됩니다.",
    "LabelReleaseDate": "개봉일:",
    "LabelRemoteClientBitrateLimit": "인터넷 스트리밍 비트레이트 제한 (Mbps):",
    "LabelRuntimeMinutes": "상영 시간 (분):",
    "LabelSaveLocalMetadata": "아트워크와 메타데이터를 미디어 폴더에 저장",
    "LabelSaveLocalMetadataHelp": "아트웍 및 메타 데이터를 미디어 폴더에 직접 저장하면 쉽게 편집 할 수 있는 장소에 보관됩니다.",
    "LabelSelectUsers": "사용자 선택:",
    "LabelSelectVersionToInstall": "설치할 버전 선택:",
    "LabelSendNotificationToUsers": "다음으로 알림 전송:",
    "LabelSerialNumber": "시리얼 번호",
    "LabelSeriesRecordingPath": "시리즈 재코딩 위치(옵션) :",
    "LabelServerHost": "호스트:",
    "LabelServerHostHelp": "192.168.1.100 또는 https://myserver.com",
    "LabelSkipIfAudioTrackPresent": "오디오 트랙이 다운로드 언어와 일치하면 건너뛰기",
    "LabelSource": "소스:",
    "LabelStartWhenPossible": "시작 가능할 때 :",
    "LabelStatus": "상태:",
    "LabelStopWhenPossible": "정지 가능할 때 :",
    "LabelSubtitlePlaybackMode": "자막 모드:",
    "LabelSupportedMediaTypes": "지원하는 미디어 종류:",
    "LabelTag": "태그:",
    "LabelTagline": "태그라인:",
    "LabelTime": "시각:",
    "LabelTimeLimitHours": "시간 제한 (시간):",
    "LabelTrackNumber": "트랙 번호:",
    "LabelTranscodingAudioCodec": "오디오 코덱:",
    "LabelTranscodingContainer": "컨테이너:",
    "LabelTranscodingTempPathHelp": "트랜스코더가 사용하는 작업 파일을 보관하는 폴더입니다. 사용자 경로를 지정하거나 서버의 데이터 폴더를 기본으로 사용하려면 비워둡니다.",
    "LabelTranscodingVideoCodec": "비디오 코덱:",
    "LabelTriggerType": "트리거 종류:",
    "LabelTunerIpAddress": "튜너 IP 주소",
    "LabelTunerType": "튜너 종류:",
    "LabelTypeText": "텍스트",
    "LabelUseNotificationServices": "다음 장치 사용:",
    "LabelUser": "사용자:",
    "LabelUserLibrary": "사용자 라이브러리:",
    "LabelUserLibraryHelp": "장치에 어떤 사용자 라이브러리를 보여줄 지 선택합니다. 기본 설정을 사용하려면 비워둡니다.",
    "LabelUsername": "사용자명:",
    "LabelVersionInstalled": "{0} 설치됨",
    "LabelVersionNumber": "버전 {0}",
    "LabelYourFirstName": "이름:",
    "LabelYoureDone": "완료!",
    "LabelZipCode": "우편 번호:",
    "LibraryAccessHelp": "이 사용자와 공유할 폴더를 선택합니다. 관리자는 메타데이터 매니저를 사용하여 모든 폴더를 수정할 수 있습니다.",
    "Like": "좋아함",
    "Live": "라이브",
    "MaxParentalRatingHelp": "더 높은 연령 등급의 콘텐츠가 이 사용자에게 표지 되지 않습니다.",
    "MediaInfoAnamorphic": "아나몰픽",
    "MediaInfoAspectRatio": "화면비",
    "MediaInfoBitrate": "비트레이트",
    "MediaInfoChannels": "채널",
    "MediaInfoCodec": "코덱",
    "MediaInfoCodecTag": "코덱 태그",
    "MediaInfoContainer": "컨테이너",
    "MediaInfoDefault": "기본",
    "MediaInfoExternal": "외부",
    "MediaInfoFramerate": "프레임 레이트",
    "MediaInfoInterlaced": "인터레이스",
    "MediaInfoLanguage": "언어",
    "MediaInfoLayout": "레이아웃",
    "MediaInfoPath": "경로",
    "MediaInfoProfile": "프로파일",
    "MediaInfoResolution": "해상도",
    "MediaInfoSampleRate": "샘플 레이트",
    "MessageAlreadyInstalled": "이 버전은 이미 설치되어 있습니다.",
    "MessageAreYouSureDeleteSubtitles": "이 자막 파일을 삭제하겠습니까?",
    "MessageAreYouSureYouWishToRemoveMediaFolder": "미디어 폴더를 제거하겠습니까?",
    "MessageConfirmDeleteGuideProvider": "이 가이드 제공자를 삭제하겠습니까?",
    "MessageConfirmDeleteTunerDevice": "이 장치를 삭제하겠습니까?",
    "MessageConfirmProfileDeletion": "이 프로파일을 삭제하겠습니까?",
    "MessageConfirmRecordingCancellation": "이 녹화를 취소하겠습니까?",
    "MessageConfirmRemoveMediaLocation": "이 미디어 위치를 제거하겠습니까?",
    "MessageConfirmRestart": "Jellyfin 서버를 다시 시작하겠습니까?",
    "MessageConfirmShutdown": "Jellyfin 서버를 종료하겠습니까?",
    "MessageContactAdminToResetPassword": "비밀번호를 초기화하려면 시스템 관리자에게 문의하세요.",
    "MessageDeleteTaskTrigger": "이 작업 트리거를 삭제하겠습니까?",
    "MessageEnablingOptionLongerScans": "이 옵션을 사용하면 라이브러리 스캔이 상당히 길어질 수 있습니다.",
    "MessageFileReadError": "이 파일을 읽는 데 오류가 발생하였습니다.",
    "MessageForgotPasswordFileCreated": "진행 방법이 설명된 다음의 파일이 귀하의 서버에 생성되었습니다.",
    "MessageForgotPasswordInNetworkRequired": "비밀번호 초기화를 진행하려면 귀하의 홈 네트워크에서 다시 시도하세요.",
    "MessageInvalidForgotPasswordPin": "올바르지 않거나 만료된 PIN 코드입니다. 다시 시도하세요.",
    "MessageInvalidUser": "올바르지 않은 사용자명 또는 비밀번호입니다. 다시 시도하세요.",
    "MessageItemSaved": "항목이 저장되었습니다.",
    "MessageItemsAdded": "항목 추가됨",
    "MessageNoMovieSuggestionsAvailable": "현재 추천 영화를 사용할 수 없습니다. 영화 보기를 시작하고 평가를 하면 추천을 볼 수 있습니다.",
    "MessageNoPluginsInstalled": "설치된 플러그인이 없습니다.",
    "MessageNoTrailersFound": "예고편이 없습니다. 예고편 채널을 설치하여 인터넷 예고편 라이브러리를 추가하면 향상된 영화 환경을 경험할 수 있습니다.",
    "MessageNothingHere": "아무것도 없습니다.",
    "MessagePasswordResetForUsers": "다음 사용자의 비밀번호가 삭제되었습니다. 빈 비밀번호로 로그인하세요.",
    "MessagePleaseEnsureInternetMetadata": "인터넷 메타데이터 다운로드가 켜져 있는지 확인하세요.",
    "MessageSettingsSaved": "설정이 저장되었습니다.",
    "MessageUnableToConnectToServer": "선택한 서버에 연결할 수 없습니다. 서버가 실행 중인지 확인후 다시 시도하세요.",
    "MessageUnsetContentHelp": "콘텐트가 일반 폴더로 표시됩니다. 최상의 결과를 위해 메타데이터 관리자를 사용하여 하위 폴더의 콘텐트 종류를 설정하세요.",
    "MinutesAfter": "몇 분 후에",
    "MinutesBefore": "몇 분 전에",
    "Monday": "월요일",
    "MoreUsersCanBeAddedLater": "나중에 대시보드에서 사용자를 더 추가할 수 있습니다.",
    "Mute": "음소거",
    "NewCollection": "새 컬렉션",
    "NoNextUpItemsMessage": "아무도 찾지 못했어요. 여러분의 쇼를 보기 시작하세요!",
    "OptionAdminUsers": "관리자",
    "OptionAlbum": "앨범",
    "OptionAlbumArtist": "앨범 아티스트",
    "OptionAllUsers": "모든 사용자",
    "OptionAllowAudioPlaybackTranscoding": "트랜스코딩이 필요한 오디오 재생 허용",
    "OptionAllowBrowsingLiveTv": "TV 방송 접속 허용",
    "OptionAllowContentDownloading": "미디어 다운로드 허용",
    "OptionAllowLinkSharing": "소셜 미디어 공유 허용",
    "OptionAllowLinkSharingHelp": "미디어 정보가 들어 있는 웹 페이지만 공유됩니다. 미디어 파일은 공개적으로 공유되지 않습니다. 공유 시간은 제한 시간이며 {0}일 후에 만료됩니다.",
    "OptionAllowManageLiveTv": "TV 방송 녹화 관리 허용",
    "OptionAllowMediaPlayback": "미디어 재생 허용",
    "OptionAllowRemoteControlOthers": "가른 사용자 원격 제어 허용",
    "OptionAllowRemoteSharedDevices": "공유 기기 원격 제어 허용",
    "OptionAllowRemoteSharedDevicesHelp": "사용자가 제어를 시작할 때까지 DLNA기기가 공유된 것으로 간주됩니다.",
    "OptionAllowUserToManageServer": "이 사용자에게 이 서버의 관리를 허용합니다",
    "OptionAllowVideoPlaybackTranscoding": "트랜스코딩이 필요한 비디오 재생 허용",
    "OptionArtist": "아티스트",
    "OptionAscending": "오름차순",
    "OptionAuto": "자동",
    "OptionAutomatic": "자동",
    "OptionBlockBooks": "책",
    "OptionBlockChannelContent": "인터넷 채널 콘텐트",
    "OptionBlockLiveTvChannels": "TV 방송 채널",
    "OptionBlockMovies": "영화",
    "OptionBlockMusic": "음악",
    "OptionBlockTrailers": "예고편",
    "OptionBlockTvShows": "TV 쇼",
    "OptionBluray": "블루레이",
    "OptionCaptionInfoExSamsung": "CaptionInfoEx (삼성)",
    "OptionCommunityRating": "커뮤니티 평점",
    "OptionContinuing": "계속하기",
    "OptionCriticRating": "Critic 평점",
    "OptionCustomUsers": "고객",
    "OptionDaily": "매일",
    "OptionDateAdded": "추가한 날짜",
    "OptionDateAddedFileTime": "파일 생성 날짜 사용",
    "OptionDateAddedImportTime": "라이브러리에 추가된 날짜 사용",
    "OptionDatePlayed": "재생된 날짜",
    "OptionDescending": "내림차순",
    "OptionDisableUser": "이 사용자 사용 안 함",
    "OptionDisableUserHelp": "서버가 이 사용자의 연결을 허용하지 않습니다. 현재 연결이 예고없이 종료됩니다.",
    "OptionDislikes": "싫어함",
    "OptionDisplayFolderViewHelp": "사용하도록 설정된 경우 Jellyfin앱은 미디어 라이브러리 옆에 폴더 카테고리를 표시합니다. 이는 일반적인 폴더 보기를 원하는 경우에 유용합니다.",
    "OptionDownloadArtImage": "아트",
    "OptionDownloadBackImage": "배경",
    "OptionDownloadBannerImage": "배너",
    "OptionDownloadBoxImage": "박스",
    "OptionDownloadDiscImage": "디스크",
    "OptionDownloadLogoImage": "로고",
    "OptionDownloadMenuImage": "메뉴",
    "OptionDownloadPrimaryImage": "기본적인",
    "OptionDownloadThumbImage": "썸네일",
    "OptionDvd": "DVD",
    "OptionEmbedSubtitles": "켠테이너에 포함",
    "OptionEnableAccessFromAllDevices": "모든 기기에서 접속 허용",
    "OptionEnableAccessToAllChannels": "모든 채널에 접속 허용",
    "OptionEnableAccessToAllLibraries": "모든 라이브러리에 접속 허용",
    "OptionEnableAutomaticServerUpdates": "서버 자동 업데이트 사용",
    "OptionEnableM2tsMode": "M2ts 모드 사용",
    "OptionEnded": "종료됨",
    "OptionEveryday": "매일",
    "OptionExternallyDownloaded": "외부 다운로드",
    "OptionFavorite": "즐겨찾기",
    "OptionFriday": "금요일",
    "OptionHasSpecialFeatures": "특별한 기능",
    "OptionHasSubtitles": "자막",
    "OptionHasThemeSong": "테나 음악",
    "OptionHasThemeVideo": "테마 비디오",
    "OptionHasTrailer": "예고편",
    "OptionHideUser": "로그인 화면에서 이 사용자 숨김",
    "OptionHideUserFromLoginHelp": "비공개 또는 숨김 관리자 계정에 유용합니다. 사용자는 수동으로 사용자명과 비밀번호를 입력하여 로그인 하여야 합니다.",
    "OptionHlsSegmentedSubtitles": "HLS 분활된 자막",
    "OptionIgnoreTranscodeByteRangeRequests": "트랜스코드 바이트 범위 요청 무시",
    "OptionIgnoreTranscodeByteRangeRequestsHelp": "활성화된 경우 이러한 요청은 존중되지만 바이트 헤더 범위는 무시됩니다.",
    "OptionImdbRating": "IMDb 평점",
    "OptionLikes": "좋아함",
    "OptionMax": "최대",
    "OptionMissingEpisode": "누락 에피소드",
    "OptionMonday": "월요일",
    "OptionNameSort": "제목",
    "OptionNone": "없음",
    "OptionOnAppStartup": "애플리케이션 시작할 때",
    "OptionOnInterval": "기간",
    "OptionParentalRating": "등급",
    "OptionPlainStorageFolders": "모든 폴더를 일반 저장소 폴더로 표시",
    "OptionPlainStorageFoldersHelp": "활성화 된 경우 모든 폴더는 \"object.container.person.musicArtist\"와 같이보다 구체적인 유형 대신 \"object.container.storageFolder\"로 DIDL에 표시됩니다.",
    "OptionPlainVideoItems": "모든 비디오를 일반 비디오 항목으로 표시",
    "OptionPlainVideoItemsHelp": "활성화 된 경우 모든 비디오는 \"object.item.videoItem.movie\"와 같이보다 구체적인 유형 대신 \"object.item.videoItem\"로 DIDL에 표시됩니다.",
    "OptionPlayCount": "재생 횟수",
    "OptionPlayed": "재생함",
    "OptionPremiereDate": "Premiere 일자",
    "OptionProfileAudio": "오디오",
    "OptionProfilePhoto": "사진",
    "OptionProfileVideo": "비디오",
    "OptionProfileVideoAudio": "비디오 오디오",
    "OptionProtocolHls": "http 생방송",
    "OptionReleaseDate": "개봉일",
    "OptionResElement": "res 요소",
    "OptionResumable": "이어보기",
    "OptionRuntime": "상영 시간",
    "OptionSaturday": "토요일",
    "OptionSaveMetadataAsHidden": "메타데이터와 이미지를 숨김 파일로 저장",
    "OptionSpecialEpisode": "스페셜",
    "OptionSunday": "대기",
    "OptionThursday": "목요일",
    "OptionTrackName": "트랙 제목",
    "OptionTuesday": "화요일",
    "OptionTvdbRating": "TVDb 평점",
    "OptionUnairedEpisode": "방송하지 않은 에피소드",
    "OptionUnplayed": "재생 안 함",
    "OptionWakeFromSleep": "잠자기에서 깨우기",
    "OptionWednesday": "수요일",
    "OptionWeekdays": "주중",
    "OptionWeekends": "주말",
    "OptionWeekly": "주",
    "OriginalAirDateValue": "최초 방송일: {0}",
    "PackageInstallCancelled": "{0} 설치 취소.",
    "PackageInstallCompleted": "{0} 설치 완료.",
    "PackageInstallFailed": "{0} 설치 실패.",
    "ParentalRating": "Parental Rating",
    "PasswordMatchError": "비밀번호와 비밀번호 확인이 일치하여야 합니다.",
    "PasswordResetComplete": "비밀번호가 초기화되었습니다.",
    "PasswordResetConfirmation": "비밀번호를 초기화하겠습니까?",
    "PasswordResetHeader": "비밀번호 초기화",
    "PasswordSaved": "비밀번호가 저장되었습니다.",
    "PictureInPicture": "픽처 사진",
    "PinCodeResetComplete": "PIN 코드가 초기화되었습니다.",
    "PinCodeResetConfirmation": "PIN 코드를 초기화하겠습니까?",
    "Play": "재생",
    "PlayAllFromHere": "여기부터 모두 재생",
    "Played": "재생함",
    "PleaseSelectTwoItems": "최소 두 개의 항목을 선택하세요.",
    "Premiere": "프리미어",
    "Producer": "프로듀서",
    "QueueAllFromHere": "여기부터 모두 대기열에 추가",
    "RecommendationBecauseYouLike": "{0} 을(를) 좋아하기 때문에",
    "RecommendationBecauseYouWatched": "{0} 을(를) 시청하였기 때문에",
    "RecommendationDirectedBy": "{0} 감독",
    "RecommendationStarring": "{0} 출연",
    "Record": "녹화",
    "RecordSeries": "시리즈 녹화",
    "RecordingCancelled": "녹화가 취소되었습니다.",
    "RecordingScheduled": "녹화가 예약되었습니다.",
    "Refresh": "새로 고침",
    "RemoveFromPlaylist": "재생목록에서 제거",
    "Repeat": "반복",
    "RepeatAll": "모두 반복",
    "ReplaceExistingImages": "현재 이미지 교체",
    "Rewind": "되감기",
    "Saturday": "토요일",
    "Save": "저장",
    "Search": "찾기",
    "SearchForCollectionInternetMetadata": "인터넷에서 아트워크와 메타데이터 검색",
    "SearchForSubtitles": "자막 검색",
    "SeriesCancelled": "시리즈가 취소되었습니다.",
    "SeriesRecordingScheduled": "시리즈 녹화가 예약되었습니다.",
    "Settings": "설정",
    "SettingsSaved": "설정이 저장되었습니다.",
    "Share": "공유",
    "Small": "작음",
    "SortName": "정렬 제목",
    "Subtitles": "자막",
    "Sunday": "일요일",
    "SystemDlnaProfilesHelp": "시스템 프로파일은 읽기 전용입니다. 시스템 프로파일로 변경하면 새 사용자 프로파일로 저장됩니다.",
    "TabAccess": "접속",
    "TabAdvanced": "고급",
    "TabAlbumArtists": "앨범 아티스트",
    "TabAlbums": "앨범",
    "TabArtists": "아티스트",
    "TabCatalog": "카탈로그",
    "TabChannels": "채널",
    "TabCodecs": "코덱",
    "TabCollections": "컬렉션",
    "TabContainers": "컨테이너",
    "TabDashboard": "대시보드",
    "TabDevices": "기기",
    "TabDirectPlay": "다이렉트 재생",
    "TabDisplay": "화면",
    "TabEpisodes": "에피소드",
    "TabFavorites": "즐겨찾기",
    "TabGenres": "장르",
    "TabGuide": "가이드",
    "TabInfo": "정보",
    "TabLatest": "최근",
    "TabLiveTV": "TV 방송",
    "TabLogs": "로그",
    "TabMetadata": "메타데이터",
    "TabMovies": "영화",
    "TabMusic": "음악",
    "TabMusicVideos": "뮤직 비디오",
    "TabMyPlugins": "내 플러그인",
    "TabNetworks": "네트워크",
    "TabNotifications": "알림",
    "TabOther": "기타",
    "TabParentalControl": "자녀 보호",
    "TabPassword": "비밀번호",
    "TabPlayback": "재생",
    "TabPlaylist": "재생목록",
    "TabPlaylists": "재생목록",
    "TabPlugins": "플러그인",
    "TabProfile": "프로파일",
    "TabProfiles": "프로필",
    "TabRecordings": "녹화",
    "TabResponses": "회신",
    "TabScheduledTasks": "예약 작업",
    "TabSeries": "시리즈",
    "TabServer": "서버",
    "TabSettings": "설정",
    "TabShows": "보이기",
    "TabSongs": "노래",
    "TabStreaming": "스트리밍",
    "TabSuggestions": "추천",
    "TabTrailers": "예고편",
    "TabTranscoding": "트랜스코딩",
    "TabUpcoming": "방송 예정",
    "TabUsers": "사용자",
    "Tags": "태그",
    "TellUsAboutYourself": "귀하에 대해 알려 주세요",
    "ThisWizardWillGuideYou": "이 마법사는 설정 과정을 안내합니다. 시작하려면 선호하는 언어를 선택하세요.",
    "Thursday": "목요일",
    "TitlePlayback": "재생",
    "TrackCount": "{0} 트랙",
    "Tuesday": "화요일",
    "UninstallPluginConfirmation": "{0} 을(를) 설치 제거하겠습니까?",
    "UninstallPluginHeader": "플러그인 설치 제거",
    "Unmute": "음소거취소",
    "UserProfilesIntro": "Jellyfin는 각 사용자별 화면 설정, 재생 상태, 자녀보호 사용을 지원하는 사용자 프로파일을 기본 지원합니다.",
    "ValueAlbumCount": "{0} 앨범",
    "ValueAudioCodec": "오디오 코덱: {0}",
    "ValueCodec": "코덱: {0}",
    "ValueConditions": "조건: {0}",
    "ValueContainer": "컨테이너: {0}",
    "ValueDiscNumber": "디스크 {0}",
    "ValueEpisodeCount": "{0} 에피소드",
    "ValueMinutes": "{0} 분",
    "ValueMovieCount": "{0} 영화",
    "ValueMusicVideoCount": "{0} 뮤직 비디오",
    "ValueOneAlbum": "1 앨범",
    "ValueOneEpisode": "1 에피소드",
    "ValueOneMovie": "1 영화",
    "ValueOneMusicVideo": "1 뮤직 비디오",
    "ValueOneSeries": "1 시리즈",
    "ValueOneSong": "1 노래",
    "ValueSeriesCount": "{0} 시리즈",
    "ValueSongCount": "{0} 노래",
    "ValueSpecialEpisodeName": "특별편 - {0}",
    "ValueTimeLimitMultiHour": "시간 제한: {0} 시간",
    "ValueTimeLimitSingleHour": "시간 제한: 1 시간",
    "ValueVideoCodec": "비디오 코덱: {0}",
    "ViewAlbum": "앨범 보기",
    "ViewArtist": "아티스트 보기",
    "Watched": "시청함",
    "Wednesday": "수요일",
    "WelcomeToProject": "Jellyfin에 오신 것을 환영합니다!",
    "WizardCompleted": "지금 필요한 것은 이것이 전부입니다. Jellyfin가 귀하의 미디어 라이브러리 정보를 모으기 시작했습니다. 우리의 다른 앱을 확인해 보세요. <b>서버 대시보드</b>를 보려면 <b>끝내기</b>를 클릭하세요.",
    "Writer": "작가",
    "Albums": "앨범",
    "Artists": "아티스트",
    "Books": "도서",
    "Channels": "채널",
    "Collections": "컬렉션",
    "Favorites": "즐겨찾기",
    "Folders": "폴더",
    "Genres": "장르",
    "HeaderAlbumArtists": "앨범 아티스트",
    "HeaderFavoriteShows": "즐겨찾는 쇼",
    "HeaderFavoriteEpisodes": "좋아하는 에피소드",
    "HeaderFavoriteAlbums": "좋아하는 앨범",
    "HeaderFavoriteArtists": "좋아하는 아티스트",
    "HeaderFavoriteSongs": "좋아하는 노래",
    "Movies": "영화",
    "Photos": "사진",
    "Playlists": "재생목록",
    "Shows": "프로그램",
    "Songs": "노래",
    "Sync": "동기화",
    "AddItemToCollectionHelp": "항목을 컬렉션에 추가하려면 검색한 뒤 우클릭이나 탭 매뉴를 이용하여 주십시오.",
    "AddToCollection": "컬렉션에 추가",
    "AddToPlayQueue": "재생 대기열에 추가",
    "AddedOnValue": "{0}을(를) 추가함",
    "AirDate": "방영 일자",
    "Aired": "방영됨",
    "Alerts": "경고",
    "AllComplexFormats": "모든 복잡한 포맷 (ASS, SSA, VOBSUB, PGS, SUB/IDX 등)",
    "AllLibraries": "모든 라이브러리",
    "AllowMediaConversion": "미디어 변환 허용",
    "AllowOnTheFlySubtitleExtraction": "스트리밍 시 자막 추출 허용",
    "AllowOnTheFlySubtitleExtractionHelp": "비디오 트랜스코딩을 방지하기 위해 내장된 자막을 비디오에서 추출하여 텍스트로 Jellyfin 앱에 전송할 수 있습니다. 다만, 당 과정은 일부 시스템에서 긴 시간을 소요할 수 있으며 멈출 가능성도 존재합니다. 클라이언트에서 트랜스코딩을 사용할 수 없는 경우 이 기능을 비활성화하여 트랜스코딩 시 자막을 비디오에 삽입하십시오.",
    "AllowRemoteAccess": "본 Jellyfin 서버에 원격 접속을 허용합니다.",
    "AllowRemoteAccessHelp": "체크 해제 시 모든 외부 접속은 차단됩니다.",
    "AllowedRemoteAddressesHelp": "외부 접속을 허용할 IP 혹은 IP 넷마스크를 반점(,)으로 구분하여 입력하십시오. 공란으로 남길 시 모든 외부 접속이 허용됩니다.",
    "AlwaysPlaySubtitles": "항상 자막 표시",
    "AlwaysPlaySubtitlesHelp": "오디오 언어를 불문하고 언어 설정에 적합한 자막이 로드됩니다.",
    "AnyLanguage": "모든 언어",
    "AroundTime": "대략 {0}",
    "Art": "아트",
    "AsManyAsPossible": "최대한 많이",
    "Ascending": "오름차순",
    "AspectRatio": "종횡비",
    "AuthProviderHelp": "본 이용자의 비밀번호를 인증할 때 사용할 인증 서비스 제공자를 선택하십시오",
    "Auto": "자동",
    "AutoBasedOnLanguageSetting": "자동 (언어 설정에 따름)",
    "Backdrop": "배경",
    "Banner": "배너",
    "BookLibraryHelp": "오디오 혹은 텍스트 책이 지원됩니다. {0}Jellyfin 책 작명 가이드{1}를 참고해 주십시오.",
    "Box": "박스",
    "Browse": "탐색",
    "ButtonEditImages": "이미지 편집",
    "ButtonFullscreen": "전체 화면",
    "HeaderEpisodes": "에피소드",
    "HeaderExternalIds": "외부 ID:",
    "HeaderFavoriteMovies": "즐겨찾는 영화",
    "HeaderFavoriteVideos": "즐겨찾는 동영상",
    "LabelDropImageHere": "이미지를 여기 드롭하거나 클릭하여 찾아보십시오."
}
