{
    "Add": "Thêm",
    "All": "Tất cả",
    "BrowsePluginCatalogMessage": "Duyệt qua các danh mục plugin của chúng tôi để xem các plugin có sẵn.",
    "ButtonAdd": "Thêm",
    "ButtonAddUser": "Thêm người dùng",
    "ButtonCancel": "Thoát",
    "ButtonDeleteImage": "Xóa hình ảnh",
    "ButtonNew": "Mới",
    "ButtonRemove": "Gỡ bỏ",
    "ButtonResetPassword": "Reset mật khẩu",
    "ButtonSave": "Lưu",
    "ButtonSearch": "Tìm kiếm",
    "ButtonSelectDirectory": "Lựa chọn trực tiếp",
    "ButtonSignOut": "Sign out",
    "ButtonSort": "Phân loại",
    "Delete": "Xóa",
    "DeleteImage": "Xóa hình ảnh",
    "DeleteImageConfirmation": "Bạn có chắc muốn xóa hình ảnh này?",
    "DeleteUser": "Xóa người dùng",
    "FileNotFound": "Không tìm thấy tệp tin.",
    "FileReadCancelled": "Tệp tin đọc đã bị hủy.",
    "FileReadError": "Có một lỗi xảy ra khi đọc tệp tin này.",
    "FolderTypeTvShows": "TV",
    "HeaderAddUser": "Thêm người dùng",
    "HeaderAutomaticUpdates": "Tự động cập nhật",
    "HeaderCustomDlnaProfiles": "Hồ sơ khách hàng",
    "HeaderFeatureAccess": "Truy cập tính năng",
    "HeaderFrequentlyPlayed": "Phát thường xuyên",
    "HeaderLatestEpisodes": "Các tập phim mới nhất",
    "HeaderLatestMovies": "Phim mới nhất",
    "HeaderRecentlyPlayed": "Phát gần đây",
    "HeaderSeries": "Series:",
    "HeaderStatus": "Trạng thái",
    "HeaderSystemDlnaProfiles": "Hồ sơ hệ thống",
    "HeaderUsers": "dùng",
    "LabelAllowServerAutoRestart": "Cho phép máy chủ tự động khởi động lại để áp dụng các bản cập nhật",
    "LabelAudioLanguagePreference": "Ngôn ngữ thoại ưa thích:",
    "LabelCountry": "Quốc gia:",
    "LabelCurrentPassword": "Mật khẩu hiện tại:",
    "LabelDay": "Ngày:",
    "LabelEnableDlnaPlayTo": "Cho phép DLNA chạy để",
    "LabelEvent": "Sự kiện:",
    "LabelFinish": "Kết thúc",
    "LabelLanguage": "Ngôn ngữ",
    "LabelName": "Tên:",
    "LabelNewPassword": "Mật khẩu mới:",
    "LabelNewPasswordConfirm": "Xác nhận mật khẩu mới:",
    "LabelNext": "Tiếp theo",
    "LabelPrevious": "Trước",
    "LabelSaveLocalMetadata": "Lưu các ảnh nghệ thuật và metadata vào trong các thư mục media",
    "LabelSaveLocalMetadataHelp": "Lưu các ảnh nghệ thuật và metadata vào trong các thư mục media, sẽ đưa chúng vào một nơi bạn có thể chỉnh sửa dễ dàng hơn.",
    "LabelTime": "Thời gian:",
    "LabelYourFirstName": "Tên của Bạn",
    "LabelYoureDone": "Bạn đã hoàn thành!",
    "MaxParentalRatingHelp": "Nội dung với đánh giá cao hơn sẽ được ẩn đi từ người dùng này.",
    "MessageNothingHere": "Không có gì ở đây.",
    "Monday": "Thứ Hai",
    "OptionAlbumArtist": "Album nghệ sỹ",
    "OptionAllowUserToManageServer": "Cho phép người dùng này quản lý máy chủ",
    "OptionArtist": "Nghệ sỹ",
    "OptionAutomatic": "Tự động",
    "OptionCommunityRating": "Đánh giá của cộng đồng",
    "OptionDateAdded": "Ngày thêm",
    "OptionDatePlayed": "Ngày phát",
    "OptionDisableUser": "Vô hiệu hóa người dùng này",
    "OptionDislikes": "Không thích",
    "OptionDownloadBackImage": "Trở lại",
    "OptionDownloadDiscImage": "Đĩa",
    "OptionDvd": "DVD",
    "OptionFavorite": "Yêu thích",
    "OptionHasSpecialFeatures": "Tính năng đặc biệt",
    "OptionHasSubtitles": "Phụ đề",
    "OptionHasThemeSong": "Hình nền bài hát",
    "OptionHasThemeVideo": "Hình nền Video",
    "OptionHideUser": "Ẩn người dùng này từ màn hình đăng nhập",
    "OptionImdbRating": "Đánh giá IMDb",
    "OptionIsHD": "Độ nét cao",
    "OptionIsSD": "Độ nét tiêu chuẩn",
    "OptionLikes": "Thích",
    "OptionMonday": "Thứ Hai",
    "OptionNameSort": "Tên",
    "OptionPlayCount": "Số lần phát",
    "OptionRuntime": "Thời gian phát",
    "OptionSaturday": "Thứ Bảy",
    "OptionSunday": "Chủ Nhật",
    "OptionTrackName": "Tên bài",
    "ParentalRating": "Parental Rating",
    "PasswordMatchError": "Mật khẩu và mật khẩu xác nhận cần phải khớp nhau .",
    "PasswordResetComplete": "Mật khẩu đã được reset",
    "PasswordResetConfirmation": "Bạn có chắc muốn reset mật khẩu?",
    "PasswordSaved": "Mật khẩu đã được lưu.",
    "Saturday": "Thứ Bảy",
    "Save": "Lưu",
    "SettingsSaved": "Lưu các cài đặt.",
    "Sunday": "Chủ Nhật",
    "TabAlbumArtists": "Các Album nghệ sỹ",
    "TabAlbums": "Các Album",
    "TabArtists": "Các nghệ sỹ",
    "TabCatalog": "Danh mục",
    "TabEpisodes": "Các tập phim",
    "TabGenres": "Các thể loại",
    "TabLatest": "Mới nhất",
    "TabMovies": "Các phim",
    "TabMusicVideos": "Các video âm nhạc",
    "TabMyPlugins": "Các plugin của tôi",
    "TabNetworks": "Các mạng",
    "TabPassword": "Mật khẩu",
    "TabProfile": "Hồ sơ",
    "TabProfiles": "Hồ sơ",
    "TabServer": "Máy chủ",
    "TabSongs": "Các ca khúc",
    "TabTranscoding": "Mã hóa",
    "TabUpcoming": "Sắp diễn ra",
    "TellUsAboutYourself": "Nói cho chúng tôi biết đôi điều về Bạn",
    "ThisWizardWillGuideYou": "Thủ thuật này sẽ hướng dẫn quá trình cài đặt cho bạn. Để bắt đầu, vui lòng lựa chọn ngôn ngữ bạn ưa thích.",
    "UninstallPluginConfirmation": "Bạn có chắc muốn gỡ bỏ{0}?",
    "UninstallPluginHeader": "Gỡ bỏ Plugin",
    "AccessRestrictedTryAgainLater": "Truy cập hiện đang hạn chế. Hãy thử lại sau.",
    "AddToCollection": "Thêm vào bộ sưu tập",
    "Actor": "Diễn viên",
    "ButtonRevoke": "Thu hồi",
    "ButtonResume": "Tiếp tục",
    "ButtonRestart": "Khởi động lại",
    "ButtonResetEasyPassword": "Đặt lại mã pin nhanh",
    "ButtonRepeat": "Lặp lại",
    "ButtonRename": "Đổi tên",
    "ButtonRefreshGuideData": "Làm mới dữ liệu hướng dẫn",
    "ButtonRefresh": "Làm mới",
    "ButtonQuickStartGuide": "Hướng dẫn nhanh",
    "ButtonProfile": "Hồ sơ",
    "ButtonPreviousTrack": "Bài trước",
    "ButtonPlay": "Chơi",
    "ButtonPause": "Tạm dừng",
    "ButtonParentalControl": "Kiểm soát của cha mẹ",
    "ButtonOpen": "Mở",
    "ButtonOff": "Tắt",
    "ButtonNextTrack": "Tiếp theo",
    "ButtonNetwork": "Mạng",
    "ButtonMore": "Thêm",
    "ButtonManualLogin": "Đăng nhập thủ công",
    "ButtonLibraryAccess": "Truy cập thư viện",
    "ButtonLearnMore": "Tìm hiểu thêm",
    "ButtonInfo": "Thông tin",
    "ButtonHome": "Trang chủ",
    "ButtonHelp": "Giúp đỡ",
    "ButtonGuide": "Hướng dẫn",
    "ButtonGotIt": "Hiểu rồi",
    "ButtonFullscreen": "Toàn màn hình",
    "ButtonForgotPassword": "Quên mật khẩu",
    "ButtonFilter": "Lọc",
    "ButtonEditOtherUserPreferences": "Chỉnh sửa hồ sơ, hình ảnh và sở thích cá nhân.",
    "ButtonEditImages": "Sửa hình ảnh",
    "ButtonEdit": "Sửa",
    "ButtonDownload": "Tải",
    "ButtonDown": "Xuống",
    "ButtonDelete": "Xoá",
    "ButtonConnect": "Kết nối",
    "ButtonChangeServer": "Đổi máy chủ",
    "ButtonBack": "Lùi",
    "ButtonAudioTracks": "Track âm thanh",
    "ButtonArrowUp": "Lên",
    "ButtonArrowRight": "Phải",
    "ButtonArrowLeft": "Trái",
    "ButtonArrowDown": "Xuống",
    "ButtonAddServer": "Thêm máy chủ",
    "ButtonAddScheduledTaskTrigger": "Thêm kích hoạt",
    "ButtonAddMediaLibrary": "Thêm thư viện Media",
    "ButtonAddImage": "Thêm hình ảnh",
    "BurnSubtitlesHelp": "Xác định xem máy chủ có ghi phụ đề khi chuyển đổi video hay không tùy thuộc vào định dạng phụ đề. Tránh ghi trong phụ đề sẽ cải thiện hiệu suất máy chủ. Chọn Tự động để ghi hình ảnh dựa trên các định dạng (VOBSUB, PGS, SUB / IDX, v.v.) và phụ đề ASS/SSA nhất định.",
    "Browse": "Duyệt",
    "BoxRear": "Hộp (mặt sau)",
    "Books": "Sách",
    "BookLibraryHelp": "Âm thanh và sách văn bản được hỗ trợ. Xem lại {0}hướng dẫn đặt tên sách{1}.",
    "Blacklist": "Danh sách đen",
    "BirthPlaceValue": "Nơi sinh: {0}",
    "BirthLocation": "Nơi sinh",
    "BirthDateValue": "Sinh năm: {0}",
    "Backdrops": "Phông nền",
    "Backdrop": "Phông nền",
    "AutoBasedOnLanguageSetting": "Tự động (dựa trên cài đặt ngôn ngữ)",
    "Auto": "Tự động",
    "AuthProviderHelp": "Chọn Nhà cung cấp xác thực sẽ được sử dụng để xác thực mật khẩu người dùng này.",
    "Audio": "Âm thanh",
    "AttributeNew": "Tạo mới",
    "AspectRatio": "Tỷ lệ khung hình",
    "AskAdminToCreateLibrary": "Yêu cầu quản trị viên tạo thư viện.",
    "Ascending": "Tăng dần",
    "AsManyAsPossible": "Càng nhiều càng tốt",
    "Artists": "Nghệ Sĩ",
    "AroundTime": "Xunh quanh {0}",
    "Anytime": "Bất cứ lúc nào",
    "AnyLanguage": "Bất kỳ ngôn ngữ",
    "AlwaysPlaySubtitlesHelp": "Phụ đề phù hợp với sở thích ngôn ngữ sẽ được tải bất kể ngôn ngữ âm thanh.",
    "AlwaysPlaySubtitles": "Luôn hiển thị phụ đề",
    "AllowedRemoteAddressesHelp": "Danh sách địa chỉ IP được phân tách bằng dấu phẩy hoặc các mục IP/netmask cho các mạng sẽ được phép kết nối từ xa. Nếu để trống, tất cả các địa chỉ sẽ được cho phép.",
    "AllowRemoteAccessHelp": "Nếu không được chọn, tất cả các kết nối từ xa sẽ bị chặn.",
    "AllowRemoteAccess": "Cho phép kết nối từ xa đến Máy chủ Jellyfin.",
    "AllowOnTheFlySubtitleExtractionHelp": "Phụ đề nhúng có thể được trích xuất từ video và dùng như văn bản thuần túy để giúp ngăn chặn chuyển mã video. Trên một số hệ thống, việc này có thể mất nhiều thời gian và khiến quá trình phát video bị đình trệ trong quá trình trích xuất. Vô hiệu hóa điều này để có phụ đề nhúng được ghi trong chuyển mã video khi chúng không được thiết bị khách hỗ trợ.",
    "AllowOnTheFlySubtitleExtraction": "Cho phép trích xuất phụ đề trực tiếp",
    "AllowMediaConversionHelp": "Cấp hoặc từ chối truy cập vào tính năng chuyển đổi media.",
    "AllowMediaConversion": "Cho phép chuyển đổi media",
    "AllowHWTranscodingHelp": "Cho phép bộ chỉnh chuyển mã stream khi đang chơi. Điều này có thể giúp giảm tải của máy chủ khi chuyển mã.",
    "AllLibraries": "Tất cả các thư viện",
    "AllLanguages": "Tất cả các ngôn ngữ",
    "AllEpisodes": "Tất cả các tập phim",
    "AllComplexFormats": "Tất cả các định dạng phức tạp (ASS, SSA, VOBSUB, PGS, SUB / IDX, v.v.)",
    "AllChannels": "Tất cả các kênh",
    "Alerts": "Cảnh Báo",
    "Albums": "Albums",
    "Aired": "Đã phát sóng",
    "AirDate": "Ngày phát sóng",
    "AdditionalNotificationServices": "Duyệt qua danh mục plugin để cài đặt các dịch vụ thông báo bổ sung.",
    "AddedOnValue": "Đã thêm {0}",
    "AddToPlaylist": "Thêm vào danh sách phát",
    "AddToPlayQueue": "Thêm vào hàng đợi",
    "AddItemToCollectionHelp": "Thêm các mục vào bộ sưu tập bằng cách tìm kiếm và nhấp chuột phải hoặc nhấn vào menu để thêm chúng vào bộ sưu tập.",
    "Absolute": "Tuyệt Đối",
    "ButtonSend": "Gửi",
    "ButtonSelectView": "Chọn chế độ xem",
    "ButtonSelectServer": "Chọn máy chủ",
    "ButtonScanAllLibraries": "Quét tất cả các thư viện",
    "ButtonOk": "Đồng Ý",
    "ButtonShuffle": "Xáo trộn",
    "Categories": "Phân loại",
    "CancelRecording": "Ngưng ghi hình",
    "ButtonWebsite": "Trang web",
    "ButtonViewWebsite": "Xem trang web",
    "ButtonUp": "Lên",
    "ButtonUninstall": "Gỡ cài đặt",
    "ButtonTrailer": "Tóm tắt",
    "ButtonSubtitles": "Phụ đề",
    "ButtonSubmit": "Đăng",
    "ButtonSplit": "Tách",
    "ButtonStop": "Ngưng",
    "ButtonStart": "Bắt đầu",
    "ButtonSignIn": "Đăng nhập",
    "ButtonShutdown": "Tắt",
    "ButtonSettings": "Cài đặt"
}
