{
    "Actor": "Ator",
    "Add": "Adicionar",
    "AddToPlaylist": "Adicionar à lista de reprodução",
    "AdditionalNotificationServices": "Explore o catálogo de extensões para instalar serviços adicionais de notificação.",
    "All": "Todos",
    "AttributeNew": "Novo",
    "Audio": "Áudio",
    "Backdrops": "Imagens de Fundo",
    "BrowsePluginCatalogMessage": "Procure extensões disponíveis no nosso catálogo.",
    "ButtonAdd": "Adicionar",
    "ButtonAddMediaLibrary": "Adicionar Biblioteca de Multimédia",
    "ButtonAddScheduledTaskTrigger": "Adicionar tarefa agendada",
    "ButtonAddServer": "Adicionar Servidor",
    "ButtonAddUser": "Adicionar Utilizador",
    "ButtonArrowDown": "Baixo",
    "ButtonArrowLeft": "Esquerda",
    "ButtonArrowRight": "Direita",
    "ButtonArrowUp": "Cima",
    "ButtonBack": "Voltar",
    "ButtonCancel": "Cancelar",
    "ButtonChangeServer": "Alterar Servidor",
    "ButtonConnect": "Ligar",
    "ButtonDelete": "Remover",
    "ButtonDeleteImage": "Apagar imagem",
    "ButtonEdit": "Editar",
    "ButtonEditOtherUserPreferences": "Editar este perfil de utilizador, imagem e preferências pessoais.",
    "ButtonFilter": "Filtro",
    "ButtonForgotPassword": "Esqueci-me da palavra-passe",
    "ButtonFullscreen": "Ecrã inteiro",
    "ButtonHelp": "Ajuda",
    "ButtonHome": "Início",
    "ButtonInfo": "Informação",
    "ButtonLearnMore": "Saiba mais",
    "ButtonManualLogin": "Início de Sessão Manual",
    "ButtonMore": "Mais",
    "ButtonNetwork": "Rede",
    "ButtonNew": "Novo",
    "ButtonNextTrack": "Faixa seguinte",
    "ButtonOpen": "Abrir",
    "ButtonPause": "Pausar",
    "ButtonPlay": "Reproduzir",
    "ButtonPreviousTrack": "Faixa anterior",
    "ButtonProfile": "Perfil",
    "ButtonQuickStartGuide": "Guia de Início Rápido",
    "ButtonRefresh": "Atualizar",
    "ButtonRefreshGuideData": "Atualizar Programação de TV",
    "ButtonRemove": "Remover",
    "ButtonRepeat": "Repetir",
    "ButtonResetEasyPassword": "Redefinir código PIN",
    "ButtonResetPassword": "Redefinir palavra-passe",
    "ButtonRestart": "Reiniciar",
    "ButtonResume": "Retomar",
    "ButtonRevoke": "Revogar",
    "ButtonSave": "Guardar",
    "ButtonScanAllLibraries": "Analisar todas as Bibliotecas",
    "ButtonSearch": "Procurar",
    "ButtonSelectDirectory": "Selecione a Pasta",
    "ButtonSelectView": "Selecionar visualização",
    "ButtonSend": "Enviar",
    "ButtonSettings": "Configurações",
    "ButtonShuffle": "Aleatório",
    "ButtonShutdown": "Encerrar",
    "ButtonSignIn": "Iniciar Sessão",
    "ButtonSignOut": "Sair",
    "ButtonSort": "Organizar",
    "ButtonStart": "Iniciar",
    "ButtonStop": "Parar",
    "ButtonSubmit": "Enviar",
    "ButtonSubtitles": "Legendas",
    "ButtonUninstall": "Desinstalar",
    "ButtonViewWebsite": "Ver website",
    "ChannelAccessHelp": "Selecione os canais para partilhar com este utilizador. Os administradores poderão editar todos os canais utilizando o gestor de metadados.",
    "CinemaModeConfigurationHelp": "O modo cinema traz a experiência do cinema para a sua sala, possibilitando reproduzir trailers e introduções personalizadas antes da longa-metragem.",
    "Composer": "Compositor",
    "ConfirmDeleteItem": "Apagar este item irá removê-lo da biblioteca e do sistema de ficheiros. Tem a certeza de que deseja continuar?",
    "ConfirmDeleteItems": "Apagar estes itens irá removê-los da biblioteca e do sistema de ficheiros. Tem a certeza de que deseja continuar?",
    "ConfirmDeletion": "Confirmar Exclusão",
    "Connect": "Ligar",
    "Continuing": "A Continuar",
    "CustomDlnaProfilesHelp": "Crie um perfil personalizado para um novo dispositivo ou para sobrepor um perfil de sistema.",
    "Delete": "Remover",
    "DeleteDeviceConfirmation": "Tem a certeza de que deseja remover este dispositivo? Irá reaparecer da próxima vez que o utilizador inicie sessão a partir dele.",
    "DeleteImage": "Apagar Imagem",
    "DeleteImageConfirmation": "Tem a certeza de que deseja apagar a imagem?",
    "DeleteMedia": "Remover conteúdo",
    "DeleteUser": "Apagar Utilizador",
    "DeleteUserConfirmation": "Tem a certeza de que deseja apagar este utilizador?",
    "DeviceAccessHelp": "Apenas se aplica a dispositivos que podem ser identificados como únicos e que não impedem o acesso ao navegador. Filtrar o acesso a dispositivos do utilizador, impede-o de utilizar novos dispositivos, até estes serem aprovados aqui.",
    "Director": "Realizador",
    "EasyPasswordHelp": "O código PIN é utilizado para acesso off-line em clientes suportados e pode ser usado para um acesso fácil dentro da rede.",
    "Edit": "Editar",
    "EnableCinemaMode": "Modo cinema",
    "Ended": "Terminado",
    "ErrorAddingMediaPathToVirtualFolder": "Ocorreu um erro ao adicionar a localização dos seus ficheiros. Por favor, assegure-se que o local é valido e que o processo do Jellyfin Server tenha acesso a essa localização.",
    "ErrorGettingTvLineups": "Ocorreu um erro ao transferir a programação de TV. Por favor, certifique-se que a sua informação está correta e tente novamente.",
    "ErrorPleaseSelectLineup": "Por favor selecione a programação e tente novamente. Se não houver programações disponíveis, verifique se o seu nome de utilizador, senha e código postal estão corretos.",
    "ExitFullscreen": "Sair do ecrã inteiro",
    "FastForward": "Avanço rápido",
    "FileNotFound": "Ficheiro não encontrado.",
    "FileReadCancelled": "A leitura do ficheiro foi cancelada.",
    "FileReadError": "Ocorreu um erro ao ler o ficheiro.",
    "FolderTypeBooks": "Livros",
    "FolderTypeMovies": "Filmes",
    "FolderTypeMusic": "Música",
    "FolderTypeMusicVideos": "Videoclips",
    "FolderTypeTvShows": "Programas TV",
    "Friday": "Sexta",
    "Fullscreen": "Ecrã inteiro",
    "GuideProviderSelectListings": "Selecionar Listas",
    "HeaderAccessSchedule": "Restrição Horária de Acesso",
    "HeaderAccessScheduleHelp": "Crie uma restrição horária de acesso para limitar o acesso ao Jellyfin a determinadas horas.",
    "HeaderActiveDevices": "Dispositivos Ativos",
    "HeaderActiveRecordings": "Gravações Ativas",
    "HeaderActivity": "Atividade",
    "HeaderAddScheduledTaskTrigger": "Adicionar Tarefa Agendada",
    "HeaderAddToCollection": "Adicionar à Coleção",
    "HeaderAddUpdateImage": "Adicionar/Atualizar Imagem",
    "HeaderAddUser": "Adicionar Utilizador",
    "HeaderAdditionalParts": "Partes Adicionais",
    "HeaderApiKey": "Chave da API",
    "HeaderApiKeys": "Chaves da API",
    "HeaderApiKeysHelp": "As aplicações externas necessitam de uma chave da API para comunicar com o Jellyfin Server. As chaves são emitidas ao entrar com uma conta Jellyfin ou concedendo manualmente a chave à aplicação.",
    "HeaderApp": "Aplicação",
    "HeaderAudioSettings": "Configurações de Áudio",
    "HeaderAutomaticUpdates": "Atualizações automáticas",
    "HeaderBlockItemsWithNoRating": "Bloquear conteúdo sem informação de classificação etária ou com informação desconhecida:",
    "HeaderBranding": "Marca",
    "HeaderCastCrew": "Elenco e Equipa",
    "HeaderChannelAccess": "Acesso ao Canal",
    "HeaderChannels": "Canais",
    "HeaderCodecProfile": "Perfil do Codec",
    "HeaderCodecProfileHelp": "Perfis do Codec indicam as limitações de um dispositivo ao reproduzir codecs específicos. Se uma limitação ocorre, o ficheiro multimédia será transcodificado, mesmo se o codec estiver configurado para reprodução direta.",
    "HeaderConfirmProfileDeletion": "Confirmar Remoção do Perfil",
    "HeaderConfirmRevokeApiKey": "Revogar Chave da API",
    "HeaderConnectToServer": "Ligar ao Servidor",
    "HeaderContainerProfile": "Perfil do Contentor",
    "HeaderContainerProfileHelp": "Perfis do contentor indicam as limitações de um dispositivo ao reproduzir formatos específicos. Se uma limitação ocorre, o ficheiro multimédia será transcodificado, mesmo se o formato estiver configurado para reprodução direta.",
    "HeaderContinueWatching": "Continuar a Ver",
    "HeaderCustomDlnaProfiles": "Perfis Personalizados",
    "HeaderDateIssued": "Data da Emissão",
    "HeaderDeleteItem": "Remover item",
    "HeaderDeleteItems": "Remover Itens",
    "HeaderDeleteTaskTrigger": "Remover Tarefa Agendada",
    "HeaderDeveloperInfo": "Informação do Programador",
    "HeaderDeviceAccess": "Acesso ao Dispositivo",
    "HeaderDevices": "Dispositivos",
    "HeaderDirectPlayProfile": "Perfil da Reprodução Direta",
    "HeaderDirectPlayProfileHelp": "Adicionar perfis de reprodução direta que indiquem que formatos o dispositivo pode suportar nativamente.",
    "HeaderDisplay": "Visualização",
    "HeaderEasyPinCode": "Código PIN",
    "HeaderEnabledFields": "Campos Ativados",
    "HeaderEnabledFieldsHelp": "Desmarque um campo para bloqueá-lo e evitar que seus dados sejam alterados.",
    "HeaderError": "Erro",
    "HeaderFeatureAccess": "Acesso a Características",
    "HeaderFeatures": "Recursos",
    "HeaderFetchImages": "Procurar Imagens:",
    "HeaderFilters": "Filtros",
    "HeaderForgotPassword": "Esqueci-me da palavra-passe",
    "HeaderFrequentlyPlayed": "Reproduzido Frequentemente",
    "HeaderGenres": "Géneros",
    "HeaderGuideProviders": "Provedores de Programação de TV",
    "HeaderHttpHeaders": "Cabeçalhos HTTP",
    "HeaderIdentification": "Identificação",
    "HeaderIdentificationCriteriaHelp": "Introduza, pelo menos, um critério de identificação.",
    "HeaderIdentificationHeader": "Cabeçalho de Identificação",
    "HeaderIdentifyItemHelp": "Introduza um ou mais critérios de pesquisa. Exclua o critério para aumentar os resultados da procura.",
    "HeaderImageSettings": "Configurações de Imagem",
    "HeaderInstall": "Instalar",
    "HeaderInstantMix": "Mix instantâneo",
    "HeaderLatestEpisodes": "Últimos Episódios",
    "HeaderLatestMedia": "Conteúdo Recente",
    "HeaderLatestMovies": "Últimos Filmes",
    "HeaderLatestMusic": "Últimas Músicas",
    "HeaderLatestRecordings": "Últimas Gravações",
    "HeaderLibraries": "Bibliotecas",
    "HeaderLibraryAccess": "Acesso à Biblioteca",
    "HeaderLibraryFolders": "Pastas Multimédia",
    "HeaderLibrarySettings": "Configurações da Biblioteca",
    "HeaderLiveTV": "TV em Direto",
    "HeaderLiveTv": "TV em Direto",
    "HeaderLoginFailure": "Falha no Login",
    "HeaderMedia": "Multimédia",
    "HeaderMediaFolders": "Pastas Multimédia",
    "HeaderMediaInfo": "Informações Multimédia",
    "HeaderMetadataSettings": "Configurações de Metadados",
    "HeaderMusicVideos": "Videoclips",
    "HeaderMyMedia": "O Meu Conteúdo",
    "HeaderNewApiKey": "Nova Chave da API",
    "HeaderNextUp": "A Seguir",
    "HeaderParentalRatings": "Classificações Parentais",
    "HeaderPassword": "Palavra-passe",
    "HeaderPasswordReset": "Redefinição de Palavra-Passe",
    "HeaderPaths": "Localizações",
    "HeaderPendingInvitations": "Convites Pendentes",
    "HeaderPeople": "Pessoas",
    "HeaderPinCodeReset": "Redefinir Código PIN",
    "HeaderPlayAll": "Reproduzir Todos",
    "HeaderPlayback": "Reprodução de Multimédia",
    "HeaderPlaybackError": "Erro na Reprodução",
    "HeaderPleaseSignIn": "Iniciar Sessão",
    "HeaderPreferredMetadataLanguage": "Idioma Preferencial dos Metadados",
    "HeaderProfile": "Perfil",
    "HeaderProfileInformation": "Informação do Perfil",
    "HeaderProfileServerSettingsHelp": "Estes valores controlam como o Servidor Jellyfin se apresenta a si mesmo para o dispositivo.",
    "HeaderRecentlyPlayed": "Reproduzido Recentemente",
    "HeaderRemoteControl": "Controlo Remoto",
    "HeaderRemoveMediaFolder": "Remover Pasta Multimédia",
    "HeaderRemoveMediaLocation": "Remover Localização dos ficheiros multimédia",
    "HeaderResponseProfile": "Perfil de Resposta",
    "HeaderResponseProfileHelp": "Perfis de resposta oferecem uma forma de personalizar a informação enviada para o dispositivo ao executar certos ficheiros multimédia.",
    "HeaderRestart": "Reiniciar",
    "HeaderRevisionHistory": "Histórico de Versões",
    "HeaderRunningTasks": "Tarefas em Execução",
    "HeaderScenes": "Cenas",
    "HeaderSchedule": "Agendamentos",
    "HeaderSelectCertificatePath": "Selecione a Localização do Certificado",
    "HeaderSelectMetadataPath": "Selecione a Localização dos Metadados",
    "HeaderSelectMetadataPathHelp": "Procure ou introduza a localização da pasta para guardar os metadados. O Servidor Jellyfin deve ter acesso de escrita a essa pasta.",
    "HeaderSelectPath": "Selecione o Local",
    "HeaderSelectServer": "Selecionar Servidor",
    "HeaderSelectServerCachePath": "Selecione a Localização da Cache do Servidor",
    "HeaderSelectServerCachePathHelp": "Procure ou introduza a localização da pasta para guardar a cache do servidor. O Servidor Jellyfin deve ter acesso de escrita a essa pasta.",
    "HeaderSelectTranscodingPath": "Selecione o Local Temporário da Transcodificação",
    "HeaderSelectTranscodingPathHelp": "Procure ou introduza a localização da pasta para guardar os ficheiros temporários de transcodificação. O Servidor Jellyfin deve ter acesso de escrita a essa pasta.",
    "HeaderSendMessage": "Enviar mensagem",
    "HeaderSeries": "Série",
    "HeaderServerSettings": "Configurações do Servidor",
    "HeaderSettings": "Configurações",
    "HeaderSetupLibrary": "Configurar Bibliotecas Multimédia",
    "HeaderShutdown": "Encerrar",
    "HeaderSpecialEpisodeInfo": "Informação do Episódio Especial",
    "HeaderSpecialFeatures": "Extras",
    "HeaderStatus": "Estado",
    "HeaderSubtitleProfile": "Perfil das Legendas",
    "HeaderSubtitleProfiles": "Perfis das Legendas",
    "HeaderSubtitleProfilesHelp": "Os perfis das legendas descrevem os formatos de legendas suportados pelo dispositivo.",
    "HeaderSystemDlnaProfiles": "Perfis de Sistema",
    "HeaderTaskTriggers": "Tarefas Agendadas",
    "HeaderThisUserIsCurrentlyDisabled": "Este utilizador está desativado atualmente",
    "HeaderTranscodingProfile": "Perfil da Transcodificação",
    "HeaderTranscodingProfileHelp": "Adicionar perfis de transcodificação que indiquem que formatos deverão ser usados quando a transcodificação é necessária.",
    "HeaderTunerDevices": "Sintonizadores",
    "HeaderTypeText": "Inserir texto",
    "HeaderUser": "Utilizador",
    "HeaderUsers": "Utilizadores",
    "HeaderVideoTypes": "Tipos de Vídeo",
    "HeaderVideos": "Vídeos",
    "HeaderXmlDocumentAttribute": "Atributo do Documento XML",
    "HeaderXmlDocumentAttributes": "Atributos do Documento XML",
    "HeaderXmlSettings": "Configurações de XML",
    "HeaderYears": "Anos",
    "HeadersFolders": "Pastas",
    "Help": "Ajuda",
    "Identify": "Identificar",
    "Images": "Imagens",
    "ImportFavoriteChannelsHelp": "Se ativado, apenas canais que estão marcados como favoritos no sintonizador serão importados.",
    "ImportMissingEpisodesHelp": "Se ativado, a informação acerca dos episódios em falta será importada para a base de dados do Servidor Jellyfin e mostrada dentro das temporadas e séries. Isto pode aumentar significativamente a duração da análise da biblioteca.",
    "InstantMix": "Mix instântaneo",
    "ItemCount": "{0} itens",
    "Label3DFormat": "Formato 3D:",
    "LabelAccessDay": "Dia da semana:",
    "LabelAccessEnd": "Hora de Fim:",
    "LabelAccessStart": "Hora de Início:",
    "LabelAirDays": "Dias da Exibição:",
    "LabelAirTime": "Horário:",
    "LabelAirsAfterSeason": "Estreou depois da temporada:",
    "LabelAirsBeforeEpisode": "Estreou antes do episódio:",
    "LabelAirsBeforeSeason": "Estreou antes da temporada:",
    "LabelAlbum": "Álbum:",
    "LabelAlbumArtMaxHeight": "Altura máxima da capa do álbum:",
    "LabelAlbumArtMaxHeightHelp": "Resolução máxima da capa do álbum exposta via upnp:albumArtURI.",
    "LabelAlbumArtMaxWidth": "Largura máxima da capa do álbum:",
    "LabelAlbumArtMaxWidthHelp": "Resolução máxima da capa do álbum exposta via upnp:albumArtURI.",
    "LabelAlbumArtPN": "PN da capa do álbum:",
    "LabelAlbumArtists": "Artistas do Álbum:",
    "LabelAll": "Todos",
    "LabelAllowServerAutoRestart": "Permitir ao servidor reiniciar automaticamente para aplicar atualizações",
    "LabelAllowServerAutoRestartHelp": "O servidor irá reiniciar apenas durante períodos em que não esteja a ser usado, quando nenhum utilizador estiver ativo.",
    "LabelAppName": "Nome da aplicação",
    "LabelAppNameExample": "Exemplo: Sickbeard, Sonarr",
    "LabelArtists": "Artistas:",
    "LabelArtistsHelp": "Separe múltiplos com ;",
    "LabelAudioLanguagePreference": "Idioma de áudio preferido:",
    "LabelBlastMessageInterval": "Intervalo para envio de mensagens de reconhecimento (segundos)",
    "LabelBlastMessageIntervalHelp": "Determina a duração em segundos entre as mensagens de exploração enviadas pelo servidor.",
    "LabelBlockContentWithTags": "Bloquear conteúdo com as tags:",
    "LabelCachePath": "Localização da cache:",
    "LabelCachePathHelp": "Defina uma localização para os ficheiros de cache como, por exemplo, imagens. Deixe em branco para utilizar o padrão do servidor.",
    "LabelCancelled": "Cancelado",
    "LabelCollection": "Coleção:",
    "LabelCommunityRating": "Avaliação da comunidade:",
    "LabelContentType": "Tipo de conteúdo:",
    "LabelCountry": "País:",
    "LabelCriticRating": "Avaliação da crítica:",
    "LabelCurrentPassword": "Palavra-passe atual:",
    "LabelCustomCertificatePath": "Localização do certificado SSL personalizado:",
    "LabelCustomCertificatePathHelp": "Localização do ficheiro PKCS #12 que contém um certificado e um chave privada, que permite ativar o suporte a ligações TLS em domínios privados.",
    "LabelCustomCss": "CSS personalizado:",
    "LabelCustomCssHelp": "Aplica um ficheiro de estilos customizado à interface web.",
    "LabelCustomDeviceDisplayName": "Nome a ser mostrado:",
    "LabelCustomDeviceDisplayNameHelp": "Forneça um nome a ser mostrado, ou deixe em branco para utilizar o nome reportado pelo dispositivo.",
    "LabelCustomRating": "Classificação personalizada:",
    "LabelDateAdded": "Adicionado a:",
    "LabelDateAddedBehavior": "Comportamento da data de adição para conteúdo novo:",
    "LabelDateAddedBehaviorHelp": "Se um valor estiver presente nos metadados, será utilizado antes destas opções.",
    "LabelDay": "Dia:",
    "LabelDefaultUser": "Utilizador por defeito:",
    "LabelDefaultUserHelp": "Determina que biblioteca será apresentada aos dispositivos ligados. Pode ser redefinido para cada dispositivo utilizando perfis.",
    "LabelDeviceDescription": "Descrição do dispositivo",
    "LabelDidlMode": "Modo DIDL:",
    "LabelDisplayMissingEpisodesWithinSeasons": "Mostrar episódios em falta numa série",
    "LabelDisplayName": "Nome para apresentação:",
    "LabelDisplayOrder": "Ordem de apresentação:",
    "LabelDisplaySpecialsWithinSeasons": "Mostrar epsódios especiais nas temporadas em que estrearam",
    "LabelDownMixAudioScale": "Reforço de áudio durante o downmix:",
    "LabelDownMixAudioScaleHelp": "Aumentar o volume de áudio durante o downmix. O valor 1 preserva o volume original.",
    "LabelDownloadLanguages": "Transferir os idiomas:",
    "LabelEasyPinCode": "Código PIN:",
    "LabelEmbedAlbumArtDidl": "Incorporar a capa do álbum no DIDL",
    "LabelEmbedAlbumArtDidlHelp": "Alguns dispositivos preferem este método para obter a capa do álbum. Noutros pode falhar a reprodução com esta opção ativada.",
    "LabelEnableAutomaticPortMap": "Ativar mapeamento automático de portas",
    "LabelEnableAutomaticPortMapHelp": "Automaticamente encaminha o porto público para o porto local através de UPnP.  Isto poderá não funcionar em alguns modelos de routers ou devido às configurações da rede. As alterações só serão aplicadas após o reiniciar do servidor",
    "LabelEnableBlastAliveMessages": "Enviar mensagens de reconhecimento",
    "LabelEnableBlastAliveMessagesHelp": "Ativar esta opção se o servidor não for convenientemente detetado por outros dispositivos UPnP na rede.",
    "LabelEnableDlnaClientDiscoveryInterval": "Intervalo para descoberta de clientes (segundos)",
    "LabelEnableDlnaClientDiscoveryIntervalHelp": "Determina o tempo em segundos entre procuras SSDP executadas pelo Servidor Jellyfin.",
    "LabelEnableDlnaDebugLogging": "Ativar log de depuração do DLNA",
    "LabelEnableDlnaDebugLoggingHelp": "Esta opção irá criar ficheiros de log grandes e deve apenas ser usado quando é necessário para depurar problemas.",
    "LabelEnableDlnaPlayTo": "Ativar DLNA Play-To",
    "LabelEnableDlnaPlayToHelp": "Detetar dispositivos na rede e oferecer a possibilidade de os controlar.",
    "LabelEnableDlnaServer": "Ativar servidor DLNA",
    "LabelEnableDlnaServerHelp": "Permite que dispositivos UPnP na rede naveguem e reproduzam conteúdo.",
    "LabelEnableHardwareDecodingFor": "Ativar descodificação por hardware para:",
    "LabelEnableRealtimeMonitor": "Ativar monitorização em tempo real",
    "LabelEnableRealtimeMonitorHelp": "As alterações serão processadas imediatamente em sistemas de ficheiros suportados.",
    "LabelEnableSingleImageInDidlLimit": "Limitar a uma imagem incorporada",
    "LabelEnableSingleImageInDidlLimitHelp": "Alguns dispositivos não interpretarão apropriadamente se múltiplas imagens estiverem incorporadas no DIDL.",
    "LabelEndDate": "Data de fim:",
    "LabelEpisodeNumber": "Número do episódio:",
    "LabelEvent": "Evento:",
    "LabelEveryXMinutes": "A cada:",
    "LabelExtractChaptersDuringLibraryScan": "Extrair imagens dos capítulos durante a atualização da biblioteca",
    "LabelExtractChaptersDuringLibraryScanHelp": "Gerar imagens dos capítulos quando os vídeos forem importados durante a atualização da biblioteca. Caso contrário, serão geradas durante a tarefa agendada de extração de imagens dos capítulos, permitindo que a atualização da biblioteca seja mais rápida.",
    "LabelFailed": "Falhou",
    "LabelFinish": "Terminar",
    "LabelForgotPasswordUsernameHelp": "Introduza o seu nome de utilizador, se se recordar.",
    "LabelFormat": "Formato:",
    "LabelFriendlyName": "Nome amigável:",
    "LabelServerNameHelp": "Este nome será utilizado para identificar o servidor. Por defeito, é usado o nome do computador.",
    "LabelGroupMoviesIntoCollections": "Agrupar filmes em coleções",
    "LabelGroupMoviesIntoCollectionsHelp": "Ao mostrar listas de filmes, filmes que pertençam a uma coleção serão mostrados como um único item agrupado.",
    "LabelHardwareAccelerationType": "Aceleração por hardware:",
    "LabelHardwareAccelerationTypeHelp": "Aceleração via hardware requer configurações adicionais.",
    "LabelHttpsPort": "Número do porto HTTPS local:",
    "LabelHttpsPortHelp": "Número do porto TCP em que o servidor HTTPS do Jellyfin ficará à escuta.",
    "LabelIconMaxHeight": "Altura máxima do ícone:",
    "LabelIconMaxHeightHelp": "Resolução máxima do ícone que é exposto via upnp:icon.",
    "LabelIconMaxWidth": "Largura máxima do ícone:",
    "LabelIconMaxWidthHelp": "Resolução máxima do ícone que é exposto via upnp:icon.",
    "LabelIdentificationFieldHelp": "Uma substring ou expressão regex que não diferencia maiúscula de minúsculas.",
    "LabelImageType": "Tipo de imagem:",
    "LabelImportOnlyFavoriteChannels": "Restringir a canais marcados como favoritos",
    "LabelInNetworkSignInWithEasyPassword": "Ativar acesso dentro da rede com código PIN",
    "LabelInNetworkSignInWithEasyPasswordHelp": "Utilizar um código PIN para entrar no Jellyfin dentro da rede. A palavra-passe só será necessária fora da rede. Se o código PIN for deixado em branco, não será necessária autenticação dentro da rede.",
    "LabelKodiMetadataDateFormat": "Formato da data de lançamento:",
    "LabelKodiMetadataDateFormatHelp": "Todas as datas presentes em ficheiros NFO serão analisadas utilizando este formato.",
    "LabelKodiMetadataEnableExtraThumbs": "Copiar o parâmetro extrafanart para extrathumbs",
    "LabelKodiMetadataEnableExtraThumbsHelp": "Ao transferir imagens, estas podem ser guardadas como extrafanart e extrathumbs para uma maior compatibilidade com os temas Kodi.",
    "LabelKodiMetadataEnablePathSubstitution": "Ativar substituição de localização",
    "LabelKodiMetadataEnablePathSubstitutionHelp": "Ativa a substituição da localização das imagens usando as opções de substituição de localização no servidor.",
    "LabelKodiMetadataSaveImagePaths": "Guardar a localização de imagens em ficheiros nfo",
    "LabelKodiMetadataSaveImagePathsHelp": "Esta opção é recomendada se existirem nomes de imagens que não estejam de acordo com as recomendações do Kodi.",
    "LabelLanguage": "Idioma:",
    "LabelLineup": "Programação:",
    "LabelLocalHttpServerPortNumber": "Número do porto HTTP local:",
    "LabelLocalHttpServerPortNumberHelp": "Número do porto TCP em que o servidor HTTP do Jellyfin ficará à escuta.",
    "LabelLockItemToPreventChanges": "Bloquear este item para evitar alterações futuras",
    "LabelLoginDisclaimer": "Aviso legal de login:",
    "LabelLoginDisclaimerHelp": "Este aviso será mostrado na parte inferior da página de login.",
    "LabelManufacturer": "Fabricante:",
    "LabelManufacturerUrl": "URL do Fabricante",
    "LabelMatchType": "Tipo de correspondência:",
    "LabelMaxBackdropsPerItem": "Número máximo de imagens de fundo por item:",
    "LabelMaxParentalRating": "Controlo parental máximo permitido:",
    "LabelMaxResumePercentage": "Percentagem máxima de visualização para permitir retomar:",
    "LabelMaxResumePercentageHelp": "Os títulos são considerados como vistos se parados após esta percentagem da duração.",
    "LabelMaxScreenshotsPerItem": "Número máximo de capturas de ecrã por item:",
    "LabelMaxStreamingBitrateHelp": "Defina uma taxa máxima de transmissão.",
    "LabelMessageText": "Texto da mensagem:",
    "LabelMessageTitle": "Titulo da mensagem:",
    "LabelMetadata": "Metadados:",
    "LabelMetadataDownloadLanguage": "Idioma preferido para transferência:",
    "LabelMetadataPath": "Localização dos metadados:",
    "LabelMetadataPathHelp": "Introduza a localização para guardar capas de álbum e metadados transferidos da Internet.",
    "LabelMethod": "Método:",
    "LabelMinBackdropDownloadWidth": "Transferir imagens de fundo com este tamanho mínimo:",
    "LabelMinResumeDuration": "Duração mínima para permitir retoma de visualização:",
    "LabelMinResumeDurationHelp": "Conteúdos com duração inferior não permitirão parar e retomar a reprodução.",
    "LabelMinResumePercentage": "Percentagem mínima de visualização para permitir retomar:",
    "LabelMinResumePercentageHelp": "Os títulos são considerados como não vistos se parados antes desta percentagem da duração.",
    "LabelMinScreenshotDownloadWidth": "Transferir capturas de ecrã com este tamanho mínimo:",
    "LabelModelDescription": "Descrição do modelo",
    "LabelModelName": "Nome do modelo",
    "LabelModelNumber": "Número do modelo",
    "LabelModelUrl": "URL do modelo",
    "LabelMonitorUsers": "Monitorizar atividade de:",
    "LabelMusicStreamingTranscodingBitrate": "Taxa de transcodificação de música:",
    "LabelMusicStreamingTranscodingBitrateHelp": "Defina a taxa máxima ao fazer transmissão de música.",
    "LabelName": "Nome:",
    "LabelNewPassword": "Nova palavra-passe:",
    "LabelNewPasswordConfirm": "Confirmar nova palavra-passe:",
    "LabelNext": "Seguinte",
    "LabelNotificationEnabled": "Ativar esta notificação",
    "LabelNumberOfGuideDays": "Número de dias de programação de TV para transferir:",
    "LabelNumberOfGuideDaysHelp": "Transferir mais dias de programação de TV permite agendar com maior antecedência e ver mais listagens, no entanto, irá levar mais tempo a transferir. Se selecionar Automático, será escolhido o período baseado no número de canais.",
    "LabelOriginalAspectRatio": "Proporção original:",
    "LabelOverview": "Sinopse:",
    "LabelParentalRating": "Classificação parental:",
    "LabelPassword": "Palavra-Passe:",
    "LabelPasswordConfirm": "Palavra-passe (confirmar):",
    "LabelPasswordRecoveryPinCode": "Código PIN:",
    "LabelPath": "Local:",
    "LabelPersonRole": "Personagem:",
    "LabelPlaceOfBirth": "Local de nascimento:",
    "LabelPlayDefaultAudioTrack": "Reproduzir a faixa de áudio padrão independentemente do idioma",
    "LabelPreferredDisplayLanguage": "Idioma de visualização preferido:",
    "LabelPreferredDisplayLanguageHelp": "A tradução do Jellyfin é um projeto contínuo.",
    "LabelPrevious": "Anterior",
    "LabelProfileAudioCodecs": "Codecs do áudio:",
    "LabelProfileCodecsHelp": "Separados por vírgula. Pode ser deixado em branco para usar com todos os codecs.",
    "LabelProfileContainer": "Contentor:",
    "LabelProfileContainersHelp": "Separados por vírgula. Pode ser deixado em branco para ser aplicado a todos os containers.",
    "LabelProfileVideoCodecs": "Codecs do vídeo:",
    "LabelProtocol": "Protocolo:",
    "LabelProtocolInfo": "Informação do protocolo:",
    "LabelProtocolInfoHelp": "O valor que será usado ao responder os pedidos GetProtocolInfo do dispositivo.",
    "LabelPublicHttpPort": "Número do porto público HTTP:",
    "LabelPublicHttpPortHelp": "Número do porto público que deverá ser mapeado para o porto HTTP local.",
    "LabelPublicHttpsPort": "Número do porto público HTTPS:",
    "LabelPublicHttpsPortHelp": "Número do porto público que deverá ser mapeado para o porto HTTPS local.",
    "LabelReadHowYouCanContribute": "Veja como pode contribuir.",
    "LabelRecordingPath": "Localização predefinida das gravações:",
    "LabelReleaseDate": "Data de lançamento:",
    "LabelRemoteClientBitrateLimit": "Taxa de bits máxima para transmissão para a Internet (Mbps):",
    "LabelRuntimeMinutes": "Duração (minutos):",
    "LabelSaveLocalMetadata": "Guardar capas de álbum nas pastas multimédia",
    "LabelSaveLocalMetadataHelp": "Guardar capas de álbum diretamente nas pastas multimédia, vai colocá-las num local de fácil acesso para edição.",
    "LabelScheduledTaskLastRan": "Última execução há {0}. Tempo de execução {1}.",
    "LabelSeasonNumber": "Número da temporada:",
    "LabelSelectUsers": "Selecionar utilizadores:",
    "LabelSelectVersionToInstall": "Selecione a versão para instalar:",
    "LabelSendNotificationToUsers": "Enviar notificação para:",
    "LabelSerialNumber": "Número de série",
    "LabelServerHost": "Servidor:",
    "LabelServerHostHelp": "192.168.1.100:8096 ou https://omeudominio.com",
    "LabelSkipIfAudioTrackPresent": "Ignorar no caso de o idioma da faixa de áudio principal coincidir com o idioma de transferência",
    "LabelSkipIfAudioTrackPresentHelp": "Desmarque esta opção para garantir que todos os vídeos têm legendas, independentemente do idioma do áudio.",
    "LabelSkipIfGraphicalSubsPresent": "Ignorar se o vídeo já possuir legendas integradas",
    "LabelSkipIfGraphicalSubsPresentHelp": "Manter versões das legendas em texto resultará numa transmissão mais eficiente e diminuirá a necessidade de transcodificação de vídeo.",
    "LabelSonyAggregationFlags": "Flags de agregação da Sony:",
    "LabelSonyAggregationFlagsHelp": "Determina o conteúdo do elemento aggregationFlags no namespace urn:schemas-sonycom:av.",
    "LabelSource": "Fonte:",
    "LabelStartWhenPossible": "Começar, quando possível:",
    "LabelStatus": "Estado:",
    "LabelStopWhenPossible": "Parar, quando possível:",
    "LabelStopping": "A Parar",
    "LabelSubtitleFormatHelp": "Exemplo: srt",
    "LabelSubtitlePlaybackMode": "Modo das Legendas:",
    "LabelSupportedMediaTypes": "Tipos de Conteúdos Suportados:",
    "LabelTagline": "Slogan:",
    "LabelTime": "Tempo:",
    "LabelTimeLimitHours": "Limite de tempo (horas):",
    "LabelTranscodingAudioCodec": "Codec de áudio:",
    "LabelTranscodingContainer": "Contentor:",
    "LabelTranscodingTempPathHelp": "Indique uma localização personalizada para os ficheiros de transcodificação em utilização, ou deixe em branco para utilizar o caminho por defeito.",
    "LabelTranscodingThreadCount": "Número de threads de transcodificação:",
    "LabelTranscodingThreadCountHelp": "Indique o número máximo de threads a ser utilizado para transcodificação. Reduzir o número de threads diminuirá a utilização do CPU, mas pode não converter rápido o suficiente para uma experiência de reprodução suave.",
    "LabelTranscodingVideoCodec": "Codec do vídeo:",
    "LabelTriggerType": "Tipo do Acionador:",
    "LabelTunerIpAddress": "Endereço IP do Sintonizador:",
    "LabelTunerType": "Tipo do sintonizador:",
    "LabelType": "Tipo:",
    "LabelTypeText": "Texto",
    "LabelUseNotificationServices": "Usar os seguintes serviços:",
    "LabelUser": "Utilizador:",
    "LabelUserLibrary": "Biblioteca do Utilizador:",
    "LabelUserLibraryHelp": "Selecione qual a biblioteca de utilizador a mostrar no dispositivo. Deixe em branco para herdar a definição padrão.",
    "LabelUsername": "Nome de Utilizador:",
    "LabelValue": "Valor:",
    "LabelVersionInstalled": "{0} instalado",
    "LabelVersionNumber": "Versão {0}",
    "LabelXDlnaCapHelp": "Determina o conteúdo do elemento X_DLNACAP no namespace urn:schemas-dlna-org:device-1-0.",
    "LabelXDlnaDocHelp": "Determina o conteúdo do elemento X_DLNADOC no namespace urn:schemas-dlna-org:device-1-0.",
    "LabelYourFirstName": "O seu primeiro nome:",
    "LabelYoureDone": "Concluiu!",
    "LabelZipCode": "CEP:",
    "LibraryAccessHelp": "Escolha as Bibliotecas a partilhar com este utilizador. Os Administradores poderão editar todas as pastas, usando o Gestor de Metadados.",
    "MaxParentalRatingHelp": "Conteúdo com classificação mais elevada será escondida deste utilizador.",
    "MessageAreYouSureDeleteSubtitles": "Tem a certeza de que deseja remover este ficheiro de legendas?",
    "MessageAreYouSureYouWishToRemoveMediaFolder": "Tem a certeza de que deseja remover esta pasta?",
    "MessageConfirmProfileDeletion": "Tem a certeza de que deseja remover este perfil?",
    "MessageConfirmRecordingCancellation": "Cancelar a gravação?",
    "MessageConfirmRestart": "Tem a certeza de que deseja reiniciar o Servidor Jellyfin?",
    "MessageConfirmRevokeApiKey": "Tem a certeza de que deseja revogar esta chave da API? A ligação da aplicação ao Servidor Jellyfin vai ser terminada de imediato.",
    "MessageConfirmShutdown": "Tem a certeza de que deseja encerrar o servidor?",
    "MessageDeleteTaskTrigger": "Tem a certeza de que deseja remover o agendamento desta tarefa?",
    "MessageDirectoryPickerBSDInstruction": "Num sistema operativo BSD, é necessário configurar o disco Jail FreeNAS para permitir o acesso do Servidor Jellyfin.",
    "MessageDirectoryPickerInstruction": "As localizações de rede podem ser escritas manualmente caso o botão \"Rede\" não consiga encontrar os dispositivos. Por exemplo, {0} ou {1}.",
    "MessageDirectoryPickerLinuxInstruction": "Em sistemas operativos como Arch Linux, CentOS, Debian, Fedora, openSUSE, ou Ubuntu, é necessário dar permissão ao utilizador que executa o processo Jellyfin para ter, no mínimo, acesso de leitura à pasta.",
    "MessageEnablingOptionLongerScans": "Ativar esta opção pode aumentar significativamente a duração da análise da biblioteca.",
    "MessageFileReadError": "Ocorreu um erro ao ler este ficheiro.",
    "MessageInvalidUser": "Nome de utilizador ou palavra-passe inválidos. Por favor, tente novamente.",
    "MessageItemSaved": "Item guardado.",
    "MessageItemsAdded": "Itens adicionados.",
    "MessageLeaveEmptyToInherit": "Deixar em branco para herdar as configurações do item pai, ou o valor global por defeito.",
    "MessageNoAvailablePlugins": "Não existem extensões disponíveis.",
    "MessageNoMovieSuggestionsAvailable": "De momento, não existem sugestões de filmes disponíveis. Veja filmes e avalie-os, e regresse para ver as recomendações.",
    "MessageNoPluginsInstalled": "Não existe nenhuma extensão instalada.",
    "MessageNoTrailersFound": "Nenhum trailer encontrado. Instale o canal Trailer para melhorar sua experiência com filmes, adicionando uma biblioteca de trailers da Internet.",
    "MessageNothingHere": "Nada aqui.",
    "MessagePasswordResetForUsers": "As palavras-passe dos utilizadores seguintes foram repostas. Deverão utilizar o PIN de reposição de palavra-passe para fazer login.",
    "MessagePleaseEnsureInternetMetadata": "Certifique-se que a transferência de metadados da Internet está ativa.",
    "MessageReenableUser": "Veja abaixo para reativar",
    "MessageTheFollowingLocationWillBeRemovedFromLibrary": "As seguintes pastas multimédia serão removidas da Biblioteca:",
    "MinutesAfter": "minutos depois",
    "MinutesBefore": "minutos antes",
    "Monday": "Segunda",
    "MoreUsersCanBeAddedLater": "É possível adicionar utilizadores mais tarde no Painel Principal.",
    "Mute": "Desativar Som",
    "NewCollection": "Nova Coleção",
    "NewCollectionNameExample": "Exemplo: Coleção Guerra das Estrelas",
    "NoNextUpItemsMessage": "Nenhum encontrado. Comece a ver os seus programas!",
    "OptionAdminUsers": "Administradores",
    "OptionAlbum": "Álbum",
    "OptionAlbumArtist": "Artista do Álbum",
    "OptionAllUsers": "Todos os utilizadores",
    "OptionAllowAudioPlaybackTranscoding": "Permitir reprodução de áudio que necessite de transcodificação",
    "OptionAllowBrowsingLiveTv": "Permitir acesso a TV em Direto",
    "OptionAllowContentDownloading": "Permitir transferência e sincronização de conteúdo",
    "OptionAllowLinkSharing": "Permitir partilha nas redes sociais",
    "OptionAllowManageLiveTv": "Permitir gestão de gravações de TV em Direto",
    "OptionAllowMediaPlayback": "Permitir reprodução de média",
    "OptionAllowMediaPlaybackTranscodingHelp": "Restringir o acesso à transcodificação pode causar falhas de reprodução nas aplicações do Jellyfin devido a formatos multimédia não suportados.",
    "OptionAllowRemoteControlOthers": "Permitir controlo remoto de outros utilizadores",
    "OptionAllowRemoteSharedDevices": "Permitir controlo remoto de dispositivos compartilhados",
    "OptionAllowRemoteSharedDevicesHelp": "Dispositivos DLNA são considerados como partilhados até que um utilizador comece a controlá-lo.",
    "OptionAllowUserToManageServer": "Permitir a este utilizador gerir o servidor",
    "OptionAllowVideoPlaybackTranscoding": "Permitir reprodução de vídeo que necessite de transcodificação",
    "OptionArtist": "Artista",
    "OptionAscending": "Ascendente",
    "OptionAutomatic": "Automático",
    "OptionBlockBooks": "Livros",
    "OptionBlockChannelContent": "Conteúdo do Canal de Internet",
    "OptionBlockLiveTvChannels": "Canais de TV em Direto",
    "OptionBlockMovies": "Filmes",
    "OptionBlockMusic": "Música",
    "OptionBlockTvShows": "Programas de TV",
    "OptionCommunityRating": "Classificação da Comunidade",
    "OptionContinuing": "A Continuar",
    "OptionCriticRating": "Classificação dos críticos",
    "OptionCustomUsers": "Personalizado",
    "OptionDaily": "Diariamente",
    "OptionDateAdded": "Data de adição",
    "OptionDateAddedFileTime": "Usar a data de criação do ficheiro",
    "OptionDateAddedImportTime": "Usar a data de importação para a biblioteca",
    "OptionDatePlayed": "Data de reprodução",
    "OptionDescending": "Descendente",
    "OptionDisableUser": "Desativar este utilizador",
    "OptionDisableUserHelp": "Se desativado, o servidor não permite nenhuma ligação com este nome de utilizador. Ligações existentes serão terminadas.",
    "OptionDislikes": "Não gostos",
    "OptionDownloadArtImage": "Arte",
    "OptionDownloadBackImage": "Traseira",
    "OptionDownloadBoxImage": "Caixa",
    "OptionDownloadDiscImage": "Disco",
    "OptionDownloadImagesInAdvanceHelp": "Por defeito, a maioria das imagens são transferidas só quando uma aplicação do Jellyfin as solicita. Ative esta opção para descarregar todas as imagens antencipadamente, assim que os novos ficheiros multimédia são importados. Isto pode aumentar significativamente a duração da análise da biblioteca.",
    "OptionDownloadPrimaryImage": "Principal",
    "OptionDownloadThumbImage": "Miniatura",
    "OptionDvd": "DVD",
    "OptionEmbedSubtitles": "Incorporar no contentor",
    "OptionEnableAccessFromAllDevices": "Ativar acesso de todos os dispositivos",
    "OptionEnableAccessToAllChannels": "Permitir acesso a todos os canais",
    "OptionEnableAccessToAllLibraries": "Permitir acesso a todas as bibliotecas",
    "OptionEnableM2tsMode": "Ativar modo M2ts",
    "OptionEnableM2tsModeHelp": "Ativar o modo m2ts durante a transcodificação para mpegts.",
    "OptionEnded": "Terminado",
    "OptionEquals": "Iguais",
    "OptionEstimateContentLength": "Estimar o tamanho do conteúdo ao transcodificar",
    "OptionEveryday": "Todos os dias",
    "OptionExternallyDownloaded": "Download Externo",
    "OptionFavorite": "Favoritos",
    "OptionFriday": "Sexta",
    "OptionHasSpecialFeatures": "Extras",
    "OptionHasSubtitles": "Legendas",
    "OptionHasThemeSong": "Música de Tema",
    "OptionHasThemeVideo": "Vídeo de Tema",
    "OptionHideUser": "Ocultar este utilizador nos formulários de início de sessão",
    "OptionHideUserFromLoginHelp": "Útil para contas de administrador privadas ou ocultas. O utilizador necessita de entrar manualmente, introduzindo o seu nome de utilizador e palavra-passe.",
    "OptionHlsSegmentedSubtitles": "Legendas segmentadas HLS",
    "OptionIgnoreTranscodeByteRangeRequests": "Ignorar requisições de extensão do byte de transcodificação",
    "OptionIgnoreTranscodeByteRangeRequestsHelp": "Se ativadas, estas requisições serão honradas mas irão ignorar o cabeçalho da extensão do byte.",
    "OptionImdbRating": "Classificação no IMDb",
    "OptionLikes": "Gostos",
    "OptionMax": "Máx",
    "OptionMissingEpisode": "Episódios em Falta",
    "OptionMonday": "Segunda",
    "OptionNameSort": "Nome",
    "OptionNew": "Nova…",
    "OptionNone": "Nenhum",
    "OptionOnAppStartup": "Ao iniciar a aplicação",
    "OptionOnInterval": "Num intervalo",
    "OptionParentalRating": "Classificação Parental",
    "OptionPlainStorageFolders": "Mostrar todas as pastas como pastas de armazenamento simples",
    "OptionPlainStorageFoldersHelp": "Se ativado, todas as pastas são representadas no DIDL como \"object.container.storageFolder\" ao invés de um tipo mais específico como, por exemplo, \"object.container.person.musicArtist\".",
    "OptionPlainVideoItems": "Mostrar todos os vídeos como itens de vídeo simples",
    "OptionPlainVideoItemsHelp": "Se ativado, todos os vídeos são representados no DIDL como \"object.item.videoItem\" ao invés de um tipo mais específico como, por exemplo, \"object.item.videoItem.movie\".",
    "OptionPlayCount": "N.º de Visualizações",
    "OptionPlayed": "Reproduzido",
    "OptionPremiereDate": "Data de Estreia",
    "OptionProfileAudio": "Áudio",
    "OptionProfilePhoto": "Fotografia",
    "OptionProfileVideo": "Vídeo",
    "OptionProfileVideoAudio": "Áudio do Vídeo",
    "OptionReleaseDate": "Data de Lançamento",
    "OptionReportByteRangeSeekingWhenTranscoding": "Reportar que o servidor suporta busca de byte quando transcodificar",
    "OptionReportByteRangeSeekingWhenTranscodingHelp": "Isto é necessário para alguns dispositivos que não procuram o tempo muito bem.",
    "OptionResElement": "elemento res",
    "OptionResumable": "Retomável",
    "OptionRuntime": "Duração",
    "OptionSaturday": "Sábado",
    "OptionSaveMetadataAsHidden": "Guardar metadados e imagens como ficheiros ocultos",
    "OptionSpecialEpisode": "Especiais",
    "OptionSunday": "Domingo",
    "OptionThursday": "Quinta",
    "OptionTrackName": "Nome da pista",
    "OptionTuesday": "Terça",
    "OptionTvdbRating": "Classificação no TVDB",
    "OptionUnairedEpisode": "Episódios por Estrear",
    "OptionUnplayed": "Por reproduzir",
    "OptionWakeFromSleep": "Retomar da suspensão",
    "OptionWednesday": "Quarta",
    "OptionWeekdays": "Dias da semana",
    "OptionWeekends": "Fins-de-semana",
    "OptionWeekly": "Semanalmente",
    "ParentalRating": "Classificação parental",
    "PasswordMatchError": "A palavra-passe e a confirmação devem coincidir.",
    "PasswordResetComplete": "A palavra-passe foi redefinida.",
    "PasswordResetConfirmation": "Tem a certeza de que deseja redefinir a palavra-passe?",
    "PasswordResetHeader": "Redefinir Palavra-Passe",
    "PasswordSaved": "Palavra-passe guardada.",
    "PinCodeResetComplete": "O código PIN foi redefinido.",
    "PinCodeResetConfirmation": "Tem a certeza de que devia repôr o código PIN?",
    "Play": "Reproduzir",
    "PlayNextEpisodeAutomatically": "Reproduzir próximo episódio automaticamente",
    "PleaseEnterNameOrId": "Por favor, introduza um nome ou ID externo.",
    "PleaseSelectTwoItems": "Por favor selecione pelo menos dois itens.",
    "Producer": "Produtor",
    "RecommendationBecauseYouLike": "Porque gosta de {0}",
    "RecommendationBecauseYouWatched": "Porque viu {0}",
    "RecommendationDirectedBy": "Realizado por {0}",
    "RecommendationStarring": "{0} como protagonista",
    "Record": "Gravar",
    "RecordingCancelled": "Gravação cancelada.",
    "RecordingScheduled": "Gravação agendada.",
    "Refresh": "Atualizar",
    "Repeat": "Repetir",
    "ReplaceExistingImages": "Substituir imagens existentes",
    "Rewind": "Retroceder",
    "Saturday": "Sábado",
    "Save": "Guardar",
    "ScanLibrary": "Analisar biblioteca",
    "Search": "Busca",
    "SearchForCollectionInternetMetadata": "Procurar na Internet por capas de álbum e metadados",
    "SearchForSubtitles": "Procurar Legendas",
    "SendMessage": "Enviar mensagem",
    "Series": "Séries",
    "ServerUpdateNeeded": "Este Servidor Jellyfin precisa de ser atualizado. Para transferir a versão mais recente, por favor visite {0}",
    "Settings": "Configurações",
    "SettingsSaved": "Configurações guardadas.",
    "Share": "Partilhar",
    "Shuffle": "Aleatório",
    "Subtitles": "Legendas",
    "Sunday": "Domingo",
    "SystemDlnaProfilesHelp": "Perfis de sistema são apenas de leitura. Mudanças a um perfil de sistema serão guardadas num novo perfil personalizado.",
    "TabAccess": "Acesso",
    "TabAdvanced": "Avançado",
    "TabAlbumArtists": "Artistas do Álbum",
    "TabAlbums": "Álbuns",
    "TabArtists": "Artistas",
    "TabCatalog": "Catálogo",
    "TabChannels": "Canais",
    "TabCollections": "Coleções",
    "TabContainers": "Contentores",
    "TabDashboard": "Painel Principal",
    "TabDevices": "Dispositivos",
    "TabDirectPlay": "Reprodução Direta",
    "TabDisplay": "Visualização",
    "TabEpisodes": "Episódios",
    "TabFavorites": "Favoritos",
    "TabGenres": "Géneros",
    "TabGuide": "Programação",
    "TabLatest": "Mais recente",
    "TabLiveTV": "TV em Direto",
    "TabMetadata": "Metadados",
    "TabMovies": "Filmes",
    "TabMusic": "Música",
    "TabMusicVideos": "Videoclips",
    "TabMyPlugins": "As Minhas Extensões",
    "TabNetworks": "Redes",
    "TabNfoSettings": "Definições de Ficheiros NFO",
    "TabNotifications": "Notificações",
    "TabOther": "Outro",
    "TabParentalControl": "Controlo Parental",
    "TabPassword": "Palavra-passe",
    "TabPlayback": "Reprodução",
    "TabPlaylist": "Lista de Reprodução",
    "TabPlaylists": "Listas de Reprodução",
    "TabPlugins": "Extensões",
    "TabProfile": "Perfil",
    "TabProfiles": "Perfis",
    "TabRecordings": "Gravações",
    "TabResponses": "Respostas",
    "TabScheduledTasks": "Tarefas Agendadas",
    "TabSeries": "Séries",
    "TabServer": "Servidor",
    "TabSettings": "Configurações",
    "TabShows": "Séries",
    "TabSongs": "Músicas",
    "TabSuggestions": "Sugestões",
    "TabTranscoding": "Transcodificação",
    "TabUpcoming": "Próximos",
    "TabUsers": "Utilizadores",
    "TellUsAboutYourself": "Fale-nos sobre si",
    "ThisWizardWillGuideYou": "Este assistente irá ajudá-lo durante o processo de configuração. Para começar, selecione o idioma.",
    "Thursday": "Quinta",
    "TitlePlayback": "Reprodução",
    "TrackCount": "{0} faixas",
    "Tuesday": "Terça",
    "UninstallPluginConfirmation": "Tem a certeza de que deseja desinstalar {0}?",
    "UninstallPluginHeader": "Desinstalar Extensão",
    "Unmute": "Ativar som",
    "UserProfilesIntro": "O Jellyfin suporta perfis de utilizadores, permitindo que cada utilizador tenha as suas configurações de visualização, estado da reprodução e controlos parentais.",
    "ValueAudioCodec": "Codec de Áudio: {0}",
    "ValueConditions": "Condições: {0}",
    "ValueSpecialEpisodeName": "Especial - {0}",
    "ValueTimeLimitMultiHour": "Limite de tempo: {0} horas",
    "ValueTimeLimitSingleHour": "Limite de tempo: 1 hora",
    "ValueVideoCodec": "Codec de Vídeo: {0}",
    "Wednesday": "Quarta",
    "WelcomeToProject": "Bem-vindo ao Jellyfin!",
    "WizardCompleted": "É tudo, de momento. O Jellyfin iniciou a recolha de informações da sua biblioteca multimédia. Conheça algumas das nossas aplicações e, de seguida, clique <b>Terminar</b> para ver o <b>Painel Principal</b>.",
    "Writer": "Autor",
    "XmlDocumentAttributeListHelp": "Estes atributos são aplicados ao elemento principal de cada resposta XML.",
    "AccessRestrictedTryAgainLater": "Acesso atualmente restrito. Por favor, tente mais tarde.",
    "AddItemToCollectionHelp": "Adicione itens às coleções pesquisando-os e utilizando o respetivo menu de toque ou clique direito para os adicionar a uma coleção.",
    "AddToCollection": "Adicionar à coleção",
    "AddToPlayQueue": "Adicionar à fila de reprodução",
    "AddedOnValue": "Adicionado {0}",
    "AirDate": "Data de estreia",
    "Albums": "Álbuns",
    "Alerts": "Alertas",
    "AllChannels": "Todos os canais",
    "AllComplexFormats": "Todos os formatos complexos (ASS, SSA, VOBSUB, PGS, SUB/IDX, etc.)",
    "AllEpisodes": "Todos os episódios",
    "AllLanguages": "Todos os idiomas",
    "AllLibraries": "Todas as bibliotecas",
    "AllowHWTranscodingHelp": "Permite ao sintonizador converter emissões em tempo real. Poderá reduzir a necessidade de conversão a fazer pelo servidor.",
    "AllowMediaConversion": "Permitir conversão multimédia",
    "AllowMediaConversionHelp": "Permitir ou negar acesso à funcionalidade de conversão multimédia.",
    "AllowOnTheFlySubtitleExtraction": "Permitir a extração de legendas em tempo real",
    "AllowOnTheFlySubtitleExtractionHelp": "Legendas integradas podem ser extraídas do vídeo e enviadas como texto simples para os clientes para evitar transcodificação. Em certos dispositivos, esta poderá ser uma operação demorada e pode causar interrupções de reprodução durante o processo de extração. Desative esta opção para que as legendas sejam integradas no vídeo durante a conversão para um formato suportado pelo dispositivo de destino.",
    "AllowRemoteAccess": "Permitir ligações remotas a este Jellyfin Server.",
    "AllowRemoteAccessHelp": "Se inativo, todas as ligações remotas serão bloqueadas.",
    "AllowedRemoteAddressesHelp": "Lista de IP ou IP/Máscara, separados por vírgulas, com permissão para se ligar remotamente. Se deixado em branco, todos os endereços remotos serão permitidos.",
    "AlwaysPlaySubtitles": "Reproduzir Sempre",
    "AlwaysPlaySubtitlesHelp": "Legendas correspondentes à língua preferencial vão ser sempre carregadas, independentemente do idioma do áudio.",
    "AnyLanguage": "Qualquer linguagem",
    "Artists": "Artistas",
    "Ascending": "Crescente",
    "AspectRatio": "Proporção",
    "AuthProviderHelp": "Selecione um mecanismo de autenticação a ser utilizado para validar as credenciais deste utilizador.",
    "Auto": "Automático",
    "AutoBasedOnLanguageSetting": "Automático (baseado no idioma definido)",
    "BirthDateValue": "Nascimento: {0}",
    "BirthPlaceValue": "Local de nascimento: {0}",
    "Blacklist": "Lista Negra",
    "Books": "Livros",
    "BurnSubtitlesHelp": "Determina se o servidor deve integrar as legendas durante a conversão de vídeo. Evitar a  integração de legendas melhora o desempenho do servidor. Selecione Auto para que legendas baseadas em imagem (VOBSUB, PGS, SUB/IDX), e certos formatos ASS/SSA sejam integrados.",
    "Channels": "Canais",
    "Collections": "Coleções",
    "Favorites": "Favoritos",
    "Folders": "Pastas",
    "Genres": "Géneros",
    "HeaderAlbumArtists": "Artistas do Álbum",
    "HeaderFavoriteShows": "Séries Favoritas",
    "HeaderFavoriteEpisodes": "Episódios Favoritos",
    "HeaderFavoriteAlbums": "Álbuns Favoritos",
    "HeaderFavoriteArtists": "Artistas Favoritos",
    "HeaderFavoriteSongs": "Músicas Favoritas",
    "Movies": "Filmes",
    "Photos": "Fotografias",
    "Playlists": "Listas de Reprodução",
    "Shows": "Séries",
    "Songs": "Músicas",
    "Sync": "Sincronização",
    "Absolute": "Absoluto",
    "CriticRating": "Avaliação da crítica",
    "ContinueWatching": "Continuar a ver",
    "ConfirmEndPlayerSession": "Deseja encerrar o Servidor Jellyfin em {0}?",
    "ConfirmDeleteImage": "Apagar a imagem?",
    "ConfigureDateAdded": "Configure a forma como é atribuída a data de adição, no painel de controlo do Servidor Jellyfin, em definições da Biblioteca",
    "CommunityRating": "Avaliação da comunidade",
    "ChannelNumber": "Número do canal",
    "ChannelNameOnly": "Apenas canal {0}",
    "ChangingMetadataImageSettingsNewContent": "Alterações às definições de transferência de metadados ou capas apenas serão aplicadas a conteúdo novo adicionado à Biblioteca. Para aplicar as alterações aos itens já existentes, necessitará de atualizar manualmente os metadados.",
    "Categories": "Categorias",
    "CancelSeries": "Cancelar gravação de série",
    "CancelRecording": "Cancelar gravação",
    "ButtonWebsite": "Website",
    "ButtonTrailer": "Trailer",
    "ButtonSelectServer": "Selecionar servidor",
    "ButtonRename": "Alterar o nome",
    "ButtonParentalControl": "Controlo parental",
    "ButtonOk": "OK",
    "ButtonLibraryAccess": "Acesso à biblioteca",
    "ButtonGuide": "Programação",
    "ButtonGotIt": "Entendido",
    "ButtonEditImages": "Editar imagens",
    "ButtonDownload": "Transferir",
    "ButtonAudioTracks": "Faixas de Áudio",
    "Browse": "Procurar",
    "BoxRear": "Caixa (verso)",
    "Box": "Caixa",
    "BookLibraryHelp": "Livros digitais e áudio livros são suportados. Consulte o guia de nomenclatura de livros{1}.",
    "BirthLocation": "Local de nascimento",
    "AsManyAsPossible": "Tantos quanto possível",
    "Art": "Capa",
    "Anytime": "Qualquer altura",
    "Aired": "Estreou",
    "HeaderKeepRecording": "Manter Gravação",
    "HeaderKeepSeries": "Manter Série",
    "HeaderItems": "Itens",
    "HeaderImageOptions": "Opções de Imagem",
    "HeaderHome": "Início",
    "HeaderForKids": "Para Crianças",
    "HeaderFavoriteVideos": "Vídeos Favoritos",
    "HeaderFavoriteMovies": "Filmes Favoritos",
    "HeaderExternalIds": "IDs Externos:",
    "HeaderEpisodes": "Episódios",
    "HeaderEditImages": "Editar Imagens",
    "HeaderDownloadSync": "Transferência & Sincronização",
    "HeaderDetectMyDevices": "Detetar os Meus Dispositivos",
    "HeaderDeleteProvider": "Apagar Provedor",
    "HeaderDeleteDevice": "Apagar Dispositivo",
    "HeaderDefaultRecordingSettings": "Definições de Gravação por Defeito",
    "HeaderContinueListening": "Continuar a Ouvir",
    "HeaderConnectionFailure": "Falha de Ligação",
    "HeaderConfirmPluginInstallation": "Confirmar Instalação de Extensão",
    "HeaderConfigureRemoteAccess": "Configurar Acesso Remoto",
    "HeaderChapterImages": "Imagens do Capítulo",
    "HeaderCancelSeries": "Cancelar Gravação de Série",
    "HeaderCancelRecording": "Cancelar Gravação",
    "HeaderBooks": "Livros",
    "HeaderAudioBooks": "Livros de Áudio",
    "HeaderAllowMediaDeletionFrom": "Permitir remoção de multimédia a partir de",
    "HeaderAlert": "Alerta",
    "HeaderAlbums": "Álbuns",
    "HeaderAddToPlaylist": "Adicionar à Lista de Reprodução",
    "HandledByProxy": "Gerido pelo proxy inverso",
    "HDPrograms": "Programas HD",
    "EncoderPresetHelp": "Escolha um valor mais rápido para melhorar o desempenho, ou um valor mais lento para melhorar a qualidade.",
    "Guide": "Programação",
    "GuestStar": "Estrela convidada",
    "GroupVersions": "Agrupar versões",
    "GroupBySeries": "Agrupar por série",
    "Genre": "Género",
    "General": "Geral",
    "FormatValue": "Formato: {0}",
    "FolderTypeUnset": "Conteúdo Misto",
    "Filters": "Filtros",
    "File": "Ficheiro",
    "Favorite": "Favoritos",
    "FFmpegSavePathNotFound": "Não foi possível encontrar o binário FFmpeg na localização que introduziu. O binário FFprobe também é necessário, e deve estar na mesma pasta. Estes componentes são, por norma, instalados em conjunto. Por favor, verifique o caminho da localização e tente de novo.",
    "Extras": "Extras",
    "ExtraLarge": "Extra Grande",
    "EveryNDays": "A cada {0} dias",
    "ErrorSavingTvProvider": "Ocorreu um erro ao guardar o provedor do serviços de TV. Por favor, garanta que está acessível e tente de novo.",
    "ErrorMessageStartHourGreaterThanEnd": "A hora de fim deve ser superior à hora de início.",
    "ErrorDeletingItem": "Ocorreu um erro ao apagar o item do Servidor Jellyfin. Por favor, verifique o acesso de escrita do Servidor Jellyfin à pasta e tente de novo.",
    "ErrorAddingTunerDevice": "Ocorreu um erro ao adicionar o dispositivo de sintonização. Por favor, garanta que está acessível e tente de novo.",
    "ErrorAddingXmlTvFile": "Ocorreu um erro ao aceder ao ficheiro XMLTV. Por favor, certifique-se que o ficheiro está acessível e tente de novo.",
    "Episodes": "Episódios",
    "EndsAtValue": "Termina às {0}",
    "EnablePhotosHelp": "Imagens serão detetadas e mostradas em conjunto com outros ficheiros multimédia.",
    "EnablePhotos": "Mostrar fotografias",
    "EnableNextVideoInfoOverlayHelp": "No final de um vídeo, mostrar informação sobre o próximo vídeo da lista de reprodução.",
    "EnableNextVideoInfoOverlay": "Mostrar informação sobre o próximo vídeo durante a reprodução",
    "EnableHardwareEncoding": "Ativar codificação por hardware",
    "EnableExternalVideoPlayersHelp": "O menu de um reprodutor externo será mostrado no início da reprodução de vídeo.",
    "EnableExternalVideoPlayers": "Reprodutores de vídeo externos",
    "EnableDisplayMirroring": "Duplicação de ecrã",
    "EnableColorCodedBackgrounds": "Código de cores para o fundo",
    "EditSubtitles": "Editar legendas",
    "EditMetadata": "Editar metadados",
    "EditImages": "Editar imagens",
    "DrmChannelsNotImported": "Canais com proteção DRM não serão importados.",
    "DownloadsValue": "{0} transferências",
    "Download": "Transferir",
    "DoNotRecord": "Não gravar",
    "DisplayModeHelp": "Selecione o tipo de ecrã onde o Jellyfin será utilizado.",
    "DisplayMissingEpisodesWithinSeasonsHelp": "Deve também ser ativado para as bibliotecas de TV nas configurações do servidor.",
    "DisplayMissingEpisodesWithinSeasons": "Mostrar episódios em falta numa série",
    "DisplayInOtherHomeScreenSections": "Mostrar no ecrã principal em secções como multimédia recente ou continue a ver",
    "DisplayInMyMedia": "Mostrar no ecrã principal",
    "Dislike": "Não gosto",
    "Disconnect": "Desligar",
    "Disabled": "Desativado",
    "DirectStreaming": "Reprodução direta",
    "DirectStreamHelp2": "Reprodução direta de um ficheiro requer pouco processamento e não implica perda de qualidade num vídeo.",
    "DefaultSubtitlesHelp": "As legendas são carregadas com base nas definições por defeito ou forçado nos metadados. As preferências de idioma são consideradas quando existem múltiplas opções disponíveis.",
    "DefaultMetadataLangaugeDescription": "Estes são os valores por defeito que podem ser customizados para cada uma das bibliotecas.",
    "DefaultErrorMessage": "Ocorreu um erro a processar o pedido. Por favor, tente novamente mais tarde.",
    "Default": "Por defeito",
    "DeathDateValue": "Faleceu: {0}",
    "DatePlayed": "Reproduzido a",
    "DateAdded": "Adicionado a",
    "MessageContactAdminToResetPassword": "Por favor, contacte o Administrador de sistema para repôr a sua password.",
    "MessageConfirmRemoveMediaLocation": "Tem a certeza de que deseja remover esta localização?",
    "MessageConfirmDeleteTunerDevice": "Tem a certeza de que deseja remover este dispositivo?",
    "UserAgentHelp": "Forneça um user-agent HTTP personalizado.",
    "OptionProtocolHttp": "HTTP",
    "OptionProtocolHls": "Emissão HTTP em direto",
    "LabelHomeScreenSectionValue": "Secção {0} do Painel Principal:",
    "LabelHomeNetworkQuality": "Qualidade da rede interna:",
    "LabelEncoderPreset": "Preset para codificação H264:",
    "LabelH264Crf": "CRF para codificação H264:",
    "LabelFont": "Tipo de Letra:",
    "LabelFileOrUrl": "Ficheiro ou URL:",
    "LabelDynamicExternalId": "{0} ID:",
    "LabelDropShadow": "Realce:",
    "LabelDropImageHere": "Arraste a imagem para aqui, ou clique para procurar.",
    "LabelDisplayMode": "Modo de apresentação:",
    "LabelDisplayLanguageHelp": "A tradução do Jellyfin é um projeto em desenvolvimento contínuo.",
    "LabelDisplayLanguage": "Idioma:",
    "LabelDefaultScreen": "Ecrã por defeito:",
    "LabelDeathDate": "Data de falecimento:",
    "LabelDateTimeLocale": "Localização da data/hora:",
    "LabelDashboardTheme": "Tema do Painel Principal:",
    "LabelCertificatePasswordHelp": "Se o certificado requer uma palavra-passe, escreva-a aqui.",
    "LabelCertificatePassword": "Palavra-passe do certificado:",
    "LabelBurnSubtitles": "Integrar legendas:",
    "LabelBirthYear": "Ano de nascimento:",
    "LabelBirthDate": "Data de nascimento:",
    "LabelBindToLocalNetworkAddressHelp": "Opcional. Indique um endereço IP de uma interface de rede local para colocar o servidor à escuta. Se deixado em branco, o servidor ficará à escuta em todas as interfaces de rede disponíveis. Alterar este parâmetro implica reiniciar o Servidor Jellyfin.",
    "LabelBindToLocalNetworkAddress": "Endereço local para colocar o servidor à escuta:",
    "LabelAutomaticallyRefreshInternetMetadataEvery": "Atualizar metadados automaticamente a partir da Internet:",
    "LabelAuthProvider": "Provedor de autenticação:",
    "LabelAudio": "Áudio",
    "LabelAllowedRemoteAddressesMode": "Tipo de filtro de IP remoto:",
    "LabelAllowedRemoteAddresses": "Filtro de IP remoto:",
    "LabelAllowHWTranscoding": "Permitir transcodificação por hardware",
    "LabelAlbumArtHelp": "PN utilizado para a capa do álbum no atributo dlna:profileID/upnp:albumArtURI. Alguns dispositivos requerem um valor específico, independentemente to tamanho da imagem.",
    "LabelAbortedByServerShutdown": "(Abortado - Servidor encerrado)",
    "Kids": "Crianças",
    "Items": "Itens",
    "InstallingPackage": "A instalar {0} (version {1})",
    "HttpsRequiresCert": "Para activar ligações seguras, é necessário fornecer um certificado SSL confiável. Forneça um certificado SSL ou desactive as ligações seguras.",
    "DirectStreamHelp1": "O tipo de multimédia (H.264, AC3, etc.) e a sua resolução são compatíveis com o dispositivo, no entanto, o formato (mkv, avi, wmv, etc.) não é. O conteúdo é reempacotado em tempo real antes de ser enviado para o dispositivo.",
    "DirectPlaying": "Reprodução direta",
    "Backdrop": "Imagem de Fundo",
    "SortChannelsBy": "Ordenar canais por:",
    "PlaceFavoriteChannelsAtBeginning": "Mover canais favoritos para o início",
    "OneChannel": "Um canal",
    "MediaInfoChannels": "Canais",
    "MapChannels": "Mapear Canais",
    "LabelChannels": "Canais:",
    "XmlTvPathHelp": "Caminho para um ficheiro XMLTV. O Servidor Jellyfin vai ler o ficheiro periodicamente para atualizar a programação de TV. O utilizador é responsável pela crição e atualização do ficheiro.",
    "TV": "TV",
    "LiveTV": "TV em Direto",
    "LabelSelectFolderGroups": "Agrupar automaticamente o conteúdo das seguintes pastas em vistas como Filmes, Música e TV:",
    "HeaderUpcomingOnTV": "A Seguir",
    "HeaderLiveTvTunerSetup": "Configurar Sintonizador de TV",
    "ButtonUp": "Para cima",
    "ButtonDown": "Para baixo",
    "RecordSeries": "Gravar série",
    "LabelKeepUpTo": "Manter, no máximo:",
    "AroundTime": "Por volta das {0}",
    "SeriesDisplayOrderHelp": "Ordenar episódios por data de estreia, ordem no DVD ou numeração absoluta.",
    "SearchResults": "Resultados da Pesquisa",
    "SearchForMissingMetadata": "Procurar metadados em falta",
    "Screenshots": "Capturas de Ecrã",
    "Screenshot": "Captura de Ecrã",
    "Schedule": "Agendamentos",
    "ScanForNewAndUpdatedFiles": "Procurar ficheiros novos ou atualizados",
    "SaveSubtitlesIntoMediaFoldersHelp": "Guardar ficheiros de legendas junto aos ficheiros vídeo facilita a gestão.",
    "SaveSubtitlesIntoMediaFolders": "Guardar legendas nas pastas multimédia",
    "Runtime": "Duração",
    "RunAtStartup": "Executar no arranque",
    "ResumeAt": "Retomar a partir de {0}",
    "RequiredForAllRemoteConnections": "Necessário para todas as ligações externas",
    "ReplaceAllMetadata": "Substituir todos os metadados",
    "RepeatOne": "Repetir este",
    "RepeatMode": "Modo de Repetição",
    "ServerRestartNeededAfterPluginInstall": "O Servidor Jellyfin necessitará de reiniciar depois de instalar uma extensão.",
    "NoPluginConfigurationMessage": "Esta extensão não é configurável.",
    "MessagePluginInstallDisclaimer": "As extensões desenvolvidas pela comunidade Jellyfin são uma ótima forma de melhorar a experiência de utilização do Jellyfin, adicionando novas funcionalidades e benefícios. Antes de proceder à instalação, tenha em atenção que estas podem alterar determinados comportamentos no Servidor Jellyfin e provocar efeitos como tempos de atualização da Biblioteca mais longos, processamento adicional em segundo plano e estabilidade do sistema reduzida.",
    "MessagePluginConfigurationRequiresLocalAccess": "Para configurar esta extensão, inicie sessão localmente no servidor.",
    "MessageInstallPluginFromApp": "Esta extensão deverá ser instalada a partir da aplicação onde tem intenção de a utilizar.",
    "HeaderPluginInstallation": "Instalação de Extensão",
    "PluginInstalledMessage": "A extensão foi instalada com sucesso. O Servidor Jellyfin necessitará de reiniciar para aplicar as alterações.",
    "PleaseRestartServerName": "Por favor, reinicie o Servidor Jellyfin - {0}.",
    "PleaseConfirmPluginInstallation": "Por favor clique em OK para confirmar que leu o conteúdo acima, e que deseja prosseguir com a instalação da extensão.",
    "PleaseAddAtLeastOneFolder": "Por favor, adicione pelo menos uma pasta a esta Biblioteca, utilizando para isso o botão Adicionar.",
    "Played": "Reproduzido",
    "PlayNext": "Reproduzir a seguir",
    "PlayFromBeginning": "Reproduzir do início",
    "PlayCount": "N.º de Reproduções",
    "PlaybackData": "Dados de Reprodução",
    "PlayAllFromHere": "Reproduzir todos a partir daqui",
    "PerfectMatch": "Correspondência perfeita",
    "People": "Pessoas",
    "PasswordResetProviderHelp": "Selecione um provedor de reposição de palavra-passe a ser usado quando um utilizador requisita uma reposição de palavra-passe",
    "PackageInstallFailed": "Instalação de {0} falhada.",
    "PackageInstallCompleted": "Instalação de {0} terminada.",
    "PackageInstallCancelled": "Instalação de {0} cancelada.",
    "Overview": "Resumo",
    "OriginalAirDateValue": "Data de estreia original: {0}",
    "OptionSubstring": "Parte de palavra",
    "LatestFromLibrary": "Mais Recentes em {0}",
    "HideWatchedContentFromLatestMedia": "Ocultar títulos já vistos do conteúdo recente",
    "MessageUnableToConnectToServer": "Não foi possível estabelecer ligação ao servidor. Por favor, certifique-se de que o servidor está a correr e tente de novo.",
    "HeaderStartNow": "Iniciar",
    "HeaderOnNow": "No Ar",
    "Unplayed": "Por reproduzir",
    "RemoveFromPlaylist": "Remover da lista de reprodução",
    "LabelUserRemoteClientBitrateLimitHelp": "Esta opção irá sobrepor-se ao valor global por defeito nas definições de reprodução do servidor.",
    "MarkUnplayed": "Marcar como Não Visto",
    "MarkPlayed": "Marcar como Visto",
    "LabelSelectFolderGroupsHelp": "Pastas não selecionadas serão apresentadas sozinhas, na sua própria vista.",
    "LabelPlaylist": "Lista de Reprodução:",
    "HeaderPlayOn": "Reproduzir Em",
    "HeaderNextVideoPlayingInValue": "Reprodução do próximo vídeo a iniciar em {0}",
    "HeaderNextEpisodePlayingInValue": "Reprodução do próximo episódio a iniciar em {0}",
    "HardwareAccelerationWarning": "Ativar a aceleração por hardware pode causar instabilidade em alguns ambientes. Garanta que o sistema operativo e os controladores da placa gráfica estão completamente atualizados. Se tiver dificuldades em reproduzir vídeo depois de alterar esta opção, pode ser necessário repôr as definições para o parâmetro \\\"Nenhum\\\".",
    "Display": "Visualização",
    "ManageLibrary": "Gerir biblioteca",
    "HeaderLibraryOrder": "Ordenação da Biblioteca",
    "EnableThemeVideosHelp": "Reproduzir vídeos do tema em plano de fundo durante a navegação pela Biblioteca.",
    "EnableThemeSongsHelp": "Reproduzir músicas do tema em plano de fundo durante a navegação pela Biblioteca.",
    "EnableBackdropsHelp": "Mostrar imagens de fundo em algumas páginas durante a navegação pela Biblioteca.",
    "MediaInfoSize": "Tamanho",
    "LabelTextSize": "Tamanho do Texto:",
    "HeaderSubtitleAppearance": "Aparência das Legendas",
    "ShowAdvancedSettings": "Mostrar configurações avançadas",
    "OptionDownloadImagesInAdvance": "Tansferir imagens antecipadamente",
    "SkipEpisodesAlreadyInMyLibraryHelp": "Os episódios vão ser comparados utilizando os números de episódio e temporada, quando disponíveis.",
    "SkipEpisodesAlreadyInMyLibrary": "Não gravar episódios que já estejam presentes na Biblioteca",
    "LabelSkipForwardLength": "Recuar reprodução (segundos):",
    "LabelSkipBackLength": "Avançar reprodução (segundos):",
    "DropShadow": "Sombreado",
    "Uniform": "Uniforme",
    "Raised": "Alto relevo",
    "Depressed": "Baixo relevo",
    "OptionEnableExternalContentInSuggestionsHelp": "Permitir que trailers da Internet e programas de TV em Direto sejam incluídos no conteúdo sugerido.",
    "H264CrfHelp": "O parâmetro \\\"Constant Rate Factor (CRF)\\\" é o que define por defeito o nível de qualidade para o codificador x264. Os valores aceites são entre 0 e 51, em que valores mais baixos resultam em maior qualidade (com o custo de ficheiros maiores). Os valores considerados aceitáveis estão entre 18 e 28. O valor por defeito é 23, podendo ser considerado um ponto de partida para ajustes.",
    "TabStreaming": "Transmissão",
    "SimultaneousConnectionLimitHelp": "Número máximo de transmissões permitido. Zero equivale a sem limite.",
    "LabelSimultaneousConnectionLimit": "Limite de transmissões simultâneas:",
    "LabelMaxStreamingBitrate": "Qualidade máxima de transmissão:",
    "LabelMaxChromecastBitrate": "Qualidade de transmissão para Chromecast:",
    "EnableStreamLoopingHelp": "Ative esta opção no caso de a transmissão em direto apenas conter alguns segundos de dados, e necessitar de ser continuamente requisitada. Ativar esta opção quando não é necessário pode causar problemas.",
    "LiveBroadcasts": "Emissões em Direto",
    "Live": "Em Direto",
    "Sports": "Desporto",
    "News": "Notícias",
    "Programs": "Programas",
    "HeaderMovies": "Filmes",
    "Directors": "Realização",
    "ButtonOff": "Desligado",
    "ButtonAddImage": "Adicionar Imagem",
    "LabelOriginalTitle": "Título original:",
    "LabelPostProcessorArgumentsHelp": "Utilizar o caminho {path} como caminho para o ficheiro de gravação.",
    "Hide": "Esconder",
    "LabelBaseUrl": "URL Base:",
    "LabelNewName": "Novo nome:",
    "HeaderUploadImage": "Enviar Imagem",
    "EnableThemeSongs": "Músicas do tema",
    "EnableThemeVideos": "Vídeos do tema",
    "HeaderMoreLikeThis": "Mais Como Este",
    "HeaderRecordingPostProcessing": "Pós-Processamento de Gravações",
    "Descending": "Descendente",
    "CopyStreamURLSuccess": "URL copiado com sucesso.",
    "ErrorAddingListingsToSchedulesDirect": "Ocorreu um erro ao adicionar o alinhamento à sua conta Schedules Direct. As contas Schedules Direct permitem apenas um número limitado de alinhamentos. Poderá ser necessário iniciar sessão na sua conta e remover outras listagens antes de prosseguir.",
    "HeaderFavoriteBooks": "Livros Favoritos",
    "HeaderStopRecording": "Parar Gravação",
    "HeaderVideoQuality": "Qualidade do Vídeo",
    "HeaderVideoType": "Tipo de Vídeo",
    "LabelFolder": "Pasta:",
    "LabelOptionalNetworkPath": "(Opcional) Pasta partilhada de rede:",
    "ColorSpace": "Espaço de cores",
    "HeaderMyMediaSmall": "O Meu Conteúdo (pequeno)",
    "HeaderNewDevices": "Novos Dispositivos",
    "HeaderRecordingOptions": "Opções de Gravação",
    "HeaderSortOrder": "Direção de Ordenação",
    "LabelBaseUrlHelp": "Adiciona  uma sub-pasta personalizada ao URL do servidor. Por exemplo: <code>http://exemplo.com/<b>&lt;baseurl&gt;</b></code>",
    "LabelMoviePrefixHelp": "Se aplicar um prefixo aos títulos dos filmes, introduza-o aqui para que o servidor consiga tratá-los corretamente.",
    "LabelPleaseRestart": "As alterações produzirão efeito depois de recarregar a página web.",
    "LabelRecordingPathHelp": "Especifique a localização por defeito para guardar as gravações. Se for deixado em branco, será utilizada a pasta base do servidor.",
    "ColorTransfer": "Transferência de cores",
    "ExtractChapterImagesHelp": "Extrair imagens do capítulo permite aos clientes apresentar menus de seleção de cenas com gráficos. O processo poderá ser lento e exigente em recursos, bem como ocupar múltiplos gigabytes em disco. Este processo é corrido quando novos vídeos são encontrados e também através de uma tarefa agendada noturna. É possível configurar a hora de execução para que, idealmente, não coincida com horas de maior utilização.",
    "Features": "Funcionalidades",
    "HeaderMusicQuality": "Qualidade da Música",
    "HeaderMyDevice": "O Meu Dispositivo",
    "HeaderSortBy": "Ordenar Por",
    "LabelOptionalNetworkPathHelp": "Se esta pasta estiver partilhada na rede, fornecer o caminho de rede pode permitir aos clientes aceder diretamente aos ficheiros multimédia. For example, {0} or {1}.",
    "LabelPersonRoleHelp": "Exemplo: motorista da carrinha de gelados",
    "LabelPlayer": "Reprodutor:",
    "LabelServerName": "Nome do servidor:",
    "LabelSize": "Tamanho:",
    "LabelLanNetworks": "Redes locais (LAN):",
    "HeaderOtherItems": "Outros Itens",
    "HeaderPhotoAlbums": "Álbuns de Fotografias",
    "HeaderSeasons": "Temporadas",
    "HeaderSecondsValue": "{0} Segundos",
    "HeaderSeriesOptions": "Opções da Série",
    "HeaderSeriesStatus": "Estado da Série",
    "HeaderTracks": "Faixas",
    "HeaderTuners": "Sintonizadores",
    "Horizontal": "Horizontal",
    "LabelAudioBitrate": "Taxa de bits de áudio:",
    "LabelAudioChannels": "Canais de áudio:",
    "LabelAudioCodec": "Codec de áudio:",
    "LabelAudioSampleRate": "Taxa de amostragem de áudio:",
    "LabelBitrate": "Taxa de bits:",
    "LabelCache": "Cache:",
    "LabelDiscNumber": "Número do disco:",
    "LabelInternetQuality": "Qualidade para a Internet:",
    "LabelKidsCategories": "Categorias para crianças:",
    "LabelMovieCategories": "Categorias para filmes:",
    "LabelMoviePrefix": "Prefixo para filmes:",
    "LabelMovieRecordingPath": "Caminho para gravação de filmes (opcional):",
    "LabelNewsCategories": "Categorias para notícias:",
    "LabelNumber": "Número:",
    "LabelPlayMethod": "Método de reprodução:",
    "LabelPostProcessor": "Aplicação de pós-processamento:",
    "LabelPostProcessorArguments": "Argumentos de linha de comandos para a aplicação de pós-processamento:",
    "LabelPreferredSubtitleLanguage": "Idioma preferencial das legendas:",
    "LabelProfileCodecs": "Codecs:",
    "LabelReasonForTranscoding": "Razão para transcodificação:",
    "LabelScreensaver": "Proteção de Ecrã:",
    "LabelSecureConnectionsMode": "Modo de ligação segura:",
    "LabelSeriesRecordingPath": "Caminho para gravação de séries (opcional):",
    "ColorPrimaries": "Cores primárias",
    "MessageInvalidForgotPasswordPin": "Foi inserido um código PIN inválido ou expirado. Por favor, tente de novo.",
    "MessageImageTypeNotSelected": "Por favor, selecione um tipo de imagem da lista.",
    "MessageImageFileTypeAllowed": "Apenas são suportados ficheiros JPEG ou PNG.",
    "MessageForgotPasswordInNetworkRequired": "Por favor, volte a tentar o processo de recuperação de palavra-passe quando se encontrar dentro da sua rede local.",
    "MessageForgotPasswordFileCreated": "Foi criado no servidor o ficheiro abaixo que contém instruções de como prosseguir:",
    "MessageDownloadQueued": "Transferência pendente.",
    "MessageCreateAccountAt": "Criar uma conta em {0}",
    "MessageConfirmDeleteGuideProvider": "Tem a certeza de que pretende eliminar este provedor de programação de TV ?",
    "MessageAlreadyInstalled": "Esta versão já se encontra instalada.",
    "Menu": "Menu",
    "MediaIsBeingConverted": "O conteúdo está a ser convertido num formato compatível com o dispositivo que o está a reproduzir.",
    "MediaInfoStreamTypeVideo": "Vídeo",
    "MediaInfoStreamTypeSubtitle": "Legenda",
    "MediaInfoStreamTypeEmbeddedImage": "Imagem Integrada",
    "MediaInfoStreamTypeData": "Dados",
    "MediaInfoStreamTypeAudio": "Áudio",
    "MediaInfoSoftware": "Software",
    "MediaInfoTimestamp": "Data e Hora",
    "MediaInfoSampleRate": "Taxa de Amostragem",
    "MediaInfoResolution": "Resolução",
    "MediaInfoProfile": "Perfil",
    "MediaInfoPixelFormat": "Formato de Píxeis",
    "MediaInfoPath": "Caminho",
    "MediaInfoLevel": "Nível",
    "Banner": "Insígnia",
    "Desktop": "Desktop",
    "DetectingDevices": "A procurar dispositivos",
    "CopyStreamURL": "Copiar URL da transmissão",
    "Disc": "Disco",
    "EnableBackdrops": "Imagens de Fundo",
    "HeaderTags": "Etiquetas",
    "LabelLogs": "Registos:",
    "LabelSortTitle": "Título para ordenação:",
    "HeaderFavoritePeople": "Pessoas Favoritas",
    "HeaderFetcherSettings": "Definições do fornecedor",
    "HeaderKodiMetadataHelp": "Para ativar ou desativar metadados NFO, utilize a secção de metadados disponível na página de configurações da biblioteca.",
    "HeaderTypeImageFetchers": "{0} fornecedores de imagens",
    "LabelImageFetchersHelp": "Active e ordene os fornecedores de imagens por ordem de preferência.",
    "LabelKodiMetadataUserHelp": "Autorizar que outras aplicações usem dados de visualização gaurdados em ficheiros NFO.",
    "LabelMetadataSaversHelp": "Escolha o formato em que deseja guardar metadados.",
    "LabelRefreshMode": "Modo de actualização:",
    "LabelRemoteClientBitrateLimitHelp": "Valor-limite de taxa de transmissão para todos os dispositivos fora da rede local. Este valor é opcional e aplica-se a cada transmissão individual. Ao definir este valor previne que dispositivos peçam uma taxa de transmissão acima da sua ligação à internet. Pedir uma taxa de transmissão acima do limite da ligação implica a necessidade de transcodificar o vídeo e num aumento da carga da CPU.",
    "LabelSoundEffects": "Efeitos sonoros:",
    "Home": "Início",
    "GuideProviderLogin": "Iniciar Sessão",
    "HeaderSubtitleDownloads": "Transferir legendas",
    "LabelRecord": "Gravação:",
    "LabelSkin": "Máscara:",
    "LabelMetadataDownloadersHelp": "Ative e ordene os seus provedores de metadados por ordem de preferência. Provedores com menos prioridade só serão usados para completar informação em falta.",
    "LabelMetadataReadersHelp": "Ordene as suas fontes de metadados por ordem de preferência. O primeiro ficheiro encontrado será utilizado.",
    "LabelMetadataReaders": "Provedores de metadados:",
    "LabelPasswordResetProvider": "Provedor de redefinição da palavra-passe:",
    "LabelSortOrder": "Sequência de ordenação:",
    "LabelKodiMetadataUser": "Guardar dados de visualização em ficheiros NFO:",
    "HeaderCastAndCrew": "Elenco e Equipa",
    "HeaderAdmin": "Gerir o Servidor",
    "HeaderAppearsOn": "Presente em",
    "LabelSortBy": "Ordenar por:",
    "LabelSpecialSeasonsDisplayName": "Nome da temporada especial:",
    "StopRecording": "Parar gravação",
    "SeriesRecordingScheduled": "Gravação da série agendada.",
    "Recordings": "Gravações",
    "RecordingPathChangeMessage": "Alterar a localização das gravações não irá migrar as gravações existentes da localização atual para a nova. Os ficheiros deverão ser movidos manualmente, se necessário.",
    "ManageRecording": "Gerir gravação",
    "OptionLoginAttemptsBeforeLockout": "Determina quantas falhas de início de sessão são admitidas antes de a conta ser bloqueada.",
    "OptionList": "Lista",
    "OptionIsSD": "SD",
    "OptionIsHD": "HD",
    "OptionHomeVideos": "Fotografias",
    "OptionHasTrailer": "Trailer",
    "OptionExtractChapterImage": "Ativar extração de imagens do capítulo",
    "OptionEnableForAllTuners": "Ativar para todos os sintonizadores",
    "OptionEnableExternalContentInSuggestions": "Ativar conteúdo externo nas sugestões",
    "OptionDownloadMenuImage": "Menu",
    "OptionDownloadLogoImage": "Logótipo",
    "OptionBluray": "Blu-Ray",
    "OptionBlockTrailers": "Trailers",
    "OptionAutomaticallyGroupSeriesHelp": "Se ativado, sérias que estejam espalhadas por várias pastas nesta biblioteca, serão automaticamente combinadas numa única série.",
    "OptionAutomaticallyGroupSeries": "Combinar automaticamente séries que estejam espalhadas por várias pastas",
    "OptionAuto": "Auto",
    "OptionAllowVideoPlaybackRemuxing": "Permitir a reprodução de vídeo que requeira conversão sem transcodificação",
    "OptionAllowSyncTranscoding": "Permitir a transferência e sincronização de conteúdos que requeiram transcodificação",
    "OptionAllowLinkSharingHelp": "Apenas serão partilhadas páginas que contenham informação sobre os conteúdos. Os conteúdos nunca serão partilhados. As partilhas são limitadas no tempo e expiram após {0} dias.",
    "Option3D": "3D",
    "OnlyImageFormats": "Apenas formatos de imagem (VOBSUB, PGS, SUB, etc)",
    "OnlyForcedSubtitlesHelp": "Só serão carregadas legendas marcadas como forçadas.",
    "OnlyForcedSubtitles": "Apenas legendas forçadas",
    "Off": "Desligado",
    "NumLocationsValue": "{0} pastas",
    "Normal": "Normal",
    "None": "Nenhum",
    "OptionRandom": "Aleatório",
    "LabelTitle": "Título:",
    "ShowYear": "Mostrar ano",
    "TitleHardwareAcceleration": "Aceleração por Hardware",
    "MediaInfoAspectRatio": "Proporção",
    "TheseSettingsAffectSubtitlesOnThisDevice": "Estas definições afetam as legendas neste dispositivo",
    "SmartSubtitlesHelp": "Serão carregadas legendas no idioma preferido caso o áudio esteja num idioma estrangeiro.",
    "OptionRequirePerfectSubtitleMatch": "Transferir apenas legendas que coincidam exatamente com os ficheiros de vídeo",
    "NoSubtitlesHelp": "As legendas não serão carregadas por defeito. Poderão sempre ser ativadas durante a reprodução.",
    "MySubtitles": "Legendas",
    "Studios": "Estúdios",
    "Watched": "Visto",
    "ViewPlaybackInfo": "Ver informação de reprodução",
    "ViewArtist": "Ver artista",
    "ViewAlbum": "Ver álbum",
    "Vertical": "Vertical",
    "ValueSongCount": "{0} músicas",
    "ValueSeriesCount": "{0} séries",
    "ValueSeconds": "{0} segundos",
    "ValueOneSong": "1 música",
    "ValueOneSeries": "1 série",
    "ValueOneMusicVideo": "1 videoclip",
    "ValueOneMovie": "1 filme",
    "ValueOneEpisode": "1 episódio",
    "Yesterday": "Ontem",
    "Yes": "Sim",
    "XmlTvSportsCategoriesHelp": "Lista de categorias, separadas por '|',  que correspondem a programas de desporto.",
    "XmlTvNewsCategoriesHelp": "Lista de categorias, separadas por '|',  que correspondem a programas de informação.",
    "XmlTvMovieCategoriesHelp": "Lista de categorias, separadas por '|',  que correspondem a filmes.",
    "XmlTvKidsCategoriesHelp": "Lista de categorias, separadas por '|',  que correspondem a programas para crianças.",
    "MoveRight": "Mover para a direita",
    "MoveLeft": "Mover para a esquerda",
    "MoreFromValue": "Mais de {0}",
    "Mobile": "Móvel",
    "MetadataSettingChangeHelp": "Alterar as definições de metadados irá afetar conteúdo adicionado futuramente. Para refrescar o conteúdo existente, abra o painel de detalhes e clique no botão Refrescar, ou execute refrescamentos em massa utilizando o gestor de metadados.",
    "MetadataManager": "Gestor de Metadados",
    "Metadata": "Metadados",
    "MessageYouHaveVersionInstalled": "Neste momento está instalada a versão {0}.",
    "MessageUnsetContentHelp": "O conteúdo será mostrado como pastas simples. Para melhores resultados, utilize o gestor de metadados para definir o tipo de conteúdo das sub-pastas.",
    "MessageSettingsSaved": "Definições guardadas.",
    "MessagePleaseWait": "Por favor, aguarde. Esta operação poderá demorar alguns instantes.",
    "MessagePlayAccessRestricted": "A reprodução deste conteúdo encontra-se, de momento, restrita. Por favor, contacte o administrador do sistema para mais informação.",
    "MessageNoServersAvailable": "Não foram encontrados servidores através da pesquisa automática.",
    "MessageNoCollectionsAvailable": "As coleções permitem ao utilizador usufruir de agrupamentos personalizados de Filmes, Séries e Álbuns. Clique no botão + para começar a criar coleções.",
    "MediaInfoLanguage": "Idioma",
    "MediaInfoInterlaced": "Interlaçado",
    "MediaInfoFramerate": "Taxa de fotogramas",
    "MediaInfoForced": "Forçado",
    "MediaInfoExternal": "Externo",
    "MediaInfoContainer": "Contentor",
    "MediaInfoCodecTag": "Etiqueta do codec",
    "MediaInfoCodec": "Codec",
    "LeaveBlankToNotSetAPassword": "Este campo pode ser deixado em branco para não ser definida qualquer palavra-passe.",
    "LearnHowYouCanContribute": "Veja como pode contribuir.",
    "Large": "Grande",
    "LanNetworksHelp": "Lista separada por vírgulas de endereços IP ou IP/máscara que serão considerados como locais quando se aplicam restrições de largura de banda. Se preenchido, todos os outros endereços serão considerados externos e estarão sujeitos às restrições de largura de banda para dispositivos externos. Se deixado em branco, apenas serão consideradas locais as sub-redes do servidor.",
    "LabelffmpegPathHelp": "Caminho para o binário ffmpeg, ou para a pasta que o contém.",
    "LabelffmpegPath": "Caminho FFmpeg:",
    "LabelYear": "Ano:",
    "LabelWeb": "Web:",
    "LabelVideoCodec": "Codec de vídeo:",
    "LabelVideoBitrate": "Taxa de bits de vídeo:",
    "LabelVideo": "Vídeo",
    "DashboardArchitecture": "Arquitetura: {0}",
    "DashboardOperatingSystem": "Sistema Operativo: {0}",
    "DashboardServerName": "Servidor: {0}",
    "DashboardVersionNumber": "Versão: {0}",
    "LabelVersion": "Versão:",
    "LabelUserLoginAttemptsBeforeLockout": "Tentativas de início de sessão falhadas até o utilizador ser bloqueado:",
    "LabelTranscodingProgress": "Progresso de transcodificação:",
    "LabelTranscodingFramerate": "Taxa de fotogramas de transcodificação:",
    "LabelTranscodePath": "Caminho de transcodificação:",
    "LabelTrackNumber": "Número da faixa:",
    "LabelTextColor": "Côr do texto:",
    "LabelTextBackgroundColor": "Côr de fundo do texto:",
    "LabelTag": "Etiqueta:",
    "LabelSubtitles": "Legendas",
    "LabelSportsCategories": "Categorias de Desporto:",
    "FetchingData": "A transferir informação adicional",
    "List": "lista",
    "LaunchWebAppOnStartup": "Iniciar a interface web ao iniciar o servidor",
    "No": "Não",
    "OptionRegex": "Expressão Regular",
    "OptionCaptionInfoExSamsung": "CaptionInfoEx (Samsung)",
    "NoSubtitles": "Sem legendas",
    "NoSubtitleSearchResultsFound": "Sem resultados.",
    "NoNewDevicesFound": "Não foi encontrado nenhum dispositivo novo. Para adicionar um novo sintonizador, feche este diálogo e introduza manualmente as informações do dispositivo.",
    "NextUp": "A Seguir",
    "Next": "Próximo",
    "NewEpisodesOnly": "Apenas novos episódios",
    "NewEpisodes": "Novos episódios",
    "Never": "Nunca",
    "Name": "Nome",
    "MusicVideo": "Videoclip",
    "MusicArtist": "Artista de Música",
    "MusicAlbum": "Álbum de Música",
    "MoreMediaInfo": "Informações",
    "MediaInfoBitrate": "Taxa de Bits",
    "LabelUserAgent": "User-Agent:",
    "MediaInfoAnamorphic": "Anamórfico",
    "LabelTranscodes": "Transcodificação:",
    "Whitelist": "Lista branca",
    "VideoRange": "Alcance video",
    "ValueOneAlbum": "1 álbum",
    "ValueMusicVideoCount": "{0} videoclips",
    "ValueMovieCount": "{0} filmes",
    "ValueMinutes": "{0} min",
    "ValueEpisodeCount": "{0} episódios",
    "ValueDiscNumber": "Disco {0}",
    "ValueContainer": "Contentor: {0}",
    "ValueCodec": "Codec: {0}",
    "ValueAlbumCount": "{0} álbuns",
    "Upload": "Carregar",
    "Up": "Cima",
    "Unrated": "Sem avaliação",
    "Transcoding": "Transcodificação",
    "Trailers": "Trailers",
    "TitleHostingSettings": "Configurações de Hospedagem",
    "Thumb": "Miniatura",
    "ThemeVideos": "Vídeos de tema",
    "ThemeSongs": "Músicas de tema",
    "TagsValue": "Etiquetas: {0}",
    "Tags": "Etiquetas",
    "TabTrailers": "Trailers",
    "TabResumeSettings": "Retomar",
    "TabLogs": "Logs",
    "TabInfo": "Info",
    "TabCodecs": "Codecs",
    "Suggestions": "Sugestões",
    "SortName": "Ordenar nome",
    "SortByValue": "Ordenar por {0}",
    "Sort": "Ordenar",
    "Smart": "Inteligente",
    "Smaller": "Menor",
    "Small": "Pequeno",
    "ShowTitle": "Mostrar título",
    "ShowIndicatorsFor": "Mostrar indicadores para:",
    "ServerNameIsShuttingDown": "Jellyfin Server - {0} está a desligar.",
    "ServerNameIsRestarting": "Jellyfin Server - {0} está a reiniciar.",
    "SeriesYearToPresent": "{0} - Presente",
    "SeriesSettings": "Configuração de série",
    "SeriesCancelled": "Série cancelada.",
    "SelectAdminUsername": "Por favor selecione um nome de utilizador para a conta de administração.",
    "RepeatEpisodes": "Repetir episódios",
    "RepeatAll": "Repetir tudo",
    "RemoveFromCollection": "Remover da coleção",
    "RememberMe": "Lembrar-me",
    "ReleaseDate": "Data de lançamento",
    "RefreshQueued": "Recarregar na fila.",
    "RefreshMetadata": "Recarregar metadados",
    "RecentlyWatched": "Vistos recentemente",
    "Rate": "Avaliação",
    "QueueAllFromHere": "Fila a partir daqui",
    "Quality": "Qualidade",
    "ProductionLocations": "Localizações de produção",
    "Primary": "Primário",
    "Previous": "Anterior",
    "Premieres": "Estreias",
    "Premiere": "Estreia",
    "PreferredNotRequired": "Prefiro, mas não obrigatório",
    "PreferEmbeddedTitlesOverFileNames": "Preferir títulos embutidos a nomes de ficheiro",
    "PictureInPicture": "Imagem em imagem",
    "OptionThumbCard": "Miniatura cartão",
    "OptionThumb": "Miniatura",
    "OptionPosterCard": "Poster cartão",
    "OptionPoster": "Poster",
    "OptionDownloadBannerImage": "Cartaz",
    "OptionDisplayFolderView": "Mostre em vista de pasta para ver pastas de mídia",
    "OptionBanner": "Cartaz",
    "NewCollectionHelp": "Coleções permitem criar grupos personalizados de filmes e outros tipos de conteúdo.",
    "MusicLibraryHelp": "Reveja o {0}guia de nomeação de música{1}.",
    "MovieLibraryHelp": "Reveja o {0} guia de nomeação de filmes {1}.",
    "MessageConfirmAppExit": "Quer sair?",
    "MediaInfoRefFrames": "Ref quadros",
    "MediaInfoLayout": "Disposição",
    "MediaInfoDefault": "Padrão",
    "MediaInfoBitDepth": "Bit profundidade",
    "Logo": "Logotipo",
    "LinksValue": "Ligações: {0}",
    "Like": "Gosto",
    "LaunchWebAppOnStartupHelp": "Abra o cliente web no ser browser padrão quando o servidor iniciar. Isto não acontecerá usando uma função de reiniciar de servidor.",
    "LabelXDlnaDoc": "X-DLNA doc:",
    "LabelXDlnaCap": "X-DLNA cap:",
    "LabelVaapiDeviceHelp": "Este é o nó de renderização usado para aceleração de hardware.",
    "LabelVaapiDevice": "Dispositivo VAAPI:",
    "LabelTypeMetadataDownloaders": "{0} transferências de metadados:",
    "LabelTheme": "Tema:",
    "LabelTVHomeScreen": "TV modo ecrã de casa:",
    "LabelSubtitleDownloaders": "Transferência de legendas:",
    "LabelParentNumber": "Número fonte:",
    "LabelMetadataSavers": "Formatos de Gravação de Metadados:",
    "LabelAudioBitDepth": "Áudio bit quantidade:",
    "HeaderNavigation": "Navegação",
    "EnableStreamLooping": "Auto-cíclico de streams ao vivo",
    "Down": "Baixo",
    "CopyStreamURLError": "Ocorreu um erro a copiar o URL.",
    "ButtonSplit": "Dividir",
    "NoCreatedLibraries": "Parece que ainda não foi criada nenhuma biblioteca por enquanto. {0} Gostaria de criar uma biblioteca agora? {1}",
    "AskAdminToCreateLibrary": "Pergunte a um administrador para criar uma biblioteca.",
    "LabelVideoResolution": "Resolução de vídeo:",
    "LabelPlayerDimensions": "Dimensões de leitor:",
    "OptionLoginAttemptsBeforeLockoutHelp": "O valor zero significa herdar a definição por defeito de três tentativas para utilizadores comuns e cinco para administradores. Definir este campo como -1 desativa esta funcionalidade.",
    "OptionDisplayFolderViewHelp": "Mostrar pastas juntamente com outras bibliotecas multimédia. Pode ser útil caso pretenda ter uma vista simples das pastas.",
    "OptionForceRemoteSourceTranscoding": "Forçar transcodificação de fontes remotas de multimédia (LiveTV, por exemplo)",
    "LabelStreamType": "Tipo de transmissão:",
    "LabelDroppedFrames": "Fotogramas descartados:",
    "LabelCorruptedFrames": "Fotogramas corrompidos:",
    "AllowFfmpegThrottlingHelp": "Suspende o processo de transcodificação assim que este avance o suficiente após o ponto de reprodução atual, para poupança de recursos. Esta funcionalidade é mais útil quando a reprodução é maioritariamente contínua, sem avançar ou recuar manualmente. Desative esta opção caso haja problemas de reprodução.",
    "AllowFfmpegThrottling": "Reduzir Taxa de Transcodificação",
    "PreferEmbeddedTitlesOverFileNamesHelp": "Determina o título a apresentar por defeito quando não é possível carregar metadados locais nem da Internet.",
    "OptionSaveMetadataAsHiddenHelp": "Alterar esta definição apenas afetará metadados guardados futuramente. Ficheiros existentes serão atualizados assim que forem alterados pelo Servidor Jellyfin.",
    "ButtonSyncPlay": "SyncPlay",
    "LabelRepositoryUrl": "URL do Repositório",
    "HeaderNewRepository": "Novo Repositório",
    "MessageNoRepositories": "Sem repositórios.",
    "MessageUnauthorizedUser": "Não está autorizado a aceder ao servidor neste momento. Por favor contacte o administador deste servidor para informação mais detalhada.",
    "LabelSyncPlayAccess": "Acesso \"SyncPlay\"",
    "LabelSyncPlayAccessNone": "Desativar para este utilizador",
    "LabelSyncPlayAccessJoinGroups": "Permitir utilizador a aderir a grupos",
    "LabelSyncPlayAccessCreateAndJoinGroups": "Autorizar utilizadores a criar e aderir a grupos",
    "LabelSyncPlayLeaveGroupDescription": "Desativar \"SyncPlay\"",
    "LabelSyncPlayLeaveGroup": "Abandonar grupo",
    "LabelSyncPlayNewGroupDescription": "Criar novo grupo",
    "LabelSyncPlayNewGroup": "Novo grupo",
    "LabelSyncPlaySyncMethod": "Método de Sincronização:",
    "LabelSyncPlayPlaybackDiff": "Diferença no tempo de Reprodução:",
    "MillisecondsUnit": "ms",
    "LabelSyncPlayTimeOffset": "Diferença de tempo com o servidor:",
    "EnableFasterAnimationsHelp": "Utilizar animações e transições mais rápidas",
    "EnableFasterAnimations": "Animações Rápidas",
    "LabelRequireHttpsHelp": "Se selecionado, o servidor irá automaticamente redirecionar todos os pedidos em HTTP para HTTPS. Isto não surte efeito caso o servidor não esteja configurado em HTTPS.",
    "LabelRequireHttps": "Exigir HTTPS",
    "LabelNightly": "\"Nightly\"",
    "LabelStable": "Estável",
    "LabelChromecastVersion": "Versão do \"Chromecast\"",
    "LabelLibraryPageSizeHelp": "Define a quantidade de items a apresentar na página de uma Biblioteca. Para desativar a existência de paginação, introduza o valor 0.",
    "LabelLibraryPageSize": "Tamanho da página da Biblioteca:",
    "LabelEnableHttpsHelp": "Permite que o servidor escute na porta HTTPS configurada. Um certificado válido também deve ser configurado para que isso entre em vigor.",
    "LabelEnableHttps": "Ativar HTTPS",
    "LabelDeinterlaceMethod": "Método de desentrelaçamento:",
    "HeaderSyncPlayEnabled": "SyncPlay ativado",
    "HeaderSyncPlaySelectGroup": "Aderir a um grupo",
    "HeaderServerAddressSettings": "Definições da Localização do Servidor",
    "HeaderRemoteAccessSettings": "Definições do Acesso Remoto",
    "HeaderHttpsSettings": "Definições de HTTPS",
    "HeaderFavoritePlaylists": "Listas de Reprodução Favoritas",
    "HeaderDVR": "Gravações (DVR)",
    "ApiKeysCaption": "Lista das chaves de API atualmente ativadas",
    "Episode": "Episódio",
    "EnableDetailsBannerHelp": "Mostra uma imagem no topo da página dos detalhes do item.",
    "EnableDetailsBanner": "Cartaz de Detalhes",
    "EnableDecodingColorDepth10Vp9": "Ativar descodificação de hardware de 10-Bits para VP9",
    "EnableDecodingColorDepth10Hevc": "Ativar descodificação de hardware de 10-Bits para HEVC",
    "DeinterlaceMethodHelp": "Selecionar um método de desentrelaçamento para converter conteúdo entrelaçado.",
    "ClientSettings": "Definições do Cliente",
    "ButtonTogglePlaylist": "Lista de Reprodução",
    "ButtonToggleContextMenu": "Mais",
    "BoxSet": "Coleção",
    "Artist": "Artista",
    "AlbumArtist": "Artista do Álbum",
    "Album": "Álbum"
}
