{
    "AccessRestrictedTryAgainLater": "L'accés està restringit actualment. Intenta-ho de nou més tard si et plau.",
    "Add": "Afegeix",
    "AddToCollection": "Afegeix a col·lecció",
    "AddToPlayQueue": "Afegeix a la llista de reproducció",
    "AddToPlaylist": "Afegeix a la llista de reproducció",
    "All": "Tot",
    "AllChannels": "Tots els canals",
    "AllEpisodes": "Tots els episodis",
    "AlwaysPlaySubtitles": "Reprodueix sempre",
    "AroundTime": "Cap a les {0}",
    "Artists": "Artistes",
    "AsManyAsPossible": "Tants com sigui possible",
    "AspectRatio": "Relació d'aspecte",
    "AttributeNew": "Nou",
    "Audio": "Àudio",
    "BrowsePluginCatalogMessage": "Consulta el nostre catàleg per veure els complements disponibles.",
    "ButtonAdd": "Afegeix",
    "ButtonAddMediaLibrary": "Afegir Biblioteca Multimèdia",
    "ButtonAddScheduledTaskTrigger": "Afegir Disparador",
    "ButtonAddServer": "Afegeix Servidor",
    "ButtonAddUser": "Afegir Usuari",
    "ButtonArrowDown": "Avall",
    "ButtonArrowLeft": "Esquerra",
    "ButtonArrowRight": "Dreta",
    "ButtonArrowUp": "Amunt",
    "ButtonBack": "Darrera",
    "ButtonCancel": "Cancel·la",
    "ButtonChangeServer": "Canvia Servidor",
    "ButtonDelete": "Esborra",
    "ButtonDeleteImage": "Esborra Imatge",
    "ButtonDownload": "Descarrega",
    "ButtonEdit": "Edita",
    "ButtonEditImages": "Edita les imatges",
    "ButtonEditOtherUserPreferences": "Edita el perfil, la imatge i les preferències d'aquest usuari.",
    "ButtonFilter": "Filtra",
    "ButtonForgotPassword": "He oblidat la contrasenya",
    "ButtonGotIt": "Entesos",
    "ButtonGuide": "Guia",
    "ButtonHelp": "Ajuda",
    "ButtonHome": "Inici",
    "ButtonLearnMore": "Aprèn més",
    "ButtonLibraryAccess": "Accés a la biblioteca",
    "ButtonManualLogin": "Inici de sessió manual",
    "ButtonMore": "Més",
    "ButtonNew": "Nou",
    "ButtonNextTrack": "Pista següent",
    "ButtonOk": "D'acord",
    "ButtonOpen": "Obre",
    "ButtonParentalControl": "Control parental",
    "ButtonPause": "Pausa",
    "ButtonPlay": "Reprodueix",
    "ButtonPreviousTrack": "Pista anterior",
    "ButtonProfile": "Perfil",
    "ButtonQuickStartGuide": "Guia d'inici ràpid",
    "ButtonRefresh": "Refresca",
    "ButtonRefreshGuideData": "Refresca les Dades de la Guia",
    "ButtonRemove": "Elimina",
    "ButtonResetEasyPassword": "Reinicia el codi pin senzill",
    "ButtonResetPassword": "Reiniciar Contrasenya",
    "ButtonRestart": "Reiniciar",
    "ButtonResume": "Reprèn",
    "ButtonSave": "Desa",
    "ButtonSearch": "Cercar",
    "ButtonSelectDirectory": "Selecciona Directori",
    "ButtonSelectServer": "Seleccionar servidor",
    "ButtonSend": "Envia",
    "ButtonSettings": "Preferències",
    "ButtonShuffle": "Aleatori",
    "ButtonShutdown": "Atura",
    "ButtonSignIn": "Inicia Sessió",
    "ButtonSignOut": "Tanca sessió",
    "ButtonSort": "Ordena",
    "ButtonStop": "Atura",
    "ButtonSubmit": "Envia",
    "ButtonSubtitles": "Subtítols",
    "ButtonTrailer": "Tràiler",
    "ButtonViewWebsite": "Veure website",
    "CancelRecording": "Cancel·la enregistrament",
    "CancelSeries": "Cancel·la sèrie",
    "ChannelAccessHelp": "Selecciona els canals a compartir amb aquest usuari. Els administradors podran editar tots els canals emprant el gestor de metadades.",
    "Composer": "Compositor",
    "ConfirmDeleteImage": "Esborrar  imatge?",
    "ConfirmDeletion": "Confirma supressió",
    "Connect": "Connecta",
    "Continuing": "Continuant",
    "DefaultErrorMessage": "Hi ha hagut un error processant la petició. Intenta-ho més tard si et plau.",
    "Delete": "Esborra",
    "DeleteImage": "Esborra Imatge",
    "DeleteImageConfirmation": "Esteu segur que voleu suprimir aquesta imatge?",
    "DeleteMedia": "Esborra",
    "DeleteUser": "Esborra Usuari",
    "Desktop": "Escriptori",
    "DeviceAccessHelp": "Això només s'aplica a dispositius que poden ser identificats i no previndrà l'accés des del navegador. Filtrant l'accés de dispositius a l'usuari previndrà l'ús de nous dispositius fins que hagin estat aprovats aquí.",
    "Disconnect": "Desconnecta",
    "Dislike": "No m'agrada",
    "DisplayMissingEpisodesWithinSeasons": "Mostra també els episodis que no tingui a les temporades",
    "DisplayModeHelp": "Selecciona el tipus de pantalla en el que tens Jellyfin funcionant.",
    "DoNotRecord": "No enregistris",
    "Down": "Avall",
    "Download": "Descarrega",
    "Edit": "Edita",
    "EditImages": "Edita imatges",
    "EditSubtitles": "Edita subtítols",
    "EnableCinemaMode": "Habilitar mode cinema",
    "EnableDisplayMirroring": "Habilita la vista de mirall",
    "Ended": "Acabades",
    "EndsAtValue": "Acabaria a les {0}",
    "Episodes": "Episodis",
    "ExitFullscreen": "Surt de pantalla completa",
    "Favorite": "Favorit",
    "File": "Fitxer",
    "FileNotFound": "Arxiu no trobat.",
    "FileReadCancelled": "La lectura de l'arxiu ha estat cancel·lada.",
    "FileReadError": "S'ha produït un error en llegir el fitxer.",
    "FolderTypeBooks": "Llibres",
    "FolderTypeMovies": "Pel·lícules",
    "FolderTypeMusic": "Música",
    "FolderTypeMusicVideos": "Vídeos musicals",
    "FolderTypeTvShows": "TV",
    "FolderTypeUnset": "No definit (contingut mesclat)",
    "Friday": "Divendres",
    "Fullscreen": "Pantalla completa",
    "Genres": "Gèneres",
    "GuestStar": "Artista convidat",
    "HDPrograms": "Programes HD",
    "HeaderAccessSchedule": "Horari d'Accés",
    "HeaderActiveDevices": "Dispositius Actius",
    "HeaderActiveRecordings": "Enregistraments Actius",
    "HeaderActivity": "Activitat",
    "HeaderAddScheduledTaskTrigger": "Afegir Disparador",
    "HeaderAddToCollection": "Afegir a Col·lecció",
    "HeaderAddToPlaylist": "Afegir a la llista de reproducció",
    "HeaderAddUpdateImage": "Afegir/Actualitzar Imatge",
    "HeaderAddUser": "Afegir Usuari",
    "HeaderAdditionalParts": "Parts addicionals",
    "HeaderApiKey": "Clau Api",
    "HeaderApiKeys": "Claus Api",
    "HeaderApiKeysHelp": "Les aplicacions externes requereixen una Api key pere tal de poder-se comunicar amb el Servidor d'Jellyfin. Les claus són emeses iniciant sessió amb un compte d'Jellyfin, o concedint manualment una clau a l'aplicació.",
    "HeaderAudioSettings": "Preferències d'Àudio",
    "HeaderAutomaticUpdates": "Actualitzacions Automàtiques",
    "HeaderBooks": "Llibres",
    "HeaderBranding": "Aparença",
    "HeaderCancelRecording": "Cancel·lar Enregistrament",
    "HeaderCancelSeries": "Cancel·lar Sèries",
    "HeaderCastAndCrew": "Repartiment i Equip",
    "HeaderCastCrew": "Repartiment i Equip",
    "HeaderChannels": "Canals",
    "HeaderCodecProfile": "Perfil de Còdec",
    "HeaderConfirmProfileDeletion": "Confirmar Supressió de Perfil",
    "HeaderConnectToServer": "Connectar al Servidor",
    "HeaderContainerProfile": "Perfil del Contenidor",
    "HeaderContainerProfileHelp": "Els perfils del contenidor indiquen limitacions d'un dispositiu en reproduir formats específics. Si la limitació és aplicable, llavors el multimèdia serà transcodificat, inclús si el format ha estat configurat per a reproducció directa.",
    "HeaderContinueListening": "Continua Escoltant",
    "HeaderContinueWatching": "Continua Veient",
    "HeaderCustomDlnaProfiles": "Perfils Personalitzats",
    "HeaderDateIssued": "Data d'Emissió",
    "HeaderDefaultRecordingSettings": "Preferències d'Enregistrament per Defecte",
    "HeaderDeleteDevice": "Eliminar Dispositiu",
    "HeaderDeleteItem": "Esborrar Ítem",
    "HeaderDeveloperInfo": "Informació de Desenvolupador",
    "HeaderDeviceAccess": "Accés de Dispositiu",
    "HeaderDevices": "Dispositius",
    "HeaderDirectPlayProfile": "Perfil de Reproducció Directa",
    "HeaderDisplay": "Visualització",
    "HeaderEasyPinCode": "Codi Pin Senzill",
    "HeaderEditImages": "Edita Imatges",
    "HeaderEnabledFields": "Camps Habilitats",
    "HeaderExternalIds": "Identificadors externs:",
    "HeaderFeatureAccess": "Accés a Funcions",
    "HeaderFeatures": "Característiques",
    "HeaderFetchImages": "Obtingues Imatges:",
    "HeaderFilters": "Filtres",
    "HeaderForgotPassword": "He oblidat la contrasenya",
    "HeaderFrequentlyPlayed": "Reproduït Freqüentment",
    "HeaderGenres": "Gèneres",
    "HeaderHttpHeaders": "Capçaleres Http",
    "HeaderIdentification": "Identificació",
    "HeaderIdentificationCriteriaHelp": "Insereix al menys un criteri d'identificació.",
    "HeaderIdentificationHeader": "Capçalera d'Identificació",
    "HeaderImageSettings": "Preferències d'Imatge",
    "HeaderInstall": "Instal·lació",
    "HeaderInstantMix": "Mescla Instantània",
    "HeaderKeepRecording": "Continuar Enregistrant",
    "HeaderKeepSeries": "Mantenir Sèries",
    "HeaderLatestEpisodes": "Darrers episodis",
    "HeaderLatestMedia": "Darrers MItjans",
    "HeaderLatestMovies": "Darreres Pel·lícules",
    "HeaderLatestMusic": "Darrera Música",
    "HeaderLatestRecordings": "Darrers Enregistraments",
    "HeaderLibraries": "Biblioteques",
    "HeaderLibraryAccess": "Accés a la Biblioteca",
    "HeaderLibraryFolders": "Directoris de la Llibreria",
    "HeaderLibraryOrder": "Ordre de la llibreria",
    "HeaderLibrarySettings": "Preferències de la Biblioteca",
    "HeaderLiveTV": "TV en Directe",
    "HeaderLiveTv": "TV en Directe",
    "HeaderMediaFolders": "Directoris Multimèdia",
    "HeaderMediaInfo": "Info Multimèdia",
    "HeaderMetadataSettings": "Preferències de Metadades",
    "HeaderMovies": "Pel·lícules",
    "HeaderMusicVideos": "Vídeos Musicals",
    "HeaderMyDevice": "El meu dispositiu",
    "HeaderMyMedia": "Els meus mitjans",
    "HeaderMyMediaSmall": "Els meus mitjans (petit)",
    "HeaderNewApiKey": "Nova Clau Api",
    "HeaderNextEpisodePlayingInValue": "Reproduint proper episodi en {0}",
    "HeaderNextUp": "A continuació",
    "HeaderNextVideoPlayingInValue": "Reproduint proper vídeo en {0}",
    "HeaderOnNow": "En Directe Ara",
    "HeaderParentalRatings": "Classificacions Parentals",
    "HeaderPassword": "Contrasenya",
    "HeaderPasswordReset": "Reiniciar Contrasenya",
    "HeaderPaths": "Directoris",
    "HeaderPendingInvitations": "Invitacions Pendents",
    "HeaderPeople": "Gent",
    "HeaderPlayAll": "Reprodueix Tot",
    "HeaderPlaybackError": "Error de Reproducció",
    "HeaderPleaseSignIn": "Si et plau, inicia sessió",
    "HeaderPreferredMetadataLanguage": "Idioma de Metadades Preferit",
    "HeaderProfile": "Perfil",
    "HeaderProfileInformation": "Informació del perfil",
    "HeaderProfileServerSettingsHelp": "Aquests valors controlen com el servidor d'Jellyfin es presenta a si mateix al dispositiu.",
    "HeaderRecentlyPlayed": "Reproduït Recentment",
    "HeaderRecordingOptions": "Opcions d'Enregistrament",
    "HeaderRemoteControl": "Control Remot",
    "HeaderRestart": "Reiniciar",
    "HeaderRunningTasks": "Tasques Corrent",
    "HeaderScenes": "Escenes",
    "HeaderSchedule": "Horari",
    "HeaderSeasons": "Temporades",
    "HeaderSecondsValue": "{0} segons",
    "HeaderSelectServer": "Seleccionar Servidor",
    "HeaderSendMessage": "Enviar Missatge",
    "HeaderSeries": "Sèries:",
    "HeaderSeriesOptions": "Opcions de Sèries",
    "HeaderServerSettings": "Preferències del Servidor",
    "HeaderSettings": "Preferències",
    "HeaderSetupLibrary": "Configura les teves biblioteques multimèdia",
    "HeaderSortBy": "Ordena per",
    "HeaderSortOrder": "Ordre de Classificació",
    "HeaderSpecialFeatures": "Característiques Especials",
    "HeaderStartNow": "Començar Ara",
    "HeaderStatus": "Estat",
    "HeaderSubtitleAppearance": "Apariència de subtítols",
    "HeaderSystemDlnaProfiles": "Perfils del Sistema",
    "HeaderTaskTriggers": "Disparadors de Tasques",
    "HeaderTranscodingProfile": "Perfil de Transcodificació",
    "HeaderTypeText": "Introdueix Text",
    "HeaderUpcomingOnTV": "Properament a la televisió",
    "HeaderUploadImage": "Pujar Imatge",
    "HeaderUser": "Usuari",
    "HeaderUsers": "Usuaris",
    "HeaderVideoTypes": "Tipus de Vídeo",
    "HeaderXmlDocumentAttribute": "Atribut del Document XML",
    "HeaderXmlDocumentAttributes": "Atributs de Documents XML",
    "HeaderXmlSettings": "Preferències Xml",
    "HeaderYears": "Anys",
    "HeadersFolders": "Directoris",
    "Help": "Ajuda",
    "Hide": "Amaga",
    "Identify": "Identifica",
    "Images": "Imatges",
    "InstallingPackage": "Instal·lant {0}",
    "InstantMix": "Mescla instantània",
    "ItemCount": "{0} ítems",
    "LabelAccessDay": "Dia de la setmana:",
    "LabelAccessEnd": "Hora de fi:",
    "LabelAccessStart": "Hora d'inici:",
    "LabelAirDays": "Dies en directe:",
    "LabelAirTime": "Horari en directe:",
    "LabelAlbum": "Àlbum:",
    "LabelAlbumArtMaxHeight": "Alçada màxima de l'art de l'àlbum:",
    "LabelAlbumArtMaxWidth": "Amplada màxima de l'art de l'àlbum:",
    "LabelAllowServerAutoRestart": "Permetre el servidor reiniciar-se automàticament per aplicar actualitzacions",
    "LabelAllowServerAutoRestartHelp": "El servidor només es reiniciarà durant períodes d'inactivitat, quan no tingui usuaris actius.",
    "LabelArtists": "Artistes:",
    "LabelArtistsHelp": "Separa'n varis emprant ;",
    "LabelAudioLanguagePreference": "Preferència de l'idioma de l'àudio:",
    "LabelBirthDate": "Data de naixement:",
    "LabelBirthYear": "Any de naixement:",
    "LabelCache": "Memòria cau:",
    "LabelCachePath": "Dir. de memòria cau:",
    "LabelCachePathHelp": "Especifica una ubicació personalitzada per als fitxers de memòria cau del servidor. Deixa-ho en blanc per emprar el valor per defecte del servidor.",
    "LabelCancelled": "Cancel·lat",
    "LabelChannels": "Canals:",
    "LabelCollection": "Col·lecció:",
    "LabelCommunityRating": "Valoració de la comunitat:",
    "LabelContentType": "Tipus de contingut:",
    "LabelCountry": "País:",
    "LabelCriticRating": "Valoració crítica:",
    "LabelCurrentPassword": "Contrasenya actual:",
    "LabelCustomCss": "CSS propi:",
    "LabelCustomCssHelp": "Aplica el teu propi css a la interfície web.",
    "LabelCustomDeviceDisplayName": "Nom a mostrar:",
    "LabelDashboardTheme": "Tema del tauler de control del servidor:",
    "LabelDateAdded": "Data afegit:",
    "LabelDay": "Dia:",
    "LabelDeathDate": "Data de defunció:",
    "LabelDefaultUser": "Usuari per defecte:",
    "LabelDefaultUserHelp": "Determina quina biblioteca d'usuari s'hauria de mostrar als dispositius connectats. Pots sobre-escriure això per a cada dispositiu emprant perfils.",
    "LabelDeviceDescription": "Descripció del dispositiu",
    "LabelDiscNumber": "Disc:",
    "LabelDisplayLanguage": "Idioma de visualització:",
    "LabelDisplayMissingEpisodesWithinSeasons": "Mostra els episodis que manquen dins les temporades",
    "LabelDisplayName": "Nom a mostrar:",
    "LabelDisplayOrder": "Ordre de visualització:",
    "LabelDisplaySpecialsWithinSeasons": "Mostra els especials dins les temporades en que van ser emesos",
    "LabelDownloadLanguages": "Descarrega idiomes:",
    "LabelDropImageHere": "Deixa anar la imatge aquí.",
    "LabelDynamicExternalId": "Identificador {0}:",
    "LabelEasyPinCode": "Codi pin senzill:",
    "LabelEnableAutomaticPortMap": "Habilita l'auto-mapatge de ports",
    "LabelEnableDlnaDebugLoggingHelp": "Això crearà arxius de registre molt grans i només es recomana quan sigui necessari per solucionar problemes.",
    "LabelEnableDlnaPlayToHelp": "Jellyfin pot detectar dispositius dins de la teva xarxa i ofereix la possibilitat de controlar-los a distància.",
    "LabelEnableDlnaServer": "Habilita servidor DLNA",
    "LabelEnableDlnaServerHelp": "Permet als dispositius UPnP de la teva xarxa explorar i reproduir contingut d'Jellyfin",
    "LabelEnableRealtimeMonitor": "Habilitar el monitoratge a temps real",
    "LabelEnableRealtimeMonitorHelp": "Els canvis es processaran immediatament als sistemes que ho suportin.",
    "LabelEndDate": "Data de finalització:",
    "LabelEpisodeNumber": "Episodi:",
    "LabelEvent": "Esdeveniment:",
    "LabelEveryXMinutes": "Cada:",
    "LabelExtractChaptersDuringLibraryScan": "Extrau imatges dels episodis durant l'escaneig de la biblioteca",
    "LabelFailed": "Fallit",
    "LabelFinish": "Finalitzar",
    "LabelFriendlyName": "Nom amistós",
    "LabelServerNameHelp": "El nom servirà per identificar aquest servidor. Si es deixa en blanc s'emprarà el nom de l'ordinador.",
    "LabelGroupMoviesIntoCollections": "Agrupa pel·lícules a col·leccions",
    "LabelHomeScreenSectionValue": "Secció {0} de la pàgina d'inici:",
    "LabelHttpsPort": "Port local https:",
    "LabelIconMaxHeight": "Alçada màxima de la icona:",
    "LabelIconMaxWidth": "Amplada màxima de la icona:",
    "LabelImageType": "Tipus d'imatge:",
    "LabelKeepUpTo": "Mantingues fins a:",
    "LabelKodiMetadataDateFormat": "Format de la data de publicació:",
    "LabelKodiMetadataEnablePathSubstitution": "Habilita la substitució de directoris",
    "LabelKodiMetadataEnablePathSubstitutionHelp": "Habilita la substitució de directoris emprant les opcions de substitució de directoris del servidor.",
    "LabelKodiMetadataSaveImagePaths": "Desa els directoris de les imatges als fitxers nfo",
    "LabelLanguage": "Idioma:",
    "LabelLocalHttpServerPortNumber": "Port local http:",
    "LabelLockItemToPreventChanges": "Bloca aquest ítem per evitar canvis futurs",
    "LabelLoginDisclaimerHelp": "Es mostrarà al peu de la pàgina d'inici de sessió.",
    "LabelLogs": "Registres:",
    "LabelManufacturer": "Fabricant",
    "LabelManufacturerUrl": "URL del fabricant",
    "LabelMaxBackdropsPerItem": "Nombre màxim d'imatges de fons per ítem:",
    "LabelMaxParentalRating": "Valoració màxima permesa de control parental:",
    "LabelMaxResumePercentage": "Percentatge màxim per reprendre:",
    "LabelMaxResumePercentageHelp": "Es considerarà que s'ha reproduït del tot si s'atura després d'aquest temps",
    "LabelMaxScreenshotsPerItem": "Nombre màxim de captures de pantalla per ítem:",
    "LabelMaxStreamingBitrateHelp": "Especifica un bitrate màxim quan es faci streaming.",
    "LabelMessageText": "Text del missatge:",
    "LabelMessageTitle": "Títol del missatge:",
    "LabelMetadata": "Metadada:",
    "LabelMetadataDownloadLanguage": "Idioma preferit de descàrrega:",
    "LabelMetadataPath": "Directori de metadades:",
    "LabelMetadataPathHelp": "Especifica un directori personalitzat per a l'artwork i les metadades descarregats.",
    "LabelMethod": "Mètode:",
    "LabelMinBackdropDownloadWidth": "Amplada mínima de descàrrega de la imatge de fons:",
    "LabelMinResumeDuration": "Durada mínima per reprendre (segons):",
    "LabelMinResumeDurationHelp": "Els títols més curts que això no seran continuables",
    "LabelMinResumePercentage": "Percentatge mínim per reprendre:",
    "LabelMinResumePercentageHelp": "Es considerarà que no s'ha reproduït si s'atura abans d'aquest temps",
    "LabelMinScreenshotDownloadWidth": "Amplada mínima de descàrrega de la captura de pantalla:",
    "LabelModelDescription": "Descripció del model",
    "LabelModelName": "Nom del model",
    "LabelModelNumber": "Nombre de model",
    "LabelMonitorUsers": "Supervisar activitat de:",
    "LabelMovieRecordingPath": "Directori de gravació de pel·lícules (opcional):",
    "LabelName": "Nom:",
    "LabelNewName": "Nou nom:",
    "LabelNewPassword": "Nova contrasenya:",
    "LabelNewPasswordConfirm": "Confirma la nova contrasenya:",
    "LabelNext": "Següent",
    "LabelNotificationEnabled": "Habilita aquesta notificació",
    "LabelNumber": "Nombre:",
    "LabelNumberOfGuideDays": "Nombre de dies de dades de la guia per a descarregar:",
    "LabelOriginalAspectRatio": "Relació d'aspecte original:",
    "LabelOriginalTitle": "Títol original:",
    "LabelOverview": "Sinopsi:",
    "LabelPassword": "Contrasenya:",
    "LabelPasswordRecoveryPinCode": "Codi pin:",
    "LabelPath": "Directori:",
    "LabelPersonRole": "Rol:",
    "LabelPersonRoleHelp": "Exemple: Conductor de camió de gelats",
    "LabelPlaceOfBirth": "Lloc de naixement:",
    "LabelPlayDefaultAudioTrack": "Reprodueix la pista d'àudio per defecte independentment de l'idioma",
    "LabelPlaylist": "Llista de rep.:",
    "LabelPreferredDisplayLanguage": "Idioma de visualització preferit:",
    "LabelPreferredDisplayLanguageHelp": "La traducció d'Jellyfin és un projecte en curs.",
    "LabelPreferredSubtitleLanguage": "Idioma preferit de subtítols:",
    "LabelPrevious": "Anterior",
    "LabelProfileAudioCodecs": "Còdecs d'àudio:",
    "LabelProfileCodecs": "Còdecs:",
    "LabelProfileContainer": "Contenidor:",
    "LabelProfileVideoCodecs": "Còdecs de vídeo:",
    "LabelProtocolInfo": "Informació del protocol:",
    "LabelPublicHttpPort": "Número públic del port http:",
    "LabelPublicHttpsPort": "Número públic del port https:",
    "LabelReadHowYouCanContribute": "Aprèn com pots contribuir.",
    "LabelRecord": "Enregistra:",
    "LabelRecordingPath": "Directori de gravació per defecte:",
    "LabelRefreshMode": "Mode de refresc:",
    "LabelReleaseDate": "Data de publicació:",
    "LabelSaveLocalMetadata": "Desa l'artwork i les metadades als directoris dels multimèdia",
    "LabelSaveLocalMetadataHelp": "Desar l'artwork i les metadades directament als directoris dels multimèdia els posarà tots en llocs on podran ser editats fàcilment.",
    "LabelScreensaver": "Salva pantalla:",
    "LabelSeasonNumber": "Temporada:",
    "LabelSelectFolderGroups": "Agrupa automàticament el contingut de les següents carpetes en col·leccions com Pel·lícules, Música i TV:",
    "LabelSelectFolderGroupsHelp": "Les carpetes desmarcades serán mostrades individualment en la seva pròpia vista.",
    "LabelSelectUsers": "Selecciona usuaris:",
    "LabelSelectVersionToInstall": "Selecciona versió a instal·lar:",
    "LabelSendNotificationToUsers": "Envia la notificació a:",
    "LabelSerialNumber": "Nombre de sèrie",
    "LabelSeriesRecordingPath": "Directori de gravació de sèries (opcional):",
    "LabelSkin": "Aspecte:",
    "LabelSortTitle": "Títol d'endreçat:",
    "LabelSoundEffects": "Efectes de so:",
    "LabelSource": "Font:",
    "LabelStartWhenPossible": "Inicia quan sigui possible:",
    "LabelStatus": "Estat:",
    "LabelStopWhenPossible": "Atura quan sigui possible:",
    "LabelSubtitleFormatHelp": "Exemple: srt",
    "LabelSubtitlePlaybackMode": "Mode de subtítol:",
    "LabelTheme": "Tema:",
    "LabelTime": "Hora:",
    "LabelTimeLimitHours": "Temps límit (en hores):",
    "LabelTitle": "Títol:",
    "LabelTrackNumber": "Pista:",
    "LabelTranscodingAudioCodec": "Còdec d'àudio",
    "LabelTranscodingContainer": "Contenidor:",
    "LabelTranscodingTempPathHelp": "Aquest directori conté fitxers emprats pel transcodificador. Especifica un directori personalitzat o deixa-ho en blanc per emprar el per defecte dins el directori de dades del servidor.",
    "LabelTranscodingVideoCodec": "Còdec de vídeo:",
    "LabelTriggerType": "Tipus de Disparador:",
    "LabelType": "Tipus:",
    "LabelUseNotificationServices": "Empra els següents serveis:",
    "LabelUser": "Usuari:",
    "LabelUserLibrary": "Biblioteca d'usuari:",
    "LabelUsername": "Nom d'usuari:",
    "LabelValue": "Valor:",
    "LabelVersionNumber": "Versió {0}",
    "LabelYear": "Any:",
    "LabelYourFirstName": "El teu nom:",
    "LabelYoureDone": "Ja està!",
    "LatestFromLibrary": "Novetats a {0}",
    "LibraryAccessHelp": "Selecciona els directoris dels multimèdia a compartir amb aquest usuari. Els administradors podran editar tots els directoris emprant el gestor de metadades.",
    "Like": "M'agrada",
    "Live": "Directe",
    "MarkPlayed": "Marca com a reproduït",
    "MarkUnplayed": "Marca com a no reproduït",
    "MaxParentalRatingHelp": "El contingut amb una valoració superior no serà mostrat a l'usuari.",
    "MediaInfoAspectRatio": "Relació d'aspecte",
    "MediaInfoChannels": "Canals",
    "MediaInfoDefault": "Per defecte",
    "MediaInfoForced": "Forçat",
    "MediaInfoLanguage": "Idioma",
    "MediaInfoPixelFormat": "Format de píxel",
    "MediaInfoProfile": "Perfil",
    "MediaInfoResolution": "Resolució",
    "MessageAreYouSureDeleteSubtitles": "Estàs segur que vols eliminar aquest fitxer de subtítols?",
    "MessageConfirmProfileDeletion": "N'estàs segur d'eliminar aquest perfil?",
    "MessageConfirmRecordingCancellation": "Estàs segur que vols cancel·lar aquest enregistrament?",
    "MessageConfirmRestart": "Estàs segur que vols reiniciar el Servidor d'Jellyfin?",
    "MessageContactAdminToResetPassword": "Sisplau contacta amb l'adiministrador per restablir la contrasenya.",
    "MessageDownloadQueued": "Descàrrega encuada.",
    "MessageEnablingOptionLongerScans": "Habilitar aquesta opció pot resultar en escanejos de la llibreria significativament més lents.",
    "MessageItemSaved": "Ítem desat.",
    "MessageItemsAdded": "Ítems afegits.",
    "MessageNoAvailablePlugins": "No hi ha extensions disponibles.",
    "MessageNoMovieSuggestionsAvailable": "Per ara no hi ha suggerències de pel·lícules. Comença a veure i valorar les teves pel·lícules i llavors torna aquí per veure les teves recomanacions.",
    "MessageNoPluginsInstalled": "No tens cap complement instal·lat.",
    "MessageNoTrailersFound": "No s'han trobat tràilers. Instal·la el canal Trailer per millorar la teva experiència amb les pel·lícules afegint una llibreria de tràilers d'internet.",
    "MessageNothingHere": "Res aquí.",
    "MessagePleaseEnsureInternetMetadata": "Si et plau, assegura't que la descàrrega de metadades d'internet està habilitada.",
    "MessageSettingsSaved": "Preferències desades.",
    "MessageYouHaveVersionInstalled": "Actualment tens la versió {0} instal·lada.",
    "MetadataManager": "Gestor de Metadades",
    "MinutesAfter": "minuts després",
    "MinutesBefore": "minuts abans",
    "Mobile": "Mòbil / Tauleta",
    "Monday": "Dilluns",
    "MoreFromValue": "Més de {0}",
    "MoreUsersCanBeAddedLater": "Pots afegir més usuaris després des del tauler de control.",
    "MoveLeft": "Moure a l'esquerra",
    "MoveRight": "Moure a la dreta",
    "Mute": "Silencia",
    "MySubtitles": "Els meus subtítols",
    "Name": "Nom",
    "NewCollection": "Nova Col·lecció",
    "NewCollectionHelp": "Les col·leccions et permeten crear agrupacions personalitzades de pel·lícules i altres continguts.",
    "NewCollectionNameExample": "Exemple: Col·leció Star Wars",
    "NewEpisodes": "Nous episodis",
    "NewEpisodesOnly": "Només nous episodis",
    "NoNextUpItemsMessage": "Cap trobat. Comença a mirar els teus programes!",
    "NoPluginConfigurationMessage": "Aquest complement no té opcions de configuració.",
    "NoSubtitleSearchResultsFound": "No s'han trobat resultats.",
    "NoSubtitles": "Sense subtítols",
    "None": "Cap",
    "NumLocationsValue": "{0} directoris",
    "OnlyForcedSubtitles": "Només subtítols forçats",
    "OnlyForcedSubtitlesHelp": "Només es carregaran aquells subtítols marcats com a forçats.",
    "OptionAdminUsers": "Administradors",
    "OptionAlbum": "Àlbum",
    "OptionAllUsers": "Tots els usuaris",
    "OptionAllowBrowsingLiveTv": "Permetre accés a TV en directe",
    "OptionAllowContentDownloading": "Permetre descàrrega de mitjans",
    "OptionAllowLinkSharing": "Permetre compartir els mitjans a les xarxes socials",
    "OptionAllowLinkSharingHelp": "Només les pàgines web contenint informació multimèdia seran compartides. En cap cas es comparteixen fitxers públicament. Les comparticions estan limitades per temps i expiraran després de {0} dies.",
    "OptionAllowManageLiveTv": "Permetre gestionar l'enregistrament de TV en directe",
    "OptionAllowMediaPlayback": "Permetre reproducció multimèdia",
    "OptionAllowRemoteControlOthers": "Permetre el control remot d'altres usuaris",
    "OptionAllowRemoteSharedDevices": "Permetre el control remot de dispositius compartits",
    "OptionAllowRemoteSharedDevicesHelp": "Els dispositius dlna es consideren compartits fins que un usuari comença a controlar-los.",
    "OptionAllowUserToManageServer": "Permet aquest usuari gestionar el servidor",
    "OptionArtist": "Artista",
    "OptionAscending": "Ascendent",
    "OptionAuto": "Automàtc",
    "OptionBlockBooks": "Llibres",
    "OptionBlockMovies": "Pel·lícules",
    "OptionBlockMusic": "Música",
    "OptionBlockTrailers": "Tràilers",
    "OptionCommunityRating": "Valoració de la Comunitat",
    "OptionContinuing": "Continuant",
    "OptionCriticRating": "Valoració dels Crítics",
    "OptionDaily": "Diari",
    "OptionDateAdded": "Data Afegida",
    "OptionDateAddedImportTime": "Empra la data d'escaneig",
    "OptionDatePlayed": "Data de Reproducció",
    "OptionDescending": "Descendent",
    "OptionDisableUser": "Desactiva aquest usuari",
    "OptionDisableUserHelp": "Si es desactiva el servidor no permetrà cap connexió des d'aquest usuari. Les connexions existents seran interrompudes abruptament.",
    "OptionDislikes": "No m'agrada",
    "OptionDownloadBackImage": "Contra",
    "OptionDownloadBoxImage": "Capsa",
    "OptionDownloadMenuImage": "Menú",
    "OptionDownloadPrimaryImage": "Primària",
    "OptionDownloadThumbImage": "Miniatura",
    "OptionEmbedSubtitles": "Incrusta dins el contenidor",
    "OptionEnableAccessFromAllDevices": "Habilita l'accés des de tots els dispositius",
    "OptionEnableAccessToAllChannels": "Habilita l'accés a tots els canals",
    "OptionEnableAccessToAllLibraries": "Habilita l'accés a totes les biblioteques",
    "OptionEnableExternalContentInSuggestionsHelp": "Permet incloure tràilers d'internet i programes de TV en directe amb el continguts suggerits.",
    "OptionEnded": "Acabades",
    "OptionEquals": "Equival",
    "OptionEveryday": "Cada dia",
    "OptionExternallyDownloaded": "Descàrrega externa",
    "OptionFavorite": "Preferits",
    "OptionFriday": "Divendres",
    "OptionHasSpecialFeatures": "Característiques Especials",
    "OptionHasSubtitles": "Subtítols",
    "OptionHasThemeSong": "Cançó Temàtica",
    "OptionHasThemeVideo": "Vídeo Temàtic",
    "OptionHasTrailer": "Tràiler",
    "OptionHideUser": "Oculta aquest usuari de les pantalles de login",
    "OptionHideUserFromLoginHelp": "Pràctic per a comptes d'administrador ocults o privats. L'usuari necessitarà accedir manualment introduint el seu nom d'usuari i contrasenya.",
    "OptionHomeVideos": "Fotos i vídeos domèstics",
    "OptionImdbRating": "Qualificació IMDb",
    "OptionLikes": "M'agrada",
    "OptionMissingEpisode": "Episodis Perduts",
    "OptionMonday": "Dilluns",
    "OptionNameSort": "Nom",
    "OptionNew": "Nou...",
    "OptionNone": "Cap",
    "OptionOnAppStartup": "En arrencar l'aplicació",
    "OptionOnInterval": "En un interval",
    "OptionParentalRating": "Classificació Parental",
    "OptionPlayCount": "Nombre de Reproduccions",
    "OptionPlayed": "Reproduït",
    "OptionProfileAudio": "Àudio",
    "OptionProfilePhoto": "Foto",
    "OptionProfileVideo": "Vídeo",
    "OptionReleaseDate": "Data de Publicació",
    "OptionResumable": "Continuable",
    "OptionRuntime": "Temps d'exec.",
    "OptionSaturday": "Dissabte",
    "OptionSaveMetadataAsHidden": "Desa les metadades i les imatges com a fitxers ocults",
    "OptionSpecialEpisode": "Especials",
    "OptionSubstring": "Subcadena",
    "OptionSunday": "Diumenge",
    "OptionThursday": "Dijous",
    "OptionTuesday": "Dimarts",
    "OptionTvdbRating": "Valoració TVDB",
    "OptionUnairedEpisode": "Episodis No Emesos",
    "OptionUnplayed": "No reproduït",
    "OptionWakeFromSleep": "Despertar",
    "OptionWednesday": "Dimecres",
    "OptionWeekdays": "Entre setmana",
    "OptionWeekends": "Cap de setmana",
    "OptionWeekly": "Setmanal",
    "OriginalAirDateValue": "Data original d'emissió: {0}",
    "PackageInstallCancelled": "Instal·lació {0} cancel·lada.",
    "ParentalRating": "Valoració Parental",
    "PasswordMatchError": "La confirmació de la contrasenya i la contrasenya han de coincidir.",
    "PasswordResetComplete": "La contrasenya s'ha restablert.",
    "PasswordResetConfirmation": "Estàs segur que vols restablir la contrasenya?",
    "PasswordSaved": "Contrasenya desada.",
    "People": "Gent",
    "Play": "Reprodueix",
    "PlayAllFromHere": "Reprodueix tots des d'aquí",
    "PlayFromBeginning": "Reprodueix des de l'inici",
    "Played": "Reproduït",
    "Playlists": "Llistes de reproducció",
    "PleaseRestartServerName": "Reinicia el Servidor d'Jellyfin si et plau - {0}.",
    "Premiere": "Première",
    "Producer": "Productor",
    "Programs": "Programes",
    "Quality": "Qualitat",
    "QueueAllFromHere": "Afegeix tots a la cua des d'aquí",
    "RecentlyWatched": "Reproduït recentment",
    "RecommendationBecauseYouWatched": "Ja que has vist {0}",
    "Record": "Grava",
    "RecordSeries": "Enregistra la sèrie",
    "RecordingCancelled": "Enregistrament cancel·lat.",
    "RecordingScheduled": "Enregistrament programat.",
    "Refresh": "Refresca",
    "RefreshMetadata": "Refresca metadades",
    "RefreshQueued": "Actualització encuada.",
    "ReleaseDate": "Data de publicació",
    "RememberMe": "Recorda'm",
    "RemoveFromCollection": "Elimina de la col·lecció",
    "RemoveFromPlaylist": "Esborra de la llista de reproducció",
    "Repeat": "Repeteix",
    "RepeatEpisodes": "Repetir episodis",
    "ReplaceAllMetadata": "Reemplaça totes les metadades",
    "ReplaceExistingImages": "Reemplaça imatges existents",
    "ResumeAt": "Reprodueix des de {0}",
    "RunAtStartup": "Arrenca en iniciar",
    "Saturday": "Dissabte",
    "Save": "Desa",
    "Screenshots": "Captures de pantalla",
    "Search": "Cerca",
    "SearchForCollectionInternetMetadata": "Cerca a internet artwork i metadades",
    "SearchForMissingMetadata": "Cerca metadades perdudes",
    "SearchForSubtitles": "Cerca Subtítols",
    "SendMessage": "Envia missatge",
    "SeriesCancelled": "Sèrie cancel·lada.",
    "SeriesRecordingScheduled": "Enregistrament de la sèrie programat.",
    "SeriesSettings": "Preferències de la sèrie",
    "ServerUpdateNeeded": "El Servidor Jellyfin necessita ser actualitzat. Per descarregar la darrera versió, si et plau, visita {0}",
    "Settings": "Preferències",
    "SettingsSaved": "Preferències desades.",
    "Share": "Comparteix",
    "ShowIndicatorsFor": "Mostra indicadors per a:",
    "Shuffle": "Aleatori",
    "SkipEpisodesAlreadyInMyLibrary": "No enregistris episodis que ja estan a la meva biblioteca",
    "SkipEpisodesAlreadyInMyLibraryHelp": "Els episodis es compararan emprant la temporada i el nombre d'episodi quan siguin disponibles.",
    "SortName": "Nom per endreçar:",
    "Studios": "Estudis",
    "Subtitles": "Subtítols",
    "Suggestions": "Suggerències",
    "Sunday": "Diumenge",
    "Sync": "Sincronitzar",
    "TabAccess": "Accés",
    "TabAdvanced": "Avançat",
    "TabAlbums": "Àlbums",
    "TabArtists": "Artistes:",
    "TabCatalog": "Catàleg",
    "TabChannels": "Canals",
    "TabCodecs": "Còdecs",
    "TabCollections": "Col·leccions",
    "TabContainers": "Contenidors",
    "TabDashboard": "Tauler de Control",
    "TabDevices": "Dispositius",
    "TabDirectPlay": "Reproducció Directa",
    "TabDisplay": "Visualització",
    "TabEpisodes": "Episodis",
    "TabFavorites": "Preferits",
    "TabGenres": "Gèneres",
    "TabGuide": "Guia",
    "TabInfo": "Informació",
    "TabLatest": "Novetats",
    "TabLiveTV": "TV en Directe",
    "TabMetadata": "Metadades",
    "TabMovies": "Pel·lícules",
    "TabMusic": "Música",
    "TabMusicVideos": "Vídeos musicals",
    "TabMyPlugins": "Els meus complements",
    "TabNetworks": "Cadenes",
    "TabNfoSettings": "Preferències d'Nfo",
    "TabNotifications": "Notificacions",
    "TabOther": "Altres",
    "TabParentalControl": "Control Parental",
    "TabPassword": "Contrasenya",
    "TabPlayback": "Reproducció",
    "TabPlaylist": "Llista de reproducció",
    "TabPlaylists": "Llistes de reproducció",
    "TabPlugins": "Complements",
    "TabProfile": "Perfil",
    "TabProfiles": "Perfils",
    "TabRecordings": "Enregistraments",
    "TabResponses": "Respostes",
    "TabScheduledTasks": "Tasques Programades",
    "TabSeries": "Sèries",
    "TabServer": "Servidor",
    "TabSettings": "Preferències",
    "TabShows": "Programes",
    "TabSongs": "Cançons",
    "TabSuggestions": "Suggerències",
    "TabTrailers": "Tràilers",
    "TabTranscoding": "Transcodificació",
    "TabUpcoming": "Properament",
    "TabUsers": "Usuaris",
    "Tags": "Etiquetes",
    "TellUsAboutYourself": "Explica'ns sobre tu",
    "TheseSettingsAffectSubtitlesOnThisDevice": "Aquestes preferències afecten els subtítols d'aquest dispositiu",
    "ThisWizardWillGuideYou": "Aquest assistent et guiarà durant el procés d'instal·lació. Per començar, si et plau selecciona el teu idioma preferit.",
    "Thursday": "Dijous",
    "TitlePlayback": "Reproducció",
    "TrackCount": "{0} pistes",
    "Tuesday": "Dimarts",
    "UninstallPluginConfirmation": "Estàs segur que vols desinstal·lar {0}?",
    "UninstallPluginHeader": "Desinstal·lar Complement.",
    "Unmute": "De-silencia",
    "Unrated": "Sense valorar",
    "Up": "Amunt",
    "UserProfilesIntro": "Jellyfin inclou suport integrat per a perfils d'usuari, habilitant a cada usuari tenir les seves pròpies preferències de visualització, estats de reproducció i controls parentals.",
    "ValueEpisodeCount": "{0} episodis",
    "ValueMusicVideoCount": "{0} vídeos musicals",
    "ValueOneMusicVideo": "1 vídeo musical",
    "ValueSpecialEpisodeName": "Especial - {0}",
    "ViewAlbum": "Veure àlbum",
    "ViewArtist": "Veure artista",
    "ViewPlaybackInfo": "Veure informació de reproducció",
    "Watched": "Vists",
    "Wednesday": "Dimecres",
    "WelcomeToProject": "Benvingut a Jellyfin!",
    "WizardCompleted": "Això és tot el que necessitem per ara. Jellyfin ha començat a recollir informació de la teva biblioteca multimèdia. Mira't alguna de les nostres apps, i llavors fes clic a <b>Finalitzar</b> per veure el <b>Tauler de Control del Servidor</b>.",
    "Writer": "Escriptor",
    "XmlTvKidsCategoriesHelp": "Els programes amb aquestes categories es mostraran com a programes infantils. Separa'n varis emprant '|'.",
    "XmlTvMovieCategoriesHelp": "Els programes amb aquestes categories es mostraran com a pel·lícules. Separa'n varis emprant '|'.",
    "XmlTvNewsCategoriesHelp": "Els programes amb aquestes categories es mostraran com a programes de notícies. Separa'n varis emprant '|'.",
    "XmlTvSportsCategoriesHelp": "Els programes amb aquestes categories es mostraran com a programes esportius. Separa'n varis emprant '|'.",
    "Books": "Llibres",
    "Folders": "Carpetes",
    "Photos": "Fotos",
    "Shows": "Programes",
    "Songs": "Cançons",
    "Albums": "Àlbums",
    "Movies": "Pel·lícules",
    "Channels": "Canals",
    "Collections": "Col·leccions",
    "Favorites": "Preferits",
    "HeaderAlbumArtists": "Artistes del Àlbum",
    "HeaderFavoriteAlbums": "Àlbums Preferits",
    "HeaderFavoriteArtists": "Artistes Preferits",
    "HeaderFavoriteEpisodes": "Episodis Preferits",
    "HeaderFavoriteShows": "Programes Preferits",
    "HeaderFavoriteSongs": "Cançons Preferides",
    "ChannelNumber": "Número de canal",
    "Categories": "Categories",
    "ButtonWebsite": "Lloc web",
    "ButtonUp": "Amunt",
    "ButtonUninstall": "Desinstal·lar",
    "ButtonSplit": "Dividir",
    "ButtonStart": "Començar",
    "ButtonSelectView": "Selecciona la vista",
    "ButtonScanAllLibraries": "Escanejar totes les biblioteques",
    "ButtonRevoke": "Revocar",
    "ButtonRepeat": "Repetir",
    "ButtonRename": "Canviar el nom",
    "ButtonNetwork": "Xarxa",
    "ButtonInfo": "Informació",
    "ButtonFullscreen": "Pantalla completa",
    "ButtonDown": "A baix",
    "ButtonConnect": "Connectar",
    "ButtonAudioTracks": "Pistes d'àudio",
    "ButtonAddImage": "Afegir imatge",
    "Blacklist": "Llista negra",
    "BirthPlaceValue": "Lloc de naixement: {0}",
    "BirthLocation": "Lloc de naixement",
    "BirthDateValue": "Nascut: {0}",
    "Banner": "Banner",
    "Auto": "Auto",
    "AuthProviderHelp": "Seleccionar un proveïdor d'autenticació que s'utilitzarà per autenticar la contrasenya d'aquest usuari.",
    "AskAdminToCreateLibrary": "Sol·liciteu a un administrador que crei una biblioteca.",
    "Ascending": "Ascendent",
    "Art": "Art",
    "Anytime": "En qualsevol moment",
    "AnyLanguage": "Qualsevol idioma",
    "AlwaysPlaySubtitlesHelp": "Es carregaran els subtítols que coincideixin amb la preferència d’idioma independentment del llenguatge d’àudio.",
    "AllowRemoteAccessHelp": "Si no es marca, totes les connexions remotes es bloquejaran.",
    "AllowRemoteAccess": "Permet connexions remotes a aquest servidor de Jellyfin.",
    "AllowOnTheFlySubtitleExtraction": "Permet extreure subtítols sobre la marxa",
    "AllowMediaConversionHelp": "Concedir o denegar l’accés a la funció de mitjans de conversió.",
    "AllowMediaConversion": "Permetre la conversió de mitjans",
    "AllowHWTranscodingHelp": "Permet al sintonitzador transcodificar streams sobre la marxa. Això pot ajudar a reduir la transcodificació requerida pel servidor.",
    "AllLibraries": "Totes les biblioteques",
    "AllLanguages": "Tots els idiomes",
    "AllComplexFormats": "Tots els formats complexos (ASS, SSA, VOBSUB, PGS, SUB / IDX, etc.)",
    "Alerts": "Alertes",
    "Aired": "Transmès",
    "AirDate": "Data d'emissió",
    "AdditionalNotificationServices": "Examineu el catàleg de complements per instal·lar serveis de notificació addicionals.",
    "AddedOnValue": "Afegit  {0}",
    "AddItemToCollectionHelp": "Afegiu els elements a les col·leccions buscant-los i fent clic amb el botó dret o toqueu els menús per afegir-los a una col·lecció.",
    "Actor": "Actor",
    "Absolute": "Absolut",
    "ClientSettings": "Configuració del client",
    "CinemaModeConfigurationHelp": "El mode Cinema aporta l'experiència del teatre directament a la sala d'estar amb la possibilitat de jugar a tràilers i presentacions personalitzades abans de la funció principal.",
    "ChannelNameOnly": "Número de canal",
    "ChangingMetadataImageSettingsNewContent": "Els canvis als paràmetres de descàrrega de metadades o d'obra d'art només s'apliquen al contingut nou afegit a la biblioteca. Per aplicar els canvis als títols existents, haureu de refrescar les metadades manualment.",
    "ButtonTogglePlaylist": "Llista de reproducció",
    "ButtonToggleContextMenu": "més",
    "ButtonOff": "Apagar",
    "BurnSubtitlesHelp": "Determina si el servidor hauria de gravar-se en els subtítols en transcodificar vídeos. Evitar això millorarà molt el rendiment. Seleccioneu Automàtica per gravar formats basats en imatges (VOBSUB, PGS, SUB, IDX) i certs subtítols ASS o SSA.",
    "Browse": "Navega",
    "BoxRear": "Caixa (posterior)",
    "BoxSet": "conjunt de caixes",
    "Box": "Caixa",
    "BookLibraryHelp": "Els àudio i llibres de text són compatibles. Reviseu la {0} guia de denominació de llibres {1}.",
    "Backdrops": "Fons",
    "Backdrop": "Fons",
    "AutoBasedOnLanguageSetting": "Auto (basada en la configuració de l’idioma)",
    "Artist": "Artista",
    "AllowedRemoteAddressesHelp": "Llista d’adreces IP o d’entrades IP / netmasca separades per comes per a xarxes que podran connectar-se de forma remota. Si es deixa en blanc, es permetran totes les adreces remotes.",
    "AllowFfmpegThrottlingHelp": "Quan un transcòdi o un remux estigui prou lluny de la posició de reproducció actual, feu una pausa en el procés perquè consumirà menys recursos. Això és més útil per mirar sense buscar sovint. Desactiveu-la si teniu problemes de reproducció.",
    "AllowFfmpegThrottling": "Transcodes de l’acceleració",
    "AllowOnTheFlySubtitleExtractionHelp": "Els subtítols incrustats es poden extreure de vídeos i entregar-los a clients en text senzill per tal d'evitar la transcodificació de vídeo. En alguns sistemes, això pot trigar molt i fer que la reproducció de vídeo s’aturi durant el procés d’extracció. Desactiveu-ho per tenir subtítols incrustats incrustats amb la transcodificació de vídeo quan no són compatibles amb el dispositiu client de forma nativa.",
    "AlbumArtist": "Album artista",
    "Album": "Album",
    "ButtonSyncPlay": "SyncPlay"
}
