{
    "Add": "Añadir",
    "Actor": "Actor",
    "AccessRestrictedTryAgainLater": "El acceso está restringido actualmente. Inténtelo de nuevo más tarde.",
    "Absolute": "Absoluto",
    "HeaderAlbumArtists": "Artistas del Álbum",
    "HeaderContinueWatching": "Continuar Viendo",
    "Genres": "Géneros",
    "Folders": "Carpetas",
    "Favorites": "Favoritos",
    "Collections": "Colecciones",
    "Books": "Libros",
    "Albums": "Álbumes",
    "Artists": "Artistas",
    "Channels": "Canales",
    "ButtonSyncPlay": "SyncPlay"
}
