{
    "Absolute": "絶対",
    "AccessRestrictedTryAgainLater": "アクセスは現在制限されています。後でもう一度やり直してください。",
    "Actor": "俳優",
    "Add": "追加",
    "AddToCollection": "コレクションに追加",
    "AddToPlayQueue": "再生リストに追加",
    "AddToPlaylist": "プレイリストに追加",
    "AddedOnValue": "{0}を追加しました",
    "AdditionalNotificationServices": "プラグインカタログから通知サービスを追加してください。",
    "AirDate": "放送日",
    "Aired": "放映された",
    "Albums": "アルバム",
    "Alerts": "アーティスト",
    "All": "すべて",
    "AllChannels": "すべてのチャンネル",
    "AllComplexFormats": "すべての複雑なフォーマット (ASS, SSA, VOBSUB, PGS, SUB, IDX など)",
    "AllEpisodes": "すべてのエピソード",
    "AllLanguages": "すべての言語",
    "AllLibraries": "すべてのライブラリ",
    "AllowHWTranscodingHelp": "チューナーによるストリームトランスコードを有効にする。 場合によってサーバーへのトランスコーディング負担を減らすことができます。",
    "AllowMediaConversion": "メディアの変換を許可する",
    "AllowMediaConversionHelp": "メディア変換機能へのアクセスを許可もしくは、拒否します。",
    "AllowOnTheFlySubtitleExtraction": "字幕の抽出の許可/拒否",
    "AllowOnTheFlySubtitleExtractionHelp": "埋め込まれた字幕は、ビデオのトランスコードを防ぐために、ビデオから抽出してプレーンテキストでクライアントに配信できます。 システムによっては、これに時間がかかり、抽出中にビデオの再生が止まることがあります。 これを無効にし、埋め込み字幕がクライアントデバイスでネイティブにサポートされていない場合、ビデオのトランスコードが強制されます。",
    "AllowRemoteAccess": "Jellyfin Serverへのリモート接続の許可。",
    "AllowRemoteAccessHelp": "チェックが入っていない場合すべてのリモート接続をブロックします。",
    "AllowedRemoteAddressesHelp": "リモート接続を許可するネットワークのIPアドレスまたはIPアドレス/マスク長 空白のままにすると、すべてのリモートアドレスが許可されます。",
    "AlwaysPlaySubtitles": "常に有効",
    "AlwaysPlaySubtitlesHelp": "言語に合った字幕が音声言語に関係なく読み込まれます。",
    "AnyLanguage": "任意の言語",
    "Anytime": "いつでも",
    "AroundTime": "だいたい",
    "Art": "アート",
    "Artists": "アーティスト",
    "AsManyAsPossible": "できるだけ多く",
    "Ascending": "昇順",
    "AspectRatio": "アスペクト比",
    "Audio": "オーディオ",
    "AuthProviderHelp": "ユーザーのパスワードを認証するために使用する認証プロバイダを選択してください。",
    "Auto": "自動",
    "AutoBasedOnLanguageSetting": "自動選択(設定されている言語を優先)",
    "Backdrop": "背景",
    "Backdrops": "背景",
    "Banner": "バナー",
    "BirthDateValue": "誕生日:{0}",
    "BirthLocation": "生まれた場所",
    "BirthPlaceValue": "生まれた場所: {0}",
    "Blacklist": "ブラックリスト",
    "BookLibraryHelp": "オーディオブックとテキストブックに対応しています。{0} の資料、ブック命名ガイド {1} を参照。",
    "Books": "ブック",
    "Box": "ボックス",
    "BoxRear": "ボックス(後)",
    "Browse": "ブラウズ",
    "BrowsePluginCatalogMessage": "利用可能なプラグインを表示するには、プラグインカタログを参照してください。",
    "BurnSubtitlesHelp": "ビデオのトランスコード時にサーバーが字幕を焼付けるかどうかを決定します。 この字幕焼付けを避けると、サーバーのパフォーマンスが非常に向上します。 画像ベースの形式 (VOBSUB, PGS, SUB, IDX など) と特定の ASS または SSA 字幕でだけ焼付けを行うには、自動を選んでください。",
    "ButtonAdd": "追加",
    "ButtonAddMediaLibrary": "メディアライブラリを追加",
    "ButtonAddScheduledTaskTrigger": "トリガーを追加",
    "ButtonAddServer": "サーバーを追加",
    "ButtonAddUser": "ユーザーを追加",
    "ButtonArrowDown": "下",
    "ButtonArrowLeft": "左",
    "ButtonArrowRight": "右",
    "ButtonArrowUp": "上",
    "ButtonAudioTracks": "オーディオトラック",
    "ButtonBack": "戻る",
    "ButtonCancel": "キャンセル",
    "ButtonChangeServer": "サーバーを変更",
    "ButtonConnect": "接続",
    "ButtonDelete": "削除",
    "ButtonDeleteImage": "イメージを削除",
    "ButtonDown": "下",
    "ButtonDownload": "ダウンロード",
    "ButtonEdit": "編集",
    "ButtonEditImages": "イメージを編集",
    "ButtonEditOtherUserPreferences": "ユーザーのアバターイメージやプロフィールなどの個人設定を編集。",
    "ButtonFilter": "フィルタ",
    "ButtonForgotPassword": "パスワードを忘れました",
    "ButtonFullscreen": "フルスクリーン",
    "ButtonGotIt": "了解",
    "ButtonGuide": "ガイド",
    "ButtonHelp": "ヘルプ",
    "ButtonHome": "ホーム",
    "ButtonInfo": "情報",
    "ButtonLearnMore": "もっと詳しく",
    "ButtonLibraryAccess": "ライブラリへアクセス",
    "ButtonManualLogin": "マニュアルログイン",
    "ButtonMore": "もっと",
    "ButtonNetwork": "ネットワーク",
    "ButtonNextTrack": "次のトラック",
    "ButtonOk": "OK",
    "ButtonOpen": "開く",
    "ButtonParentalControl": "ペアレンタルコントロール",
    "ButtonPause": "一時停止",
    "ButtonPlay": "再生",
    "ButtonPreviousTrack": "前のトラック",
    "ButtonProfile": "プロフィール",
    "ButtonQuickStartGuide": "クイックスタートガイド",
    "ButtonRefresh": "更新",
    "ButtonRefreshGuideData": "ガイドデータの更新",
    "ButtonRemove": "削除",
    "ButtonRename": "名前の変更",
    "ButtonRepeat": "リピート",
    "ButtonResetEasyPassword": "easy pin code をリセット",
    "ButtonResetPassword": "パスワードをリセット",
    "ButtonRestart": "再起動",
    "ButtonResume": "レジューム",
    "ButtonRevoke": "取り消す",
    "ButtonSave": "保存",
    "ButtonScanAllLibraries": "すべてのライブラリをスキャン",
    "ButtonSearch": "検索",
    "ButtonSelectDirectory": "ディレクトリの選択",
    "ButtonSelectServer": "サーバーの選択",
    "ButtonSelectView": "ビューを選択",
    "ButtonSend": "送る",
    "ButtonSettings": "設定",
    "ButtonShuffle": "シャッフル",
    "ButtonShutdown": "シャットダウン",
    "ButtonSignIn": "サインイン",
    "ButtonSignOut": "サインアウト",
    "ButtonSort": "ソート",
    "ButtonStart": "スタート",
    "ButtonStop": "ストップ",
    "ButtonSubmit": "提出",
    "ButtonSubtitles": "字幕",
    "ButtonTrailer": "予告",
    "ButtonUninstall": "アンインストール",
    "ButtonUp": "上",
    "ButtonViewWebsite": "ウェブサイトで見る",
    "ButtonWebsite": "ウェブサイト",
    "CancelRecording": "レコーディングをキャンセル",
    "CancelSeries": "中止したシリーズ",
    "Categories": "カテゴリ",
    "ChangingMetadataImageSettingsNewContent": "メタデータまたはアートワークのダウンロード設定に対する変更は、ライブラリに追加された新しいコンテンツにのみ適用されます。 既存のタイトルに変更を適用するには、それらのメタデータを手動で更新する必要があります。",
    "ChannelAccessHelp": "ユーザーと共有するチャンネルを選択してください。管理者はメタデータマネージャを使用してすべてのチャンネルを編集できます。",
    "ChannelNameOnly": "チャンネル{0} のみ",
    "ChannelNumber": "チャンネル番号",
    "Channels": "チャンネル",
    "CinemaModeConfigurationHelp": "シネマモードでは、再生前に予告編やカスタムイントロを再生することができ、まるで映画館に居るような没入感を楽しめます。",
    "Collections": "コレクション",
    "ColorPrimaries": "プライマリカラー",
    "ColorSpace": "カラースペース",
    "CommunityRating": "コミュニティ評価",
    "Composer": "作曲者",
    "ConfigureDateAdded": "日時を設定します",
    "ConfirmDeleteImage": "イメージを削除しますか？",
    "ConfirmDeleteItem": "このアイテムを削除すると、ファイルシステムとメディアライブラリの両方から削除されます。 続行しますか？",
    "ConfirmDeleteItems": "これらの項目を削除すると、ファイルシステムとメディアライブラリの両方からそれらが削除されます。 続行しますか？",
    "ConfirmDeletion": "削除を確認",
    "ConfirmEndPlayerSession": "{0}のJellyfinをシャットダウンしますか？",
    "Connect": "接続",
    "ContinueWatching": "視聴中",
    "Continuing": "続く",
    "CriticRating": "批評家の評価",
    "CustomDlnaProfilesHelp": "カスタムプロファイルを作成して新しいデバイスをターゲットにするか、システムプロファイルを上書きします。",
    "DateAdded": "追加日時",
    "DatePlayed": "再生日時",
    "Default": "デフォルト",
    "DefaultErrorMessage": "要求の処理中にエラーが発生しました。 後でもう一度やり直してください。",
    "DefaultMetadataLangaugeDescription": "これらはデフォルトであり、ライブラリごとにカスタマイズすることができます。",
    "DefaultSubtitlesHelp": "字幕は、埋め込みメタデータのデフォルトフラグと強制フラグに基づいてロードされます。 複数のオプションが利用可能な場合は、言語設定が考慮されます。",
    "Delete": "削除",
    "DeleteDeviceConfirmation": "このデバイスを削除してよろしいですか？次回ユーザーがサインインしたときに再び表示されます。",
    "DeleteImage": "イメージを削除",
    "DeleteImageConfirmation": "この画像を削除してもよろしいですか？",
    "DeleteMedia": "メディアを削除",
    "DeleteUser": "ユーザーの削除",
    "DeleteUserConfirmation": "このユーザーを削除してよろしいですか？",
    "Descending": "降順",
    "Desktop": "デスクトップ",
    "DetectingDevices": "検出デバイス",
    "DeviceAccessHelp": "これは、識別できるデバイスにのみ適用され、ブラウザへのアクセスを妨げることはありません。 ユーザーのデバイスアクセスをフィルタリングすると、ここで承認されるまで新しいデバイスを使用できなくなります。",
    "DirectPlaying": "ダイレクト再生",
    "DirectStreamHelp1": "メディアの種類 (H.264, AC3, etc.)がお使いのデバイスに対応している場合Jellyfinサーバーからメディアファイルの直接再生が可能です。互換性のないファイルコンテナ(.mkv, .avi, .wmv, etc.)はリパックを行い再生されます。",
    "DirectStreamHelp2": "ファイルのダイレクトストリーミングは、ビデオ品質を損なうことなく、Jellyfin Serverにもほとんど負荷がありません。",
    "DirectStreaming": "ダイレクトストリーミング",
    "Director": "ディレクター",
    "Directors": "ディレクターズ",
    "Disabled": "無効",
    "Disc": "ディスク",
    "Disconnect": "切断",
    "Dislike": "嫌い",
    "Display": "ディスプレイ",
    "DisplayInMyMedia": "ホームスクリーンに表示",
    "DisplayInOtherHomeScreenSections": "最新のメディアなどをホーム画面に表示する",
    "DisplayMissingEpisodesWithinSeasons": "シーズンの欠けているエピソードを表示する",
    "DisplayMissingEpisodesWithinSeasonsHelp": "これは サーバーのTVライブラリ設定でも有効にする必要があります。",
    "DisplayModeHelp": "インターフェース用のお好みのレイアウトスタイルを選びます。",
    "DoNotRecord": "記録しない",
    "Down": "下",
    "Download": "ダウンロード",
    "DownloadsValue": "{0} ダウンロード",
    "DrmChannelsNotImported": "DRMのあるチャンネルはインポートされません。",
    "DropShadow": "影をつける",
    "EasyPasswordHelp": "簡単なPINコードを設定することで、サポートされているJellyfinアプリケーションとのオフラインアクセスに使用できます。また、ネットワーク内サインインにも使用できます。",
    "Edit": "編集",
    "EditImages": "イメージを編集",
    "EditMetadata": "メタデータを編集",
    "EditSubtitles": "字幕を編集",
    "EnableBackdrops": "背景",
    "EnableBackdropsHelp": "ライブラリを閲覧している間、背景がいくつかのページの背景に表示されます。",
    "EnableCinemaMode": "シネマモード",
    "EnableColorCodedBackgrounds": "カラーコードによる背景",
    "EnableDisplayMirroring": "ディスプレイミラーリング",
    "EnableExternalVideoPlayers": "外部ビデオプレイヤー",
    "EnableExternalVideoPlayersHelp": "ビデオの再生を開始すると、外部プレーヤーメニューが表示されます。",
    "EnableHardwareEncoding": "ハードウェアエンコーディングを有効にする",
    "EnableNextVideoInfoOverlay": "再生中に次のビデオ情報を表示する",
    "EnableNextVideoInfoOverlayHelp": "動画の最後に、現在のプレイリストに表示されている次の動画に関する情報を表示します。",
    "EnablePhotos": "フォトを表示",
    "EnablePhotosHelp": "写真が検出され、他のメディアファイルと一緒に表示されます。",
    "EnableStreamLooping": "ライブストリームの自動ループ",
    "EnableStreamLoopingHelp": "ライブストリームに数秒のデータしか含まれず、継続的に要求する必要がある場合は、これを有効にします。不要なときにこれを有効にすると、問題が発生する可能性があります。",
    "EnableThemeSongs": "テーマ曲",
    "EnableThemeSongsHelp": "ライブラリを閲覧している間バックグラウンドでテーマ曲を再生する。",
    "EnableThemeVideos": "テーマ動画",
    "EnableThemeVideosHelp": "ライブラリを閲覧中にバックグラウンドでテーマ動画を再生します。",
    "Ended": "終了",
    "EndsAtValue": "{0}に終了",
    "Episodes": "エピソード",
    "HeaderInstantMix": "インスタントミックス",
    "HeaderMoreLikeThis": "これに似たもの",
    "InstantMix": "インスタントミックス",
    "MoreFromValue": "もっと詳しく {0}",
    "AddItemToCollectionHelp": "アイテムをコレクションに追加するには右クリックメニューかタップメニューから追加してください。",
    "AttributeNew": "新規",
    "ButtonNew": "新規",
    "ButtonOff": "オフ",
    "ColorTransfer": "Color transfer",
    "DeathDateValue": "死亡日:{0}",
    "Depressed": "陰鬱",
    "ErrorAddingListingsToSchedulesDirect": "Schedules Directのアカウントにラインナップを追加中にエラーが発生しました。  スケジュールダイレクトでは、アカウントごとに限られた数のラインナップしか許可されません。続けるには、Schedules Direct にログインしてアカウントから他のリストを削除する必要があります。",
    "ErrorAddingMediaPathToVirtualFolder": "メディアパスの追加中にエラーが発生しました。 パスが有効で、Jellyfin サーバープロセスがその場所にアクセスできることを確認してください。",
    "ErrorAddingTunerDevice": "チューナーデバイスの追加中にエラーが発生しました。 アクセス可能であることを確認して、もう一度やり直してください。",
    "ErrorAddingXmlTvFile": "XMLTV ファイルへのアクセス中にエラーが発生しました。 ファイルが存在することを確認して、やり直してください。",
    "ErrorDeletingItem": "Jellyfin サーバーからアイテムを削除中にエラーが発生しました。 Jellyfin サーバーがメディアフォルダーへの書き込みアクセス権を持っていることを確認して、もう一度やり直してください。",
    "ErrorGettingTvLineups": "TV ラインナップ のダウンロード中にエラーが発生しました。 あなたの情報が正しいことを確認してもう一度やり直してください。",
    "ErrorMessageStartHourGreaterThanEnd": "終了時間は開始時間より長くなければなりません。",
    "ErrorPleaseSelectLineup": "ラインナップを選択してもう一度やり直してください。 ラインナップが利用できない場合は、あなたのユーザー名、パスワード、および郵便番号が正しいことを確認してください。",
    "ErrorSavingTvProvider": "TV プロバイダの保存中にエラーが発生しました。 アクセス可能であることを確認して、もう一度やり直してください。",
    "EveryNDays": "{0}日ごと",
    "ExitFullscreen": "フルスクリーンを終了する",
    "ExtraLarge": "特大",
    "ExtractChapterImagesHelp": "チャプター画像を抽出すると、クライアントはグラフィカルシーン選択メニューを表示できます。 このプロセスは遅く、リソースを消費し、数ギガバイトのスペースが必要になる場合があります。 動画が発見されたときに実行され、夜間のスケジュールされたタスクとしても実行されます。 スケジュールは、スケジュール済みタスク領域で構成可能です。 ピーク時にこのタスクを実行することはお勧めできません。",
    "Extras": "エクストラ",
    "FFmpegSavePathNotFound": "入力されたパスからFFmpegを見つけることができませんでした。 FFprobeも必須であり、同じフォルダーに存在しなければなりません。 これらのコンポーネントは通常、同じダウンロードにまとめられています。 パスを確認してもう一度やり直してください。",
    "FastForward": "早送り",
    "Favorite": "お気に入り",
    "Favorites": "お気に入り",
    "Features": "機能",
    "File": "ファイル",
    "FileNotFound": "ファイルが見つかりませんでした。",
    "FileReadCancelled": "ファイルの読み込みをキャンセルしました。",
    "FileReadError": "ファイルの読み込み中にエラーが発生しました。",
    "Filters": "フィルタ",
    "FolderTypeBooks": "ブック",
    "FolderTypeMovies": "ムービー",
    "FolderTypeMusic": "音楽",
    "FolderTypeMusicVideos": "ミュージックビデオ",
    "FolderTypeTvShows": "テレビ番組",
    "FolderTypeUnset": "ミックスコンテンツ",
    "Folders": "フォルダー",
    "FormatValue": "フォーマット: {0}",
    "Friday": "金曜日",
    "Fullscreen": "フルスクリーン",
    "General": "全般",
    "Genre": "ジャンル",
    "Genres": "ジャンル",
    "GroupBySeries": "シリーズグループ",
    "GroupVersions": "グループバージョン",
    "GuestStar": "ゲストスター",
    "Guide": "ガイド",
    "GuideProviderLogin": "ログイン",
    "GuideProviderSelectListings": "リストを選択",
    "H264CrfHelp": "固定レートファクタ（CRF）は、x264エンコーダのデフォルトの品質設定です。 0から51までの値を設定できます。値が小さいほど品質が高くなります（ファイルサイズが大きくなりますが）。 正しい値は18から28の間です。x264のデフォルトは23なので、これを出発点として使用できます。",
    "EncoderPresetHelp": "パフォーマンスを向上させるには小さい値を、品質を向上させるには大きい値を選択してください。",
    "HDPrograms": "HD番組",
    "HandledByProxy": "リバースプロキシで処理",
    "HardwareAccelerationWarning": "ハードウェアアクセラレーションを有効にすると、環境によっては不安定になる可能性があります。 オペレーティングシステムとビデオドライバが完全に最新であることを確認してください。 これを有効にした後でビデオの再生が困難な場合は、設定を[なし]に戻す必要があります。",
    "HeaderAccessSchedule": "アクセススケジュール",
    "HeaderAccessScheduleHelp": "アクセススケジュールを作成して、アクセスを特定の時間に制限します。",
    "HeaderActiveDevices": "アクティブデバイス",
    "HeaderActiveRecordings": "アクティブな録画",
    "HeaderActivity": "アクティビティ",
    "HeaderAddScheduledTaskTrigger": "トリガーを追加",
    "HeaderAddToCollection": "コレクションに追加",
    "HeaderAddToPlaylist": "プレイリストに追加",
    "HeaderAddUpdateImage": "イメージの追加/更新",
    "HeaderAddUser": "ユーザーの追加",
    "HeaderAdditionalParts": "追加のパーツ",
    "HeaderAdmin": "管理者",
    "HeaderAlbumArtists": "アルバムアーティスト",
    "HeaderAlbums": "アルバム",
    "HeaderAlert": "アラート",
    "HeaderAllowMediaDeletionFrom": "メディアの削除を許可",
    "HeaderApiKey": "API キー",
    "HeaderApiKeys": "API キー",
    "HeaderApiKeysHelp": "Jellyfin サーバーと通信するには、外部アプリケーション用ににAPIキーが必要です。 キーはJellyfinアカウントでログインするか、手動でアプリケーションにキーを付与することによって発行されます。",
    "HeaderApp": "アプリ",
    "HeaderAppearsOn": "表示",
    "HeaderAudioBooks": "オーディオブック",
    "HeaderAudioSettings": "音声設定",
    "HeaderAutomaticUpdates": "自動更新",
    "HeaderBlockItemsWithNoRating": "評価情報がない、または認識できないアイテムをブロックします。",
    "HeaderBooks": "ブック",
    "HeaderBranding": "ブランディング",
    "HeaderCancelRecording": "録画の停止",
    "HeaderCancelSeries": "シリーズをキャンセル",
    "HeaderCastAndCrew": "キャスト＆クルー",
    "HeaderCastCrew": "キャスト＆クルー",
    "HeaderChannelAccess": "チャンネルアクセス",
    "HeaderChannels": "チャンネル",
    "HeaderChapterImages": "チャプターイメージ",
    "HeaderCodecProfile": "コーデックプロファイル",
    "HeaderCodecProfileHelp": "コーデックプロファイルは、特定のコーデックを再生するときのデバイスの制限を示します。 制限が適用される場合、コーデックが直接再生用に設定されていても、メディアはトランスコードされます。",
    "HeaderConfigureRemoteAccess": "リモートアクセスの設定",
    "HeaderConfirmPluginInstallation": "プラグインのインストールを確認する",
    "HeaderConfirmProfileDeletion": "プロファイル削除の確認",
    "HeaderConfirmRevokeApiKey": "APIキーの取消",
    "HeaderConnectToServer": "サーバーに接続",
    "HeaderConnectionFailure": "接続失敗",
    "HeaderContainerProfile": "コンテナプロファイル",
    "HeaderContainerProfileHelp": "コンテナプロファイルは、特定のフォーマットを再生するときのデバイスの制限を示します。 制限が適用される場合は、フォーマットが直接再生用に設定されていても、メディアはトランスコードされます。",
    "HeaderContinueListening": "視聴を続ける",
    "HeaderContinueWatching": "視聴を続ける",
    "HeaderCustomDlnaProfiles": "カスタムプロファイル",
    "HeaderDateIssued": "発行日",
    "HeaderDefaultRecordingSettings": "デフォルトの録画設定",
    "HeaderDeleteDevice": "デバイスを削除",
    "HeaderDeleteItem": "アイテムの削除",
    "HeaderDeleteItems": "アイテムの削除",
    "HeaderDeleteProvider": "プロバイダの削除",
    "HeaderDeleteTaskTrigger": "タスクトリガーの削除",
    "HeaderDetectMyDevices": "デバイスを検出する",
    "HeaderDeveloperInfo": "デベロッパー情報",
    "HeaderDeviceAccess": "デバイスアクセス",
    "HeaderDevices": "デバイス",
    "HeaderDirectPlayProfile": "ダイレクトプレイ プロファイル",
    "HeaderDirectPlayProfileHelp": "ダイレクトプレイプロファイルを追加して、デバイスがどのフォーマットをネイティブに処理できるかを示します。",
    "HeaderDisplay": "ディスプレイ",
    "HeaderDownloadSync": "ダウンロード&同期",
    "HeaderEasyPinCode": "簡単なPINコード",
    "HeaderEditImages": "イメージの編集",
    "HeaderEnabledFields": "有効なフィールド",
    "HeaderEnabledFieldsHelp": "フィールドをオフにしてロックし、データが変更されないようにします。",
    "HeaderEpisodes": "エピソード",
    "HeaderError": "エラー",
    "HeaderExternalIds": "外部ID:",
    "HeaderFavoriteMovies": "お気に入りのムービー",
    "HeaderFavoriteShows": "お気に入りの番組",
    "HeaderFavoriteEpisodes": "お気に入りのエピソード",
    "HeaderFavoriteAlbums": "お気に入りのアルバム",
    "HeaderFavoriteArtists": "お気に入りのアーティスト",
    "HeaderFavoriteSongs": "お気に入りの曲",
    "HeaderFavoriteVideos": "お気に入りのビデオ",
    "HeaderFeatureAccess": "機能へのアクセス",
    "HeaderFeatures": "機能",
    "HeaderFetchImages": "画像を取得する:",
    "HeaderFetcherSettings": "フェッチャー設定",
    "HeaderFilters": "フィルタ",
    "HeaderForKids": "子供向け",
    "HeaderForgotPassword": "パスワードを忘れました",
    "HeaderFrequentlyPlayed": "よく再生する",
    "HeaderGenres": "ジャンル",
    "HeaderGuideProviders": "TV番組情報のプロバイダ",
    "HeaderHome": "ホーム",
    "HeaderHttpHeaders": "HTTPヘッダー",
    "HeaderIdentification": "識別",
    "HeaderIdentificationCriteriaHelp": "少なくとも1つの識別基準を入力してください。",
    "HeaderIdentificationHeader": "識別ヘッダー",
    "HeaderIdentifyItemHelp": "1つ以上の検索基準を入力してください。 検索結果を増やすために基準を削除します。",
    "HeaderImageOptions": "イメージオプション",
    "HeaderImageSettings": "イメージ設定",
    "HeaderInstall": "インストール",
    "HeaderItems": "アイテム",
    "HeaderKeepRecording": "録画を続ける",
    "HeaderKeepSeries": "シリーズを続ける",
    "HeaderKodiMetadataHelp": "NFOメタデータを有効または無効にするには、Jellyfinライブラリ設定でライブラリを編集し、メタデータ保存機能セクションを見つけます。",
    "HeaderLatestEpisodes": "最新のエピソード",
    "HeaderLatestMedia": "最新のメディア",
    "HeaderLatestMovies": "最新のムービー",
    "HeaderLatestMusic": "最新のミュージック",
    "HeaderLatestRecordings": "最新の録画",
    "HeaderLibraries": "ライブラリ",
    "HeaderLibraryAccess": "ライブラリアクセス",
    "HeaderLibraryFolders": "ライブラリフォルダ",
    "HeaderLibraryOrder": "ライブラリの順番",
    "HeaderLibrarySettings": "ライブラリ設定",
    "HeaderLiveTV": "ライブTV",
    "HeaderLiveTv": "ライブTV",
    "HeaderLiveTvTunerSetup": "ライブTV チューナーのセットアップ",
    "HeaderLoginFailure": "ログイン失敗",
    "HeaderMedia": "メディア",
    "HeaderMediaFolders": "メディアフォルダ",
    "HeaderMediaInfo": "メディア情報",
    "HeaderMetadataSettings": "メタデータ設定",
    "HeaderMovies": "ムービー",
    "HeaderMusicQuality": "ミュージックの品質",
    "HeaderMusicVideos": "ミュージックビデオ",
    "HeaderMyDevice": "マイデバイス",
    "HeaderMyMedia": "マイメディア",
    "HeaderMyMediaSmall": "マイメディア(small)",
    "HeaderNewApiKey": "新規のAPIキー",
    "HeaderNewDevices": "新規のデバイス",
    "HeaderNextEpisodePlayingInValue": "次のエピソードの再生まで {0}",
    "HeaderNextUp": "次",
    "HeaderNextVideoPlayingInValue": "次のビデオの再生まで{0}",
    "HeaderOnNow": "今",
    "HeaderOtherItems": "その他のアイテム",
    "HeaderParentalRatings": "ペアレンタルレーティング",
    "HeaderPassword": "パスワード",
    "HeaderPasswordReset": "パスワードリセット",
    "HeaderPaths": "パス",
    "HeaderPendingInvitations": "保留中の招待状",
    "HeaderPeople": "人",
    "HeaderPhotoAlbums": "フォトアルバム",
    "HeaderPinCodeReset": "PINコードのリセット",
    "HeaderPlayAll": "すべて再生",
    "HeaderPlayOn": "ここから再生",
    "HeaderPlayback": "メディア再生",
    "HeaderPlaybackError": "再生エラー",
    "HeaderPleaseSignIn": "サインインしてください",
    "HeaderPluginInstallation": "プラグインのインストール",
    "HeaderPreferredMetadataLanguage": "優先するメタデータ言語",
    "HeaderProfile": "プロファイル",
    "HeaderProfileInformation": "プロファイル情報",
    "HeaderProfileServerSettingsHelp": "これらの値はJellyfinサーバーがそれ自体をデバイスに提示する方法を制御します。",
    "HeaderRecentlyPlayed": "最近再生した",
    "HeaderRecordingOptions": "録画設定",
    "HeaderRecordingPostProcessing": "録画後の処理",
    "HeaderRemoteControl": "リモートコントロール",
    "HeaderRemoveMediaFolder": "メディアフォルダの削除",
    "HeaderRemoveMediaLocation": "メディアロケーションの削除",
    "HeaderResponseProfile": "レスポンスプロファイル",
    "HeaderResponseProfileHelp": "レスポンスプロファイルは、特定の種類のメディアを再生するときにデバイスに送信される情報をカスタマイズする方法を提供します。",
    "HeaderRestart": "リスタート",
    "HeaderRevisionHistory": "更新履歴",
    "HeaderRunningTasks": "実行中のタスク",
    "HeaderScenes": "シーン",
    "HeaderSchedule": "スケジュール",
    "HeaderSeasons": "シーズン",
    "HeaderSecondsValue": "{0} 秒",
    "HeaderSelectCertificatePath": "証明書のパスを選択",
    "HeaderSelectMetadataPath": "メタデータのパスを選択",
    "HeaderSelectMetadataPathHelp": "メタデータを保存するパスを参照または入力します。 フォルダは書き込み可能でなければなりません。",
    "HeaderSelectPath": "パスの選択",
    "HeaderSelectServer": "サーバーの選択",
    "HeaderSelectServerCachePath": "サーバーキャッシュのパスを選択",
    "HeaderSelectServerCachePathHelp": "サーバーキャッシュファイルに使用するパスを参照または入力します。 フォルダは書き込み可能でなければなりません。",
    "HeaderSelectTranscodingPath": "トランスコーディング用の一時パスの選択",
    "HeaderSelectTranscodingPathHelp": "一時ファイルのトランスコードに使用するパスを参照または入力します。 フォルダは書き込み可能でなければなりません。",
    "HeaderSendMessage": "メッセージの送信",
    "HeaderSeries": "シリーズ",
    "HeaderSeriesOptions": "シリーズオプション",
    "HeaderSeriesStatus": "シリーズの状態",
    "HeaderServerSettings": "サーバー設定",
    "HeaderSettings": "設定",
    "HeaderSetupLibrary": "メディアライブラリを設定する",
    "HeaderShutdown": "シャットダウン",
    "HeaderSortBy": "ソート",
    "HeaderSortOrder": "ソート順",
    "HeaderSpecialEpisodeInfo": "スペシャルエピソード情報",
    "HeaderSpecialFeatures": "特別な機能",
    "HeaderStartNow": "今すぐ始める",
    "HeaderStatus": "状態",
    "HeaderStopRecording": "録画停止",
    "HeaderSubtitleAppearance": "字幕の外観",
    "HeaderSubtitleDownloads": "字幕のダウンロード",
    "HeaderSubtitleProfile": "字幕のプロファイル",
    "HeaderSubtitleProfiles": "字幕のプロファイル",
    "HeaderSubtitleProfilesHelp": "字幕プロファイルは、デバイスでサポートされている字幕フォーマットを表します。",
    "HeaderSystemDlnaProfiles": "システムプロファイル",
    "HeaderTags": "タグ",
    "HeaderTaskTriggers": "タスクトリガー",
    "HeaderThisUserIsCurrentlyDisabled": "このユーザーは現在無効になっています",
    "HeaderTracks": "トラック",
    "HeaderTranscodingProfile": "トランスコーディングプロファイル",
    "HeaderTranscodingProfileHelp": "トランスコーディングが必要なときにどのフォーマットを使用するかを示すために、トランスコーディングプロファイルを追加します。",
    "HeaderTunerDevices": "チューナーデバイス",
    "HeaderTuners": "チューナー",
    "HeaderTypeImageFetchers": "{0} 件のイメージを取得",
    "HeaderTypeText": "テキストを入力",
    "HeaderUpcomingOnTV": "今後追加されるTV",
    "HeaderUploadImage": "イメージのアップロード",
    "HeaderUser": "ユーザー",
    "HeaderUsers": "ユーザー",
    "HeaderVideoQuality": "ビデオ品質",
    "HeaderVideoType": "ビデオタイプ",
    "HeaderVideoTypes": "ビデオタイプ",
    "HeaderVideos": "ビデオ",
    "HeaderXmlSettings": "XML設定",
    "HeaderYears": "年",
    "HeadersFolders": "フォルダ",
    "Help": "ヘルプ",
    "Hide": "隠す",
    "Movies": "ムービー",
    "Photos": "フォト",
    "Playlists": "プレイリスト",
    "Shows": "番組",
    "Songs": "曲",
    "Sync": "同期",
    "ValueSpecialEpisodeName": "スペシャル - {0}",
    "ButtonAddImage": "イメージの追加",
    "List": "リスト",
    "MediaInfoTimestamp": "タイムスタンプ",
    "NoSubtitles": "字幕がありません",
    "TabCollections": "コレクション",
    "Thursday": "木曜日",
    "TitleHardwareAcceleration": "ハードウェアアクセラレーション",
    "Tuesday": "火曜日",
    "LabelCustomCertificatePath": "カスタムSSL認証書パス:",
    "CopyStreamURL": "ストリームURLをコピー",
    "LabelNewName": "新しい名前:",
    "LabelProfileVideoCodecs": "映像コーデック:",
    "LabelProtocol": "プロトコル:",
    "LabelServerHostHelp": "192.168.1.100:8096 又は https://myserver.com",
    "LabelDay": "日:",
    "LabelDisplayLanguage": "表示言語:",
    "LabelDynamicExternalId": "{0} ID:",
    "LabelDropShadow": "影付け:",
    "LabelEndDate": "終了日:",
    "LabelEvent": "イベント:",
    "LabelGroupMoviesIntoCollections": "映画のグループをコレクションに追加",
    "LabelImageType": "画像タイプ:",
    "LabelInternetQuality": "インターネット品質:",
    "LabelLineup": "ラインナップ:",
    "LabelLocalHttpServerPortNumber": "ローカルHTTOポート番号:",
    "LabelMessageTitle": "メッセージタイトル:",
    "LabelMetadata": "メタデータ:",
    "MessageDownloadQueued": "ダウンロードに追加。",
    "TabNetworks": "ネットワーク",
    "Tags": "タグ",
    "LabelAllowedRemoteAddressesMode": "リモートIPアドレスフィルターモード:",
    "LabelAppName": "アプリ名",
    "LabelDeviceDescription": "デバイスの詳細",
    "LabelDiscNumber": "ディスク数:",
    "LabelDidlMode": "DIDLモード:",
    "LabelEmbedAlbumArtDidl": "DIDLのアルバムアートを埋め込む",
    "LabelFailed": "失敗",
    "LabelEncoderPreset": "H264エンコーディングプリセット:",
    "LabelHardwareAccelerationType": "ハードウェアアクセラレーション:",
    "LabelH264Crf": "H264エンコーディングCRF:",
    "LabelHttpsPortHelp": "JellyfinのHTTPSサーバーがバインドするTCPポート番号。",
    "LabelKodiMetadataDateFormat": "リリース日時フォーマット:",
    "LabelLogs": "ログ:",
    "LabelMessageText": "メッセージテキスト:",
    "LabelModelDescription": "モデル説明",
    "LabelModelName": "モデル名",
    "LabelModelNumber": "モデル数",
    "LabelModelUrl": "モデルURL",
    "LabelNewPassword": "新しいパスワード:",
    "LabelNewPasswordConfirm": "新しいパスワードを確認:",
    "LabelNext": "次へ",
    "LabelNotificationEnabled": "この通知を有効化",
    "LabelOptionalNetworkPath": "(任意) 共有ネットワークフォルダー:",
    "LabelOriginalAspectRatio": "元のアスペクト比:",
    "LabelPrevious": "前へ",
    "LabelServerName": "サーバー名:",
    "LabelSubtitles": "字幕",
    "LabelSupportedMediaTypes": "サポートされているメディアタイプ:",
    "LabelTVHomeScreen": "TVモードホームスクリーン:",
    "LabelTextColor": "文字色:",
    "LabelTime": "時刻:",
    "LabelTimeLimitHours": "制限時間 (時間):",
    "LabelffmpegPath": "FFmpegパス:",
    "Like": "いいね",
    "MediaInfoPixelFormat": "画像データフォーマット",
    "MediaInfoProfile": "プロフィール",
    "MessageItemSaved": "アイテムを保存しました。",
    "MessageItemsAdded": "アイテムを追加しました。",
    "MessagePleaseWait": "お待ち下さい。この処理には数分かかります。",
    "MessageSettingsSaved": "設定を保存しました。",
    "MessageReenableUser": "最有効するためには以下を参照してください",
    "Name": "名前",
    "NewCollection": "新しいコレクション",
    "OptionAutomatic": "自動",
    "OptionAscending": "昇順",
    "OptionAuto": "自動",
    "OptionBlockBooks": "ブック",
    "OptionDatePlayed": "再生日",
    "OptionMissingEpisode": "所有してないエピソード",
    "OptionPoster": "ポスター",
    "OptionProfileAudio": "オーディオ",
    "OptionProfilePhoto": "フォト",
    "OptionProfileVideo": "ビデオ",
    "OptionProfileVideoAudio": "ビデオオーディオ",
    "OptionProtocolHttp": "HTTP",
    "OptionRegex": "正規表現",
    "OptionReleaseDate": "公開日",
    "OptionRuntime": "実行時間",
    "OptionUnplayed": "未再生",
    "OptionUnairedEpisode": "未放送のエピソード",
    "OptionWakeFromSleep": "スリープから起動",
    "OptionWednesday": "水曜日",
    "OptionWeekdays": "平日",
    "ParentalRating": "個人評価",
    "PasswordResetConfirmation": "本当にパスワードを再設定しますか？",
    "PasswordResetHeader": "パスワード再設定",
    "PasswordSaved": "パスワードが保存されました。",
    "People": "ピープル",
    "PerfectMatch": "完全に一致",
    "PictureInPicture": "ピクチャーインピクチャー",
    "Play": "再生",
    "PlayAllFromHere": "これ以降全てを再生",
    "PlayNext": "次を再生",
    "Played": "再生済み",
    "Refresh": "リフレッシュ",
    "SeriesCancelled": "シリーズ中止",
    "Sunday": "日曜日",
    "CopyStreamURLSuccess": "URLのコピーが成功しました。",
    "TabDirectPlay": "直接再生",
    "TabDisplay": "表示",
    "TabEpisodes": "エピソード",
    "TabFavorites": "お気に入り",
    "TabGenres": "ジャンル",
    "LabelDefaultUser": "デフォルトユーザー:",
    "TabSeries": "シリーズ",
    "Trailers": "トレーラー",
    "LabelRecord": "レコード:",
    "MediaInfoAnamorphic": "アナモフィック",
    "MediaInfoAspectRatio": "アスペクト比",
    "MediaInfoBitDepth": "ビット深度",
    "Menu": "メニュー",
    "OptionBlockMovies": "ムービー",
    "OptionImdbRating": "IMDb評価",
    "ReplaceAllMetadata": "すべてのメタデータを置き換える",
    "ResumeAt": "{0} から再生",
    "Yesterday": "昨日",
    "LabelFinish": "完了",
    "LabelFont": "フォント:",
    "LabelNumber": "数:",
    "FetchingData": "追加のデータを取得中",
    "HeaderFavoriteBooks": "お気に入りのブック",
    "OneChannel": "1チャンネル",
    "TabDevices": "デバイス",
    "ValueContainer": "コンテナ: {0}",
    "ImportFavoriteChannelsHelp": "有効にすると、チューナーのデバイスのお気に入りのチャンネルのみインポートされます。",
    "MusicAlbum": "ミュージックアルバム",
    "OptionDownloadLogoImage": "ロゴ",
    "OptionEnableAccessToAllChannels": "すべてのチャンネルへのアクセスを有効化",
    "OptionEnableAccessToAllLibraries": "すべてのライブラリへのアクセスを優幸化",
    "OptionWeekly": "週間",
    "OriginalAirDateValue": "元の公開日: {0}",
    "RepeatOne": "リピート",
    "SeriesSettings": "シリーズ設計",
    "SeriesYearToPresent": "{0} - 現在",
    "SubtitleOffset": "字幕オフセット",
    "TabPassword": "パスワード",
    "TabPlayback": "プレイバック",
    "ThemeSongs": "テーマ曲",
    "ThemeVideos": "テーマビデオ",
    "ValueMusicVideoCount": "{0} ミュージックビデオ",
    "Yes": "はい",
    "OptionBluray": "ブルーレイ",
    "TabNfoSettings": "NFO設定",
    "Label3DFormat": "3Dフォーマット:",
    "LabelAccessDay": "曜日:",
    "LabelCriticRating": "評論家の評価:",
    "LabelCurrentPassword": "現在のパスワード:",
    "LabelCustomCss": "カスタムCSS:",
    "LabelCustomCssHelp": "ウェブインターフェースにカスタムスタイリングを適応する。",
    "LabelCustomDeviceDisplayName": "表示名:",
    "LabelEnableDlnaClientDiscoveryInterval": "クライアント探索間隔 (秒)",
    "LabelParentalRating": "個人評価:",
    "LabelPassword": "パスワード:",
    "LabelPasswordConfirm": "パスワード (確認):",
    "LabelPasswordRecoveryPinCode": "ピンコード:",
    "LabelPath": "パス:",
    "LabelPersonRole": "役割:",
    "LabelSortOrder": "並び順:",
    "LabelSortTitle": "タイトルによる並び替え:",
    "Metadata": "メタデータ",
    "OptionAutomaticallyGroupSeries": "複数のフォルダーに分かれたエピソードを自動的に統合",
    "OptionBanner": "バナー",
    "ReleaseDate": "公開日",
    "OptionDvd": "DVD",
    "Save": "保存",
    "HideWatchedContentFromLatestMedia": "最新のメディアに視聴したコンテンツを表示しない",
    "Home": "ホーム",
    "Horizontal": "水平",
    "LabelAuthProvider": "認証プロバイダー:",
    "LabelAutomaticallyRefreshInternetMetadataEvery": "インターネットからメタデータを自動的に再取得:",
    "LabelBirthDate": "誕生日:",
    "LabelBitrate": "ビットレート:",
    "LabelBirthYear": "生年:",
    "LabelBlastMessageInterval": "アライブメッセージ間隔 (秒)",
    "LabelCache": "キャッシュ:",
    "LabelDisplayMode": "表示モード:",
    "LabelDisplayOrder": "表示順:",
    "LabelDisplayName": "表示名:",
    "LabelKidsCategories": "子供のカテゴリ:",
    "LabelLanNetworks": "LANネットワーク:",
    "LabelLanguage": "言語:",
    "LabelLocalHttpServerPortNumberHelp": "JellyfinのHTTPサーバーがバインドするTCPポート番号。",
    "LabelLoginDisclaimer": "ログイン免責事項:",
    "LabelSendNotificationToUsers": "通知を送る:",
    "LabelVideoCodec": "映像コーデック:",
    "LabelWeb": "ウェブ:",
    "LabelYear": "年:",
    "MediaInfoExternal": "外部",
    "MediaInfoLanguage": "言語",
    "MediaInfoLayout": "レイアウト",
    "MediaInfoLevel": "レベル",
    "MessageImageFileTypeAllowed": "JPEGとPNGファイルのみサポートしています。",
    "NoSubtitleSearchResultsFound": "何も見つかりません。",
    "OptionRandom": "ランダム",
    "OptionSaturday": "土曜日",
    "OptionSubstring": "字幕",
    "OptionSunday": "日曜日",
    "OptionThursday": "木曜日",
    "OptionTrackName": "トラック名",
    "OptionTuesday": "火曜日",
    "OptionTvdbRating": "TVDB評価",
    "OptionWeekends": "休日",
    "Overview": "概要",
    "PasswordResetComplete": "パスワードは再設定されました。",
    "PinCodeResetComplete": "ピンコードが再設定されました。",
    "PinCodeResetConfirmation": "本当にピンコードを再設定しますか？",
    "PleaseRestartServerName": "Jellyfinサーバーを再起動してください - {0}。",
    "OptionEveryday": "毎日",
    "Premieres": "初日",
    "Producer": "プロデューサー",
    "Quality": "品質",
    "OptionIsSD": "SD",
    "OptionLikes": "いいね",
    "OptionList": "リスト",
    "OptionNameSort": "名前",
    "RecommendationDirectedBy": "{0} 監督",
    "RefreshMetadata": "リフレッシュメタデータ",
    "RemoveFromPlaylist": "プレイリストから削除",
    "RefreshQueued": "リフレッシュを追加しました。",
    "RememberMe": "覚えていますか",
    "RemoveFromCollection": "コレクションから削除",
    "OptionParentalRating": "個人評価",
    "Repeat": "リピート",
    "RepeatAll": "すべてをリピート",
    "RepeatEpisodes": "エピソードをリピート",
    "RepeatMode": "リピートモード",
    "ScanLibrary": "ライブラリをスキャン",
    "Schedule": "スケジュール",
    "Screenshot": "スクリーンショット",
    "Screenshots": "スクリーンショット",
    "Search": "検索",
    "SearchResults": "検索結果",
    "Series": "シリーズ",
    "ServerNameIsRestarting": "Jellyfinサーバー - {0} は再起動中です。",
    "Settings": "設定",
    "ShowAdvancedSettings": "高度な設定を表示",
    "ShowYear": "年を表示",
    "Shuffle": "シャッフル",
    "Small": "小さい",
    "Sort": "並び替え",
    "SortName": "名前で並び替え",
    "Sports": "スポーツ",
    "StopRecording": "録画を停止",
    "Studios": "スタジオ",
    "Subtitles": "字幕",
    "Suggestions": "おすすめ",
    "TV": "TV",
    "TabAccess": "アクセス",
    "TabAdvanced": "高度",
    "TabAlbumArtists": "アルバムアーティスト",
    "TabAlbums": "アルバム",
    "TabCatalog": "カタログ",
    "TabChannels": "チャンネル",
    "TabCodecs": "コーデック",
    "TabContainers": "コンテナ",
    "Rewind": "巻き戻す",
    "RunAtStartup": "スタートアップに起動",
    "Runtime": "実行時間",
    "Saturday": "土曜日",
    "SaveSubtitlesIntoMediaFolders": "字幕をメディアフォルダーに保存",
    "ScanForNewAndUpdatedFiles": "新しいファイルとアップデートされたファイルをスキャン",
    "TabDashboard": "ダッシュボード",
    "TabGuide": "ガイド",
    "TabInfo": "情報",
    "TabLatest": "最新",
    "TabLiveTV": "ライブTV",
    "TabLogs": "ログ",
    "TabMetadata": "メタデータ",
    "TabMovies": "ムービー",
    "TabMusic": "ミュージック",
    "TabMusicVideos": "ミュージックビデオ",
    "TheseSettingsAffectSubtitlesOnThisDevice": "これらの設定はこのデバイスの字幕に影響します",
    "ShowTitle": "タイトルを表示",
    "TitleHostingSettings": "ホスト設定",
    "TitlePlayback": "プレイバック",
    "TrackCount": "{0} トラック",
    "Transcoding": "トランスコーディング",
    "UninstallPluginHeader": "プラグインをアンインストール",
    "Unmute": "ミュート解除",
    "Unrated": "未評価",
    "Up": "上へ",
    "Upload": "アップロード",
    "UserAgentHelp": "カスタムユーザーエージェントHTTPヘッダーを設定する。",
    "ValueDiscNumber": "ディスク {0}",
    "ValueEpisodeCount": "{0} エピソード",
    "ValueOneMovie": "1 ムービー",
    "ValueOneMusicVideo": "1 ミュージックビデオ",
    "ValueOneSeries": "1 シリーズ",
    "ValueOneSong": "1 ソング",
    "ValueSeriesCount": "{0} シリーズ",
    "ValueSongCount": "{0} 曲",
    "ValueTimeLimitMultiHour": "タイムリミット: {0} 時間",
    "ValueVideoCodec": "映像コーデック: {0}",
    "Vertical": "垂直",
    "VideoRange": "映像範囲",
    "ViewAlbum": "アルバムを見る",
    "ViewArtist": "アーティストを見る",
    "ViewPlaybackInfo": "プレイバック情報を見る",
    "Watched": "視聴済み",
    "WelcomeToProject": "Jellyfinにようこそ！",
    "Whitelist": "ホワイトリスト",
    "Writer": "著書",
    "ValueAlbumCount": "{0} アルバム",
    "ValueAudioCodec": "音声オーデック: {0}",
    "ValueCodec": "オーデック: {0}",
    "ValueMinutes": "{0} 分",
    "ValueMovieCount": "{0} ムービー",
    "ValueOneAlbum": "1 アルバム",
    "ValueOneEpisode": "1 エピソード",
    "HttpsRequiresCert": "セキュア接続のためLet's Encryptなどの信頼できるSSL認証書が必要です。認証書を用意するか、セキュア接続を無効にしてください。",
    "LabelAbortedByServerShutdown": "(サーバーのシャットダウンにより中断)",
    "LabelAudioSampleRate": "音声サンプルレート:",
    "HeaderFavoritePeople": "お気に入りの俳優",
    "LabelFileOrUrl": "ファイル又はURL:",
    "LabelHardwareAccelerationTypeHelp": "これはサポートされたシステムでのみ利用可能な実験的な機能です。",
    "LabelHomeNetworkQuality": "ホームネットワーク品質:",
    "HeaderXmlDocumentAttribute": "XMLドキュメント属性",
    "HeaderXmlDocumentAttributes": "XMLドキュメント属性",
    "Images": "画像",
    "InstallingPackage": "{0} （バージョン {1} ）をインストールしています",
    "ItemCount": "{0} アイテム",
    "Items": "アイテム",
    "Kids": "子供",
    "LabelAccessEnd": "終了時間:",
    "LabelAccessStart": "開始時間:",
    "LabelAirTime": "放送時間:",
    "LabelAirDays": "放送日:",
    "LabelAirsAfterSeason": "シーズン後の放送:",
    "LabelAirsBeforeEpisode": "エピソード前の放送:",
    "LabelAirsBeforeSeason": "シーズン前の放送:",
    "LabelAlbum": "アルバム:",
    "LabelMaxStreamingBitrate": "最大ストリーミング品質:",
    "LabelMetadataDownloadLanguage": "優先するダウンロード言語:",
    "LabelMetadataPath": "メタデータパス:",
    "LabelMusicStreamingTranscodingBitrate": "ミュージックトランスコーディングビットレート:",
    "LabelName": "名前:",
    "LabelProtocolInfo": "プロトコル情報:",
    "LabelAll": "すべて",
    "LabelAlbumArtPN": "アルバムアートPN:",
    "LabelAlbumArtists": "アルバムアーティスト:",
    "LabelAllowHWTranscoding": "ハードウェアトランスコーディングを許可",
    "LabelAllowServerAutoRestart": "アップデートを適応するためにサーバーの再起動を許可",
    "LabelAllowServerAutoRestartHelp": "サーバーはユーザーがログインしていないときのみ再起動します。",
    "LabelAllowedRemoteAddresses": "リモートIPアドレスフィルター:",
    "LabelAppNameExample": "例: スケートボード、ソナー",
    "LabelArtists": "アーティスト:",
    "LabelAudio": "音声",
    "LabelAudioBitDepth": "音声ビット深度:",
    "LabelAudioBitrate": "音声ビットレート:",
    "LabelAudioChannels": "音声チャンネル:",
    "LabelAudioCodec": "音声コーディック:",
    "LabelAudioLanguagePreference": "優先する音声言語:",
    "LabelBlockContentWithTags": "タグのあるアイテムをブロック:",
    "LabelCachePath": "キャッシュへのパス:",
    "LabelCancelled": "解除",
    "LabelCertificatePassword": "認証パスワード:",
    "LabelCertificatePasswordHelp": "もし、認証にパスワードが必要なら、ここに入力してください。",
    "LabelChannels": "チャンネル:",
    "LabelCollection": "コレクション:",
    "LabelCommunityRating": "コミュニティ評価:",
    "LabelContentType": "コンテンツタイプ:",
    "LabelCountry": "国:",
    "LabelDashboardTheme": "サーバーダッシュボードテーマ:",
    "LabelPublicHttpsPortHelp": "公開ポート番号はローカルHTTPSポートにマッピングしてください。",
    "LabelAlbumArtMaxWidth": "アルバムアート最大高さ:",
    "LabelAlbumArtMaxHeight": "アルバムアート最大高さ:",
    "LabelBurnSubtitles": "焼付け字幕:",
    "LabelDateAdded": "追加日:",
    "LabelDateTimeLocale": "ローカルタイム:",
    "LabelDefaultScreen": "デフォルトスクリーン:",
    "LabelDeathDate": "没日:",
    "LabelDisplayLanguageHelp": "Jellyfinの翻訳は現在進行しているプロジェクトです。",
    "LabelDownloadLanguages": "ダウンロードされた言語:",
    "LabelEnableAutomaticPortMap": "自動ポートマッピングを有効:",
    "LabelEnableHardwareDecodingFor": "ハードウェアでコードを有効:",
    "LabelEnableDlnaServerHelp": "ネットワーク中のUPnPデバイスにコンテンツの閲覧・再生を許可する。",
    "LabelEnableRealtimeMonitor": "リアルタイムモニタリングを有効化",
    "LabelEpisodeNumber": "エピソード数:",
    "LabelBaseUrl": "ベースURL:",
    "LabelFolder": "フォルダー:",
    "LabelForgotPasswordUsernameHelp": "ユーザー名を覚えていたら入力してください。",
    "LabelFormat": "フォーマット:",
    "LabelDropImageHere": "画像を個々にドロップするか検索する。",
    "LabelEasyPinCode": "イージーピンコード:",
    "LabelManufacturerUrl": "製作社のURL:",
    "LabelHomeScreenSectionValue": "ホームスクリーンセクション {0}:",
    "LabelHttpsPort": "ローカルHTTPSポート番号:",
    "LabelIconMaxHeight": "アイコン最大高さ:",
    "LabelIconMaxWidth": "いおコン最大幅:",
    "LabelKodiMetadataEnablePathSubstitution": "パス置換の有効化",
    "LabelKodiMetadataSaveImagePaths": "NFOファイル中に画像パスを保存",
    "LabelManufacturer": "製作社:",
    "LabelMatchType": "マッチタイプ:",
    "LabelMetadataReaders": "メタデータリーダー:",
    "LabelMetadataSavers": "メタデータサーバー:",
    "LabelMethod": "方法:",
    "LabelMonitorUsers": "アクティビティをモニター:",
    "LabelMovieCategories": "ムービーカテゴリ:",
    "LabelMoviePrefix": "ムービー接頭辞:",
    "LabelMovieRecordingPath": "ムービー録画パス (任意):",
    "LabelOriginalTitle": "原題:",
    "LabelOverview": "概要:",
    "LabelParentNumber": "親番号:",
    "LabelPlaceOfBirth": "出生地:",
    "LabelPlaylist": "プレイリスト:",
    "LabelPreferredSubtitleLanguage": "優先する字幕言語:",
    "LabelProfileAudioCodecs": "音声コーデック:",
    "LabelProfileCodecs": "コーデック:",
    "LabelPublicHttpPort": "公開HTTPポート番号:",
    "LabelPublicHttpPortHelp": "公開ポート番号はローカルHTTPポートにマッピングしてください。",
    "LabelPublicHttpsPort": "公開HTTPSポート番号:",
    "LabelReadHowYouCanContribute": "コントリビュートする方法を知る。",
    "LabelReleaseDate": "公開日:",
    "LabelRemoteClientBitrateLimit": "インターネットストリーミングビットレートリミット (Mbps):",
    "LabelRuntimeMinutes": "実行時間 (分):",
    "LabelScreensaver": "スクリーンセーバー:",
    "LabelSeasonNumber": "シーズン数:",
    "LabelSecureConnectionsMode": "セキュア接続モード:",
    "LabelSelectUsers": "ユーザーを選択:",
    "LabelSelectVersionToInstall": "インストールするバージョンを選択:",
    "LabelSerialNumber": "シリアルナンバー",
    "LabelServerHost": "ホスト:",
    "LabelSkin": "スキン:",
    "Premiere": "初日",
    "LabelSaveLocalMetadata": "アートワークをメディアフォルダーに保存",
    "LabelSoundEffects": "音響効果:",
    "LabelSource": "ソース:",
    "LabelSportsCategories": "スポーツカテゴリ:",
    "LabelStatus": "ステータス:",
    "LabelStopping": "中断",
    "LabelSubtitlePlaybackMode": "字幕モード:",
    "LabelTag": "タグ:",
    "LabelTextSize": "文字の大きさ:",
    "LabelTheme": "テーマ:",
    "LabelTitle": "題:",
    "LabelTrackNumber": "トラック数:",
    "LabelTranscodingAudioCodec": "音声コーデック:",
    "LabelTranscodes": "トランスコード:",
    "LabelTranscodingFramerate": "トランスコーディングフレームレート:",
    "LabelTranscodingProgress": "トランスコーディング進行度:",
    "LabelTranscodingVideoCodec": "映像コーデック:",
    "LabelType": "タイプ:",
    "LabelTypeText": "文字:",
    "LabelUser": "ユーザー:",
    "LabelUserAgent": "ユーザーエージェント:",
    "LabelUserLibrary": "ユーザーライブラリ:",
    "LabelVersion": "バージョン:",
    "LabelVersionInstalled": "{0} 個インストール",
    "DashboardVersionNumber": "バージョン: {0}",
    "DashboardServerName": "サーバー: {0}",
    "DashboardArchitecture": "アーキテクチャ: {0}",
    "LabelVideo": "映像",
    "LabelVideoBitrate": "映像ビットレート:",
    "LabelYourFirstName": "名前:",
    "Share": "共有",
    "LabelSize": "大きさ:",
    "LatestFromLibrary": "最新 {0}",
    "LearnHowYouCanContribute": "コントリビュートする方法を知る。",
    "LabelTagline": "キャッチフレーズ:",
    "LinksValue": "リンク: {0}",
    "Live": "ライブ",
    "LiveBroadcasts": "ライブブロードキャスト",
    "LiveTV": "ライブTV",
    "Logo": "ロゴ",
    "ManageLibrary": "ライブラリを管理",
    "MapChannels": "チャンネルをマップ",
    "MarkPlayed": "再生済みにする",
    "MarkUnplayed": "未再生にする",
    "MediaInfoBitrate": "ビットレート",
    "MediaInfoChannels": "チャンネル",
    "MediaInfoCodec": "コーデック",
    "MediaInfoCodecTag": "コーデックタグ",
    "MediaInfoPath": "パス",
    "MediaInfoResolution": "解像度",
    "MediaInfoSampleRate": "サンプルレート",
    "MediaInfoSize": "大きさ",
    "MediaInfoSoftware": "ソフトウェア",
    "MediaInfoStreamTypeAudio": "音声",
    "MediaInfoStreamTypeData": "データ",
    "MediaInfoStreamTypeEmbeddedImage": "埋め込み画像",
    "MediaInfoStreamTypeSubtitle": "字幕",
    "MediaInfoStreamTypeVideo": "映像",
    "MessageAlreadyInstalled": "このバージョンはすでにインストールされています。",
    "MessageAreYouSureDeleteSubtitles": "本当にこの字幕ファイルを削除しますか？",
    "LabelTranscodePath": "トランスコードパス:",
    "LabelTranscodingThreadCount": "トランスコーディングスレッド数:",
    "MessageAreYouSureYouWishToRemoveMediaFolder": "本当にこのメディアフォルダーを削除しますか？",
    "MessageConfirmDeleteGuideProvider": "本当にこのガイドプロバイダーを削除しますか？",
    "MessageConfirmDeleteTunerDevice": "本当にこのデバイスを削除しますか？",
    "MessageConfirmRecordingCancellation": "録画を停止しますか？",
    "MessageConfirmRestart": "本当にこのJekkyfinサーバーを再起動しますか？",
    "MessageConfirmShutdown": "本当にこのサーバーをシャットダウンしますか？",
    "MessageDeleteTaskTrigger": "本当にこのタスクトリガーを削除しますか？",
    "MessageNoAvailablePlugins": "利用可能なプラグインはありません。",
    "MessageNoPluginsInstalled": "プラグインをインストールしていません。",
    "MessageNothingHere": "何もありません。",
    "MetadataManager": "メタデータマネージャー",
    "LabelUsername": "ユーザー名:",
    "MinutesAfter": "分後",
    "MinutesBefore": "分前",
    "Mobile": "モバイル",
    "Monday": "月曜日",
    "MoveLeft": "左に移動",
    "MoveRight": "右に移動",
    "MusicArtist": "ミュージックアーティスト",
    "MusicVideo": "ミュージックビデオ",
    "Mute": "ミュート",
    "NewEpisodes": "新しいエピソード",
    "Next": "次へ",
    "No": "いいえ",
    "NumLocationsValue": "{0} フォルダー",
    "Option3D": "3D",
    "OptionAdminUsers": "管理者",
    "OptionAlbum": "アルバム",
    "OptionAlbumArtist": "アルバムアーティスト",
    "OptionAllowBrowsingLiveTv": "ライブTVアクセスを許可",
    "OptionAllowLinkSharing": "SNSシェアを許可",
    "OptionAllowRemoteControlOthers": "他のユーザーのリモートコントロールを許可",
    "OptionAllowUserToManageServer": "このユーザーにサーバーの管理を許可",
    "OptionArtist": "アーティスト",
    "OptionBlockLiveTvChannels": "ライブTVチャンネル",
    "OptionBlockMusic": "ミュージック",
    "OptionBlockTrailers": "トレーラー",
    "OptionBlockTvShows": "テレビ番組",
    "OptionCommunityRating": "コミュニティ評価",
    "OptionCriticRating": "評論家の評価",
    "OptionCustomUsers": "カスタム",
    "OptionDescending": "降順",
    "DashboardOperatingSystem": "オペレーションシステム: {0}",
    "OptionDisableUser": "このユーザーを無効化",
    "OptionDislikes": "いいね取り消し",
    "OptionDownloadArtImage": "アート",
    "OptionDownloadBackImage": "前へ",
    "OptionDownloadBannerImage": "バナー",
    "OptionDownloadBoxImage": "ボックス",
    "OptionDownloadDiscImage": "ディスク",
    "OptionDownloadMenuImage": "メニュー",
    "OptionEnableExternalContentInSuggestions": "おすすめの欄に外部のコンテンツを使う",
    "OptionEnableM2tsMode": "M2TSモードを有効化",
    "OptionFavorite": "お気に入り",
    "OptionFriday": "金曜日",
    "OptionHasSpecialFeatures": "特別な機能",
    "OptionHasSubtitles": "字幕",
    "OptionHasThemeSong": "テーマ曲",
    "OptionHasThemeVideo": "テーマ映像",
    "OptionHasTrailer": "トレーラー",
    "OptionHideUser": "ログインスクリーンからこのユーザーを隠す",
    "OptionHomeVideos": "フォト",
    "OptionIsHD": "HD",
    "OptionMonday": "月曜日",
    "OptionProtocolHls": "HTTPライブストリーミング",
    "MediaInfoDefault": "デフォルト",
    "OptionSpecialEpisode": "スペシャル",
    "MediaInfoFramerate": "フレームレート",
    "SearchForCollectionInternetMetadata": "アートワークとメタデータをインターネットで検索",
    "SearchForMissingMetadata": "メタデータのないところを検索する",
    "SendMessage": "メッセージを送る",
    "MessageConfirmProfileDeletion": "本当にこのプロフィールを削除しますか？",
    "TabMyPlugins": "プラグイン",
    "TabNetworking": "ネットワーク",
    "TabNotifications": "通知",
    "TabOther": "その他",
    "TabParentalControl": "ペアレンタルコントロール",
    "TabPlaylist": "プレイリスト",
    "TabPlaylists": "プレイリスト",
    "TabPlugins": "プラグイン",
    "TabProfile": "プロフィール",
    "TabProfiles": "プロフィール",
    "TabResponses": "レスポンス",
    "TabServer": "サーバー",
    "TabSettings": "設定",
    "TabShows": "表示",
    "TabSongs": "曲",
    "TabStreaming": "ストリーミング",
    "TabSuggestions": "おすすめ",
    "TabTrailers": "トレーラー",
    "TabTranscoding": "トランスコーディング",
    "MessageContactAdminToResetPassword": "パスワードをリセットするためにシステムの管理者に連絡してください。",
    "TabUsers": "ユーザー",
    "TagsValue": "タグ: {0}",
    "MessageInvalidUser": "ユーザー名かパスワードが無効です。再試行してください。",
    "MessageYouHaveVersionInstalled": "バージョン {0} がインストールされています。",
    "MoreMediaInfo": "メディア情報",
    "NewCollectionNameExample": "例: スターウォーズコレクション",
    "OptionAllUsers": "すべてのユーザー",
    "OptionAllowRemoteSharedDevices": "共有デバイスのリモートコントロールを許可",
    "OptionBlockChannelContent": "インターネットチャンネルコンテンツ",
    "OptionMax": "最大",
    "OptionPosterCard": "ポスターカード",
    "PasswordMatchError": "パスワードと確認用のパスワードは同一でないといけません。",
    "ReplaceExistingImages": "現在の画像を置き換える",
    "SearchForSubtitles": "字幕を検索",
    "ServerNameIsShuttingDown": "Jellyfinサーバー - {0} は停止中です。",
    "SettingsSaved": "設定を保存しました。",
    "TabArtists": "アーティスト",
    "ValueSeconds": "{0} 秒",
    "ValueTimeLimitSingleHour": "タイムリミット: 1 時間",
    "Wednesday": "水曜日",
    "LabelPreferredDisplayLanguage": "優先する表示言語:",
    "ImportMissingEpisodesHelp": "有効にすると、所有してないエピソードの情報がJellyfinデータベースにインポートされ、シーズンとシリーズに表示されます。これは、ライブラリスキャンに莫大な時間が掛かる可能性があります。",
    "LabelBindToLocalNetworkAddress": "ローカルネットワークアドレスにバインド:",
    "LabelDownMixAudioScale": "ダウンミキシング時の音声ブースト:",
    "HeaderNavigation": "ナビゲーション",
    "CopyStreamURLError": "URLのコピー中にエラーが発生しました。",
    "ButtonSplit": "分ける",
    "LabelEnableDlnaServer": "DLNAサーバーの有効化",
    "LabelEnableDlnaDebugLogging": "DLNAデバッグログの有効化",
    "LabelDroppedFrames": "ドロップフレーム:",
    "LabelDisplayMissingEpisodesWithinSeasons": "シーズン中の見つからなかったエピソードを表示",
    "LabelCustomDeviceDisplayNameHelp": "任意の表示名を提供するか、空白のままにしてデバイスネームで報告する。",
    "LabelArtistsHelp": "分けますと使用;",
    "Identify": "識別する",
    "TabRecordings": "録画",
    "Recordings": "録画",
    "RecordingScheduled": "録画をスケジュールしました。",
    "RecordingCancelled": "録画をキャンセルしました。",
    "LabelMaxChromecastBitrate": "Chromecastのストリーミング品質：",
    "LabelImportOnlyFavoriteChannels": "お気に入りのチャンネルだけ",
    "LabelIdentificationFieldHelp": "大文字小文字を区別しない部分文字列や正規表現です。",
    "LabelCustomRating": "カスタム格付け：",
    "LabelCorruptedFrames": "破損したフレーム：",
    "LabelFriendlyName": "フレンドリ名：",
    "LabelEveryXMinutes": "毎：",
    "LabelEnableSingleImageInDidlLimit": "単一の埋め込み画像に制限",
    "LabelEnableBlastAliveMessages": "アライブメッセージを配信する",
    "LabelDateAddedBehaviorHelp": "メタデータある場合、これらのオプションの前にメタデータ使います。",
    "AskAdminToCreateLibrary": "管理者にライブラリを作成する依頼をしてください。",
    "AllowFfmpegThrottling": "トランスコードをスロットルする",
    "Episode": "エピソード",
    "ClientSettings": "クライアント設定",
    "Artist": "アーティスト",
    "AlbumArtist": "アルバム アーティスト",
    "Album": "アルバム",
    "ButtonSyncPlay": "SyncPlay",
    "DeinterlaceMethodHelp": "インターレースコンテンツをトランスコードする際に使用するデインターレース方式を選びます。",
    "ButtonTogglePlaylist": "プレイリスト",
    "ButtonToggleContextMenu": "さらに表示",
    "BoxSet": "ボックスセット",
    "AllowFfmpegThrottlingHelp": "トランスコードや remux が現在の再生位置から十分に先に進んだ場合、処理を一時停止してリソースの消費を抑えます。これは、あまり早送り・早戻しをしないで視聴する場合に便利です。再生に問題が発生した場合は、この機能をオフにしてください。",
    "LabelDisplaySpecialsWithinSeasons": "放送されたシーズン内のスペシャルを表示",
    "LabelDeinterlaceMethod": "インターレス解除方法:",
    "LabelDefaultUserHelp": "接続されたデバイスに表示するユーザーライブラリを決定します。これは、プロファイルを使用して各デバイスに対してオーバーライドすることができます。",
    "LabelDateAddedBehavior": "新規コンテンツの追加日のふるまい:",
    "LabelCustomCertificatePathHelp": "カスタムドメインでTLSサポートを有効にするための証明書と秘密鍵を含むPKCS #12ファイルのパス。",
    "LabelCachePathHelp": "画像などのサーバーキャッシュファイルの場所を指定します。空欄にしておくと、サーバーのデフォルトを使います。",
    "LabelBlastMessageIntervalHelp": "ブラスト アライブ メッセージ間の時間を秒単位で指定します。",
    "LabelBindToLocalNetworkAddressHelp": "追加の設定。http サーバをバインドするローカル IP アドレスを上書きします。空のままにしておくと、サーバは利用可能なすべてのアドレスにバインドします。この値を変更するには、Jellyfin Server を再起動する必要があります。",
    "LabelAlbumArtMaxWidthHelp": "upnp:albumArtURI で公開するアルバムアートの最大解像度。",
    "LabelAlbumArtMaxHeightHelp": "upnp:albumArtURI で公開するアルバムアートの最大解像度。",
    "LabelAlbumArtHelp": "upnp:albumArtURI の dlna:profileID 属性で、アルバムアートに使われるPN。デバイスによっては、画像のサイズと無関係に特定の値を要求するものもあります。",
    "HeaderSyncPlayEnabled": "SyncPlay を有効にしました",
    "HeaderSyncPlaySelectGroup": "グループに参加",
    "HeaderServerAddressSettings": "サーバー アドレス設定",
    "HeaderRemoteAccessSettings": "リモート接続設定",
    "HeaderHttpsSettings": "HTTPS 設定",
    "HeaderFavoritePlaylists": "お気に入りのプレイリスト",
    "HeaderDVR": "DVR",
    "ApiKeysCaption": "現在有効にしている API キー一覧",
    "EnableDetailsBannerHelp": "項目の詳細ページのトップに、バナー画像を表示します。",
    "EnableDetailsBanner": "詳細画面バナー",
    "EnableDecodingColorDepth10Vp9": "VP9 の10ビット ハードウェア デコードを有効に",
    "EnableDecodingColorDepth10Hevc": "HEVC の 10ビット ハードウェア デコードを有効に",
    "LabelEnableBlastAliveMessagesHelp": "ネットワーク上の他の UPnP デバイスによってサーバーが確実に検出されない場合、この設定を有効にします。",
    "LabelEnableAutomaticPortMapHelp": "ルーター上のパブリックポートを、UPnP 経由でサーバーのローカルポートに自動的に転送します。これはルータのモデルやネットワーク構成によっては動作しない場合があります。変更はサーバーを再起動するまで適用されません。",
    "LabelEmbedAlbumArtDidlHelp": "一部のデバイスでは、アルバムアートを取得するためにこの方法が好まれています。その他のデバイスでは、このオプションを有効にしても再生できない場合があります。",
    "LabelDownMixAudioScaleHelp": "ダウンミックス時にオーディオの音量を増幅します。値が 1 の場合、元の音量を維持します。",
    "LabelEnableHttps": "HTTPS を有効にする",
    "LabelEnableDlnaPlayToHelp": "ネットワーク内のデバイスを検出し、それらをリモートコントロールできるようにします。",
    "LabelEnableDlnaPlayTo": "DLNA 再生を有効にする",
    "LabelEnableDlnaDebugLoggingHelp": "巨大なログファイルを作成します。トラブルシューティングでの必要な際にだけ使用してください。",
    "LabelEnableDlnaClientDiscoveryIntervalHelp": "Jellyfin が実行する SSDP 検索の間隔を決めます（秒単位）。",
    "LabelGroupMoviesIntoCollectionsHelp": "ムービーリストを表示する際、コレクションに属するムービーを1つのグループとして表示します。",
    "LabelServerNameHelp": "この名前はサーバーを識別するために使用します。デフォルトではサーバーのコンピュータ名です。",
    "LabelExtractChaptersDuringLibraryScanHelp": "ライブラリー スキャン中に動画を取り込んだときに、チャプター画像を生成します。もしくは、スケジュールタスクの中でチャプター画像を抽出することで、通常のライブラリー スキャンをより速く完了させることができます。",
    "LabelExtractChaptersDuringLibraryScan": "ライブラリーをスキャンしながら、チャプター画像を生成する",
    "LabelBaseUrlHelp": "サーバーの URL にカスタム サブディレクトリを加えます。例 : <code>http://example.com/<b>&lt;baseurl&gt;</b></code>",
    "LabelEnableSingleImageInDidlLimitHelp": "Didl 内に複数の画像が埋め込まれている場合、一部のデバイスでは正しくレンダリングされません。",
    "LabelEnableRealtimeMonitorHelp": "ファイルへの変更は、サポートされているファイルシステム上ですぐに処理されます。",
    "LabelEnableHttpsHelp": "構成された HTTPS ポートからサーバーがリッスンするのを有効にします。この機能を有効にするには、適切な証明書を設定する必要があります。"
}
