{
    "AccessRestrictedTryAgainLater": "접근이 현재 제한되어있습니다. 나중에 다시 시도하십시오.",
    "Actor": "배우",
    "Add": "추가",
    "AddToPlaylist": "재생목록에 추가",
    "AdditionalNotificationServices": "추가 알림 서비스를 설치하려면 플러그인 카탈로그를 확인하십시오.",
    "All": "모두",
    "AllChannels": "모든 채널",
    "AllEpisodes": "모든 에피소드",
    "AllLanguages": "모든 언어",
    "AttributeNew": "새로운",
    "Audio": "오디오",
    "Backdrops": "배경",
    "BirthDateValue": "출생: {0}",
    "BirthPlaceValue": "출생지: {0}",
    "BrowsePluginCatalogMessage": "사용 가능한 플러그인을 보려면 플러그인 카탈로그를 참고하십시오.",
    "ButtonAdd": "추가",
    "ButtonAddScheduledTaskTrigger": "트리거 추가",
    "ButtonAddServer": "서버 추가",
    "ButtonAddUser": "사용자 추가",
    "ButtonArrowDown": "아래",
    "ButtonArrowLeft": "왼쪽",
    "ButtonArrowRight": "오른쪽",
    "ButtonArrowUp": "위",
    "ButtonBack": "뒤로",
    "ButtonCancel": "취소",
    "ButtonChangeServer": "서버 변경",
    "ButtonConnect": "접속",
    "ButtonDelete": "삭제",
    "ButtonDeleteImage": "이미지 삭제",
    "ButtonDownload": "다운로드",
    "ButtonEdit": "편집",
    "ButtonEditOtherUserPreferences": "이 사용자의 프로필, 이미지, 개인 설정을 수정합니다.",
    "ButtonFilter": "필터",
    "ButtonForgotPassword": "비밀번호 분실",
    "ButtonGotIt": "알겠습니다",
    "ButtonGuide": "가이드",
    "ButtonHelp": "도움말",
    "ButtonHome": "홈",
    "ButtonInfo": "정보",
    "ButtonLearnMore": "더 알아보기",
    "ButtonManualLogin": "수동 로그인",
    "ButtonMore": "더 보기",
    "ButtonNetwork": "네트워크",
    "ButtonNew": "새로운",
    "ButtonNextTrack": "다음 트랙",
    "ButtonOk": "OK",
    "ButtonOpen": "열기",
    "ButtonPause": "일시 중지",
    "ButtonPlay": "재생",
    "ButtonPreviousTrack": "이전 트랙",
    "ButtonProfile": "프로필",
    "ButtonQuickStartGuide": "빠른 시작 가이드",
    "ButtonRefresh": "새로 고침",
    "ButtonRefreshGuideData": "가이드 데이터 새로 고침",
    "ButtonRemove": "제거",
    "ButtonRename": "이름 변경",
    "ButtonRepeat": "반복",
    "ButtonResetEasyPassword": "간편 PIN 코드 재설정",
    "ButtonResetPassword": "비밀번호 재설정",
    "ButtonRestart": "다시 시작",
    "ButtonResume": "이어서 재생",
    "ButtonSave": "저장",
    "ButtonSearch": "검색",
    "ButtonSelectDirectory": "디렉터리 선택",
    "ButtonSelectServer": "서버 선택",
    "ButtonSelectView": "보기 선택",
    "ButtonSend": "전송",
    "ButtonSettings": "설정",
    "ButtonShutdown": "종료",
    "ButtonSignIn": "로그인",
    "ButtonSignOut": "로그아웃",
    "ButtonSort": "정렬",
    "ButtonStart": "시작",
    "ButtonStop": "중지",
    "ButtonSubmit": "제출",
    "ButtonSubtitles": "자막",
    "ButtonUninstall": "제거",
    "ButtonViewWebsite": "웹사이트 보기",
    "ButtonWebsite": "웹사이트",
    "ChannelAccessHelp": "이 사용자와 공유할 채널을 선택합니다. 관리자는 메타데이터 매니저를 사용하여 모든 채널을 수정할 수 있습니다.",
    "CinemaModeConfigurationHelp": "시네마 모드는 본 영화 전에 예고편과 소개 영상 등을 재생하여 사용자의 거실에서 극장의 경험을 제공합니다.",
    "Composer": "작곡가",
    "ConfirmDeleteItem": "이 항목을 삭제하면 파일 시스템과 라이브러리 모두에서 삭제됩니다. 계속하겠습니까?",
    "ConfirmDeletion": "삭제 확인",
    "Connect": "접속",
    "CustomDlnaProfilesHelp": "새 장치를 대상으로 하거나 시스템 프로필을 재정의 할 사용자 지정 프로필을 만듭니다.",
    "DeathDateValue": "사망: {0}",
    "DefaultErrorMessage": "요청을 처리하는 중에 오류가 발생했습니다. 나중에 다시 시도하십시오.",
    "DefaultMetadataLangaugeDescription": "이는 기본값이며 라이브러리별로 사용자 정의될 수 있습니다.",
    "Delete": "제거",
    "DeleteImage": "이미지 제거",
    "DeleteImageConfirmation": "정말로 이 이미지를 제거하시겠습니까?",
    "DeleteMedia": "미디어 제거",
    "DeleteUser": "사용자 제거",
    "DeleteUserConfirmation": "이 사용자를 제거하겠습니까?",
    "DeviceAccessHelp": "이것은 고유하게 식별할 수 있는 장치에만 적용되므로 브라우저를 통한 접근은 차단할 수 없습니다. 사용자 장치 접근을 필터링하면 이곳에서 승인될 때까지 새 장치를 사용할 수 없게 됩니다.",
    "Director": "감독",
    "Dislike": "싫어요",
    "Download": "다운로드",
    "Edit": "편집",
    "EditSubtitles": "자막 편집",
    "EnableCinemaMode": "영화관 모드",
    "ErrorAddingTunerDevice": "튜너 장치를 추가하는데 오류가 발생했습니다. 접속이 가능한지 확인하고 다시 시도하십시오.",
    "ErrorSavingTvProvider": "TV 제공자를 저장하는데 오류가 발생했습니다. 접속이 가능한지 확인하고 다시 시도하십시오.",
    "ExitFullscreen": "전체 화면 종료",
    "ExtractChapterImagesHelp": "챕터 이미지를 추출하면 클라이언트에서 그래픽 장면 선택 메뉴를 표시할 수 있습니다. 이 과정은 느리고, 자원을 많이 사용 할 수도 있으며, 수 기가 바이트의 공간이 필요할 수 있습니다. 동영상이 검색될때 실행되며, 야간에 예약된 작업으로 실행됩니다. 일정은 예약된 작업 영역에서 구성할 수 있습니다. 사용량이 많은 시간에 이 작업을 실행하는 것은 권장하지 않습니다.",
    "FastForward": "빨리 감기",
    "FileNotFound": "파일을 찾을 수 없습니다.",
    "FileReadError": "파일을 읽는 동안 오류가 발생하였습니다.",
    "FolderTypeBooks": "도서",
    "FolderTypeMovies": "영화",
    "FolderTypeMusic": "음악",
    "FolderTypeMusicVideos": "뮤직 비디오",
    "FolderTypeTvShows": "TV",
    "Friday": "금요일",
    "Fullscreen": "전체화면",
    "GuideProviderLogin": "로그인",
    "GuideProviderSelectListings": "목록 선택",
    "HeaderAccessSchedule": "접속 일정",
    "HeaderAccessScheduleHelp": "특정 시간대에 접속을 제한하기 위한 접속 일정을 만듭니다.",
    "HeaderActiveDevices": "활성화된 기기",
    "HeaderActiveRecordings": "활성화된 녹화",
    "HeaderActivity": "활성화",
    "HeaderAddScheduledTaskTrigger": "트리거 추가",
    "HeaderAddToCollection": "컬렉션에 추가",
    "HeaderAddToPlaylist": "재생목록에 추가",
    "HeaderAddUpdateImage": "이미지 추가/업데이트",
    "HeaderAddUser": "사용자 추가",
    "HeaderAdditionalParts": "추가 장면",
    "HeaderAdmin": "관리자",
    "HeaderAlbums": "앨범",
    "HeaderAlert": "알림",
    "HeaderApiKey": "API 키",
    "HeaderApiKeys": "API 키",
    "HeaderApp": "앱",
    "HeaderAudioSettings": "오디오 설정",
    "HeaderAutomaticUpdates": "자동 업데이트",
    "HeaderBooks": "도서",
    "HeaderBranding": "브랜딩",
    "HeaderCastCrew": "배역 및 제작진",
    "HeaderChannelAccess": "채널 접속",
    "HeaderChannels": "채널",
    "HeaderCodecProfile": "코덱 프로필",
    "HeaderConfirmProfileDeletion": "프로필 삭제 확인",
    "HeaderConnectToServer": "서버 접속",
    "HeaderConnectionFailure": "연결 실패",
    "HeaderContainerProfile": "컨테이너 프로필",
    "HeaderContinueWatching": "계속 시청하기",
    "HeaderCustomDlnaProfiles": "사용자 정의 프로필",
    "HeaderDeleteItem": "항목 제거",
    "HeaderDeleteProvider": "제공자 삭제",
    "HeaderDeleteTaskTrigger": "작업 트리거 삭제",
    "HeaderDeveloperInfo": "개발자 정보",
    "HeaderDeviceAccess": "장치 접속",
    "HeaderDevices": "장치",
    "HeaderDirectPlayProfile": "다이렉트 재생 프로필",
    "HeaderEasyPinCode": "간편 PIN 코드",
    "HeaderError": "오류",
    "HeaderFeatureAccess": "기능 접근",
    "HeaderFeatures": "특징",
    "HeaderFetchImages": "이미지 가져오기:",
    "HeaderFilters": "필터",
    "HeaderForgotPassword": "비밀번호 분실",
    "HeaderFrequentlyPlayed": "자주 재생함",
    "HeaderGenres": "장르",
    "HeaderGuideProviders": "가이드 제공자",
    "HeaderIdentification": "식별자",
    "HeaderImageSettings": "이미지 설정",
    "HeaderInstall": "설치",
    "HeaderInstantMix": "인스턴스 믹스",
    "HeaderItems": "항목",
    "HeaderLatestEpisodes": "최근 에피소드",
    "HeaderLatestMedia": "최근 미디어",
    "HeaderLatestMusic": "최근 음악",
    "HeaderLatestRecordings": "최근 녹화",
    "HeaderLibraries": "라이브러리",
    "HeaderLibraryAccess": "라이브러리 접근",
    "HeaderLibraryFolders": "라이브러리 폴더",
    "HeaderLibrarySettings": "라이브러리 설정",
    "HeaderLiveTV": "실시간 TV",
    "HeaderLiveTv": "실시간 TV",
    "HeaderLoginFailure": "로그인 실패",
    "HeaderMedia": "미디어",
    "HeaderMediaFolders": "미디어 폴더",
    "HeaderMediaInfo": "미디어 정보",
    "HeaderMetadataSettings": "메타데이터 설정",
    "HeaderMovies": "영화",
    "HeaderMusicVideos": "뮤직비디오",
    "HeaderMyMedia": "내 미디어",
    "HeaderMyMediaSmall": "내 미디어 (작음)",
    "HeaderNewApiKey": "새 API 키",
    "HeaderNextUp": "다음으로",
    "HeaderParentalRatings": "자녀 보호 등급",
    "HeaderPassword": "비밀번호",
    "HeaderPasswordReset": "비밀번호 재설정",
    "HeaderPaths": "경로",
    "HeaderPendingInvitations": "초대 보류",
    "HeaderPinCodeReset": "PIN 코드 초기화",
    "HeaderPlayAll": "모두 재생",
    "HeaderPlayback": "미디어 재생",
    "HeaderPlaybackError": "재생 오류",
    "HeaderPleaseSignIn": "로그인하십시오",
    "HeaderPluginInstallation": "플러그인 설치",
    "HeaderProfile": "프로필",
    "HeaderProfileInformation": "프로필 정보",
    "HeaderProfileServerSettingsHelp": "이 값은 Jellyfin 서버가 장치에 자신을 어떻게 표시할지를 제어합니다.",
    "HeaderRecentlyPlayed": "최근 재생됨",
    "HeaderRemoteControl": "원격 제어",
    "HeaderRemoveMediaFolder": "미디어 폴더 제거",
    "HeaderRemoveMediaLocation": "미디어 위치 제거",
    "HeaderResponseProfile": "응답 프로파일",
    "HeaderRestart": "다시 시작",
    "HeaderRevisionHistory": "리비전 이력",
    "HeaderRunningTasks": "실행중인 작업",
    "HeaderScenes": "장면",
    "HeaderSchedule": "일정",
    "HeaderSeasons": "시즌",
    "HeaderSelectMetadataPath": "메타데이터 경로 선택",
    "HeaderSelectMetadataPathHelp": "메타데이터를 보관할 경로를 탐색 또는 입력하세요. 쓰기 가능한 폴더여야 합니다.",
    "HeaderSelectPath": "경로 선택",
    "HeaderSelectServer": "서버 선택",
    "HeaderSelectServerCachePath": "서버 캐시 경로 선택",
    "HeaderSelectServerCachePathHelp": "서버 캐시 파일에 사용할 경로를 탐색 또는 입력하세요. 쓰기 가능한 폴더여야 합니다.",
    "HeaderSelectTranscodingPath": "트랜스코딩 임시 경로 선택",
    "HeaderSelectTranscodingPathHelp": "트랜스코딩 임시 파일에 사용할 경로를 탐색 또는 입력하세요. 쓰기 가능한 폴더여야 합니다.",
    "HeaderSendMessage": "메시지 전송",
    "HeaderSeries": "시리즈",
    "HeaderServerSettings": "서버 설정",
    "HeaderSettings": "설정",
    "HeaderSetupLibrary": "미디어 라이브러리 설정",
    "HeaderShutdown": "종료",
    "HeaderSpecialEpisodeInfo": "스페셜 에피소드 정보",
    "HeaderSpecialFeatures": "특별 배역",
    "HeaderStatus": "상태",
    "HeaderSubtitleProfile": "자막 프로필",
    "HeaderSubtitleProfilesHelp": "자막 프로필은 장치에서 지원하는 자막 형식을 나타냅니다.",
    "HeaderSystemDlnaProfiles": "시스템 프로필",
    "HeaderTags": "태그",
    "HeaderTaskTriggers": "작업 트리거",
    "HeaderThisUserIsCurrentlyDisabled": "이 사용자는 현재 비활성화되었습니다",
    "HeaderTracks": "트랙",
    "HeaderTranscodingProfile": "트랜스코딩 프로필",
    "HeaderTunerDevices": "튜너 장치",
    "HeaderTypeText": "텍스트 입력",
    "HeaderUser": "사용자",
    "HeaderUsers": "사용자",
    "HeaderVideoTypes": "비디오 종류",
    "HeaderVideos": "비디오",
    "HeaderXmlDocumentAttribute": "XML 문서 속성",
    "HeaderXmlDocumentAttributes": "XML 문서 속성",
    "HeaderXmlSettings": "XML 설정",
    "HeaderYears": "연도",
    "HeadersFolders": "폴더",
    "Help": "도움말",
    "Images": "이미지",
    "ImportFavoriteChannelsHelp": "활성화 시, 튜너 장치에서 즐겨찾기로 표시된 채널만 불러옵니다.",
    "ImportMissingEpisodesHelp": "이 기능을 사용하면 누락 된 에피소드에 대한 정보가 Jellyfin 데이터베이스로 가져와 시즌 및 시리즈 내에서 표시됩니다. 이로 인해 상당히 긴 라이브러리 스캔이 발생할 수 있습니다.",
    "InstallingPackage": "{0} 설치 중 ( {1} 버전)",
    "InstantMix": "인스턴트 믹스",
    "ItemCount": "{0} 항목",
    "Label3DFormat": "3D 포맷:",
    "LabelAbortedByServerShutdown": "(서버가 종료되어 취소됨)",
    "LabelAccessDay": "요일:",
    "LabelAccessEnd": "종료 시간:",
    "LabelAccessStart": "시작 시간:",
    "LabelAirDays": "방영일:",
    "LabelAirTime": "방영 시간:",
    "LabelAlbum": "앨범:",
    "LabelAlbumArtHelp": "PN은 upnp:albumArtURI의 dlna:profileID 속성 내에서 앨범 아트에 사용되었습니다.\n일부 장치는 이미지의 크기에 상관 없이 특정 값을 필요로 합니다.",
    "LabelAlbumArtMaxHeight": "앨범 아트 최대 높이:",
    "LabelAlbumArtMaxHeightHelp": "upnp:albumArtURI를 통해 노출된 앨범 아트의 최대 해상도.",
    "LabelAlbumArtMaxWidth": "앨범 아트 최대 넓이:",
    "LabelAlbumArtMaxWidthHelp": "upnp:albumArtURI를 통해 노출된 앨범 아트의 최대 해상도.",
    "LabelAlbumArtPN": "앨범 아트 PN:",
    "LabelAlbumArtists": "앨범 아티스트:",
    "LabelAll": "모두",
    "LabelAllowServerAutoRestart": "서버가 자동으로 업데이트를 적용하도록 재시작 허용",
    "LabelAllowServerAutoRestartHelp": "서버를 활성화된 사용자가 없는 유휴 기간에 다시 시작합니다.",
    "LabelAppName": "앱 이름",
    "LabelArtists": "아티스트:",
    "LabelArtistsHelp": "; 를 사용하여 여러 개 분리",
    "LabelAudioLanguagePreference": "선호하는 오디오 언어:",
    "LabelBirthDate": "생일:",
    "LabelBirthYear": "출생 년도:",
    "LabelBlastMessageInterval": "활성 메세지 간격(초)",
    "LabelBlastMessageIntervalHelp": "서버 활성화 메세지 간의 지속 시간을 초 단위로 결정합니다.",
    "LabelCache": "캐시:",
    "LabelCachePath": "캐시 경로:",
    "LabelCachePathHelp": "이미지같은 서버 캐시 파일을 위한 위치를 지정합니다. 서버 기본값을 사용하려면 비워두십시오.",
    "LabelCollection": "컬렉션:",
    "LabelCommunityRating": "커뮤니티 평점:",
    "LabelContentType": "콘텐츠 종류:",
    "LabelCountry": "국가:",
    "LabelCriticRating": "평론가 평점:",
    "LabelCurrentPassword": "현재 비밀번호:",
    "LabelCustomCertificatePath": "사용자 지정 SSL 인증서 경로:",
    "LabelCustomCertificatePathHelp": "커스텀 도메인에서 TLS를 지원할 수 있도록 인증서 및 개인키가 포함 된 PKCS #12 파일의 경로입니다.",
    "LabelCustomCss": "사용자 지정 CSS:",
    "LabelCustomCssHelp": "사용자 정의 스타일링을 웹 인터페이스에 적용합니다.",
    "LabelCustomDeviceDisplayName": "표시 이름:",
    "LabelCustomRating": "사용자 평점:",
    "LabelDateAdded": "추가한 날짜:",
    "LabelDateAddedBehavior": "새 콘텐츠에 대한 날짜 추가 동작:",
    "LabelDateAddedBehaviorHelp": "메타데이터에 지정된 값이 있으면 항상 이 옵션들에 우선하여 사용됩니다.",
    "LabelDay": "날짜:",
    "LabelDeathDate": "사망일:",
    "LabelDefaultUser": "기본 사용자:",
    "LabelDefaultUserHelp": "연결된 장치에 어떤 사용자 라이브러리를 표시할 지 결정합니다. 이 설정은 각 장치의 사용중인 프로필을 대체합니다.",
    "LabelDeviceDescription": "장치 설명",
    "LabelDidlMode": "DIDL 모드:",
    "LabelDisplayMissingEpisodesWithinSeasons": "각 시즌의 누락된 에피소드 표시",
    "LabelDisplayName": "표시 이름:",
    "LabelDisplayOrder": "표시 순서:",
    "LabelDisplaySpecialsWithinSeasons": "방송한 시즌 내에서 스페셜을 표시합니다",
    "LabelDownMixAudioScale": "다운믹싱할 때 오디오 증폭:",
    "LabelDownMixAudioScaleHelp": "다운믹싱할 때 오디오를 증폭합니다. 원래 음량을 유지하려면 1로 설정하세요.",
    "LabelDownloadLanguages": "다운로드 언어:",
    "LabelEasyPinCode": "간편 PIN 코드:",
    "LabelEmbedAlbumArtDidl": "DIDL에 앨범 아트 삽입",
    "LabelEnableAutomaticPortMap": "자동 포트 맵핑 사용",
    "LabelEnableDlnaClientDiscoveryInterval": "클라이언트 탐색 간격 (초)",
    "LabelEnableDlnaClientDiscoveryIntervalHelp": "Jellyfin이 수행하는 SSDP 검색 간격(초)을 결정합니다.",
    "LabelEnableDlnaDebugLogging": "DNLA 디버그 로그 사용",
    "LabelEnableDlnaDebugLoggingHelp": "매우 큰 로그 파일을 생성합니다. 문제해결을 위해 필요한 경우에만 사용하여야 합니다.",
    "LabelEnableDlnaPlayTo": "다음에서 DNLA 재생 사용:",
    "LabelEnableDlnaPlayToHelp": "네트워크 내 장치를 감지하고 원격으로 제어할 수 있는 기능을 제공합니다.",
    "LabelEnableDlnaServer": "DLNA 서버 활성화",
    "LabelEnableDlnaServerHelp": "네트워크 내의 UPnP 장치가 콘텐츠를 탐색하고 재생할 수 있게 허용합니다.",
    "LabelEnableRealtimeMonitor": "실시간 모니터링 사용",
    "LabelEnableRealtimeMonitorHelp": "지원하는 파일 시스템에서는 변경 사항이 즉시 실행됩니다.",
    "LabelEndDate": "종료일 :",
    "LabelEvent": "이벤트:",
    "LabelEveryXMinutes": "마다:",
    "LabelExtractChaptersDuringLibraryScan": "라이브러리를 스캔할 때 챕터 이미지 추출",
    "LabelExtractChaptersDuringLibraryScanHelp": "라이브러리를 스캔하여 비디오를 가져올 때 챕터 이미지를 생성합니다. 옵션을 끄면 챕터 이미지 예약 작업 중에 생성되어 일반 라이브러리 스캔이 더 빨리 완료될 수 있습니다.",
    "LabelFailed": "실패",
    "LabelFinish": "끝내기",
    "LabelForgotPasswordUsernameHelp": "기억하고 있다면, 사용자명을 입력하세요.",
    "LabelFormat": "포맷:",
    "LabelFriendlyName": "별칭:",
    "LabelServerNameHelp": "이 이름은 서버를 구분하는데 사용합니다. 기본값으로 컴퓨터 이름을 사용합니다.",
    "LabelGroupMoviesIntoCollections": "컬렉션으로 영화 묶기",
    "LabelGroupMoviesIntoCollectionsHelp": "영화 목록을 표시할 때 컬렉션에 포함된 영화가 한 개로 묶여진 항목으로 보여줍니다.",
    "LabelHardwareAccelerationType": "하드웨어 가속:",
    "LabelHardwareAccelerationTypeHelp": "하드웨어 가속은 추가 설정이 필요합니다.",
    "LabelHttpsPort": "로컬 HTTPS 포트 번호:",
    "LabelHttpsPortHelp": "Jellyfin의 HTTPS 서버가 바인딩해야하는 TCP포트 번호",
    "LabelIconMaxHeight": "아이콘 최대 높이:",
    "LabelIconMaxHeightHelp": "upnp:icon를 통해 노출되는 앨범 아트의 최대 해상도",
    "LabelIconMaxWidth": "아이콘 최대 너비:",
    "LabelIconMaxWidthHelp": "upnp:icon를 통해 노출되는 앨범 아트의 최대 해상도",
    "LabelIdentificationFieldHelp": "대소문자를 구별하지 않는 부분 문자열 또는 정규 표현식.",
    "LabelImageFetchersHelp": "선호하는 이미지 수집기를 우선순위대로 활성화합니다.",
    "LabelImageType": "이미지 유형:",
    "LabelImportOnlyFavoriteChannels": "즐겨찾기 표시한 채널로 제한",
    "LabelInNetworkSignInWithEasyPassword": "내부 네트워크에서 간편 PIN 코드로 로그인",
    "LabelInNetworkSignInWithEasyPasswordHelp": "내부 네트워크 내의 클라이언트에서 로그인하기 위해 간편 PIN 코드를 사용할 수 있습니다. 당신의 비밀번호는 집 밖에서만 필요합니다. PIN 코드를 공백으로 설정하면, 내부 네트워크 내에서는 비밀번호가 필요하지 않습니다.",
    "LabelKodiMetadataDateFormat": "출시 날짜 포맷:",
    "LabelKodiMetadataDateFormatHelp": "NFO 파일의 모든 날짜는 이 형식을 사용하여 읽고 씁니다.",
    "LabelKodiMetadataSaveImagePaths": "NFO 파일에 이미지 경로 저장",
    "LabelLanguage": "언어:",
    "LabelLocalHttpServerPortNumber": "로컬 HTTP 포트 번호:",
    "LabelLocalHttpServerPortNumberHelp": "Jellyfin HTTP 서버의 TCP 포트 번호입니다.",
    "LabelLockItemToPreventChanges": "변경할 수 없게 항목 잠금",
    "LabelLoginDisclaimer": "로그인 고지사항:",
    "LabelLoginDisclaimerHelp": "로그인 페이지 하단에 표시할 메세지",
    "LabelLogs": "로그:",
    "LabelManufacturer": "제작사:",
    "LabelManufacturerUrl": "제작사 URL",
    "LabelMaxBackdropsPerItem": "항목별 최대 배경 이미지 수:",
    "LabelMaxParentalRating": "최대 허용 연령:",
    "LabelMaxScreenshotsPerItem": "항목별 최대 스크린샷 수:",
    "LabelMaxStreamingBitrateHelp": "스트리밍 시 최대 비트 전송률을 지정합니다.",
    "LabelMessageText": "메시지 텍스트:",
    "LabelMessageTitle": "메시지 제목:",
    "LabelMetadata": "메타데이터:",
    "LabelMetadataDownloadLanguage": "다운로드 선호 언어:",
    "LabelMetadataDownloadersHelp": "선호하는 메타데이터 다운로더를 우선 순위에 따라 정렬합니다. 낮은 우선 순위의 다운로더는 누락된 정보를 가져오는 데만 사용합니다.",
    "LabelMetadataPath": "메타데이터 경로:",
    "LabelMetadataPathHelp": "다운로드한 아트워크와 메타데이터를 저장할 위치를 지정합니다.",
    "LabelMetadataSavers": "메타데이터 저장기:",
    "LabelMetadataSaversHelp": "메타데이터를 저장할 형식을 선택합니다.",
    "LabelMethod": "방법:",
    "LabelMinBackdropDownloadWidth": "다운로드할 배경 이미지 최소 넓이:",
    "LabelMinScreenshotDownloadWidth": "다운로드할 스크린샷의 최소 너비:",
    "LabelModelDescription": "모델 설명",
    "LabelModelName": "모델 이름",
    "LabelModelNumber": "모델 번호",
    "LabelModelUrl": "모델 URL",
    "LabelMonitorUsers": "다음의 활동 모니터링:",
    "LabelMovieRecordingPath": "영화 녹화 경로 (옵션):",
    "LabelMusicStreamingTranscodingBitrate": "음악 트랜스코딩 비트레이트:",
    "LabelMusicStreamingTranscodingBitrateHelp": "음악 스트리밍 시 최대 비트 전송률을 지정합니다.",
    "LabelName": "이름:",
    "LabelNewName": "새 이름:",
    "LabelNewPassword": "새 비밀번호:",
    "LabelNewPasswordConfirm": "새 비밀번호 확인:",
    "LabelNext": "다음",
    "LabelNotificationEnabled": "이 알림 활성화",
    "LabelNumber": "번호:",
    "LabelNumberOfGuideDays": "다운로드할 가이드 데이터 일 수:",
    "LabelNumberOfGuideDaysHelp": "더 많은 기간의 가이드 데이터를 다운로드하는 것은 미리 예약할 수 있고 더 많은 목록을 볼 수 있지만 다운로드하는 데 더 오래 걸릴 수 있습니다.",
    "LabelOriginalAspectRatio": "원 화면비율:",
    "LabelOverview": "줄거리:",
    "LabelParentalRating": "등급:",
    "LabelPassword": "비밀번호:",
    "LabelPasswordConfirm": "비밀번호 (확인):",
    "LabelPasswordRecoveryPinCode": "PIN 코드:",
    "LabelPath": "경로:",
    "LabelPlaceOfBirth": "출생지:",
    "LabelPlayDefaultAudioTrack": "언어에 상관없이 기본 오디오 트랙 재생",
    "LabelPlaylist": "재생목록:",
    "LabelPreferredDisplayLanguage": "선호하는 화면 언어:",
    "LabelPreferredDisplayLanguageHelp": "Jellyfin 번역은 진행중인 프로젝트입니다.",
    "LabelPrevious": "이전",
    "LabelProfileAudioCodecs": "오디오 코덱:",
    "LabelProfileCodecs": "코덱:",
    "LabelProfileCodecsHelp": "쉼표로 구분합니다. 모든 코덱에 적용할 수 있도록 빈 칸을 남겨둘 수 있습니다.",
    "LabelProfileContainer": "컨테이너:",
    "LabelProfileContainersHelp": "쉼표로 구분합니다. 모든 컨테이너에 적용할 수 있도록 빈 칸을 남겨둘 수 있습니다.",
    "LabelProfileVideoCodecs": "비디오 코덱:",
    "LabelProtocol": "프로토콜:",
    "LabelProtocolInfo": "프로토콜 정보:",
    "LabelPublicHttpPort": "공용 HTTP 포트 번호:",
    "LabelPublicHttpPortHelp": "로컬 HTTP 포트는 공용 포트 번호에 매핑되어야합니다.",
    "LabelPublicHttpsPort": "공용 HTTPS 포트 번호:",
    "LabelPublicHttpsPortHelp": "로컬 HTTPS 포트는 공용 포트 번호에 매핑 되어야합니다.",
    "LabelReadHowYouCanContribute": "여러분이 기여할 수 있는 방법을 알려드립니다.",
    "LabelRecordingPath": "기본 재코딩 위치 :",
    "LabelRecordingPathHelp": "녹화를 저장할 기본 위치를 지정합니다. 비어 있는 경우 서버의 프로그램 데이터 폴더가 사용됩니다.",
    "LabelReleaseDate": "개봉일:",
    "LabelRemoteClientBitrateLimit": "인터넷 스트리밍 비트레이트 제한 (Mbps):",
    "LabelRuntimeMinutes": "상영 시간 (분):",
    "LabelSaveLocalMetadata": "아트워크와 메타데이터를 미디어 폴더에 저장",
    "LabelSaveLocalMetadataHelp": "아트워크 및 메타데이터를 미디어 폴더에 직접 저장하면 쉽게 편집 할 수 있습니다.",
    "LabelSelectUsers": "사용자 선택:",
    "LabelSelectVersionToInstall": "설치할 버전 선택:",
    "LabelSendNotificationToUsers": "다음으로 알림 전송:",
    "LabelSerialNumber": "시리얼 번호",
    "LabelSeriesRecordingPath": "시리즈 녹화 경로 (옵션) :",
    "LabelServerHost": "호스트:",
    "LabelServerHostHelp": "192.168.1.100:8096 또는 https://myserver.com",
    "LabelSkipIfAudioTrackPresent": "오디오 트랙이 다운로드 언어와 일치하면 건너뛰기",
    "LabelSource": "소스:",
    "LabelStartWhenPossible": "다음이 가능할 때 시작:",
    "LabelStatus": "상태:",
    "LabelStopWhenPossible": "다음이 가능할 때 정지:",
    "LabelSubtitlePlaybackMode": "자막 모드:",
    "LabelSupportedMediaTypes": "지원하는 미디어 유형:",
    "LabelTag": "태그:",
    "LabelTagline": "태그라인:",
    "LabelTime": "시각:",
    "LabelTimeLimitHours": "시간 제한 (시간):",
    "LabelTrackNumber": "트랙 번호:",
    "LabelTranscodingAudioCodec": "오디오 코덱:",
    "LabelTranscodingContainer": "컨테이너:",
    "LabelTranscodingTempPathHelp": "클라이언트로 제공될 트랜스코딩 파일이 위치한 사용자 경로를 설정합니다. 서버 기본값을 사용하려면 공백으로 두십시오.",
    "LabelTranscodingVideoCodec": "비디오 코덱:",
    "LabelTriggerType": "트리거 종류:",
    "LabelTunerIpAddress": "튜너 IP 주소:",
    "LabelTunerType": "튜너 종류:",
    "LabelTypeText": "텍스트",
    "LabelUseNotificationServices": "다음 서비스 사용:",
    "LabelUser": "사용자:",
    "LabelUserLibrary": "사용자 라이브러리:",
    "LabelUserLibraryHelp": "장치에 어떤 사용자 라이브러리를 보여줄 지 선택합니다. 기본 설정을 사용하려면 비워두십시오.",
    "LabelUsername": "사용자명:",
    "LabelVersionInstalled": "{0} 설치됨",
    "LabelVersionNumber": "버전 {0}",
    "LabelYourFirstName": "이름:",
    "LabelYoureDone": "완료!",
    "LabelZipCode": "우편 번호:",
    "LibraryAccessHelp": "이 사용자와 공유할 라이브러리를 선택합니다. 관리자는 메타데이터 관리자를 사용하여 모든 폴더를 수정할 수 있습니다.",
    "Like": "좋아요",
    "Live": "라이브",
    "MaxParentalRatingHelp": "더 높은 연령 등급의 콘텐츠가 이 사용자에게 표지 되지 않습니다.",
    "MediaInfoAnamorphic": "아나몰픽",
    "MediaInfoAspectRatio": "화면비",
    "MediaInfoBitrate": "비트레이트",
    "MediaInfoChannels": "채널",
    "MediaInfoCodec": "코덱",
    "MediaInfoCodecTag": "코덱 태그",
    "MediaInfoContainer": "컨테이너",
    "MediaInfoDefault": "기본",
    "MediaInfoExternal": "외부",
    "MediaInfoFramerate": "프레임 레이트",
    "MediaInfoInterlaced": "인터레이스",
    "MediaInfoLanguage": "언어",
    "MediaInfoLayout": "레이아웃",
    "MediaInfoPath": "경로",
    "MediaInfoProfile": "프로필",
    "MediaInfoResolution": "해상도",
    "MediaInfoSampleRate": "샘플 레이트",
    "MessageAlreadyInstalled": "이 버전은 이미 설치되어 있습니다.",
    "MessageAreYouSureDeleteSubtitles": "이 자막 파일을 삭제하겠습니까?",
    "MessageAreYouSureYouWishToRemoveMediaFolder": "이 미디어 폴더를 제거하겠습니까?",
    "MessageConfirmDeleteGuideProvider": "이 가이드 제공자를 삭제하겠습니까?",
    "MessageConfirmDeleteTunerDevice": "이 장치를 삭제하겠습니까?",
    "MessageConfirmProfileDeletion": "이 프로필을 삭제하겠습니까?",
    "MessageConfirmRecordingCancellation": "이 녹화를 취소하겠습니까?",
    "MessageConfirmRemoveMediaLocation": "이 미디어 위치를 제거하겠습니까?",
    "MessageConfirmRestart": "Jellyfin 서버를 다시 시작하겠습니까?",
    "MessageConfirmShutdown": "정말로 서버를 종료하겠습니까?",
    "MessageContactAdminToResetPassword": "비밀번호를 재설정하려면 시스템 관리자에게 문의하십시오.",
    "MessageDeleteTaskTrigger": "이 작업 트리거를 삭제하겠습니까?",
    "MessageEnablingOptionLongerScans": "이 옵션을 사용하면 라이브러리 스캔이 상당히 길어질 수 있습니다.",
    "MessageFileReadError": "이 파일을 읽는 데 오류가 발생하였습니다.",
    "MessageForgotPasswordFileCreated": "진행 방법이 설명된 다음의 파일이 귀하의 서버에 생성되었습니다.",
    "MessageForgotPasswordInNetworkRequired": "비밀번호 초기화를 진행하려면 귀하의 홈 네트워크에서 다시 시도하세요.",
    "MessageInvalidForgotPasswordPin": "올바르지 않거나 만료된 PIN 코드입니다. 다시 시도하십시오.",
    "MessageInvalidUser": "올바르지 않은 사용자명 또는 비밀번호입니다. 다시 시도하세요.",
    "MessageItemSaved": "항목이 저장되었습니다.",
    "MessageItemsAdded": "항목 추가됨",
    "MessageNoMovieSuggestionsAvailable": "현재 추천 영화를 사용할 수 없습니다. 영화 보기를 시작하고 평가를 하면 추천을 볼 수 있습니다.",
    "MessageNoPluginsInstalled": "설치된 플러그인이 없습니다.",
    "MessageNoTrailersFound": "예고편이 없습니다. 예고편 채널을 설치하여 인터넷 예고편 라이브러리를 추가하면 향상된 영화 환경을 경험할 수 있습니다.",
    "MessageNothingHere": "아무것도 없습니다.",
    "MessagePasswordResetForUsers": "다음 사용자는 비밀번호를 재설정했습니다. 재설정을 수행하는데 사용된 핀 코드로 로그인 할 수 있습니다.",
    "MessagePleaseEnsureInternetMetadata": "인터넷 메타데이터 다운로드가 켜져 있는지 확인하세요.",
    "MessageSettingsSaved": "설정이 저장되었습니다.",
    "MessageUnableToConnectToServer": "선택한 서버에 연결할 수 없습니다. 서버가 실행 중인지 확인후 다시 시도하세요.",
    "MessageUnsetContentHelp": "콘텐트가 일반 폴더로 표시됩니다. 최상의 결과를 위해 메타데이터 관리자를 사용하여 하위 폴더의 콘텐트 종류를 설정하세요.",
    "MinutesAfter": "몇 분 후에",
    "MinutesBefore": "몇 분 전에",
    "Monday": "월요일",
    "MoreUsersCanBeAddedLater": "나중에 대시보드에서 사용자를 더 추가할 수 있습니다.",
    "Mute": "음소거",
    "NewCollection": "새 컬렉션",
    "NoNextUpItemsMessage": "아무도 찾지 못했어요. 여러분의 쇼를 보기 시작하세요!",
    "OptionAdminUsers": "관리자",
    "OptionAlbum": "앨범",
    "OptionAlbumArtist": "앨범 아티스트",
    "OptionAllUsers": "모든 사용자",
    "OptionAllowAudioPlaybackTranscoding": "트랜스코딩이 필요한 오디오 재생 허용",
    "OptionAllowBrowsingLiveTv": "TV 방송 접속 허용",
    "OptionAllowContentDownloading": "미디어 다운로드 허용",
    "OptionAllowLinkSharing": "소셜 미디어 공유 허용",
    "OptionAllowLinkSharingHelp": "미디어 정보가 포함된 웹 페이지만 공유됩니다. 미디어 파일은 공개적으로 공유되지 않습니다. 공유 시간은 제한되며 {0}일 후에 만료됩니다.",
    "OptionAllowManageLiveTv": "실시간 TV 방송 녹화 관리 허용",
    "OptionAllowMediaPlayback": "미디어 재생 허용",
    "OptionAllowRemoteControlOthers": "다른 사용자 원격 제어 허용",
    "OptionAllowRemoteSharedDevices": "공유 기기 원격 제어 허용",
    "OptionAllowRemoteSharedDevicesHelp": "사용자가 제어를 시작할 때까지 DLNA 기기가 공유된 것으로 간주됩니다.",
    "OptionAllowUserToManageServer": "이 사용자에게 이 서버의 관리를 허용합니다",
    "OptionAllowVideoPlaybackTranscoding": "트랜스코딩이 필요한 비디오 재생 허용",
    "OptionArtist": "아티스트",
    "OptionAscending": "오름차순",
    "OptionAuto": "자동",
    "OptionAutomatic": "자동",
    "OptionBlockBooks": "도서",
    "OptionBlockChannelContent": "인터넷 채널 콘텐츠",
    "OptionBlockLiveTvChannels": "실시간 TV 방송 채널",
    "OptionBlockMovies": "영화",
    "OptionBlockMusic": "음악",
    "OptionBlockTrailers": "예고편",
    "OptionBlockTvShows": "TV 쇼",
    "OptionBluray": "블루레이",
    "OptionCaptionInfoExSamsung": "CaptionInfoEx (삼성)",
    "OptionCommunityRating": "커뮤니티 평점",
    "OptionContinuing": "계속하기",
    "OptionCriticRating": "Critic 평점",
    "OptionCustomUsers": "사용자 정의",
    "OptionDaily": "매일",
    "OptionDateAdded": "추가한 날짜",
    "OptionDateAddedFileTime": "파일 생성 날짜 사용",
    "OptionDateAddedImportTime": "라이브러리에 추가된 날짜 사용",
    "OptionDatePlayed": "재생한 날짜",
    "OptionDescending": "내림차순",
    "OptionDisableUser": "이 사용자 사용 안 함",
    "OptionDisableUserHelp": "서버가 이 사용자의 연결을 허용하지 않습니다. 현재 연결이 예고없이 종료됩니다.",
    "OptionDislikes": "싫어함",
    "OptionDisplayFolderViewHelp": "미디어 라이브러리 옆에 폴더를 표시합니다. 이는 일반적인 폴더 보기를 원하는 경우에 유용합니다.",
    "OptionDownloadArtImage": "아트",
    "OptionDownloadBackImage": "배경",
    "OptionDownloadBannerImage": "배너",
    "OptionDownloadBoxImage": "박스",
    "OptionDownloadDiscImage": "디스크",
    "OptionDownloadLogoImage": "로고",
    "OptionDownloadMenuImage": "메뉴",
    "OptionDownloadPrimaryImage": "기본적인",
    "OptionDownloadThumbImage": "썸네일",
    "OptionDvd": "DVD",
    "OptionEmbedSubtitles": "켠테이너에 포함",
    "OptionEnableAccessFromAllDevices": "모든 기기에서 접속 허용",
    "OptionEnableAccessToAllChannels": "모든 채널에 접속 허용",
    "OptionEnableAccessToAllLibraries": "모든 라이브러리에 접속 허용",
    "OptionEnableM2tsMode": "M2ts 모드 활성화",
    "OptionEnded": "종료됨",
    "OptionEveryday": "매일",
    "OptionExternallyDownloaded": "외부 다운로드",
    "OptionFavorite": "즐겨찾기",
    "OptionFriday": "금요일",
    "OptionHasSpecialFeatures": "특별한 기능",
    "OptionHasSubtitles": "자막",
    "OptionHasThemeSong": "테마송",
    "OptionHasThemeVideo": "테마 비디오",
    "OptionHasTrailer": "예고편",
    "OptionHideUser": "로그인 화면에서 이 사용자 숨김",
    "OptionHideUserFromLoginHelp": "비공개 또는 숨겨진 관리자 계정에 유용합니다. 사용자는 수동으로 사용자 이름과 비밀번호를 입력하여 로그인해야 합니다.",
    "OptionHlsSegmentedSubtitles": "HLS 분할된 자막",
    "OptionIgnoreTranscodeByteRangeRequests": "트랜스코드 바이트 범위 요청 무시",
    "OptionIgnoreTranscodeByteRangeRequestsHelp": "활성화된 경우 이러한 요청은 존중되지만 바이트 헤더 범위는 무시됩니다.",
    "OptionImdbRating": "IMDb 평점",
    "OptionLikes": "좋아함",
    "OptionMax": "최대",
    "OptionMissingEpisode": "누락된 에피소드",
    "OptionMonday": "월요일",
    "OptionNameSort": "제목",
    "OptionNone": "없음",
    "OptionOnAppStartup": "애플리케이션 시작할 때",
    "OptionOnInterval": "기간",
    "OptionParentalRating": "등급",
    "OptionPlainStorageFolders": "모든 폴더를 일반 저장소 폴더로 표시",
    "OptionPlainStorageFoldersHelp": "활성화 된 경우 모든 폴더는 \"object.container.person.musicArtist\"와 같이보다 구체적인 유형 대신 \"object.container.storageFolder\"로 DIDL에 표시됩니다.",
    "OptionPlainVideoItems": "모든 비디오를 일반 비디오 항목으로 표시",
    "OptionPlainVideoItemsHelp": "활성화 된 경우 모든 비디오는 \"object.item.videoItem.movie\"와 같이보다 구체적인 유형 대신 \"object.item.videoItem\"로 DIDL에 표시됩니다.",
    "OptionPlayCount": "재생 횟수",
    "OptionPlayed": "재생함",
    "OptionPremiereDate": "Premiere 일자",
    "OptionProfileAudio": "오디오",
    "OptionProfilePhoto": "사진",
    "OptionProfileVideo": "비디오",
    "OptionProfileVideoAudio": "비디오 오디오",
    "OptionProtocolHls": "HTTP 실시간 스트리밍",
    "OptionReleaseDate": "개봉일",
    "OptionResElement": "res 요소",
    "OptionResumable": "이어보기",
    "OptionRuntime": "상영 시간",
    "OptionSaturday": "토요일",
    "OptionSaveMetadataAsHidden": "메타데이터와 이미지를 숨김 파일로 저장",
    "OptionSpecialEpisode": "스페셜",
    "OptionSunday": "일요일",
    "OptionThursday": "목요일",
    "OptionTrackName": "트랙 이름",
    "OptionTuesday": "화요일",
    "OptionTvdbRating": "TVDb 평점",
    "OptionUnairedEpisode": "방송하지 않은 에피소드",
    "OptionUnplayed": "재생되지 않음",
    "OptionWakeFromSleep": "슬립모드에서 깨우기",
    "OptionWednesday": "수요일",
    "OptionWeekdays": "주중",
    "OptionWeekends": "주말",
    "OptionWeekly": "주",
    "OriginalAirDateValue": "최초 방송일: {0}",
    "PackageInstallCancelled": "{0} 설치 취소됨",
    "PackageInstallCompleted": "{0} 설치 완료",
    "PackageInstallFailed": "{0} 설치 실패",
    "ParentalRating": "등급",
    "PasswordMatchError": "비밀번호와 비밀번호 확인이 일치해야 합니다.",
    "PasswordResetComplete": "비밀번호가 재설정되었습니다.",
    "PasswordResetConfirmation": "비밀번호를 재설정하겠습니까?",
    "PasswordResetHeader": "비밀번호 재설정",
    "PasswordSaved": "비밀번호가 저장되었습니다.",
    "PictureInPicture": "Picture in picture",
    "PinCodeResetComplete": "PIN 코드가 초기화되었습니다.",
    "PinCodeResetConfirmation": "PIN 코드를 초기화하겠습니까?",
    "Play": "재생",
    "PlayAllFromHere": "여기부터 모두 재생",
    "Played": "재생함",
    "PleaseSelectTwoItems": "최소 두 개의 항목을 선택하세요.",
    "Premiere": "프리미어",
    "Producer": "프로듀서",
    "QueueAllFromHere": "여기부터 모두 대기열에 추가",
    "RecommendationBecauseYouLike": "{0} 을(를) 좋아하기 때문에",
    "RecommendationBecauseYouWatched": "{0} 을(를) 시청했기 때문에",
    "RecommendationDirectedBy": "{0} 감독",
    "RecommendationStarring": "{0} 출연",
    "Record": "녹화",
    "RecordSeries": "시리즈 녹화",
    "RecordingCancelled": "녹화가 취소되었습니다.",
    "RecordingScheduled": "녹화가 예약되었습니다.",
    "Refresh": "새로 고침",
    "RemoveFromPlaylist": "재생목록에서 제거",
    "Repeat": "반복",
    "RepeatAll": "모두 반복",
    "ReplaceExistingImages": "현재 이미지 교체",
    "Rewind": "되감기",
    "Saturday": "토요일",
    "Save": "저장",
    "Search": "검색",
    "SearchForCollectionInternetMetadata": "인터넷에서 아트워크와 메타데이터 검색",
    "SearchForSubtitles": "자막 검색",
    "SeriesCancelled": "시리즈가 취소되었습니다.",
    "SeriesRecordingScheduled": "시리즈 녹화가 예약되었습니다.",
    "Settings": "설정",
    "SettingsSaved": "설정이 저장되었습니다.",
    "Share": "공유",
    "Small": "작음",
    "SortName": "정렬 제목",
    "Subtitles": "자막",
    "Sunday": "일요일",
    "SystemDlnaProfilesHelp": "시스템 프로필은 읽기 전용입니다. 시스템 프로필에 대한 변경 사항은 새로운 사용자 정의 프로필에 저장됩니다.",
    "TabAccess": "접속",
    "TabAdvanced": "고급",
    "TabAlbumArtists": "앨범 아티스트",
    "TabAlbums": "앨범",
    "TabArtists": "아티스트",
    "TabCatalog": "카탈로그",
    "TabChannels": "채널",
    "TabCodecs": "코덱",
    "TabCollections": "컬렉션",
    "TabContainers": "컨테이너",
    "TabDashboard": "대시보드",
    "TabDevices": "장치",
    "TabDirectPlay": "다이렉트 재생",
    "TabDisplay": "화면",
    "TabEpisodes": "에피소드",
    "TabFavorites": "즐겨찾기",
    "TabGenres": "장르",
    "TabGuide": "가이드",
    "TabInfo": "정보",
    "TabLatest": "최근",
    "TabLiveTV": "실시간 TV",
    "TabLogs": "로그",
    "TabMetadata": "메타데이터",
    "TabMovies": "영화",
    "TabMusic": "음악",
    "TabMusicVideos": "뮤직비디오",
    "TabMyPlugins": "내 플러그인",
    "TabNetworks": "네트워크",
    "TabNotifications": "알림",
    "TabOther": "기타",
    "TabParentalControl": "자녀 보호",
    "TabPassword": "비밀번호",
    "TabPlayback": "재생",
    "TabPlaylist": "재생목록",
    "TabPlaylists": "재생목록",
    "TabPlugins": "플러그인",
    "TabProfile": "프로필",
    "TabProfiles": "프로필",
    "TabRecordings": "녹화",
    "TabResponses": "반응",
    "TabScheduledTasks": "예약 작업",
    "TabSeries": "시리즈",
    "TabServer": "서버",
    "TabSettings": "설정",
    "TabShows": "쇼",
    "TabSongs": "노래",
    "TabStreaming": "스트리밍",
    "TabSuggestions": "추천",
    "TabTrailers": "예고편",
    "TabTranscoding": "트랜스코딩",
    "TabUpcoming": "방송 예정",
    "TabUsers": "사용자",
    "Tags": "태그",
    "TellUsAboutYourself": "자신에 대해 알려주세요",
    "ThisWizardWillGuideYou": "이 마법사는 설정 과정을 안내합니다. 시작하려면 선호하는 언어를 선택하세요.",
    "Thursday": "목요일",
    "TitlePlayback": "재생",
    "TrackCount": "{0} 트랙",
    "Tuesday": "화요일",
    "UninstallPluginConfirmation": "{0} 을(를) 설치 제거하겠습니까?",
    "UninstallPluginHeader": "플러그인 제거",
    "Unmute": "음소거 취소",
    "UserProfilesIntro": "Jellyfin은 세분화된 디스플레이 설정, 재생 상태, 자녀 보호 기능을 갖춘 사용자 프로필을 지원합니다.",
    "ValueAlbumCount": "{0} 앨범",
    "ValueAudioCodec": "오디오 코덱: {0}",
    "ValueCodec": "코덱: {0}",
    "ValueConditions": "조건: {0}",
    "ValueContainer": "컨테이너: {0}",
    "ValueDiscNumber": "디스크 {0}",
    "ValueEpisodeCount": "{0} 에피소드",
    "ValueMinutes": "{0} 분",
    "ValueMovieCount": "{0} 영화",
    "ValueMusicVideoCount": "{0} 뮤직 비디오",
    "ValueOneAlbum": "1 앨범",
    "ValueOneEpisode": "1 에피소드",
    "ValueOneMovie": "1 영화",
    "ValueOneMusicVideo": "1 뮤직 비디오",
    "ValueOneSeries": "1 시리즈",
    "ValueOneSong": "1 노래",
    "ValueSeriesCount": "{0} 시리즈",
    "ValueSongCount": "{0} 노래",
    "ValueSpecialEpisodeName": "스페셜 - {0}",
    "ValueTimeLimitMultiHour": "시간 제한: {0}시간",
    "ValueTimeLimitSingleHour": "시간 제한: 1시간",
    "ValueVideoCodec": "비디오 코덱: {0}",
    "ViewAlbum": "앨범 보기",
    "ViewArtist": "아티스트 보기",
    "Watched": "시청함",
    "Wednesday": "수요일",
    "WelcomeToProject": "Jellyfin에 오신 것을 환영합니다!",
    "WizardCompleted": "지금 필요한 것은 이것이 전부입니다. Jellyfin은 당신의 미디어 라이브러리 정보를 모으기 시작했습니다. 우리의 몇가지 앱을 확인한 후, <b>끝내기</b>를 눌러 <b>대시보드</b>을 확인하십시오.",
    "Writer": "작가",
    "Albums": "앨범",
    "Artists": "아티스트",
    "Books": "도서",
    "Channels": "채널",
    "Collections": "컬렉션",
    "Favorites": "즐겨찾기",
    "Folders": "폴더",
    "Genres": "장르",
    "HeaderAlbumArtists": "앨범 아티스트",
    "HeaderFavoriteShows": "즐겨찾는 쇼",
    "HeaderFavoriteEpisodes": "즐겨찾는 에피소드",
    "HeaderFavoriteAlbums": "즐겨찾는 앨범",
    "HeaderFavoriteArtists": "즐겨찾는 아티스트",
    "HeaderFavoriteSongs": "즐겨찾는 노래",
    "Movies": "영화",
    "Photos": "사진",
    "Playlists": "재생목록",
    "Shows": "쇼",
    "Songs": "노래",
    "Sync": "동기화",
    "AddItemToCollectionHelp": "항목을 컬렉션에 추가하려면 검색한 뒤 우클릭이나 탭 매뉴를 이용하십시오.",
    "AddToCollection": "컬렉션에 추가",
    "AddToPlayQueue": "재생 대기열에 추가",
    "AddedOnValue": "{0} 추가됨",
    "AirDate": "방영 일자",
    "Aired": "방영됨",
    "Alerts": "알림",
    "AllComplexFormats": "모든 복잡한 포맷 (ASS, SSA, VOBSUB, PGS, SUB, IDX,...)",
    "AllLibraries": "모든 라이브러리",
    "AllowMediaConversion": "미디어 변환 허용",
    "AllowOnTheFlySubtitleExtraction": "실시간 자막 추출 허용",
    "AllowOnTheFlySubtitleExtractionHelp": "비디오 트랜스코딩을 방지하기 위해 내장된 자막을 비디오에서 추출하여 텍스트로 클라이언트에 전송할 수 있습니다. 다만, 일부 시스템에서 추출 과정은 긴 시간이 걸리고 비디오 재생을 멈출 수 있습니다. 클라이언트에서 트랜스코딩을 사용할 수 없는 경우 이 기능을 비활성화하여 트랜스코딩 시 자막을 영상에 삽입하십시오.",
    "AllowRemoteAccess": "이 Jellyfin 서버에 원격 접속을 허용합니다.",
    "AllowRemoteAccessHelp": "체크 해제 시 모든 외부 접속은 차단됩니다.",
    "AllowedRemoteAddressesHelp": "외부 접속을 허용할 IP 혹은 IP 넷마스크를 반점(,)으로 구분하여 입력하십시오. 공란일시, 모든 외부 접속이 허용됩니다.",
    "AlwaysPlaySubtitles": "항상 표시",
    "AlwaysPlaySubtitlesHelp": "오디오 언어를 불문하고 언어 설정에 적합한 자막을 불러옵니다.",
    "AnyLanguage": "모든 언어",
    "AroundTime": "대략",
    "Art": "아트",
    "AsManyAsPossible": "최대한 많이",
    "Ascending": "오름차순",
    "AspectRatio": "종횡비",
    "AuthProviderHelp": "이 사용자의 비밀번호를 인증할 때 사용할 인증 서비스 제공자를 선택하십시오.",
    "Auto": "자동",
    "AutoBasedOnLanguageSetting": "자동 (언어 설정을 따름)",
    "Backdrop": "배경",
    "Banner": "배너",
    "BookLibraryHelp": "오디오 혹은 텍스트 도서가 지원됩니다. {0}도서 작명 가이드{1}를 참고하십시오.",
    "Box": "박스",
    "Browse": "탐색",
    "ButtonEditImages": "이미지 편집",
    "ButtonFullscreen": "전체 화면",
    "HeaderEpisodes": "에피소드",
    "HeaderExternalIds": "외부 ID:",
    "HeaderFavoriteMovies": "즐겨찾는 영화",
    "HeaderFavoriteVideos": "즐겨찾는 동영상",
    "LabelDropImageHere": "이미지를 여기 드롭하거나 클릭하여 찾아보십시오.",
    "ConfirmDeleteImage": "이미지를 제거하시겠습니까?",
    "CommunityRating": "커뮤니티 평점",
    "ChannelNumber": "채널 번호",
    "Categories": "카테고리",
    "CancelRecording": "녹화 취소",
    "ButtonUp": "위",
    "ButtonTrailer": "트레일러",
    "ButtonShuffle": "셔플",
    "ButtonScanAllLibraries": "모든 라이브러리 스캔",
    "ButtonOff": "끄기",
    "ButtonDown": "아래",
    "ButtonAudioTracks": "오디오 트랙",
    "ButtonAddMediaLibrary": "미디어 라이브러리 추가",
    "ButtonAddImage": "이미지 추가",
    "Blacklist": "블랙리스트",
    "HeaderConfirmPluginInstallation": "플러그인 설치 확인",
    "HeaderChapterImages": "챕터 이미지",
    "EncoderPresetHelp": "성능을 높이려면 더 빠른 값을 선택하고, 품질을 높이려면 더 느린 값을 선택하십시오.",
    "HDPrograms": "HD 프로그램",
    "Guide": "가이드",
    "GroupVersions": "그룹 버전",
    "FormatValue": "포맷: {0}",
    "Filters": "필터",
    "EveryNDays": "매 {0}일",
    "EnableThemeVideosHelp": "라이브러리를 탐색하는 동안 테마 비디오를 재생합니다.",
    "EnableThemeVideos": "테마 비디오",
    "EnableThemeSongsHelp": "라이브러리를 탐색하는 동안 테마 곡을 재생합니다.",
    "EnableStreamLooping": "라이브 스트림 자동 반복",
    "EnableNextVideoInfoOverlayHelp": "비디오가 끝나면 현재 재생목록의 다음 비디오에 대한 정보를 표시합니다.",
    "EnableExternalVideoPlayers": "외부 비디오 플레이어",
    "EnableDisplayMirroring": "화면 미러링",
    "EditMetadata": "메타데이터 편집",
    "EditImages": "이미지 편집",
    "DrmChannelsNotImported": "DRM이 있는 채널은 가져오지 않습니다.",
    "DownloadsValue": "{0} 다운로드",
    "Down": "아래",
    "DoNotRecord": "녹화 안 함",
    "Disconnect": "연결 끊기",
    "Disabled": "비활성화됨",
    "DirectPlaying": "다이렉트 재생",
    "DirectStreaming": "다이렉트 스트리밍",
    "DirectStreamHelp2": "다이렉트 스트리밍은 비디오 퀄리티의 손실없이 매우 적은 처리능력을 사용합니다.",
    "DetectingDevices": "장치 감지",
    "Desktop": "데스크탑",
    "Default": "기본",
    "DatePlayed": "재생된 날짜",
    "DateAdded": "추가된 날짜",
    "CopyStreamURLSuccess": "URL 복사 성공",
    "CopyStreamURL": "스트림 URL 복사",
    "ContinueWatching": "계속 시청하기",
    "ChannelNameOnly": "{0} 채널만",
    "CancelSeries": "시리즈 취소",
    "ButtonRevoke": "취소",
    "XmlTvSportsCategoriesHelp": "이 카테고리의 프로그램은 스포츠 프로그램으로 표시됩니다. 여러개를 '|'으로 구분합니다.",
    "Yesterday": "어제",
    "Yes": "예",
    "Whitelist": "화이트리스트",
    "ViewPlaybackInfo": "재생 정보 보기",
    "VideoRange": "비디오 길이",
    "ValueSeconds": "{0}초",
    "Upload": "업로드",
    "Unrated": "평점을 매기지 않음",
    "Unplayed": "재생되지 않음",
    "Uniform": "유니폼",
    "Transcoding": "트랜스코딩",
    "Trailers": "예고편",
    "TitleHostingSettings": "호스팅 설정",
    "TitleHardwareAcceleration": "하드웨어 가속",
    "ThemeVideos": "테마 비디오",
    "ThemeSongs": "테마 곡",
    "TagsValue": "태그: {0}",
    "TabResumeSettings": "재개",
    "TabNfoSettings": "NFO 설정",
    "TabNetworking": "네트워킹",
    "TV": "TV",
    "Suggestions": "제안",
    "SubtitleOffset": "자막 오프셋",
    "SubtitleAppearanceSettingsAlsoPassedToCastDevices": "이 설정은 이 장치에서 시작되는 크롬캐스트 재생에도 적용됩니다.",
    "Studios": "스튜디오",
    "StopRecording": "녹화 중지",
    "Sports": "스포츠",
    "SortChannelsBy": "채널 정렬:",
    "SortByValue": "{0} 정렬",
    "Sort": "정렬",
    "SkipEpisodesAlreadyInMyLibrary": "이미 라이브러리에 있는 에피소드는 녹화 안 함",
    "SimultaneousConnectionLimitHelp": "최대 동시 스트림 갯수. 0은 제한없음입니다.",
    "Shuffle": "셔플",
    "ShowYear": "년도 표시",
    "ShowTitle": "제목 표시",
    "ShowAdvancedSettings": "고급 설정 표시",
    "ServerUpdateNeeded": "Jellyfin 서버를 업데이트해야합니다. 최신 버전을 다운로드하려면, {0}을 확인하십시오.",
    "ServerRestartNeededAfterPluginInstall": "플러그인을 설치한 후에 Jellyfin 서버를 재시작해야합니다.",
    "ServerNameIsShuttingDown": "Jellyfin 서버 - {0}은 가동중지되었습니다.",
    "ServerNameIsRestarting": "Jellyfin 서버 - {0}은 재시작중입니다.",
    "SeriesSettings": "시리즈 설정",
    "Series": "시리즈",
    "SendMessage": "메세지 발송",
    "SearchResults": "검색 결과",
    "SearchForMissingMetadata": "누락된 메타데이터 검색",
    "Screenshots": "스크린샷",
    "Screenshot": "스크린샷",
    "Schedule": "스케쥴",
    "ScanLibrary": "라이브러리 스캔",
    "SaveSubtitlesIntoMediaFolders": "미디어 폴더에 자막 저장",
    "Runtime": "런타임",
    "RepeatMode": "반복 모드",
    "RepeatEpisodes": "에피소드 반복",
    "RememberMe": "기억하기",
    "ReleaseDate": "출시일",
    "RefreshMetadata": "메타데이터 새로 고침",
    "Recordings": "녹화",
    "Quality": "퀄리티",
    "Programs": "프로그램",
    "Previous": "이전",
    "PreferEmbeddedTitlesOverFileNames": "파일 이름보다 내장된 제목 선호",
    "PluginInstalledMessage": "플러그인이 성공적으로 설치되었습니다. 변경사항을 적용하려면 Jellyfin 서버를 재시작하십시오.",
    "PleaseRestartServerName": "Jellyfin 서버를 재시작하십시오 - {0}.",
    "PleaseEnterNameOrId": "이름 또는 외부 ID를 입력하십시오.",
    "PlayNextEpisodeAutomatically": "자동으로 다음 에피소드 재생",
    "PlayNext": "다음 재생",
    "PlayFromBeginning": "처음부터 재생",
    "PlayCount": "재생 횟수",
    "Overview": "개요",
    "OptionSubstring": "Substring",
    "OptionProtocolHttp": "HTTP",
    "OptionPosterCard": "포스터 카드",
    "OptionPoster": "포스터",
    "OptionNew": "새로운..",
    "OptionList": "목록",
    "OptionIsSD": "SD",
    "OptionIsHD": "HD",
    "OptionHomeVideos": "사진",
    "OptionEnableForAllTuners": "모든 튜너 장치 활성화",
    "OptionBanner": "배너",
    "Option3D": "3D",
    "OnlyImageFormats": "이미지 포맷만 (VOBSUB, PGS, SUB)",
    "Off": "끄기",
    "NumLocationsValue": "{0} 폴더",
    "Normal": "보통",
    "None": "None",
    "NoSubtitles": "자막 없음",
    "No": "아니오",
    "Next": "다음",
    "NextUp": "다음",
    "News": "뉴스",
    "NewEpisodesOnly": "새로운 에피소드만",
    "NewEpisodes": "새로운 에피소드",
    "NewCollectionNameExample": "예시: Star Wars Collection",
    "Name": "이름",
    "MySubtitles": "내 자막",
    "MusicVideo": "뮤직 비디오",
    "MusicArtist": "음악 아티스트",
    "MusicAlbum": "음악 앨범",
    "MoreMediaInfo": "미디어 정보",
    "Mobile": "모바일",
    "MetadataManager": "메타데이터 매니저",
    "Metadata": "메타데이터",
    "MessagePlayAccessRestricted": "이 콘텐츠의 재생은 현재 제한되어 있습니다. 자세한 정보는 서버 관리자에게 문의하십시오.",
    "MessagePleaseWait": "기다려주십시오. 1분 정도 걸릴 수 있습니다.",
    "MessageImageFileTypeAllowed": "JPEG 또는 PNG파일만 지원됩니다.",
    "Menu": "메뉴",
    "MediaInfoStreamTypeVideo": "비디오",
    "MediaInfoStreamTypeSubtitle": "자막",
    "MediaInfoStreamTypeEmbeddedImage": "내장된 이미지",
    "MediaInfoStreamTypeData": "데이터",
    "MediaInfoStreamTypeAudio": "오디오",
    "MediaInfoSoftware": "소프트웨어",
    "MediaInfoTimestamp": "타임스탬프",
    "MediaInfoSize": "크기",
    "MediaInfoLevel": "수준",
    "MediaInfoForced": "강제",
    "MarkUnplayed": "재생하지 않은 것으로 표시",
    "MarkPlayed": "재생한 것으로 표시",
    "ManageRecording": "녹화 관리",
    "ManageLibrary": "라이브러리 관리",
    "Logo": "로고",
    "LiveTV": "실시간 TV",
    "List": "목록",
    "LearnHowYouCanContribute": "당신이 기여할 수 있는 방법을 배우십시오.",
    "LeaveBlankToNotSetAPassword": "비밀번호를 설정하지 않으려면 빈칸으로 두십시오.",
    "LabelffmpegPath": "FFmpeg 경로:",
    "LabelWeb": "웹:",
    "LabelVideoCodec": "비디오 코덱:",
    "LabelVideoBitrate": "비디오 비트레이트:",
    "LabelVideo": "비디오",
    "DashboardArchitecture": "아키텍처: {0}",
    "DashboardOperatingSystem": "운영체제: {0}",
    "DashboardServerName": "서버: {0}",
    "DashboardVersionNumber": "버전: {0}",
    "LabelVersion": "버전:",
    "LabelValue": "값:",
    "LabelVaapiDevice": "VA API 장치:",
    "LabelUserAgent": "사용자 에이전트:",
    "LabelTranscodingProgress": "트랜스코딩 진행:",
    "LabelTranscodingFramerate": "트랜스코딩 프레임레이트:",
    "LabelTranscodes": "트랜스코드:",
    "LabelTranscodePath": "트랜스코드 경로:",
    "LabelTitle": "제목:",
    "LabelTheme": "테마:",
    "LabelTextSize": "글자 크기:",
    "LabelTextColor": "글자 색:",
    "LabelSubtitles": "자막",
    "LabelSubtitleFormatHelp": "예시: srt",
    "LabelSubtitleDownloaders": "자막 다운로더:",
    "LabelStopping": "중지",
    "LabelSportsCategories": "스포츠 카테고리:",
    "LabelSkipBackLength": "뒤로 건너띄기 길이:",
    "LabelSkipForwardLength": "앞으로 건너띄기 길이:",
    "LabelSimultaneousConnectionLimit": "동시 스트림 제한:",
    "LabelSize": "크기:",
    "LabelServerName": "서버 이름:",
    "LabelSecureConnectionsMode": "보안 연결 모드:",
    "LabelScreensaver": "화면보호기:",
    "LabelRefreshMode": "새로고침 모드:",
    "LabelRecord": "녹화:",
    "LabelPreferredSubtitleLanguage": "선호하는 자막 언어:",
    "LabelPostProcessorArgumentsHelp": "{path}에 녹화 파일을 저장합니다.",
    "LabelOriginalTitle": "원본 제목:",
    "LabelPersonRole": "규칙:",
    "LabelMovieCategories": "영화 카테고리:",
    "LabelOptionalNetworkPath": "(옵션) 공유 네트워크 폴더:",
    "LabelNewsCategories": "뉴스 카테고리:",
    "LabelMaxStreamingBitrate": "최대 스트리밍 퀄리티:",
    "LabelLanNetworks": "LAN 네트워크:",
    "LabelInternetQuality": "인터넷 퀄리티:",
    "LabelHomeNetworkQuality": "홈 네트워크 퀄리티:",
    "LabelEncoderPreset": "H264 인코딩 프리셋:",
    "LabelFont": "폰트:",
    "LabelFolder": "폴더:",
    "LabelFileOrUrl": "파일 또는 URL:",
    "LabelDynamicExternalId": "{0} ID:",
    "LabelDisplayLanguageHelp": "Jellyfin 번역은 진행 중인 프로젝트입니다.",
    "LabelDisplayLanguage": "표시 언어:",
    "LabelDashboardTheme": "서버 대시보드 테마:",
    "LabelChannels": "채널:",
    "LabelCancelled": "취소됨",
    "LabelBitrate": "비트레이트:",
    "LabelAudioSampleRate": "오디오 샘플레이트:",
    "LabelAudioCodec": "오디오 코덱:",
    "LabelAudioChannels": "오디오 채널:",
    "LabelAudioBitrate": "오디오 비트레이트:",
    "LabelAudio": "오디오",
    "Items": "항목",
    "Kids": "어린이",
    "Home": "홈",
    "Hide": "숨기기",
    "HeaderVideoType": "비디오 종류",
    "HeaderVideoQuality": "비디오 퀄리티",
    "HeaderUploadImage": "이미지 업로드",
    "HeaderTuners": "튜너",
    "HeaderStopRecording": "녹화 중지",
    "HeaderStartNow": "지금 시작",
    "HeaderPhotoAlbums": "사진 앨범",
    "HeaderNewDevices": "새 장치",
    "HeaderMyDevice": "내 장치",
    "HeaderMusicQuality": "음악 퀄리티",
    "HeaderImageOptions": "이미지 옵션",
    "HeaderHttpHeaders": "HTTP 헤더",
    "HeaderHome": "홈",
    "HeaderFavoriteBooks": "즐겨찾는 도서",
    "HeaderEditImages": "이미지 수정",
    "HeaderDownloadSync": "다운로드 & 동기화",
    "MessageYouHaveVersionInstalled": "현재 버전 {0}이 설치되어있습니다.",
    "MessageNoServersAvailable": "자동 서버 탐색을 사용했지만, 서버가 발견되지 않았습니다.",
    "MessageDownloadQueued": "다운로드 대기 중.",
    "MessageDirectoryPickerInstruction": "네트워크 버튼으로 장치를 찾지 못하면 네트워크 경로를 수동으로 입력할 수 있습니다. 예를 들어, {0} 또는 {1}.",
    "MessageDirectoryPickerLinuxInstruction": "Linux on Arch Linux, CentOS, Debian, Fedora, OpenSUSE, Ubuntu의 경우 서비스 사용자에게 최소한 저장 위치에 대한 읽기 권한을 부여해야 합니다.",
    "MessageDirectoryPickerBSDInstruction": "BSD의 경우, Jellyfin이 FreeNAS Jail에 액세스할 수 있도록 하려면 FreeNAS Jail 내에 스토리지를 구성해야 할 수도 있습니다.",
    "LinksValue": "링크: {0}",
    "LatestFromLibrary": "최근 {0}",
    "LabelYear": "년도:",
    "LabelVaapiDeviceHelp": "하드웨어 가속에 쓰이는 렌더 노드입니다.",
    "LabelUserRemoteClientBitrateLimitHelp": "서버 재생 설정에서 설정된 기본 전역 값을 덮어씌웁니다.",
    "LabelUserLoginAttemptsBeforeLockout": "사용자가 잠기기 전에 로그인에 실패함:",
    "LabelTranscodingThreadCountHelp": "트랜스코딩에 사용할 스레드의 최대 갯수를 선택하십시오. 스레드의 갯수를 줄이면 CPU사용량이 줄어들지만, 부드러운 재생에 필요한 만큼 빠르게 변환되지 않을 수 있습니다.",
    "LabelTranscodingThreadCount": "트랜스코딩 스레드 수:",
    "LabelTextBackgroundColor": "글자 배경 색깔:",
    "LabelSoundEffects": "음향 효과:",
    "LabelSortTitle": "제목 정렬:",
    "LabelSortOrder": "정렬 순서:",
    "LabelSortBy": "정렬 기준:",
    "LabelBaseUrl": "기본 URL:",
    "LabelEnableHardwareDecodingFor": "다음에서 하드웨어 디코딩 활성화:",
    "LabelDisplayMode": "표시 모드:",
    "LabelBindToLocalNetworkAddress": "로컬 네트워크 주소로 바인드:",
    "LabelAutomaticallyRefreshInternetMetadataEvery": "인터넷에서 자동으로 메타데이터를 리프레시:",
    "LabelAuthProvider": "인증 제공자:",
    "HeaderTypeImageFetchers": "{0} 이미지 가져오기",
    "HeaderSubtitleAppearance": "자막 모양",
    "HeaderSortOrder": "정렬 순서",
    "HeaderSortBy": "정렬 기준",
    "HeaderRecordingPostProcessing": "녹화 후처리 작업",
    "HeaderPeople": "사람들",
    "HeaderOtherItems": "다른 항목",
    "HeaderLibraryOrder": "라이브러리 순서",
    "HeaderDefaultRecordingSettings": "기본 녹화 설정",
    "HeaderBlockItemsWithNoRating": "등급 정보가 없거나 인식 불가능한 항목 차단:",
    "HeaderApiKeysHelp": "외부 애플리케이션은 Jellyfin 서버와 통신하기 위해 API키를 가지고 있어야 합니다. 키는 Jellyfin 계정으로 로그인하거나 수동으로 키를 부여하여 발급할 수 있습니다.",
    "HeaderAllowMediaDeletionFrom": "미디어 제거 허용",
    "HardwareAccelerationWarning": "하드웨어 가속을 활성화하면 일부 환경에서 불안정해질 수 있습니다. 운영체제 및 비디오 드라이버가 최신 상태인지 확인하십시오. 이 기능을 활성화한 후 비디오를 재생하는 데 어려움이 있을 경우 설정을 다시 '사용 안 함'으로 변경하십시오.",
    "GuestStar": "게스트 출연",
    "GroupBySeries": "시리즈별로 그룹화",
    "Genre": "장르",
    "General": "일반",
    "FileReadCancelled": "파일 읽기 작업이 취소되었습니다.",
    "FetchingData": "추가 데이터를 가져오는 중",
    "ExtraLarge": "매우 큼",
    "ErrorMessageStartHourGreaterThanEnd": "종료 시간은 시작 시간보다 커야 합니다.",
    "Display": "디스플레이",
    "DirectStreamHelp1": "이 미디어는 해상도 및 미디어 유형(H.264, AC3 등)과 관련하여 장치와 호환되지만, 파일 컨테이너(mkv, avi, wmv 등)와는 호환되지 않습니다. 비디오는 장치로 스트리밍 되기 전에 즉각 재포장됩니다.",
    "Descending": "내림차순",
    "Continuing": "계속",
    "ConfirmEndPlayerSession": "정말로 {0}의 Jellyfin을 종료하시겠습니까?",
    "ChangingMetadataImageSettingsNewContent": "메타데이터 또는 아트워크 다운로드 설정을 변경하는것은 라이브러리에 추가될 새로운 컨텐츠에만 적용됩니다. 이미 존재하는 라이브러리에도 설정을 적용하려면, 직접 메타데이터를 리프레시해야합니다.",
    "ButtonLibraryAccess": "라이브러리 접근",
    "BirthLocation": "출생지",
    "Anytime": "언제든지",
    "XmlTvNewsCategoriesHelp": "이 카테고리의 프로그램은 뉴스 프로그램으로 표시됩니다. 여러개를 '|'으로 구분하십시오.",
    "Smart": "스마트",
    "SeriesYearToPresent": "{0} - 제공",
    "RemoveFromCollection": "콜렉션에서 제거",
    "RecentlyWatched": "최근 시청함",
    "PreferredNotRequired": "추천하지만, 필수는 아닙니다",
    "PleaseAddAtLeastOneFolder": "추가 버튼을 클릭하여 하나 이상의 폴더를 라이브러리에 추가하십시오.",
    "PlaybackData": "재생 데이터",
    "PasswordResetProviderHelp": "비밀번호 재설정 제공자를 선택하십시오. 비밀번호 재설정이 요청될때 사용됩니다.",
    "NoSubtitleSearchResultsFound": "결과가 없습니다.",
    "NoNewDevicesFound": "새로운 장치를 찾지 못했습니다. 새 튜너를 추가하려면 이 대화상자를 닫고 장치 정보를 직접 입력하십시오.",
    "MessageNoAvailablePlugins": "가능한 플러그인 없음",
    "LiveBroadcasts": "실시간 방송",
    "LabelTypeMetadataDownloaders": "{0} 메타데이터 다운로더:",
    "LabelType": "유형:",
    "LabelSkin": "스킨:",
    "LabelPleaseRestart": "변경사항은 웹 클라이언트를 다시 불러오면 적용됩니다.",
    "LabelPlayMethod": "재생 방식:",
    "LabelPersonRoleHelp": "예시: Ice cream truch driver",
    "LabelPasswordResetProvider": "비밀번호 재설정 제공자:",
    "LabelMaxChromecastBitrate": "크롬캐스트 스트리밍 퀄리티:",
    "LabelKodiMetadataUserHelp": "다른 응용프로그램을 위해 시청 데이터를 NFO파일에 저장합니다.",
    "LabelKodiMetadataUser": "다음을 위해 사용자 시청 데이터를 NFO 파일에 저장:",
    "LabelKidsCategories": "아이들 카테고리:",
    "LabelH264Crf": "H264 인코딩 CRF:",
    "LabelEpisodeNumber": "에피소드 번호:",
    "LabelCertificatePasswordHelp": "인증서가 비밀번호를 요구하면, 여기에 입력하십시오.",
    "LabelCertificatePassword": "인증서 비밀번호:",
    "LabelBurnSubtitles": "자막 굽기:",
    "LabelAppNameExample": "예시: Sickbeard, Sonarr",
    "LabelAllowedRemoteAddressesMode": "원격 IP 주소 필터 모드:",
    "LabelAllowedRemoteAddresses": "원격 IP 주소 필터:",
    "LabelAllowHWTranscoding": "하드웨어 트랜스코딩 허용",
    "HideWatchedContentFromLatestMedia": "최신 미디어에서 시청한 콘텐츠 숨기기",
    "HeaderSubtitleProfiles": "자막 프로파일",
    "HeaderSubtitleDownloads": "자막 다운로드",
    "HeaderSeriesStatus": "시리즈 상태",
    "HeaderSelectCertificatePath": "인증서 경로 선택",
    "HeaderSeriesOptions": "시리즈 옵션",
    "HeaderSecondsValue": "{0} 초",
    "HeaderRecordingOptions": "녹화 옵션",
    "HeaderPreferredMetadataLanguage": "선호하는 메타데이터 언어",
    "HeaderLiveTvTunerSetup": "실시간 TV 튜너 설정",
    "HeaderLatestMovies": "최근 영화",
    "HeaderKodiMetadataHelp": "NFO 메타데이터를 활성화/비활성화하려면, Jellyfin 라이브러리 설정에서 라이브러리를 편집하고 메타데이터 보호기 섹션을 찾으십시오.",
    "HeaderKeepRecording": "녹화 유지",
    "HeaderForKids": "아이들용",
    "HeaderDisplay": "디스플레이",
    "HeaderDetectMyDevices": "내 장치 탐색",
    "HeaderDeleteItems": "항목 제거",
    "HeaderConfirmRevokeApiKey": "API 키 해지",
    "HeaderDeleteDevice": "장치 제거",
    "HeaderContinueListening": "계속 듣기",
    "HeaderCancelSeries": "시리즈 취소",
    "HeaderCancelRecording": "녹화 취소",
    "HeaderAudioBooks": "오디오북",
    "File": "파일",
    "Favorite": "즐겨찾기",
    "Episodes": "에피소드",
    "EnableThemeSongs": "테마 곡",
    "EnablePhotos": "사진 표시",
    "EnableHardwareEncoding": "하드웨어 인코딩 활성화",
    "AllowHWTranscodingHelp": "튜너가 방송 스트림을 트랜스코드하도록 허용합니다. 이는 서버가 요구하는 트랜스코딩을 줄이는 데 도움이 될 수 있습니다.",
    "AllowMediaConversionHelp": "미디어 변환 기능에 대한 접근 허용/거부",
    "ColorPrimaries": "기본색",
    "ColorSpace": "색 공간",
    "Ended": "종료",
    "EndsAtValue": "{0}에 종료",
    "HeaderDateIssued": "발행일",
    "ConfigureDateAdded": "라이브러리 설정의 Jellyfin 서버 대시보드에서 추가된 날짜를 결정하는 방법 구성",
    "EnableStreamLoopingHelp": "라이브 스트림에 몇 초의 데이터만 포함되어 있고 지속적으로 요청해야하는 경우, 이 옵션을 활성화하십시오. 필요하지 않은 경우, 이 기능을 사용하면 문제가 발생할 수 있습니다.",
    "FolderTypeUnset": "혼합 콘텐츠",
    "BurnSubtitlesHelp": "영상을 트랜스코딩할 때 자막 포맷에 따라 서버에서 영상 안에 자막을 입힐지를 결정합니다. 영상에 자막을 입히지 않으면 서버 성능이 향상됩니다. 일부 ASS/SSA 자막을 포함하여 자막 포맷(VOBSUB, PGS, SUB/IDX 등)에 따라 자막을 영상에 입히려면 자동을 선택하십시오.",
    "EnableNextVideoInfoOverlay": "재생 중에 다음 비디오 정보 표시",
    "EnablePhotosHelp": "이미지가 다른 미디어 파일과 함께 감지되어 표시됩니다.",
    "ButtonParentalControl": "자녀 보호",
    "DisplayModeHelp": "원하는 인터페이스 레이아웃 스타일을 선택하십시오.",
    "DefaultSubtitlesHelp": "자막은 내장된 메타데이터에 있는 기본 플래그와 강제 플래그를 기반으로 불러옵니다. 언어 선호도는 여러 옵션을 사용할 수 있을 때 고려됩니다.",
    "Disc": "디스크",
    "EnableExternalVideoPlayersHelp": "비디오 재생을 시작할 때 외부 재생기 메뉴가 표시됩니다.",
    "FFmpegSavePathNotFound": "입력한 경로를 사용하여 FFmpeg를 찾을 수 없습니다. FFprobe도 필요하며 동일한 폴더에 있어야합니다. 이러한 구성 요소는 일반적으로 동일한 다운로드에 함께 번들로 제공됩니다. 경로를 확인하고 다시 시도하십시오.",
    "HeaderFetcherSettings": "수집기 설정",
    "HeaderIdentificationCriteriaHelp": "식별자 기준을 하나 이상 입력하십시오.",
    "HeaderIdentificationHeader": "식별자 헤더",
    "HeaderIdentifyItemHelp": "하나 이상의 검색 기준을 입력하십시오. 검색 결과를 늘릴려면 기준을 제거하십시오.",
    "LabelAudioBitDepth": "오디오 비트뎁스:",
    "ConfirmDeleteItems": "이 항목들을 삭제하면 파일 시스템과 라이브러리 모두에서 삭제됩니다. 계속하겠습니까?",
    "DeleteDeviceConfirmation": "정말로 이 장치를 제거하시겠습니까? 사용자가 로그인하면 다시 나타날것입니다.",
    "DisplayMissingEpisodesWithinSeasons": "시즌 내 누락된 에피소드 표시",
    "EnableBackdrops": "배경",
    "EnableBackdropsHelp": "라이브러리를 탐색하는 동안 일부 페이지의 배경을 표시합니다.",
    "ErrorAddingXmlTvFile": "XMLTV 파일에 액세스하는 동안 오류가 발생했습니다. 파일이 존재하는지 확인 후 다시 시도하십시오.",
    "ErrorDeletingItem": "Jellyfin 서버에서 항목을 제거하는 중에 오류가 발생했습니다. Jellyfin 서버가 미디어 폴더에 대해 쓰기 권한이 있는지 확인한 후 다시 시도하십시오.",
    "HeaderConfigureRemoteAccess": "원격 접근 구성",
    "HeaderCastAndCrew": "배역 및 제작진",
    "HeaderNextEpisodePlayingInValue": "{0}뒤에 다음 에피소드 재생",
    "HeaderNextVideoPlayingInValue": "{0}뒤에 다음 비디오 재생",
    "HeaderOnNow": "지금",
    "LabelBlockContentWithTags": "다음 태그가 있는 항목 차단:",
    "H264CrfHelp": "CRF(고정 레이트 팩터)는 x264 인코더의 기본 품질 설정입니다. 0에서 51 사이의 값을 설정할 수 있습니다. 값이 작을수록 품질이 향상됩니다(파일 크기가 커지면서). Sane 값은 18과 28 사이입니다. x264의 기본값은 23이므로 시작점으로 사용할 수 있습니다.",
    "LabelSeasonNumber": "시즌 번호:",
    "LabelPlayer": "재생기:",
    "LaunchWebAppOnStartup": "서버를 시작할 때 웹 인터페이스 실행",
    "MediaInfoBitDepth": "비트뎁스",
    "LabelPostProcessor": "후처리 애플리케이션:",
    "RefreshQueued": "새로 고침 대기 중",
    "NoPluginConfigurationMessage": "이 플러그인은 설정할 것이 없습니다.",
    "OptionExtractChapterImage": "챕터 이미지 추출 활성화",
    "Up": "위",
    "EasyPasswordHelp": "쉬운 핀 코드는 지원되는 기기에서 오프라인 접근을 할 때나 내부 내트워크 로그인에서 사용됩니다.",
    "CriticRating": "평점",
    "DisplayInMyMedia": "홈화면에 표시",
    "DisplayInOtherHomeScreenSections": "보고 있는 것이나 최신 미디어 등을 홈 페이지에 표시합니다",
    "DisplayMissingEpisodesWithinSeasonsHelp": "서버 환경설정에서도 TV 라이브러리가 활성화되어있어야 합니다.",
    "ErrorAddingMediaPathToVirtualFolder": "미디어 경로를 추가하는 데에 오류가 발생했습니다. 경로를 다시 확인하거나 Jellyfin 서버가 해당 경로에 접근할 수 있는지 확인해 주세요.",
    "ErrorGettingTvLineups": "TV 구성을 다운로드 하는 중에 오류가 발생하였습니다. 정보가 맞는지 확인한 후 다시 시도해 주세요.",
    "BoxRear": "상자 (후면)",
    "Absolute": "절대",
    "LabelDropShadow": "하단 그림자:",
    "LabelDiscNumber": "디스크 번호:",
    "Identify": "식별자",
    "HeaderMoreLikeThis": "비슷한 작품",
    "Directors": "감독",
    "ButtonSplit": "나누기",
    "HeaderContainerProfileHelp": "컨테이너 프로파일은 사용자의 디바이스에서 재생 가능한 파일 형식을 나타냅니다. 다이렉트 플레이가 설정된 경우에도 디바이스에서 지원되지 않는 형식이라면 트랜스코딩이 적용됩니다.",
    "HeaderCodecProfileHelp": "코덱 프로파일은 사용자의 디바이스에서 재생 가능한 코덱을 가리킵니다. 다이렉트 플레이가 설정된 경우에도 디바이스에서 지원되지 않는 코덱이라면 트랜스코딩이 적용됩니다.",
    "HeaderAppearsOn": "표시",
    "HandledByProxy": "리버스 프록시로 처리",
    "Features": "기능",
    "ErrorPleaseSelectLineup": "라인업을 선택하고 다시 시도하십시오. 이용 가능한 라인업이 없으면 계정, 비밀번호, 우편번호가 정확한지 확인하십시오.",
    "ErrorAddingListingsToSchedulesDirect": "Schedules Direct 계정에 라인업을 추가하는 중에 오류가 발생했습니다. Schedules Direct는 계정 당 제한된 수의 라인업만이 허용됩니다. 계속하려면 Schedules Direct 웹사이트에 로그인하여 다른 항목을 삭제해야 할 수 있습니다.",
    "CopyStreamURLError": "URL을 복사하는 중에 오류가 발생했습니다.",
    "ColorTransfer": "컬러 변환",
    "AskAdminToCreateLibrary": "라이브러리를 생성하려면 관리자에게 문의하십시오.",
    "LabelCorruptedFrames": "손상된 프레임:",
    "LabelBindToLocalNetworkAddressHelp": "(선택) 로컬 IP 주소 대신 이 주소로 http 서버를 바인딩합니다. 비어있으면 서버가 가능한 모든 주소로 바인딩합니다. 이 항목을 수정하면 Jellyfin 서버를 재시작해야 합니다.",
    "LabelAirsBeforeSeason": "시즌 이전 방송:",
    "LabelAirsBeforeEpisode": "에피소드 이전 방송:",
    "LabelAirsAfterSeason": "시즌 이후 방송:",
    "HttpsRequiresCert": "암호화 접속을 위해서는 Let's Encrypt 등의 신뢰할 수 있는 SSL 인증서가 필요합니다. 인증서를 제공하거나 암호화 접속을 비활성화하십시오.",
    "Horizontal": "수평",
    "HeaderUpcomingOnTV": "방송 예정",
    "HeaderTranscodingProfileHelp": "트랜스코딩이 필요할 때 사용될 포맷을 지정하기 위해 트랜스코딩 프로파일을 추가합니다.",
    "HeaderResponseProfileHelp": "응답 프로파일을 통해 특정 미디어를 재생했을 때 장치로 전송되는 정보를 사용자화할 수 있습니다.",
    "HeaderPlayOn": "여기부터 재생",
    "HeaderNavigation": "탐색",
    "HeaderKeepSeries": "시리즈 유지",
    "HeaderFavoritePeople": "즐겨찾는 인물",
    "HeaderEnabledFieldsHelp": "데이터 변경을 방지하고 잠그기 위해서는 필드를 비활성화하십시오.",
    "HeaderEnabledFields": "활성화된 필드",
    "HeaderDirectPlayProfileHelp": "디바이스가 원본 재생할 수 있는 파일 형식을 표시하기 위해 다이렉트 재생 프로파일을 추가합니다.",
    "Extras": "기타 항목",
    "AllowFfmpegThrottlingHelp": "트랜스코딩이나 리먹스 작업이 현재 재생 중인 위치를 넘어 충분히 진행되면 리소스를 절약하기 위해 작업을 중지합니다. 이는 재생 구간을 자주 변경하지 않을 경우에 가장 적합합니다. 재생 시 문제가 발생하면 이 항목을 비활성화하십시오.",
    "AllowFfmpegThrottling": "트랜스코딩 시 스로틀링",
    "MessageLeaveEmptyToInherit": "상위 항목의 설정이나 전역 설정값을 그대로 적용하기 위해서는 공백으로 두십시오.",
    "MessageInstallPluginFromApp": "이 플러그인은 사용할 앱 내부에서 설치해야 합니다.",
    "MessageImageTypeNotSelected": "드롭다운 메뉴에서 이미지 유형을 선택하십시오.",
    "MessageCreateAccountAt": "{0}에서 계정 만들기",
    "MessageConfirmRevokeApiKey": "정말 api 키를 무효화하시겠습니까? Jellyfin 서버와의 연결이 예고 없이 중단될 수 있습니다.",
    "MessageConfirmAppExit": "종료하시겠습니까?",
    "MediaIsBeingConverted": "미디어가 재생 중인 디바이스와 호환되는 형식으로 변환되는 중입니다.",
    "MediaInfoRefFrames": "참조 프레임",
    "MediaInfoPixelFormat": "픽셀 형식",
    "MapChannels": "채널 매핑",
    "LaunchWebAppOnStartupHelp": "서버가 처음 시작되면 웹 브라우저에서 웹 클라이언트를 실행하십시오. 서버 재시작의 경우에는 적용되지 않습니다.",
    "Large": "크게",
    "LanNetworksHelp": "대역폭을 강제로 제한할 때 로컬 네트워크로 간주되는 쉼표로 구분된 IP 주소 및 IP/서브넷 마스크 목록입니다. 지정될 경우 모든 다른 IP 주소는 외부 네트워크로 간주되며 외부 대역폭 제한이 적용됩니다. 공백일 경우 서버의 서브넷만이 로컬 네트워크로 간주됩니다.",
    "LabelffmpegPathHelp": "ffmpeg 실행 파일 혹은 ffmpeg를 포함하는 폴더 경로입니다.",
    "LabelXDlnaDocHelp": "urn:schemas-dlna-org:device-1-0 네임스페이스에 포함된 X_DLNADOC 요소의 내용을 결정합니다.",
    "LabelXDlnaDoc": "X-DLNA doc:",
    "LabelXDlnaCapHelp": "urn:schemas-dlna-org:device-1-0 네임스페이스에 포함된 X_DLNACAP 요소의 내용을 결정합니다.",
    "LabelXDlnaCap": "X-DLNA cap:",
    "LabelVideoResolution": "비디오 해상도:",
    "LabelTVHomeScreen": "TV 모드 홈 화면:",
    "LabelStreamType": "스트리밍 유형:",
    "LabelSpecialSeasonsDisplayName": "스페셜 시즌 표시명:",
    "LabelSonyAggregationFlagsHelp": "urn:schemas-sonycom:av 네임스페이스에 포함된 집계 플래그(aggregationFlags) 요소의 내용을 결정합니다.",
    "LabelSonyAggregationFlags": "Sony 집계 플래그:",
    "LabelSkipIfGraphicalSubsPresentHelp": "텍스트 형식의 자막은 전송이 더 효율적이며 비디오 트랜스코딩이 필요할 가능성이 적습니다.",
    "LabelSkipIfGraphicalSubsPresent": "비디오에 내장 자막이 있으면 건너뛰기",
    "LabelSkipIfAudioTrackPresentHelp": "오디오 언어와 상관없이 모든 비디오가 자막을 갖추도록 하려면 이 항목을 체크하지 마십시오.",
    "LabelSelectFolderGroupsHelp": "체크되지 않은 폴더는 폴더 고유의 보기 방식으로 표시됩니다.",
    "LabelSelectFolderGroups": "자동으로 이하의 폴더의 항목을 영화, 음악, TV 와 같은 보기 방식으로 그룹화:",
    "LabelScheduledTaskLastRan": "최근 실행: {0}, 소모시간: {1}.",
    "LabelRemoteClientBitrateLimitHelp": "(선택) 모든 외부 네트워크로 접속된 장치들에 적용되는 각 스트리밍별 비트레이트 제한입니다. 이는 서버의 인터넷이 처리할 수 있는 한계보다 더 높은 비트레이트를 요청하는 것을 방지할 수 있습니다. 비디오를 더 낮은 비트레이트로 트랜스코딩하기 위해 서버에 높은 CPU 부하를 줄 수 있습니다.",
    "LabelReasonForTranscoding": "트랜스코딩 원인:",
    "LabelProtocolInfoHelp": "디바이스에서 GetProtocolInfo 요청을 처리할 때 사용될 값입니다.",
    "LabelPostProcessorArguments": "후처리 명령어:",
    "LabelOptionalNetworkPathHelp": "이 폴더가 네트워크 공유 폴더라면 네트워크 공유 경로를 제공하여 Jellyfin 클라이언트가 미디어 파일에 직접 접속하도록 설정할 수 있습니다.",
    "LabelMoviePrefixHelp": "영화 제목에 접두사가 적용되었다면 서버가 제대로 처리할 수 있도록 여기에 입력하십시오.",
    "LabelMoviePrefix": "영화 접두사:",
    "LabelMinResumePercentageHelp": "이 비율을 넘기 전에 정지되면 재생되지 않은 것으로 간주됩니다.",
    "LabelMinResumePercentage": "최소 이어보기 재생률:",
    "LabelMinResumeDurationHelp": "재생 위치를 저장해서 나중에 이어보기 위한 최소 비디오 길이(초)를 설정합니다.",
    "LabelMinResumeDuration": "최소 이어보기 시간:",
    "LabelMetadataReadersHelp": "선호하는 순으로 로컬 메타데이터 우선순위를 결정하십시오. 가장 먼저 발견된 파일을 읽어옵니다.",
    "LabelMetadataReaders": "메타데이터 리더:",
    "LabelMaxResumePercentageHelp": "이 비율을 넘었을 때 정지되면 완전히 재생된 것으로 간주됩니다.",
    "LabelMaxResumePercentage": "최대 이어보기 진행률:",
    "LabelMatchType": "일치 유형:",
    "LabelKodiMetadataSaveImagePathsHelp": "Kodi 가이드라인에 어긋나는 파일명을 가진 이미지가 있을 때 권장되는 설정입니다.",
    "LabelKodiMetadataEnablePathSubstitutionHelp": "서버의 경로 대체 설정을 이용하여 이미지 경로 대체를 활성화합니다.",
    "LabelKodiMetadataEnablePathSubstitution": "경로 대체 활성화",
    "LabelKodiMetadataEnableExtraThumbsHelp": "이미지를 다운로드할 때는 Kodi 스킨과의 최대한의 호환성을 위해 추가 팬아트와 추가 섬네일 중 어느 형식으로도 저장될 수 있습니다.",
    "LabelKodiMetadataEnableExtraThumbs": "추가 팬아틀 추가 섬네일 필드로 복사하기",
    "LabelKeepUpTo": "대기 한계:",
    "LabelHomeScreenSectionValue": "홈 화면 영역 {0}:",
    "LabelBaseUrlHelp": "서버에 더 세부적인 URL로 접속하려면 여기에 서브 디렉토리를 추가하십시오.",
    "LabelEnableSingleImageInDidlLimitHelp": "Dili 내에 여러 이미지가 삽입되면 일부 디바이스가 제대로 작동하지 않을 수 있습니다.",
    "LabelEnableSingleImageInDidlLimit": "하나의 내장 이미지로 제한",
    "LabelEnableBlastAliveMessagesHelp": "네트워크 상의 다른 UPnP 장치가 안정적으로 발견되지 않는다면 이 옵션을 활성화하십시오.",
    "LabelEnableAutomaticPortMapHelp": "UPnp를 통해 로컬 포트를 외부 포트에 자동으로 매핑하도록 시도합니다. 일부 공유기 기종에서는 지원하지 않을 수 있습니다. 변경사항을 적용하려면 서버를 다시 시작하십시오.",
    "LabelEmbedAlbumArtDidlHelp": "일부 디바이스는 앨범아트를 얻을 때 이 방법을 선호합니다. 다른 디바이스에서는 실패할 수 있습니다.",
    "LabelDefaultScreen": "기본 화면:",
    "LabelDateTimeLocale": "날짜/시간 로케일:",
    "XmlTvPathHelp": "XMLTV 파일을 저장할 경로를 설정합니다. Jellyfin은 이 파일을 읽어 주기적으로 변경 사항을 확인합니다. 파일 생성 및 파일 업데이트는 사용자가 수동으로 해야 합니다.",
    "MessageTheFollowingLocationWillBeRemovedFromLibrary": "다음과 같은 미디어 저장소들을 라이브러리에서 제거합니다:",
    "MessageReenableUser": "재활성화는 아래를 참조하십시오",
    "MessagePluginConfigurationRequiresLocalAccess": "이 플러그인을 구성하려면 로컬 서버에 직접 로그인하십시오.",
    "MessageNoCollectionsAvailable": "컬렉션을 사용하면 영화, 시리즈 및 앨범의 개인화 된 그룹을 즐길 수 있습니다. + 버튼을 클릭하여 컬렉션 만들기를 시작합니다.",
    "LabelPlayerDimensions": "플레이어 화면 크기:",
    "LabelParentNumber": "부모 번호:",
    "LabelLineup": "라인업:",
    "LabelDroppedFrames": "드롭 프레임:",
    "LabelDeinterlaceMethod": "디인터레이싱 방법:",
    "LabelCustomDeviceDisplayNameHelp": "기기에 표시할 이름을 지정하거나 공란으로 두어 등록된 기기 명을 사용합니다.",
    "Episode": "에피소드",
    "EnableColorCodedBackgrounds": "컬러코드가 삽입된 배경",
    "DropShadow": "하단 그림자",
    "Depressed": "압축된",
    "DeinterlaceMethodHelp": "비월주사식 콘텐츠를 순차주사로 변환할시 사용할 비월제거 방법을 선택하십시오.",
    "ClientSettings": "클라이언트 설정",
    "BoxSet": "박스 세트",
    "Artist": "아티스트",
    "AlbumArtist": "앨범 아티스트",
    "Album": "앨범",
    "NoCreatedLibraries": "라이브러리가 없습니다. {0}지금 생성하겠습니까?{1}",
    "NewCollectionHelp": "영화 및 다른 라이브러리 콘텐츠들을 묶어 개인화된 컬렉션을 구성할 수 있습니다.",
    "Never": "항상 안 함",
    "Movie": "영화",
    "MoveRight": "오른쪽으로 이동",
    "MoveLeft": "왼쪽으로 이동",
    "MoreFromValue": "{0} 에서 더 자세히",
    "MetadataSettingChangeHelp": "변경된 메타데이터 설정은 새 콘텐츠에 적용됩니다. 기존의 콘텐츠에 적용하려면 상세 화면에서 새로 고침 버튼을 누르거나 메타데이터 매니저를 통해 일괄적으로 새로 고침을 수행하십시오.",
    "MessagePluginInstallDisclaimer": "Jellyfin 커뮤니티에서 만들어진 플러그인은 Jellyfin의 기능과 편의성을 향상시킬 수 있습니다. 다만 이러한 플러그인은 라이브러리 스캔 속도 저하, 추가 백그라운드 프로세싱, 시스템 불안정과 같은 문제를 야기할 수 있다는 것을 유념하시기 바랍니다.",
    "LabelLibraryPageSizeHelp": "라이브러리 페이지에 표시될 항목 수를 조절합니다. 0으로 지정 시 페이징을 비활성화합니다.",
    "LabelLibraryPageSize": "라이브러리 페이지 크기:",
    "LabelEnableBlastAliveMessages": "서버 활성화 메세지",
    "OptionEnableExternalContentInSuggestionsHelp": "제안 항목에 인터넷 예고편과 라이브 TV 프로그램이 포함되도록 허용합니다.",
    "OptionEnableExternalContentInSuggestions": "제안 항목에 외부 콘텐츠 허용",
    "OptionDownloadImagesInAdvanceHelp": "기본적으로 대부분의 이미지는 Jellyfin 앱에서 요청할 때에만 다운로드됩니다. 새 미디어를 추가할 때 모든 이미지를 미리 다운로드하려면 이 옵션을 활성화하십시오. 라이브러리 스캔이 심각하게 지연될 수도 있습니다.",
    "OptionDownloadImagesInAdvance": "미리 이미지 다운로드",
    "OptionDisplayFolderView": "일반적인 미디어 폴더를 볼 수 있는 폴더 보기를 표시합니다",
    "OptionAutomaticallyGroupSeriesHelp": "활성화하면 라이브러리 내의 여러 폴더에 분산된 시리즈를 하나의 시리즈로 병합합니다.",
    "OptionAutomaticallyGroupSeries": "여러 폴더에 분산된 시리즈를 자동으로 병합합니다",
    "OptionAllowVideoPlaybackRemuxing": "변환이 필요한 비디오를 재인코딩하지 않고 재생하는 것을 허용",
    "OptionAllowSyncTranscoding": "트랜스코딩이 필요한 미디어의 다운로드 및 싱크 허용",
    "OptionAllowMediaPlaybackTranscodingHelp": "트랜스코딩 접근을 제한하면 Jellyfin 앱에서 지원되지 않는 미디어 형식을 재생할 때 문제가 발생할 수 있습니다.",
    "OptionForceRemoteSourceTranscoding": "원격 미디어 소스를 강제 트랜스코딩 (라이브 TV 등)",
    "OnlyForcedSubtitlesHelp": "'강제'로 표시된 자막만 불러옵니다.",
    "OnlyForcedSubtitles": "강제로 설정한 자막만",
    "OneChannel": "단채널",
    "NoSubtitlesHelp": "자막을 자동으로 불러오지 않습니다. 재생 중에 수동으로 켤 수 있습니다.",
    "MusicLibraryHelp": "{0}음악 이름 지정 규칙{1}을 확인하십시오.",
    "MovieLibraryHelp": "{0}영화 이름 지정 규칙{1}을 확인하십시오.",
    "MessageUnauthorizedUser": "현재 서버에 접속할 권한이 없습니다. 자세한 정보는 서버 관리자에게 문의하십시오.",
    "HeaderFavoritePlaylists": "즐겨찾는 플레이리스트",
    "ButtonTogglePlaylist": "플레이리스트",
    "ButtonToggleContextMenu": "더보기",
    "Rate": "평",
    "PerfectMatch": "정확히 일치",
    "OtherArtist": "다른 아티스트",
    "ButtonSyncPlay": "SyncPlay",
    "HeaderDVR": "DVR",
    "EnableDecodingColorDepth10Vp9": "10비트 VP9하드웨어 디코딩 사용합니다",
    "EnableDecodingColorDepth10Hevc": "10비트 HEVC하드웨어 디코딩 사용합니다"
}
