{
    "Add": "Thêm",
    "All": "Tất cả",
    "BrowsePluginCatalogMessage": "Duyệt qua các danh mục plugin của chúng tôi để xem các plugin có sẵn.",
    "ButtonAdd": "Thêm",
    "ButtonAddUser": "Thêm người dùng",
    "ButtonCancel": "Thoát",
    "ButtonDeleteImage": "Xóa hình ảnh",
    "ButtonNew": "Mới",
    "ButtonRemove": "Gỡ bỏ",
    "ButtonResetPassword": "Reset mật khẩu",
    "ButtonSave": "Lưu",
    "ButtonSearch": "Tìm kiếm",
    "ButtonSelectDirectory": "Lựa chọn trực tiếp",
    "ButtonSignOut": "Sign out",
    "ButtonSort": "Phân loại",
    "Delete": "Xóa",
    "DeleteImage": "Xóa hình ảnh",
    "DeleteImageConfirmation": "Bạn có chắc muốn xóa hình ảnh này?",
    "DeleteUser": "Xóa người dùng",
    "FileNotFound": "Không tìm thấy tệp tin.",
    "FileReadCancelled": "Tệp tin đọc đã bị hủy.",
    "FileReadError": "Có một lỗi xảy ra khi đọc tệp tin này.",
    "FolderTypeTvShows": "TV",
    "HeaderAddUser": "Thêm người dùng",
    "HeaderAutomaticUpdates": "Tự động cập nhật",
    "HeaderCustomDlnaProfiles": "Hồ sơ khách hàng",
    "HeaderFeatureAccess": "Truy cập tính năng",
    "HeaderFrequentlyPlayed": "Phát thường xuyên",
    "HeaderLatestEpisodes": "Các tập phim mới nhất",
    "HeaderLatestMovies": "Phim mới nhất",
    "HeaderRecentlyPlayed": "Phát gần đây",
    "HeaderSeries": "Series",
    "HeaderStatus": "Trạng thái",
    "HeaderSystemDlnaProfiles": "Hồ sơ hệ thống",
    "HeaderUsers": "dùng",
    "LabelAllowServerAutoRestart": "Cho phép máy chủ tự động khởi động lại để áp dụng các bản cập nhật",
    "LabelAudioLanguagePreference": "Ngôn ngữ thoại ưa thích:",
    "LabelCountry": "Quốc gia:",
    "LabelCurrentPassword": "Mật khẩu hiện tại:",
    "LabelDay": "Ngày:",
    "LabelEnableDlnaPlayTo": "Cho phép DLNA chạy để",
    "LabelEvent": "Sự kiện:",
    "LabelFinish": "Kết thúc",
    "LabelLanguage": "Ngôn ngữ:",
    "LabelName": "Tên:",
    "LabelNewPassword": "Mật khẩu mới:",
    "LabelNewPasswordConfirm": "Xác nhận mật khẩu mới:",
    "LabelNext": "Tiếp theo",
    "LabelPrevious": "Trước",
    "LabelSaveLocalMetadata": "Lưu các ảnh nghệ thuật và metadata vào trong các thư mục media",
    "LabelSaveLocalMetadataHelp": "Lưu các ảnh nghệ thuật và metadata vào trong các thư mục media, sẽ đưa chúng vào một nơi bạn có thể chỉnh sửa dễ dàng hơn.",
    "LabelTime": "Thời gian:",
    "LabelYourFirstName": "Tên của bạn:",
    "LabelYoureDone": "Bạn đã hoàn thành!",
    "MaxParentalRatingHelp": "Nội dung với đánh giá cao hơn sẽ được ẩn đi từ người dùng này.",
    "MessageNothingHere": "Không có gì ở đây.",
    "Monday": "Thứ Hai",
    "OptionAlbumArtist": "Album nghệ sỹ",
    "OptionAllowUserToManageServer": "Cho phép người dùng này quản lý máy chủ",
    "OptionArtist": "Nghệ sỹ",
    "OptionAutomatic": "Tự động",
    "OptionCommunityRating": "Đánh giá của cộng đồng",
    "OptionDateAdded": "Ngày thêm",
    "OptionDatePlayed": "Ngày phát",
    "OptionDisableUser": "Vô hiệu hóa người dùng này",
    "OptionDislikes": "Không thích",
    "OptionDownloadBackImage": "Trở lại",
    "OptionDownloadDiscImage": "Đĩa",
    "OptionDvd": "DVD",
    "OptionFavorite": "Yêu thích",
    "OptionHasSpecialFeatures": "Tính năng đặc biệt",
    "OptionHasSubtitles": "Phụ đề",
    "OptionHasThemeSong": "Hình nền bài hát",
    "OptionHasThemeVideo": "Hình nền Video",
    "OptionHideUser": "Ẩn người dùng này từ màn hình đăng nhập",
    "OptionImdbRating": "Đánh giá IMDb",
    "OptionIsHD": "Độ nét cao",
    "OptionIsSD": "Độ nét tiêu chuẩn",
    "OptionLikes": "Thích",
    "OptionMonday": "Thứ Hai",
    "OptionNameSort": "Tên",
    "OptionPlayCount": "Số lần phát",
    "OptionRuntime": "Thời gian phát",
    "OptionSaturday": "Thứ Bảy",
    "OptionSunday": "Chủ Nhật",
    "OptionTrackName": "Tên bài",
    "ParentalRating": "Parental Rating",
    "PasswordMatchError": "Mật khẩu và mật khẩu xác nhận cần phải khớp nhau .",
    "PasswordResetComplete": "Mật khẩu đã được cài đặt lại.",
    "PasswordResetConfirmation": "Bạn có chắc muốn reset mật khẩu?",
    "PasswordSaved": "Mật khẩu đã được lưu.",
    "Saturday": "Thứ Bảy",
    "Save": "Lưu",
    "SettingsSaved": "Lưu các cài đặt.",
    "Sunday": "Chủ Nhật",
    "TabAlbumArtists": "Các Album nghệ sỹ",
    "TabAlbums": "Các Album",
    "TabArtists": "Các nghệ sỹ",
    "TabCatalog": "Danh mục",
    "TabEpisodes": "Các tập phim",
    "TabGenres": "Các thể loại",
    "TabLatest": "Mới nhất",
    "TabMovies": "Các phim",
    "TabMusicVideos": "Các video âm nhạc",
    "TabMyPlugins": "Các plugin của tôi",
    "TabNetworks": "Các mạng",
    "TabPassword": "Mật khẩu",
    "TabProfile": "Hồ sơ",
    "TabProfiles": "Hồ sơ",
    "TabServer": "Máy chủ",
    "TabSongs": "Các ca khúc",
    "TabTranscoding": "Mã hóa",
    "TabUpcoming": "Sắp diễn ra",
    "TellUsAboutYourself": "Nói cho chúng tôi biết đôi điều về Bạn",
    "ThisWizardWillGuideYou": "Thủ thuật này sẽ hướng dẫn quá trình cài đặt cho bạn. Để bắt đầu, vui lòng lựa chọn ngôn ngữ bạn ưa thích.",
    "UninstallPluginConfirmation": "Bạn có chắc muốn gỡ bỏ{0}?",
    "UninstallPluginHeader": "Gỡ bỏ Plugin",
    "AccessRestrictedTryAgainLater": "Truy cập hiện đang bị hạn chế. Hãy thử lại sau.",
    "AddToCollection": "Thêm vào bộ sưu tập",
    "Actor": "Diễn viên",
    "ButtonRevoke": "Thu hồi",
    "ButtonResume": "Tiếp tục",
    "ButtonRestart": "Khởi động lại",
    "ButtonResetEasyPassword": "Đặt lại mã pin nhanh",
    "ButtonRepeat": "Lặp lại",
    "ButtonRename": "Đổi tên",
    "ButtonRefreshGuideData": "Làm mới dữ liệu hướng dẫn",
    "ButtonRefresh": "Làm mới",
    "ButtonQuickStartGuide": "Hướng dẫn nhanh",
    "ButtonProfile": "Hồ sơ",
    "ButtonPreviousTrack": "Bài trước",
    "ButtonPlay": "Chơi",
    "ButtonPause": "Tạm dừng",
    "ButtonParentalControl": "Kiểm soát của cha mẹ",
    "ButtonOpen": "Mở",
    "ButtonOff": "Tắt",
    "ButtonNextTrack": "Tiếp theo",
    "ButtonNetwork": "Mạng",
    "ButtonMore": "Thêm",
    "ButtonManualLogin": "Đăng nhập thủ công",
    "ButtonLibraryAccess": "Truy cập thư viện",
    "ButtonLearnMore": "Tìm hiểu thêm",
    "ButtonInfo": "Thông tin",
    "ButtonHome": "Trang chủ",
    "ButtonHelp": "Giúp đỡ",
    "ButtonGuide": "Hướng dẫn",
    "ButtonGotIt": "Hiểu rồi",
    "ButtonFullscreen": "Toàn màn hình",
    "ButtonForgotPassword": "Quên mật khẩu",
    "ButtonFilter": "Lọc",
    "ButtonEditOtherUserPreferences": "Chỉnh sửa thông tin, hình ảnh và sở thích cá nhân.",
    "ButtonEditImages": "Sửa hình ảnh",
    "ButtonEdit": "Sửa",
    "ButtonDownload": "Tải",
    "ButtonDown": "Xuống",
    "ButtonDelete": "Xoá",
    "ButtonConnect": "Kết nối",
    "ButtonChangeServer": "Đổi máy chủ",
    "ButtonBack": "Lùi",
    "ButtonAudioTracks": "Track âm thanh",
    "ButtonArrowUp": "Lên",
    "ButtonArrowRight": "Phải",
    "ButtonArrowLeft": "Trái",
    "ButtonArrowDown": "Xuống",
    "ButtonAddServer": "Thêm máy chủ",
    "ButtonAddScheduledTaskTrigger": "Thêm kích hoạt",
    "ButtonAddMediaLibrary": "Thêm thư viện Media",
    "ButtonAddImage": "Thêm hình ảnh",
    "BurnSubtitlesHelp": "Xác định xem máy chủ có nên ghi phụ đề khi chuyển đổi video hay không. Tránh thực hiện việc này sẽ cải thiện hiệu suất máy chủ đáng kể. Chọn Tự động để ghi các phụ đề có định dạng dựa trên hình ảnh (VOBSUB, PGS, SUB, IDX, ...) và một vài phụ đề ASS/SSA nhất định.",
    "Browse": "Duyệt",
    "BoxRear": "Hộp (mặt sau)",
    "Books": "Sách",
    "BookLibraryHelp": "Âm thanh và sách văn bản được hỗ trợ. Xem lại {0} hướng dẫn đặt tên sách {1}.",
    "Blacklist": "Danh sách đen",
    "BirthPlaceValue": "Nơi sinh: {0}",
    "BirthLocation": "Nơi sinh",
    "BirthDateValue": "Sinh năm: {0}",
    "Backdrops": "Phông nền",
    "Backdrop": "Phông nền",
    "AutoBasedOnLanguageSetting": "Tự động (dựa trên cài đặt ngôn ngữ)",
    "Auto": "Tự động",
    "AuthProviderHelp": "Chọn Nhà cung cấp xác thực sẽ được sử dụng để xác thực mật khẩu người dùng này.",
    "Audio": "Âm thanh",
    "AttributeNew": "Tạo mới",
    "AspectRatio": "Tỷ lệ khung hình",
    "AskAdminToCreateLibrary": "Yêu cầu quản trị viên tạo thư viện.",
    "Ascending": "Tăng dần",
    "AsManyAsPossible": "Càng nhiều càng tốt",
    "Artists": "Nghệ Sĩ",
    "AroundTime": "Khoảng",
    "Anytime": "Bất cứ lúc nào",
    "AnyLanguage": "Ngôn Ngữ Bất Kỳ",
    "AlwaysPlaySubtitlesHelp": "Phụ đề phù hợp với sở thích ngôn ngữ sẽ được tải bất kể ngôn ngữ âm thanh.",
    "AlwaysPlaySubtitles": "Luôn hiển thị phụ đề",
    "AllowedRemoteAddressesHelp": "Danh sách địa chỉ IP được phân tách bằng dấu phẩy hoặc các mục IP/netmask cho các mạng sẽ được phép kết nối từ xa. Nếu để trống, tất cả các địa chỉ sẽ được cho phép.",
    "AllowRemoteAccessHelp": "Nếu không được chọn, tất cả các kết nối từ xa sẽ bị chặn.",
    "AllowRemoteAccess": "Cho phép kết nối từ xa đến Máy chủ Jellyfin.",
    "AllowOnTheFlySubtitleExtractionHelp": "Phụ đề nhúng có thể được trích xuất từ video và dùng như văn bản thuần túy để giúp ngăn chặn chuyển mã video. Trên một số hệ thống, việc này có thể mất nhiều thời gian và khiến quá trình phát video bị đình trệ trong quá trình trích xuất. Vô hiệu hóa điều này để có phụ đề nhúng được ghi trong video khi chuyển mã trong trường hợp chúng không được hỗ trợ trên thiết bị phát.",
    "AllowOnTheFlySubtitleExtraction": "Cho phép trích xuất phụ đề trực tiếp",
    "AllowMediaConversionHelp": "Cấp hoặc từ chối truy cập vào tính năng chuyển đổi media.",
    "AllowMediaConversion": "Cho phép chuyển đổi media",
    "AllowHWTranscodingHelp": "Cho phép bộ chỉnh chuyển mã stream khi đang chơi. Điều này có thể giúp giảm tải của máy chủ khi chuyển mã.",
    "AllLibraries": "Tất cả các thư viện",
    "AllLanguages": "Tất cả các ngôn ngữ",
    "AllEpisodes": "Tất cả các tập phim",
    "AllComplexFormats": "Tất cả các định dạng phức tạp (ASS, SSA, VOBSUB, PGS, SUB, IDX, ...)",
    "AllChannels": "Tất cả các kênh",
    "Alerts": "Cảnh Báo",
    "Albums": "Albums",
    "Aired": "Đã phát sóng",
    "AirDate": "Ngày phát sóng",
    "AdditionalNotificationServices": "Duyệt qua danh mục plugin để cài đặt các dịch vụ thông báo bổ sung.",
    "AddedOnValue": "Đã thêm {0}",
    "AddToPlaylist": "Thêm vào danh sách phát",
    "AddToPlayQueue": "Thêm vào hàng đợi",
    "AddItemToCollectionHelp": "Thêm các mục vào bộ sưu tập bằng cách tìm kiếm và nhấp chuột phải hoặc nhấn vào menu để thêm chúng vào bộ sưu tập.",
    "Absolute": "Tuyệt đối",
    "ButtonSend": "Gửi",
    "ButtonSelectView": "Chọn chế độ xem",
    "ButtonSelectServer": "Chọn máy chủ",
    "ButtonScanAllLibraries": "Quét tất cả các thư viện",
    "ButtonOk": "Đồng Ý",
    "ButtonShuffle": "Xáo trộn",
    "Categories": "Phân loại",
    "CancelRecording": "Ngưng ghi hình",
    "ButtonWebsite": "Trang web",
    "ButtonViewWebsite": "Xem trang web",
    "ButtonUp": "Lên",
    "ButtonUninstall": "Gỡ cài đặt",
    "ButtonTrailer": "Tóm tắt",
    "ButtonSubtitles": "Phụ đề",
    "ButtonSubmit": "Đăng",
    "ButtonSplit": "Tách",
    "ButtonStop": "Ngưng",
    "ButtonStart": "Bắt đầu",
    "ButtonSignIn": "Đăng nhập",
    "ButtonShutdown": "Tắt",
    "ButtonSettings": "Cài đặt",
    "DefaultErrorMessage": "Có lỗi xảy ra trong lúc xử lý yêu cầu của bạn. Xin hãy thử lại sau.",
    "Default": "Mặc định",
    "DeathDateValue": "Không hoạt động: {0}",
    "DatePlayed": "Ngày phát",
    "DateAdded": "Ngày thêm vào",
    "CustomDlnaProfilesHelp": "Tạo một bộ thiết lập tuỳ chọn dành cho một thiết bị mới hoặc thay thế một thiết lập hệ thống.",
    "CriticRating": "Đánh giá phê bình",
    "CopyStreamURLError": "Có lỗi xảy ra lúc sao chép URL.",
    "CopyStreamURLSuccess": "URL đã được sao chép.",
    "CopyStreamURL": "Sao Chép URL Phát Sóng",
    "Continuing": "Tiếp tục",
    "ContinueWatching": "Tiếp tục xem",
    "Connect": "Kết nối",
    "ConfirmEndPlayerSession": "Bạn có muốn tắt máy chủ Jellyfin trên {0}?",
    "ConfirmDeletion": "Xác Nhận Xoá",
    "ConfirmDeleteItems": "Xoá những mục này sẽ xoá chúng khỏi ổ cứng và thư viện của bạn. Bạn có chắc chắn muốn tiếp tục?",
    "ConfirmDeleteItem": "Xoá mục này sẽ xoá nó khỏi ổ cứng và thư viện của bạn. Bạn có chắc chắn muốn tiếp tục?",
    "ConfirmDeleteImage": "Bạn có chắc chắn xoá ảnh này?",
    "ConfigureDateAdded": "Thiết lập cách xác định \"ngày thêm vào\" trong mục cài đặt Thư Viện của phần quản lý máy chủ Jellyfin",
    "Composer": "Tác giả",
    "CommunityRating": "Đánh giá của cộng đồng",
    "ColorTransfer": "Chuyển đổi màu",
    "ColorSpace": "Bộ mã màu",
    "ColorPrimaries": "Những màu chủ đạo",
    "Collections": "Bộ sưu tập",
    "ClientSettings": "Cài đặt thiết bị phát",
    "CinemaModeConfigurationHelp": "Chế độ Cinema giúp bạn mang lại trải nghiệm rạp chiếu phim ngay tại phòng khách với khả năng phát trailers và những đoạn mở đầu tuỳ chọn trước phần chính của bộ phim.",
    "ChannelNumber": "Kênh số",
    "Channels": "Kênh",
    "ChannelNameOnly": "Chỉ kênh {0}",
    "ChannelAccessHelp": "Chọn những kênh để chia vẻ với người dùng này. Người quản lý sẽ có thể thay đổi toàn bộ kênh bằng cách sử dụng bộ quản lý thông tin.",
    "ChangingMetadataImageSettingsNewContent": "Thay đổi về thiết lập của việc tải thông tin hoặc hình ảnh sẽ chỉ có tác dụng với những nội dung mới được thêm vào thư viện. Để những thiết lập mới có tác dụng với nội dung đã có sẵn, bạn sẽ phải cập nhật lại thông tin của chúng.",
    "CancelSeries": "Ngưng series",
    "ButtonTogglePlaylist": "Danh sách phát",
    "ButtonToggleContextMenu": "Thêm",
    "BoxSet": "Tuyển tập",
    "Box": "Hộp",
    "Banner": "Ảnh bìa",
    "Art": "Nghệ thuật",
    "Artist": "Nghệ Sĩ",
    "AllowFfmpegThrottlingHelp": "Tạm dừng quá trình chuyển mã hoặc chuyển đổi định dạng để tiết kiệm tài nguyên máy chủ khi việc này đã đủ để phát so với vị trí hiện tại. Điều này hữu hiệu khi không tua nhanh thường xuyên lúc nghe nhạc hoặc xem phim. Hãy tắt tính năng này nếu có hiện tượng giật lag khi nghe nhạc hoặc xem phim.",
    "AllowFfmpegThrottling": "Điều tiết sự chuyển mã",
    "AlbumArtist": "Nghệ sĩ Album",
    "Album": "Album",
    "DisplayMissingEpisodesWithinSeasonsHelp": "Thiết lập này cũng phải được kích hoạt trong thiết lập máy chủ dành cho thư viện phim bộ.",
    "DisplayMissingEpisodesWithinSeasons": "Hiển thị những tập phim bị thiếu trong mỗi phần",
    "DisplayInOtherHomeScreenSections": "Những phần hiển thị trên trang chính như là nội dung mới nhất và nội dung tiếp theo",
    "DisplayInMyMedia": "Hiển thị trên trang chính",
    "Display": "Hiển thị",
    "Dislike": "Không thích",
    "Disconnect": "Ngắt kết nối",
    "Disc": "Đĩa",
    "Disabled": "Đã vô hiệu hoá",
    "Directors": "Đạo Diễn",
    "Director": "Đạo Diễn",
    "DirectStreaming": "Phát trực tuyến",
    "DirectStreamHelp2": "Phát trực tuyến sử dụng rất ít tài nguyên máy chủ mà không giảm chất lượng video.",
    "DirectStreamHelp1": "Nội dung này tương thích với thiết bị về độ phân giải và dạng mã hoá (H.264, AC3, v.v.), nhưng lại không tương tích định dạng (mkv, avi, wmv, v.v.). Video sẽ được chuyển đổi định dạng trực tiếp ngay trước khi phát trên thiết bị.",
    "DirectPlaying": "Phát trực tiếp",
    "DeviceAccessHelp": "Thiết lập này chỉ áp dụng cho những thiết bị có thể định danh và sẽ không chặn được truy cập từ trình duyệt. Chọn lọc thiết bị người dùng sẽ chặn người dùng này truy cập từ những thiết bị mới cho đến khi được duyệt.",
    "DetectingDevices": "Đang tìm kiếm thiết bị",
    "Desktop": "Máy tính",
    "Descending": "Giảm dần",
    "Depressed": "Hạ xuống",
    "DeleteUserConfirmation": "Bạn có chắc chắn muốn xoá người dùng này?",
    "DeleteMedia": "Xoá nội dung",
    "DeleteDeviceConfirmation": "Bạn có chắc chắn muốn xoá thiết bị này? Nó sẽ xuất hiện lại khi người dùng đăng nhập bằng thiết bị đó.",
    "DeinterlaceMethodHelp": "Chọn phương pháp khử xen kẽ khi chuyển mã những nội dung sử dụng phương pháp quét xen kẽ.",
    "DefaultSubtitlesHelp": "Phụ đề được sử dụng dựa vào thiết lập mặc định (default) và bắt buộc (forced) trong phần thông tin bổ trợ. Tuỳ chọn ưu tiên ngôn ngữ sẽ có tác dụng khi có nhiều phụ đề khác nhau.",
    "DefaultMetadataLangaugeDescription": "Đây là thiết lập mặc định chung, bạn có thể tuỳ chỉnh thiết lập riêng cho từng thư viện.",
    "DisplayModeHelp": "Chọn kiểu bố trí giao diện mà bạn muốn.",
    "Download": "Tải xuống",
    "Down": "Xuống",
    "DoNotRecord": "Không ghi lại",
    "EnableCinemaMode": "Chế độ rạp phim",
    "EnableBackdropsHelp": "Hiển thị phông nền phía sau một số trang khi xem thư viện.",
    "EnableBackdrops": "Phông nền",
    "EditSubtitles": "Chỉnh sửa phụ đề",
    "EditMetadata": "Chỉnh sửa thông tin",
    "EditImages": "Chỉnh sửa hình ảnh",
    "Edit": "Chỉnh sửa",
    "EasyPasswordHelp": "Mã PIN tiện lợi được sử dụng cho việc truy cập offline trên những thiết bị được hỗ trợ và cũng có thể sử dụng dành cho truy cập dễ dàng trong nội mạng.",
    "DropShadow": "Đổ Bóng",
    "DrmChannelsNotImported": "Những kênh được bảo vệ bản quyền sẽ không được nhập vào.",
    "DownloadsValue": "{0} đã tải xuống",
    "EnableColorCodedBackgrounds": "Màu nền theo loại kênh",
    "HeaderDateIssued": "Ngày Phát Hành",
    "HeaderContinueWatching": "Tiếp Tục Xem",
    "HeaderContinueListening": "Tiếp Tục Nghe",
    "HeaderCodecProfileHelp": "Bộ giải mã chỉ ra những kiểu mã hoá nhất định mà một thiết bị có thể phát. Nếu một nội dung không thể phát, nó sẽ được chuyển mã, thậm chí nếu kiểu mã hoá đó được thiết lập phát trực tiếp.",
    "HeaderContainerProfileHelp": "Bộ định dạng chỉ ra những định dạng nhất định mà một thiết bị có thể phát. Nếu nội dung có định dạng không thể phát, nội dung sẽ được chuyển đổi định dạng, kể cả khi định dạng đó được thiết lập phát trực tiếp.",
    "HeaderContainerProfile": "Bộ Định Dạng",
    "HeaderConnectionFailure": "Kế Nối Thất Bại",
    "HeaderConnectToServer": "Kết Nối Đến Máy Chủ",
    "HeaderConfirmRevokeApiKey": "Thu Hồi Quyền Truy Cập API Key",
    "HeaderConfirmProfileDeletion": "Xác Nhận Xoá Hồ Sơ",
    "HeaderConfirmPluginInstallation": "Xác Nhận Cài Đặt Plugin",
    "HeaderConfigureRemoteAccess": "Thiết Lập Truy Cập Từ Xa",
    "HeaderCodecProfile": "Bộ Giải Mã",
    "HeaderChapterImages": "Hình Ảnh Phân Đoạn",
    "HeaderChannels": "Kênh",
    "HeaderChannelAccess": "Quyền Truy Cập Kênh",
    "HeaderCastCrew": "Diễn Viên & Ê-kíp",
    "HeaderCastAndCrew": "Diễn Viên & Ê-kíp",
    "HeaderCancelSeries": "Huỷ Series",
    "HeaderCancelRecording": "Dừng Ghi Âm/Ghi Hình",
    "HeaderBranding": "Tạo Thương Hiệu",
    "HeaderBooks": "Sách",
    "HeaderBlockItemsWithNoRating": "Khoá những mục không có thông tin đánh giá hoặc thông tin không đáng tin cậy:",
    "HeaderAudioSettings": "Cài Đặt Âm Thanh",
    "HeaderAudioBooks": "Sách Nói",
    "HeaderAppearsOn": "Xuất Bản Vào",
    "HeaderApp": "Ứng dụng",
    "HeaderApiKeysHelp": "Những ứng dụng khác cần có \"API key\" để tương tác với máy chủ Jellyfin. Những mã này được tạo ra bằng cách đăng nhập vào máy chủ Jellyfin, hoặc bạn có thể cung cấp cho ứng dụng một mã truy cập.",
    "HeaderApiKeys": "API Keys",
    "HeaderApiKey": "API Key",
    "HeaderAllowMediaDeletionFrom": "Cho Phép Xoá Nội Dung",
    "HeaderAlert": "Thông Báo",
    "HeaderAlbums": "Albums",
    "HeaderAlbumArtists": "Nghệ Sĩ Album",
    "HeaderAdmin": "Quản Trị",
    "HeaderAdditionalParts": "Phần Bổ Sung",
    "HeaderAddUpdateImage": "Thêm/Thay Đổi Hình Ảnh",
    "HeaderAddToPlaylist": "Thêm vào Danh Sách Phát",
    "HeaderAddToCollection": "Thêm vào Bộ Sưu Tập",
    "HeaderAddScheduledTaskTrigger": "Thêm Kích Hoạt Tác Vụ",
    "HeaderActivity": "Hoạt Động",
    "HeaderActiveRecordings": "Bản Ghi Hình/Ghi Âm Đang Hoạt Động",
    "HardwareAccelerationWarning": "Bật tính năng hỗ trợ từ phần cứng có thể gây ra sự bất ổn trong một vài môi trường. Hãy chắc chắn rằng điều hành và driver thiết bị đồ hoạ đã được cập nhật mới nhất. Nếu gặp vấn đề khi phát video sau khi bật tính năng này, bạn nên tắt tính năng này.",
    "HeaderActiveDevices": "Thiết Bị Đang Hoạt Động",
    "HeaderAccessScheduleHelp": "Tạo một thời gian biểu để giới hạn quyền truy cập vào một số khung giờ nhất định.",
    "HeaderAccessSchedule": "Thời Gian Truy Cập",
    "HandledByProxy": "Được xử lý bằng phương thức đảo ngược proxy",
    "HDPrograms": "Chương trình chất lượng cao (HD)",
    "EncoderPresetHelp": "Chọn một giá trị nhanh hơn để cải thiện hiệu suất máy chủ, hoặc một giá trị chậm hơn để tăng chất lượng video.",
    "H264CrfHelp": "Hệ Số Tỉ Lệ Cố Định (Constant Rate Factor (CRF)) là thiết lập chất lượng mặc định dành cho bộ mã hoá x264. Bạn có thể điều chỉnh giá trị trong khoảng 0 đến 51, trong đó giá trị càng nhỏ thì chất lượng càng tốt (đồng nghĩa với việc dung lượng tập tin lớn hơn). Giá trị vừa phải nằm trong khoảng từ 18 đến 28. Giá trị mặc định dành cho x264 là 23, vì thế bạn có thể sử dụng nó để bắt đầu điều chỉnh cho phù hợp.",
    "GuideProviderSelectListings": "Chọn Danh Sách",
    "GuideProviderLogin": "Đăng nhập",
    "Guide": "Lịch phát sóng",
    "GuestStar": "Ngôi sao khách mời",
    "GroupVersions": "Chia nhóm theo phiên bản",
    "GroupBySeries": "Chia nhóm theo bộ",
    "Genres": "Thể loại",
    "Genre": "Thể loại",
    "General": "Tổng Hợp",
    "Fullscreen": "Toàn màn hình",
    "Friday": "Thứ Sáu",
    "FormatValue": "Định dạng: {0}",
    "Folders": "Thư mục",
    "FolderTypeUnset": "Nội Dung Tổng Hợp",
    "FolderTypeMusicVideos": "Video Âm Nhạc",
    "FolderTypeMusic": "Nhạc",
    "FolderTypeMovies": "Phim lẻ",
    "FolderTypeBooks": "Sách",
    "Filters": "Bộ lọc",
    "File": "Tập tin",
    "FetchingData": "Đang tải thêm thông tin",
    "Features": "Mục đặc trưng",
    "Favorites": "Mục yêu thích",
    "Favorite": "Mục yêu thích",
    "FastForward": "Tua nhanh",
    "FFmpegSavePathNotFound": "Máy chủ không thể tìm thấy chương trình FFmpeg trong đường dẫn bạn đã nhập. FFprobe thì cũng cần thiết và phải nằm trong cùng thư mục bên trên. Những phần mềm này thường được tổng hợp cùng nhau trong một lượt tải. Hãy thử lại sau khi kiểm tra đường dẫn.",
    "Extras": "Đặc biệt",
    "ExtractChapterImagesHelp": "Trích xuất hình ảnh từ những phân đoạn chính sẽ cho phép thiết bị phát hiển thị bảng lựa chọn cảnh thông qua những hình ảnh đó. Quá trình đó có thể chậm, cần nhiều tài nguyên máy chủ, và có thể cần một vài gigabytes trống. Điều này sẽ được thực hiện khi video được tìm thấy, và cũng như trong tác vụ hàng đêm. Thời gian thực hiện tác vụ này có thể điều chỉnh trong phần cài đặt tác vụ thường xuyên. Không nên thực hiện quá trình này trong giờ sử dụng cao điểm.",
    "ExtraLarge": "Rất Lớn",
    "ExitFullscreen": "Thoát khỏi chế độ toàn màn hình",
    "EveryNDays": "Mỗi {0} ngày",
    "ErrorSavingTvProvider": "Có lỗi xảy ra khi lưu thông tin của nhà cung cấp TV này. Hãy thử lại khi chắc chắn rằng nó có thể truy cập.",
    "ErrorPleaseSelectLineup": "Hãy chọn một danh sách và thử lại. Nếu không có danh sách nào sẵn sàng, hãy chắc chắn rằng thông tin tài khoản, mật khẩu, và mã bưu điện đều chính xác.",
    "ErrorMessageStartHourGreaterThanEnd": "Thời gian kết thúc phải lớn hơn thời gian bắt đầu.",
    "ErrorGettingTvLineups": "Có lỗi xảy ra khi tải danh sách TV này. Hãy thử lại khi chắc chắn rằng thông tin của bạn chính xác.",
    "ErrorDeletingItem": "Có lỗi xảy ra khi xoá mục này khỏi máy chủ Jellyfin. Hãy thử lại sau khi kiểm tra chắc chắn rằng máy chủ Jellyfin có quyền ghi/xoá vào thư mục nội dung.",
    "ErrorAddingXmlTvFile": "Có lỗi xảy ra khi truy cập tài liệu XMLTV. Hãy thử lại khi chắc chắn rằng tài liệu này tồn tại.",
    "ErrorAddingTunerDevice": "Có lỗi xảy ra khi thêm vào thiết bị bắt sóng này. Hãy thử lại khi chắc chắn rằng nó có thể truy cập.",
    "ErrorAddingMediaPathToVirtualFolder": "Có lỗi xảy ra khi thêm đường dẫn này. Hãy chắc chắn rằng đường dẫn này đúng và máy chủ Jellyfin có quyền truy cập dữ liệu ở đường dẫn đó.",
    "ErrorAddingListingsToSchedulesDirect": "Có lỗi xảy ra khi thêm danh sách này vào tài khoản Schedules Direct của bạn. Schedules Direct chỉ cho phép một số lượng danh sách nhất định mỗi tài khoản. Bạn có thể cần phải đăng nhập vào trang web của Schedules Direct và xoá những danh sách khác trước khi có thể thêm danh sách mới.",
    "Episodes": "Tập",
    "Episode": "Tập",
    "EndsAtValue": "Kết thúc tại {0}",
    "Ended": "Đã kết thúc",
    "EnableThemeVideosHelp": "Phát nền những video chủ đề khi lướt qua thư viện nội dung.",
    "EnableThemeVideos": "Video chủ đề",
    "EnableThemeSongsHelp": "Phát những bài hát chủ đề khi lướt qua thư viện nội dung.",
    "EnableThemeSongs": "Nhạc chủ đề",
    "EnableStreamLoopingHelp": "Cho phép tính năng này nếu live streams chỉ dài một vài giây và cần được lặp lại liên tục. Bật tính năng này khi không cần thiết có thể gây ra nhiều vấn đề khác.",
    "EnableStreamLooping": "Tự động phát lại live streams",
    "EnablePhotosHelp": "Hình ảnh sẽ được nhận diện và hiển thị bên cạnh những nội dung media.",
    "EnablePhotos": "Hiển thị hình ảnh",
    "EnableNextVideoInfoOverlayHelp": "Khi ở phần cuối video, hiển thị thông tin về video tiếp theo trong danh sách phát hiện tại.",
    "EnableNextVideoInfoOverlay": "Hiển thị thông tin video tiếp theo ở phần cuối video",
    "EnableHardwareEncoding": "Sử dụng phần cứng để hỗ trợ chuyển mã",
    "EnableExternalVideoPlayersHelp": "Phần mềm phát video từ thiết bị sẽ được hiển thị khi bắt đầu phát video.",
    "EnableExternalVideoPlayers": "Sử dụng phần mềm phát video từ thiết bị",
    "EnableDisplayMirroring": "Cho phép trình chiếu trên thiết bị khác",
    "HeaderProfileInformation": "Thông Tin Hồ Sơ",
    "HeaderProfile": "Hồ Sơ",
    "HeaderPreferredMetadataLanguage": "Ngôn Ngữ Thông Tin Bổ Trợ Yêu Thích",
    "HeaderPluginInstallation": "Cài Đặt Plugin",
    "HeaderPleaseSignIn": "Hãy đăng nhập",
    "HeaderPlaybackError": "Lỗi Phát Sóng",
    "HeaderPlayback": "Phát Nội Dung",
    "HeaderPlayOn": "Phát Trên",
    "HeaderPlayAll": "Phát Tất Cả",
    "HeaderPinCodeReset": "Đặt Lại Mã PIN",
    "HeaderPhotoAlbums": "Album Ảnh",
    "HeaderPeople": "Nhân Vật",
    "HeaderPendingInvitations": "Những Lời Mời Đang Chờ",
    "HeaderPaths": "Đường Dẫn",
    "HeaderPasswordReset": "Đặt Lại Mật Khẩu",
    "HeaderPassword": "Mật Khẩu",
    "HeaderParentalRatings": "Đánh Giá Của Phụ Huynh",
    "HeaderOtherItems": "Những Mục Khác",
    "HeaderOnNow": "Phát Sóng Hiện Tại",
    "HeaderNextVideoPlayingInValue": "Video Tiếp Theo Sẽ Phát trong {0}",
    "HeaderNextUp": "Tiếp Theo",
    "HeaderNextEpisodePlayingInValue": "Tập Tiếp Theo Sẽ Được Chạy trong {0}",
    "HeaderNewDevices": "Thiết Bị Mới",
    "HeaderNewApiKey": "Mã API Mới",
    "HeaderNavigation": "Điều Hướng",
    "HeaderMyMediaSmall": "Nội Dung Của Tôi (cỡ nhỏ)",
    "HeaderMyMedia": "Nội Dung Của Tôi",
    "HeaderMyDevice": "Thiết Bị Của Tôi",
    "HeaderMusicVideos": "Video Âm Nhạc",
    "HeaderMusicQuality": "Chất Lượng Âm Nhạc",
    "HeaderMovies": "Phim",
    "HeaderMoreLikeThis": "Nội Dung Tương Tự",
    "HeaderMetadataSettings": "Cài Đặt Dữ Liệu Bổ Trợ",
    "HeaderMediaInfo": "Thông Tin Nội Dung",
    "HeaderMediaFolders": "Thư Mục Chứa Nội Dung",
    "HeaderMedia": "Nội Dung",
    "HeaderLoginFailure": "Đăng Nhập Không Thành Công",
    "HeaderLiveTvTunerSetup": "Cài Đặt Bộ Bắt Sóng TV",
    "HeaderLiveTv": "Truyền Hình Trực Tiếp",
    "HeaderLiveTV": "Truyền Hình Trực Tiếp",
    "HeaderLibrarySettings": "Cài Đặt Thư Viện",
    "HeaderLibraryOrder": "Thứ Tự Thư Viện",
    "HeaderLibraryFolders": "Thư Mục Của Thư Viện",
    "HeaderLibraryAccess": "Truy Cập Thư Viện",
    "HeaderLibraries": "Thư Viện",
    "HeaderLatestRecordings": "Bản Ghi Âm/Ghi Hình Mới Nhất",
    "HeaderLatestMusic": "Âm Nhạc Mới Nhất",
    "HeaderLatestMedia": "Nội Dung Mới Nhất",
    "HeaderKodiMetadataHelp": "Để bật hoặc tắt dữ liệu từ NFO, hãy chỉnh sửa thư viện trong phần cài đặt thư viện của Jellyfin và điều chỉnh phần lưu trữ dữ liệu bổ trợ.",
    "HeaderKeepSeries": "Lưu Series",
    "HeaderKeepRecording": "Tiếp Tục Ghi Âm/Ghi Hình",
    "HeaderItems": "Mục",
    "HeaderInstantMix": "Trộn Lẫn Nhanh",
    "HeaderInstall": "Cài Đặt",
    "HeaderImageSettings": "Thiết Lập Hình Ảnh",
    "HeaderImageOptions": "Tuỳ Chọn Hình Ảnh",
    "HeaderIdentifyItemHelp": "Hãy nhập một hoặc nhiều điều kiện tìm kiếm. Xoá điều kiện để tăng số lượng kết quả tìm kiếm.",
    "HeaderIdentificationHeader": "Thông Tin Nhận Biết Trong Phần Đầu",
    "HeaderIdentificationCriteriaHelp": "Nhập vào ít nhật một thông tin nhận biết.",
    "HeaderIdentification": "Thông Tin Nhận Biết",
    "HeaderHttpHeaders": "HTTP Headers",
    "HeaderHome": "Trang Chủ",
    "HeaderGuideProviders": "Nhà Cung Cấp Lịch Phát Sóng TV",
    "HeaderGenres": "Thể Loại",
    "HeaderForgotPassword": "Quên Mật Khẩu",
    "HeaderForKids": "Dành Cho Trẻ Em",
    "HeaderFilters": "Bộ Lọc",
    "HeaderFetcherSettings": "Cài Đặt Chương Trình Tải Xuống",
    "HeaderFetchImages": "Tải Hình Ảnh:",
    "HeaderFeatures": "Nổi Bật",
    "HeaderFavoritePeople": "Nhân Vật Yêu Thích",
    "HeaderFavoriteAlbums": "Album Yêu Thích",
    "HeaderFavoriteBooks": "Sách Yêu Thích",
    "HeaderFavoriteVideos": "Video Yêu Thích",
    "HeaderFavoriteSongs": "Bài Hát Yêu Thích",
    "HeaderFavoriteArtists": "Nghệ Sĩ Yêu Thích",
    "HeaderFavoriteEpisodes": "Tập Phim Yêu Thích",
    "HeaderFavoriteShows": "Chương Trình Yêu Thích",
    "HeaderFavoriteMovies": "Phim Yêu Thích",
    "HeaderExternalIds": "Mã Định Danh Từ Bên Ngoài:",
    "HeaderError": "Lỗi",
    "HeaderEpisodes": "Tập",
    "HeaderEnabledFieldsHelp": "Bỏ chọn một mục để khoá lựa chọn đó và không để nó thay đổi.",
    "HeaderEnabledFields": "Những Mục Được Kích Hoạt",
    "HeaderEditImages": "Chỉnh Sửa Hình Ảnh",
    "HeaderEasyPinCode": "Mã PIN Đơn Giản",
    "HeaderDownloadSync": "Tải Xuống Và Đồng Bộ",
    "HeaderDisplay": "Hiển Thị",
    "HeaderDirectPlayProfileHelp": "Thêm thiết lập phát trực tiếp để chỉ ra những định dạng mà thiết bị có thể phát trực tiếp mà không cần chuyển mã.",
    "HeaderDirectPlayProfile": "Thiết Lập Phát Trực Tiếp",
    "HeaderDevices": "Thiết Bị",
    "HeaderDeviceAccess": "Truy Cập Thiết Bị",
    "HeaderDeveloperInfo": "Thông Tin Nhà Phát Triển",
    "HeaderDetectMyDevices": "Tìm Kiếm Những Thiết Bị Của Tôi",
    "HeaderDeleteTaskTrigger": "Xoá Kích Hoạt Tác Vụ",
    "HeaderDeleteProvider": "Xoá Nhà Cung Cấp",
    "HeaderDeleteItems": "Xoá Những Mục Này",
    "HeaderDeleteItem": "Xoá Mục Này",
    "HeaderDeleteDevice": "Xoá Thiết Bị",
    "HeaderDefaultRecordingSettings": "Thiết Lập Ghi Âm/Ghi Hình Mặc Định",
    "HeaderRecordingOptions": "Tuỳ Chọn Ghi Âm/Ghi Hình",
    "HeaderProfileServerSettingsHelp": "Những thông tin này về máy chủ Jellyfin sẽ hiển thị trên các thiết bị phát được kết nối.",
    "HeaderSettings": "Cài Đặt",
    "HeaderServerSettings": "Cài Đặt Máy Chủ",
    "HeaderSeriesStatus": "Trạng Thái Series",
    "HeaderSeriesOptions": "Tuỳ Chọn Series",
    "HeaderSendMessage": "Gửi Tin Nhắn",
    "HeaderSelectTranscodingPathHelp": "Hãy chọn đường dẫn để lưu tạm những tập tin chuyển mã. Máy chủ phải có quyền ghi trên thư mục đó.",
    "HeaderSelectTranscodingPath": "Chọn Đường Dẫn Chuyển Mã",
    "HeaderSelectServerCachePathHelp": "Hãy chọn đường dẫn để lưu tập tin ghi tạm cho máy chủ. Máy chủ phải có quyền ghi trên thư mục đó.",
    "HeaderSelectServerCachePath": "Chọn Đường Dẫn Ghi Tạm Cho Máy Chủ",
    "HeaderSelectServer": "Chọn Máy Chủ",
    "HeaderSelectPath": "Chọn Đường Dẫn",
    "HeaderSelectMetadataPathHelp": "Hãy chọn đường dẫn mà bạn muốn lưu thông tin bổ trợ. Máy chủ phải có quyền ghi trên thư mục đó.",
    "HeaderSelectMetadataPath": "Chọn Đường Dẫn Thông Tin Bổ Trợ",
    "HeaderSelectCertificatePath": "Chọn Đường Dẫn Đến Chứng Chỉ",
    "HeaderSecondsValue": "{0} Giây",
    "HeaderSeasons": "Phần",
    "HeaderSchedule": "Lịch Phát Sóng",
    "HeaderScenes": "Phân Cảnh",
    "HeaderRunningTasks": "Những Tác Vụ Hoạt Động",
    "HeaderRevisionHistory": "Lịch Sử Chỉnh Sửa",
    "HeaderRestart": "Khởi Động Lại",
    "HeaderResponseProfileHelp": "Hồ sơ phản hồi là phương thức tuỳ chỉnh thông tin gửi về thiết bị phát khi phát một số nội dung nhất định.",
    "HeaderResponseProfile": "Hồ Sơ Phản Hồi",
    "HeaderRemoveMediaLocation": "Xoá Đường Dẫn Nội Dung",
    "HeaderRemoveMediaFolder": "Xoá Thư Mục Nội Dung",
    "HeaderRemoteControl": "Điều Khiển Từ Xa",
    "HeaderRecordingPostProcessing": "Xử Lý Sau Khi Ghi Âm/Ghi Hình",
    "HeaderSortOrder": "Thứ tự Sắp xếp",
    "HeaderSortBy": "Sắp xếp theo",
    "HeaderStartNow": "Bắt đầu",
    "HeaderSetupLibrary": "Thiết lập thư viện nội dung của bạn",
    "HeaderTracks": "Bài Hát",
    "HeaderThisUserIsCurrentlyDisabled": "Người dùng này hiện tại đang bị khoá",
    "HeaderTaskTriggers": "Kích Hoạt Tác Vụ",
    "HeaderTags": "Nhãn",
    "HeaderSubtitleProfilesHelp": "Hồ sơ phụ đề chỉ ra những định dạng phụ đề được hỗ trợ bởi thiết bị phát.",
    "HeaderSubtitleProfiles": "Hồ Sơ Phụ Đề",
    "HeaderSubtitleProfile": "Hồ Sơ Phụ Đề",
    "HeaderSubtitleDownloads": "Tải Phụ Đề",
    "HeaderSubtitleAppearance": "Giao Diện Phụ Đề",
    "HeaderStopRecording": "Ngừng Ghi Hình/Ghi Âm",
    "HeaderSpecialFeatures": "Những Phần Đặc Biệt Nổi Bật",
    "HeaderSpecialEpisodeInfo": "Thông Tin Tập Đặc Biệt",
    "HeaderShutdown": "Tắt Máy Chủ",
    "LabelCustomDeviceDisplayNameHelp": "Cung cấp một tên hiển thị riêng hoặc bỏ trống để sử dụng tên có sẵn của thiết bị.",
    "LabelCustomDeviceDisplayName": "Tên hiển thị:",
    "LabelCustomCssHelp": "Áp dụng tuỳ chỉnh riêng của bạn vào giao diện trang web.",
    "LabelCustomCss": "CSS tuỳ chọn:",
    "LabelCustomCertificatePathHelp": "Đường dẫn đến tập tin PKCS #12 chứa chứng chỉ (certificate) và khoá riêng (private key) để bật tính năng TLS trên một tên miền tuỳ chọn.",
    "LabelCustomCertificatePath": "Đường dẫn đến chứng chỉ SSL:",
    "LabelCriticRating": "Đánh giá phê bình:",
    "LabelCorruptedFrames": "Những khung hình bị lỗi:",
    "LabelContentType": "Loại nội dung:",
    "LabelCommunityRating": "Đánh giá của cộng đồng:",
    "LabelCollection": "Bộ Sưu Tập:",
    "LabelChannels": "Kênh:",
    "LabelCertificatePasswordHelp": "Nếu chứng chỉ của bạn cần mật khẩu, hãy nhập nó ở đây.",
    "LabelCertificatePassword": "Mật khẩu chứng chỉ:",
    "LabelCancelled": "Đã Huỷ",
    "LabelCachePathHelp": "Chọn một đường dẫn cho những tập tin lưu tạm như là hình ảnh. Bỏ trống để sử dụng cài đặt mặc định của máy chủ.",
    "LabelCachePath": "Đường dẫn cache:",
    "LabelCache": "Cache:",
    "LabelBurnSubtitles": "Nhúng phụ đề:",
    "LabelBlockContentWithTags": "Chặn những mục có nhãn:",
    "LabelBlastMessageIntervalHelp": "Xác định thời gian tồn tại giữa các tin nhắn (tính bằng giây).",
    "LabelBlastMessageInterval": "Thời gian tồn tại của tin nhắn (giây)",
    "LabelBitrate": "Bitrate:",
    "LabelBirthYear": "Năm sinh:",
    "LabelBirthDate": "Ngày sinh:",
    "LabelBindToLocalNetworkAddressHelp": "Không bắt buộc. Cài đặt đè địa chỉ IP nội bộ để kết nối đến máy chủ HTTP. Nếu bỏ trống, máy chủ sẽ cài đặt vào toàn bộ những địa chỉ nội bộ có sẵn. Nếu thay đổi tuỳ chọn này, cần phải khởi động lại máy chủ Jellyfin để có tác dụng.",
    "LabelBindToLocalNetworkAddress": "Cài đặt vào địa chỉ nội bộ:",
    "LabelAutomaticallyRefreshInternetMetadataEvery": "Tự động cập nhật dữ liệu bổ trợ từ Internet:",
    "LabelAuthProvider": "Nhà Cung Cấp Xác Thực:",
    "LabelAudioSampleRate": "Sample rate âm thanh:",
    "LabelAudioCodec": "Bộ giải mã âm thanh:",
    "LabelAudioChannels": "Các kênh âm thanh:",
    "LabelAudioBitrate": "Bitrate của âm thanh:",
    "LabelAudioBitDepth": "Chiều sâu của âm thanh:",
    "LabelAudio": "Âm Thanh",
    "LabelArtistsHelp": "Sử dụng dấu ; để tách rời nhiều nghệ",
    "LabelArtists": "Nghệ sĩ:",
    "LabelAppNameExample": "Ví dụ: Sickbeard, Sonarr",
    "LabelAppName": "Tên ứng dụng",
    "LabelAllowedRemoteAddressesMode": "Chế độ bộ lọc địa chỉ IP từ xa:",
    "LabelAllowedRemoteAddresses": "Bộ lọc địa chỉ IP từ xa:",
    "LabelAllowServerAutoRestartHelp": "Máy chủ chỉ khởi động lại trong thời gian rỗi khi không có người dùng đang sử dụng.",
    "LabelAllowHWTranscoding": "Cho phép chuyển mã bằng phần cứng",
    "LabelAll": "Tất Cả",
    "LabelAlbumArtists": "Nghệ sĩ album:",
    "LabelAlbumArtPN": "Bìa album PN:",
    "LabelAlbumArtMaxWidthHelp": "Độ phân giải cao nhất của bìa album thông qua upnp:albumArtURI.",
    "LabelAlbumArtMaxWidth": "Chiều ngang lớn nhất của bìa album:",
    "LabelAlbumArtMaxHeightHelp": "Độ phân giải cao nhất của bìa album thông qua upnp:albumArtURI.",
    "LabelAlbumArtMaxHeight": "Chiều cao lớn nhất của bìa album:",
    "LabelAlbumArtHelp": "PN được sử dụng cho bìa album, trong dlna:profileID thuộc tính upnp:albumArtURI. Một vài thiết bị phát cần một giá trị đặc biệt, không ảnh hưởng đến kích thước của hình ảnh.",
    "LabelAlbum": "Album:",
    "LabelAirsBeforeSeason": "Phát sóng trước mùa:",
    "LabelAirsBeforeEpisode": "Phát sóng trước tập:",
    "LabelAirsAfterSeason": "Phát sóng sau mùa:",
    "LabelAirTime": "Thời gian phát sóng:",
    "LabelAirDays": "Ngày phát sóng:",
    "LabelAccessStart": "Thời gian bắt đầu:",
    "LabelAccessEnd": "Thời gian kết thúc:",
    "LabelAccessDay": "Ngày trong tuần:",
    "LabelAbortedByServerShutdown": "(Đã huỷ bởi máy chủ ngừng hoạt động)",
    "Label3DFormat": "Định dạng 3D:",
    "Kids": "Trẻ Em",
    "Items": "Mục",
    "ItemCount": "{0} mục",
    "InstantMix": "Trộn Lẫn Nhanh",
    "InstallingPackage": "Đang cài đặt {0} (phiên bản {1})",
    "ImportMissingEpisodesHelp": "Nếu bật tuỳ chọn này, thông tin bị thiếu trong các tập phim sẽ được nhập vào cơ sở dữ liệu của máy chủ Jellyfin và hiển thị trong các phần và series. Điều này có thể làm việc quét thư viện lâu hơn rất nhiều.",
    "ImportFavoriteChannelsHelp": "Nếu bật tuỳ chọn này, chỉ những kênh yêu thích trong thiết bị bắt sóng sẽ được nhập vào.",
    "Images": "Hình Ảnh",
    "Identify": "Nhận Dạng",
    "HttpsRequiresCert": "Để bật kết nối bảo mật, bạn cần phải cung cấp một Chứng Chỉ SSL đáng tin cậy, ví dụ như \"Let's Encrypt\". Hãy cung cấp Chứng Chỉ SSL hoặc là tắt tính năng kết nối bảo mật.",
    "Horizontal": "Nằm Ngang",
    "Home": "Trang Chủ",
    "HideWatchedContentFromLatestMedia": "Ẩn những nội dung đã xem khỏi phần nội dung mới nhất",
    "Hide": "Ẩn",
    "Help": "Trợ Giúp",
    "HeadersFolders": "Thư Mục",
    "HeaderYears": "Năm",
    "HeaderXmlSettings": "Cài Đặt XML",
    "HeaderXmlDocumentAttributes": "Những Thuộc Tính Tài Liệu XML",
    "HeaderXmlDocumentAttribute": "Thuộc Tính Tài Liệu XML",
    "HeaderVideos": "Videos",
    "HeaderVideoTypes": "Kiểu Video",
    "HeaderVideoType": "Kiểu Video",
    "HeaderVideoQuality": "Chất Lượng Video",
    "HeaderUser": "Người Dùng",
    "HeaderUploadImage": "Tải Lên Hình Ảnh",
    "HeaderUpcomingOnTV": "Sắp Phát Sóng Trên TV",
    "HeaderTypeText": "Nhập nội dung",
    "HeaderTypeImageFetchers": "{0} Trình Tải Hình Ảnh",
    "HeaderTuners": "Bộ Điều Khiển Thu Phát Sóng",
    "HeaderTunerDevices": "Thiết Bị Bắt Sóng",
    "HeaderTranscodingProfileHelp": "Thêm hồ sơ chuyển mã để chỉ ra những định dạng nên dùng khi cần chuyển mã.",
    "HeaderTranscodingProfile": "Hồ Sơ Chuyển Mã",
    "LabelEnableAutomaticPortMap": "Kích hoạt tính năng tự động kết nối các port",
    "LabelEmbedAlbumArtDidlHelp": "Một vài thiết bị ưu tiên phương pháp này để tải bìa album. Một số thiết bị khác có thể không phát được nếu tuỳ chọn này được kích hoạt.",
    "LabelEmbedAlbumArtDidl": "Bìa album trong Didl",
    "LabelEasyPinCode": "Mã PIN đơn giản:",
    "LabelDynamicExternalId": "{0} Id:",
    "LabelDropShadow": "Đổ bóng:",
    "LabelDroppedFrames": "Những khung hình bị loại bỏ:",
    "LabelDropImageHere": "Kéo thả hình ảnh vào đây, hoặc click để lựa chọn hình ảnh.",
    "LabelDownloadLanguages": "Ngôn ngữ tải xuống:",
    "LabelDownMixAudioScaleHelp": "Tăng cường âm lượng khi trộn âm thanh. Giá trị bằng 1 sẽ giữ nguyên âm lượng gốc.",
    "LabelDownMixAudioScale": "Tăng cường âm lượng khi trộn âm thanh:",
    "LabelDisplaySpecialsWithinSeasons": "Hiển thị những tập đặc biệt trong phần mà nó được phát sóng",
    "LabelDisplayOrder": "Thứ tự hiển thị:",
    "LabelDisplayName": "Tên hiển thị:",
    "LabelDisplayMode": "Chế độ hiển thị:",
    "LabelDisplayMissingEpisodesWithinSeasons": "Hiển thị những tập bị thiếu",
    "LabelDisplayLanguageHelp": "Dự án chuyển ngữ Jellyfin là một dự án diễn ra ra liên tục.",
    "LabelDisplayLanguage": "Ngôn ngữ hiển thị:",
    "LabelDiscNumber": "Đĩa số:",
    "LabelDidlMode": "Chế độ DIDL:",
    "LabelDeviceDescription": "Mô tả thiết bị",
    "LabelDeinterlaceMethod": "Phương pháp khử xen kẽ:",
    "LabelDefaultUserHelp": "Xác định thư viện được hiển thị trên những thiết bị đã kết nối. Tuỳ chọn này có thể được ghi đè trên hồ sơ của từng thiết bị.",
    "LabelDefaultUser": "Người dùng mặc định:",
    "LabelDefaultScreen": "Màn hình mặc định:",
    "LabelDeathDate": "Ngày mất:",
    "LabelDateTimeLocale": "Ngày giờ địa phương:",
    "LabelDateAddedBehaviorHelp": "Nếu có giá trị dữ liệu bổ trợ, nó sẽ luôn được sử dụng trước một trong các tùy chọn này.",
    "LabelDateAddedBehavior": "Ngày thêm hành vi cho nội dung mới:",
    "LabelDateAdded": "Ngày thêm vào:",
    "LabelDashboardTheme": "Chủ đề bảng điều khiển máy chủ:",
    "LabelCustomRating": "Đánh giá tuỳ chọn:",
    "HeaderFavoritePlaylists": "Danh Sách Phát Yêu Thích",
    "ApiKeysCaption": "Danh sách các mã API đang hoạt động",
    "LabelBaseUrl": "URL cơ bản:",
    "LabelEveryXMinutes": "Mỗi:",
    "LabelEpisodeNumber": "Tập số:",
    "LabelEndDate": "Ngày kết thúc:",
    "LabelEnableSingleImageInDidlLimitHelp": "Một số thiết bị không hiển thị rõ ràng nếu có nhiều hình ảnh được nhúng trong Didl.",
    "LabelEnableSingleImageInDidlLimit": "Giới hạn chỉ một hình ảnh nhúng",
    "LabelEnableRealtimeMonitorHelp": "Thay đổi để nội dung sẽ được xử lý ngay lập tức trên các hệ thống được hỗ trợ.",
    "LabelEnableRealtimeMonitor": "Bật tính năng theo dõi thời gian thực",
    "LabelEnableHttpsHelp": "Cho phép máy chủ theo dõi port HTTPS đã được thiết lập. Cần phải có chứng chỉ hợp lệ để tính năng này có hiệu quả.",
    "LabelEnableHttps": "Bật HTTPS",
    "LabelEnableHardwareDecodingFor": "Bật tính năng giãi mã phần cứng cho:",
    "LabelEnableDlnaServerHelp": "Cho phép các thiết bị UPnP trong mạng của bản để duyệt và phát nội dung.",
    "LabelEnableDlnaServer": "Bật tính năng máy chủ DLNA",
    "LabelEnableDlnaPlayToHelp": "Tìm kiếm thiết bị trong mạng của bạn và đưa ra khả năng điều khiển từ xa những thiết bị đó.",
    "LabelEnableDlnaDebugLoggingHelp": "Tạo những tập tin gỡ lỗi lớn và chỉ nên được sử dụng khi cần thiết để xử lý sự cố.",
    "LabelEnableDlnaDebugLogging": "Bật tính năng gỡ lỗi DLNA",
    "LabelEnableDlnaClientDiscoveryIntervalHelp": "Xác định thời gian tính bằng giây giữa các tìm kiếm SSDP thực hiện bởi Jellyfin.",
    "LabelEnableDlnaClientDiscoveryInterval": "Thời gian tìm kiếm thiết bị phát (giây)",
    "LabelEnableBlastAliveMessagesHelp": "Bật tính năng này nếu máy chủ không thể kết nối chắc chắn với những thiết bị UPnP trong mạng của bạn.",
    "LabelEnableBlastAliveMessages": "Phát tin nhắn trực tiếp",
    "LabelEnableAutomaticPortMapHelp": "Tự động chuyển tiếp những port công khai trên bộ định tuyến đến port trên máy chủ thông qua UPnP. Cài đặt này có thể không hoạt động trên một số loại bộ định tuyến hoặc thiết lập mạng. Thay đổi sẽ được áp dụng sau khi khởi động lại máy chủ.",
    "HeaderServerAddressSettings": "Cài Đặt Địa Chỉ Máy Chủ",
    "HeaderRemoteAccessSettings": "Cài Đặt Truy Cập Từ Xa",
    "HeaderHttpsSettings": "Cài Đặt HTTPS",
    "HeaderDVR": "DVR",
    "LabelExtractChaptersDuringLibraryScanHelp": "Trích xuất hình ảnh của video được nhập vào trong lúc quét thư viện. Nếu không thì hình này này sẽ được trích xuất thông qua những tác vụ định kì, giúp cho quá trình quét thư viện diễn ra nhanh hơn.",
    "LabelExtractChaptersDuringLibraryScan": "Trích xuất hình ảnh từng chương khi quét thư viện",
    "LabelBaseUrlHelp": "Thêm một thư mục tuỳ chọn vào đường dẫn máy chủ. Ví dụ: <code>http://example.com/<b>&lt;baseurl&gt;</b></code>",
    "LabelLoginDisclaimerHelp": "Một tin nhắn sẽ hiển thị ở phía cuối của trang đăng nhập.",
    "LabelLoginDisclaimer": "Hiển thị khi đăng nhập:",
    "LabelLockItemToPreventChanges": "Khoá mục này để ngăn những thay đổi trong tương lai",
    "LabelLocalHttpServerPortNumberHelp": "TCP port mà máy chủ Jellyfin HTTP nên kết nối.",
    "LabelLocalHttpServerPortNumber": "HTTP port nội bộ:",
    "LabelLineup": "Danh sách diễn viên:",
    "LabelLibraryPageSizeHelp": "Cài đặt số lượng mục hiển thị trong một trang thư viện. Cài đặt 0 để vô hiệu hoá việc phân trang.",
    "LabelLibraryPageSize": "Kích thước trang của thư viện:",
    "LabelLanNetworks": "Mạng nội bộ:",
    "LabelKodiMetadataUserHelp": "Lưu dữ liệu xem vào tập tin NFO dành cho những ứng dụng khác sử dụng.",
    "LabelKodiMetadataUser": "Lưu thông tin người xem vào tập tin NFO dành cho:",
    "LabelKodiMetadataSaveImagePathsHelp": "Cài đặt này được khuyến cáo nếu bạn có những hình ảnh đặt tên không đúng với hướng dẫn của Kodi.",
    "LabelKodiMetadataSaveImagePaths": "Lưu đường dẫn hình ảnh trong tập tin NFO",
    "LabelKodiMetadataEnablePathSubstitutionHelp": "Kích hoạt thay thế đường dẫn hình ảnh sử dụng cài đặt của máy chủ.",
    "LabelKodiMetadataEnablePathSubstitution": "Kích hoạt thay thế đường dẫn",
    "LabelKodiMetadataEnableExtraThumbsHelp": "Khi tải hình ảnh, chúng có thể được lưu vào cả extrafanart và extrathumbs để tối ưu hoá khả năng tương thích với giao diện Kodi.",
    "LabelKodiMetadataEnableExtraThumbs": "Sao chép từ mục extrafanart đến mục extrathumbs",
    "LabelKodiMetadataDateFormatHelp": "Toàn bộ ngày trong tập tin NFO sẽ được đọc sử dụng định dạng này.",
    "LabelKodiMetadataDateFormat": "Định dạng của ngày phát hành:",
    "LabelKidsCategories": "Những thể loại của trẻ em:",
    "LabelKeepUpTo": "Theo kịp:",
    "LabelInternetQuality": "Chất lượng Internet:",
    "LabelInNetworkSignInWithEasyPasswordHelp": "Sử dụng mã PIN đơn giản để đăng nhập thiết bị phát trong mạng nội bộ. Mật khẩu thông thường sẽ chỉ cần khi không truy cập nội mạng. Nếu mã PIN để trống, bạn sex không cần mật khẩu trong mạng nội bộ.",
    "LabelInNetworkSignInWithEasyPassword": "Kích hoạt đăng nhập nội mạng bằng mã PIN đơn giản",
    "LabelImportOnlyFavoriteChannels": "Giới hạn để chỉ nhập vào những kênh yêu thích",
    "LabelImageType": "Loại hình ảnh:",
    "LabelImageFetchersHelp": "Kích hoạt và xếp hạng chương trình tải hình ảnh theo thứ tự ưu tiên.",
    "LabelIdentificationFieldHelp": "Một phần chuỗi không phân biệt viết hoa/thường hoặc regex expression.",
    "LabelIconMaxWidthHelp": "Độ phân giải tối đa của biểu tượng hiển thị thông qua upnp:icon.",
    "LabelIconMaxWidth": "Chiều ngang tối đa của biểu tượng:",
    "LabelIconMaxHeightHelp": "Độ phân giải tối đa của biểu tượng hiển thị thông qua upnp:icon.",
    "LabelIconMaxHeight": "Chiều cao tối đa của biểu tượng:",
    "LabelHttpsPortHelp": "TCP port mà máy chủ Jellyfin HTTPS nên kết nối vào.",
    "LabelHttpsPort": "HTTPS port trên máy chủ:",
    "LabelHomeScreenSectionValue": "Mục trên trang chủ {0}:",
    "LabelHomeNetworkQuality": "Chất lượng mạng trong nhà:",
    "LabelHardwareAccelerationTypeHelp": "Hỗ trợ phần cần những thiết lập bổ sung.",
    "LabelHardwareAccelerationType": "Hỗ trợ phần cứng:",
    "LabelEncoderPreset": "Thiết lập cài sẵn của mã H264 và H265:",
    "LabelH264Crf": "CRF của mã H264:",
    "LabelGroupMoviesIntoCollectionsHelp": "Khi hiển thị danh sách phim, các bộ phim thuộc về một bộ sưu tập sẽ hiển thị trong một nhóm.",
    "LabelGroupMoviesIntoCollections": "Nhóm phim vào bộ sưu tập",
    "LabelServerNameHelp": "Tên này sẽ được sử dụng để phân biệt máy chủ và giá trị mặc định là tên của máy tính chủ.",
    "LabelFriendlyName": "Tên thân thiện:",
    "LabelFormat": "Định dạng:",
    "LabelForgotPasswordUsernameHelp": "Nhập vào tên tài khoản nếu bạn nhớ nó.",
    "LabelFont": "Kiểu chữ:",
    "LabelFolder": "Thư mục:",
    "LabelFileOrUrl": "Tệp hoặc URL:",
    "LabelFailed": "Thất bại",
    "LabelMaxResumePercentage": "Phần trăm tối đa có thể phát tiếp tục:",
    "LabelMaxParentalRating": "Xếp hạng tối đa cho phép của phụ huynh:",
    "LabelMaxChromecastBitrate": "Chất lượng truyền tải Chromecast:",
    "LabelMaxBackdropsPerItem": "Số lượng phông nền tối đa mỗi mục:",
    "LabelMatchType": "Loại tương thích:",
    "LabelManufacturerUrl": "URL của nhà sản xuất",
    "LabelManufacturer": "Nhà sản xuất:",
    "LabelLogs": "Logs:",
    "HeaderSyncPlayEnabled": "Kích hoạt SyncPlay",
    "HeaderSyncPlaySelectGroup": "Tham gia nhóm",
    "EnableDetailsBannerHelp": "Hiển thị một ảnh bìa ở đầu trang chi tiết.",
    "EnableDetailsBanner": "Ảnh Bìa Chi Tiết",
    "LabelMoviePrefixHelp": "Nếu một tiếp đầu ngữ được áp dụng cho tựa đề phim, nhập nó ở mục này để máy chủ có thể xử lý một cách phù hợp.",
    "LabelMoviePrefix": "Tiếp đầu ngữ của tựa phim:",
    "LabelMovieCategories": "Loại phim:",
    "LabelMonitorUsers": "Theo dõi hoạt động từ:",
    "LabelModelUrl": "Model URL",
    "LabelModelNumber": "Mã số model",
    "LabelModelName": "Tên model",
    "LabelModelDescription": "Mô tả model",
    "LabelMinScreenshotDownloadWidth": "Chiều ngang tối thiểu của hình ảnh tải xuống:",
    "LabelMinResumePercentageHelp": "Nội dung sẽ được cho là chưa phát nếu dừng lại trước thời gian này.",
    "LabelMinResumePercentage": "Phần trăm tối thiểu để phát tiếp tục:",
    "LabelMinResumeDurationHelp": "Thời lượng ngắn nhất tính bằng giây mà vị trí phát sẽ được lưu và cho phép bạn phát tiếp tục.",
    "LabelMinResumeDuration": "Thời lượng phát tiếp tục tối thiểu:",
    "LabelMinBackdropDownloadWidth": "Chiều rộng tối thiểu của phông nền tải xuống:",
    "LabelMethod": "Phương pháp:",
    "LabelMetadataSaversHelp": "Chọn định dạng tập tin dữ liệu bổ trợ.",
    "LabelMetadataSavers": "Định dạng dữ liệu bổ trợ:",
    "LabelMetadataReadersHelp": "Sắp xếp thứ tự ưu tiên của những nguồn dữ liệu bổ trợ. Tập tin đầu tiên được tìm thấy sẽ được sử dụng.",
    "LabelMetadataReaders": "Bộ đọc dữ liệu bổ trợ:",
    "LabelMetadataPathHelp": "Thiết lập một đường dẫn tuỳ ý cho những hình ảnh và dữ liệu bổ trợ.",
    "LabelMetadataPath": "Đường dẫn dữ liệu bổ trợ:",
    "LabelMetadataDownloadersHelp": "Kích hoạt và sắp xếp thứ tự ưu tiên của các trình tải dữ liệu bổ trợ. Trình tải có thứ tự ưu tiên thấp sẽ chỉ sử dụng để tải những thông tin bị thiếu.",
    "LabelMetadataDownloadLanguage": "Ngôn ngữ tải ưu tiên:",
    "LabelMetadata": "Dữ liệu bổ trợ:",
    "LabelMessageTitle": "Tiêu đề tin nhắn:",
    "LabelMessageText": "Nội dung tin nhắn:",
    "LabelMaxStreamingBitrateHelp": "Thiết lập bitrate tối đa khi truyền tải.",
    "LabelMaxStreamingBitrate": "Chất lượng phát tối đa:",
    "LabelMaxScreenshotsPerItem": "Số lượng ảnh chụp tối đa mỗi mục:",
    "LabelMaxResumePercentageHelp": "Nội dung sẽ được cho là đã kết thúc nếu ngừng phát sau thời gian này.",
    "ButtonSyncPlay": "SyncPlay"
}
