{
    "AddItemToCollectionHelp": "أضف عناصر إلى المجاميع بالبحث عنهم واستخدام قائمة الزر الأيمن أو قئامة اللمس لإضافتهم إلى المجاميع.",
    "AdditionalNotificationServices": "تصفح كتالوج الملحقات لتثبيث خدمات إشعارات إضافية.",
    "Alerts": "التنبيهات",
    "All": "الكل",
    "AllLibraries": "كل المكتبات",
    "AllowHWTranscodingHelp": "عند تفعيلها , سيسمح لتونر بتحويل العرض في الحال . هذا قد يساعد في تخفيض التحويل المطلوب من السيرفر.",
    "AllowRemoteAccess": "السماح بالاتصالات عن بعد إلى خادم إمبي هذا.",
    "AllowRemoteAccessHelp": "إذا لم يتم تحديده ، فسيتم حظر جميع الاتصالات عن بُعد.",
    "Audio": "الصوت",
    "BirthDateValue": "وُلد: {0}",
    "BirthPlaceValue": "مكان الميلاد: {0}",
    "Browse": "تصفح",
    "BrowsePluginCatalogMessage": "تصفح قائمتنا للملحق لترى المتوفر من الملاحق.",
    "ButtonAdd": "إضافة",
    "ButtonAddMediaLibrary": "إضافة مكتبة وسائط",
    "ButtonAddScheduledTaskTrigger": "إضافة زناد",
    "ButtonAddServer": "إضافة خادم",
    "ButtonAddUser": "اضافة مستخدم",
    "ButtonArrowDown": "أسفل",
    "ButtonArrowLeft": "يسار",
    "ButtonArrowRight": "يمين",
    "ButtonArrowUp": "أعلى",
    "ButtonAudioTracks": "المقاطع الصوتية",
    "ButtonBack": "خلف",
    "ButtonCancel": "الغاء",
    "ButtonChangeServer": "غير الخادم",
    "ButtonConnect": "اتصل",
    "ButtonDelete": "حذف",
    "ButtonDeleteImage": "حذف الصورة",
    "ButtonDown": "أسفل",
    "ButtonDownload": "إنزال",
    "ButtonEdit": "تعديل",
    "ButtonEditImages": "تعديل الصور",
    "ButtonEditOtherUserPreferences": "اضبط إعدادات حساب المستخدم هذا، وصورته وتفضيلاته الشخصية.",
    "ButtonFilter": "مرشِّح",
    "ButtonForgotPassword": "نسيت كلمة السر",
    "ButtonFullscreen": "ملء الشاشة",
    "ButtonGuide": "الدليل",
    "ButtonHelp": "المساعدة",
    "ButtonHome": "الرئيسية",
    "ButtonInfo": "معلومات",
    "ButtonLearnMore": "إعرف المزيد",
    "ButtonLibraryAccess": "صلاحيات المكتبة",
    "ButtonManualLogin": "الدخول اليدوي",
    "ButtonMore": "المزيد",
    "ButtonNetwork": "الشبكة",
    "ButtonNew": "جديد",
    "ButtonNextTrack": "المقطوعة التالية",
    "ButtonOff": "إيقاف التشغيل",
    "ButtonOk": "موافق",
    "ButtonOpen": "إفتح",
    "ButtonParentalControl": "التحكم الأبوي",
    "ButtonPause": "توقف مؤقت",
    "ButtonPlay": "تشغيل",
    "ButtonPreviousTrack": "المقطوعة السابقة",
    "ButtonProfile": "حساب",
    "ButtonQuickStartGuide": "دليل بدء الاستخدام السريع",
    "ButtonRefresh": "إعادة تنشيط",
    "ButtonRefreshGuideData": "إعادة تنشيط بيانات الدليل",
    "ButtonRemove": "إزالة",
    "ButtonRename": "إعادة التسمية",
    "ButtonRepeat": "كرر",
    "ButtonResetEasyPassword": "إعادة تهيئة الرمز الشخصي الميسر",
    "ButtonResetPassword": "إعادة تهيئة كلمة السر",
    "ButtonRestart": "إعادة التشغيل",
    "ButtonResume": "استأنف",
    "ButtonRevoke": "أرفض",
    "ButtonSave": "حفظ",
    "ButtonSearch": "بحث",
    "ButtonSelectDirectory": "إختر الدليلة",
    "ButtonSelectServer": "إختر الخادم",
    "ButtonSelectView": "إختر طريقة عرض",
    "ButtonSend": "إرسال",
    "ButtonSettings": "الإعدادات",
    "ButtonShuffle": "إخلط",
    "ButtonShutdown": "إنهاء التشغيل",
    "ButtonSignIn": "تسجيل الدخول",
    "ButtonSignOut": "تسجيل الخروج",
    "ButtonSort": "ترتيب",
    "ButtonStart": "إبدأ",
    "ButtonStop": "إيقاف",
    "ButtonSubmit": "تسليم",
    "ButtonSubtitles": "ترجمات",
    "ButtonTrailer": "العرض الإعلاني",
    "ButtonUninstall": "إزالة التثبيت",
    "ButtonUp": "أعلى",
    "ButtonViewWebsite": "أنظر الموقع الإلكتروني",
    "ButtonWebsite": "موقع إلكتروني",
    "ChannelAccessHelp": "إختر قناة لمشاركتها مع هذا المستخدم. المدراء سيكونون قادرين على تغيير إعدادات القنوات باستخدام مدير واصفات البيانات.",
    "Channels": "القنوات",
    "CinemaModeConfigurationHelp": "الطور السينمائي يوفر أجواء سينمائية إلى قلب صالتك مع إمكانية تشغيل عروض إعلانية لأفلام أخرى وعرض مقدمات أخرى من انتقاءاتك قبل تشغيل الفيلم الرئيسي.",
    "CustomDlnaProfilesHelp": "إنشاء عرائض مخصوصه تستهدف جهازاً جديداً أو يمتطي حساباً نظامياً.",
    "DeathDateValue": "توفي: {0}",
    "DefaultErrorMessage": "كان هناك خطأ في معالجة الطلب. الرجاء المحاولة لاحقاً.",
    "Delete": "حذف",
    "DeleteDeviceConfirmation": "هل أنت متأكد أنك تريد حذف هذا الجهاز؟ سيظهر الجهاز من جديد في المرة القادمة التي يسجل فها مستخدم دخوله عبره.",
    "DeleteImage": "حذف صورة",
    "DeleteImageConfirmation": "هل انت متاكد من حذف هذه الصورة؟",
    "DeleteMedia": "حذف الوسائط",
    "DeleteUser": "حذف مستخدم",
    "DeleteUserConfirmation": "هل انت متاكد من انك تريد حذف هذا المستخدم ؟",
    "DeviceAccessHelp": "هذه الميزة تنطبق حصرياً على الأجهزة التي يمكن التعرف عليها فردياً ولن تمنع المتصفح من الدخول عليها. ترشيح الوصول لأجهزة المستخدم ستمنع المستخدمين من استعمال الأجهزة الجديدة إلى أن يتم اعتمادهم من هنا.",
    "DrmChannelsNotImported": "القنوات المجهزة بإدارة الحقوق الرقمية DRM لن تورّد.",
    "EasyPasswordHelp": "الرمز الشخصي الميسرالخاص بك يمكنك من الاتصال إلى خادم مكتبتك، عبر تطبيقات أمبي على الأجهزة أو الدخول على حسابك في الشبكة الداخلية.",
    "EnablePhotos": "عرض الصور",
    "EnablePhotosHelp": "سيتم اكتشاف الصور وعرضها مع ملفات الوسائط الأخرى",
    "ErrorAddingListingsToSchedulesDirect": "كان هناك خطأ في إضافة الاصطفاف لخدمة \"Schedules Direct\" الخاصة بك. خدمة \"Schedules Direct\" لا تسمح إلا بعدد محدود من الاصطفافات لكل حساب. قد تحتاج إلى تسجيل الدخول إلى موقع \"Schedules Direct\" لإزالة الاصطفافات الأخرى من حسابك قبل المتابعة.",
    "ErrorAddingMediaPathToVirtualFolder": "كان هناك خطأ في إضافة مسار الوسائط. الرجاء التأكد من صحة المسار وأن خادم أمبي لديه صلاحية الوصول إلى الموقع.",
    "ErrorAddingTunerDevice": "كان هناك خطأ في إضافة جهاز المولف. الرجاء التأكد من صلاحية الوصول إليه ثم عاود المحاولة.",
    "ErrorAddingXmlTvFile": "كان هناك خطأ في محاولة الوصول إلى ملف XMLTV. الرجاء التأكد من وجود الملف ثم حاول مرة أخرى.",
    "ErrorGettingTvLineups": "كان هناك خطأ في إنزال اصطفافات التلفاز. الرجاء التأكد من أن بياناتك صحيحة ثم عاود المحاولة.",
    "ErrorMessageStartHourGreaterThanEnd": "وقت النهاية يجب أن يكون أكبر من وقت البداية.",
    "ErrorPleaseSelectLineup": "الرجاء اختيار اصطفاف ثم المحاولة مرة أخرى. إن لم تتوفر أية اصطفافات، فالرجاء التأكد من اسم المستخدم وكلمة المرور الخاصة بك، وتأكد من صحة رمزك البريدي.",
    "ErrorSavingTvProvider": "كان هناك خطأ في حفظ مزود التلفزة. الرجاء التأكد من صلاحية الوصول إليه ثم عاود المحاولة.",
    "ExitFullscreen": "الخروج من الشاشة الكاملة",
    "ExtractChapterImagesHelp": "استخلاص صور الأبواب سيسمح لتطبيقات أمبي أن تظهر لك قوائم تصويرية لتبويبات الأفلام. هذه العملية قد تكون بطيئة، وتستغل قدرة المعالج بشكل ملحوظ، وقد تحتاج إلى حيازة بضعة غيغابايتات من مساحة التخزين بشكل مؤقت. هذه المهمة تعمل خلال عملية استكشاف المقاطع المرئية، كما يمكن أن تحدد لتكون مهمة ليلية مجدولة. يمكنك جدولة العملية من قسم جدولة المهام. لا ينصح بتشغيل هذه المهمة خلال ساعات الذروة من دخول المستخدمين.",
    "FFmpegSavePathNotFound": "لم نستطع تحديد موقع ffmpeg باستخدام المسار الذي أدخلته. سوف نحتاج تطبيق FFprobe أيضاً ويجب أن يتواجد في نفس المكان. إن هذه الأجزاء تكون بالعادة محزومة معاً في نفس ملف الإنزال. الرجاء التأكد من المسار المدخل والمحاولة مرة أخرى.",
    "FastForward": "التقديم السريع",
    "FileNotFound": "الملف غير موجود.",
    "FileReadCancelled": "تم الغاء قراءة الملف.",
    "FileReadError": "حدث خطأ بقراءة الملف.",
    "FolderTypeBooks": "كتب",
    "FolderTypeMovies": "أفلام",
    "FolderTypeMusic": "موسيقى",
    "FolderTypeMusicVideos": "الفيديوهات الموسيقية",
    "FolderTypeTvShows": "تلفاز",
    "FolderTypeUnset": "غير مخصص (خليط محتويات)",
    "Friday": "الجمعة",
    "Fullscreen": "الشاشة كاملة",
    "GuideProviderLogin": "تسجيل الدخول",
    "GuideProviderSelectListings": "إختر المبوبات",
    "H264CrfHelp": "معامل المعدل الثابت CRF هو الجودة الافتراضية لإعدادات مشفر x264. بإمكانك إعطاء قيمة تتراوح بين 0 و 51، وكلما قلت القيمة فسينتج عن ذلك جودة أفضل (على حساب حجم تخزين أعلى). القيم المعقول تتراوح بين 18 و 28. الافتراضي لـ x264  هي 23، لذا فبإمكانك استخدام هذه القيمة كنقطة بداية.",
    "EncoderPresetHelp": "اختر قيمة أعلى لتحسين السرة والأداء وقيمة أقل لتحسين الجودة.",
    "HardwareAccelerationWarning": "تمكين التسريع بعتاد الحاسوب قد يتسبب في عدم استقرار بعض أنواع الأنظمة. تأكد من أن نظام التشغيل الخاص بك محدث إلى آخر نسخة وأن سواقات الفيديو محدثة أيضاً. إذا واجهت أية صعوبات في تسغيل الفيديو بعد تمكين هذه الخاصية، فعليك إرجاع الإعداد إلى وضعية آلي.",
    "HeaderAccessSchedule": "جدول الدخولات",
    "HeaderAccessScheduleHelp": "إنشئ جدول دخولات لكي تتمكن من تحديد ساعات للدخول.",
    "HeaderActiveDevices": "الأجهزة المفعّلة",
    "HeaderActiveRecordings": "التسجيلات المفعلة",
    "HeaderActivity": "الأنشطة",
    "HeaderAddScheduledTaskTrigger": "إضافة زناد",
    "HeaderAddUpdateImage": "إضافة/تحديث صورة",
    "HeaderAddUser": "إضافة مستخدم",
    "HeaderAdditionalParts": "أدوار إضافية",
    "HeaderAdmin": "المدير",
    "HeaderAlbums": "الألبومات",
    "HeaderAlert": "تنبيه",
    "HeaderAllowMediaDeletionFrom": "السماح بحذف الوسائط من قبل",
    "HeaderApiKey": "مفتاح API",
    "HeaderApiKeys": "مفاتيح API",
    "HeaderApiKeysHelp": "التطبيقات الخارجية تحتاج أن تمتلك مفتاح api لكي تتصل بخادم أمبي. هذه المفاتيح تُصدر عن طريق تسجيل الدخول بحساب أمبي، أو عن طريق منح التطبيق مفتاحاً أصدر يدوياً.",
    "HeaderApp": "التطبيق",
    "HeaderAudioSettings": "إعدادات الصوت",
    "HeaderAutomaticUpdates": "التحديثات الآلية",
    "HeaderBooks": "الكتب",
    "HeaderBranding": "وسومات البرنامج",
    "HeaderCastAndCrew": "الممثلين وطاقم العمل",
    "HeaderCastCrew": "الممثلين والطاقم",
    "HeaderChannelAccess": "صلاحيات القنوات",
    "HeaderChannels": "القنوات",
    "HeaderCodecProfile": "عريضة الكودك",
    "HeaderCodecProfileHelp": "عرائض الكودك تشير إلى محدودية جهاز ما عند تشغيل وسيطة مشفر بكودك معيّن. إن كان هناك أي محدودية مذكورة فستحال الوسيطة إلى التشغير البيني، حتى لو كانت الصيغة مضبوطة للعمل بتلقائية.",
    "HeaderConfirmPluginInstallation": "أكد عملية تثبيت الملحق",
    "HeaderConfirmProfileDeletion": "أكّد حذف العريضة",
    "HeaderConfirmRevokeApiKey": "أرفض مفتاح API",
    "HeaderConnectToServer": "اتصل إلى الخادم",
    "HeaderConnectionFailure": "فشل في الاتصال",
    "HeaderContainerProfile": "عريضة الحاوية",
    "HeaderContainerProfileHelp": "عرائض الحاويات تشير إلى محدوديات جهاز ما عند تشغيل صيغ معينة. إن كان هناك أي محدودية مذكورة فستحال الوسيطة إلى التشغير البيني، حتى لو كانت الصيغة مضبوطة للعمل بتلقائية.",
    "HeaderContinueWatching": "استئناف",
    "HeaderCustomDlnaProfiles": "الحسابات المخصوصة",
    "HeaderDateIssued": "تاريخ الإصدار",
    "HeaderDefaultRecordingSettings": "إعدادات التسجيل الافتراضية",
    "HeaderDeleteDevice": "حذف الجهاز",
    "HeaderDeleteItem": "احذف العنصر",
    "HeaderDeleteProvider": "حذف المزود",
    "HeaderDeleteTaskTrigger": "حذف زناد المهمة",
    "HeaderDeveloperInfo": "معلومات المطور",
    "HeaderDeviceAccess": "الدخول على جهاز",
    "HeaderDevices": "الأجهزة",
    "HeaderDirectPlayProfile": "عريضة التشغيل المباشر",
    "HeaderDirectPlayProfileHelp": "أضف مباشرةً عريضة تشغيل للإشارة لأي صيغة يتمكن الجهاز من التعامل معه بتلقائية.",
    "HeaderDisplay": "إظهار",
    "HeaderEasyPinCode": "الرمز الشخصي الميسر",
    "HeaderEpisodes": "الحلقات",
    "HeaderError": "حدث خطأ",
    "HeaderFeatureAccess": "صلاحية الخاصية",
    "HeaderFeatures": "المواصقات",
    "HeaderFetchImages": "إطهار الصور:",
    "HeaderFilters": "مرشحات",
    "HeaderForKids": "للأطفال",
    "HeaderForgotPassword": "نسيت كلمة السر",
    "HeaderFrequentlyPlayed": "تم تشغيله مراراً",
    "HeaderGenres": "أنواع الأفلام",
    "HeaderGuideProviders": "مزودو الأدلة",
    "HeaderHttpHeaders": "رؤوس HTTP",
    "HeaderIdentification": "التعريفة",
    "HeaderIdentificationCriteriaHelp": "أدخل على الأقل معيار واحد للتعريف.",
    "HeaderIdentificationHeader": "رأس التعريفة",
    "HeaderImageOptions": "خيارات الصورة",
    "HeaderImageSettings": "إعدادات الصورة",
    "HeaderInstall": "تثبيت",
    "HeaderInstantMix": "مزيج فوري",
    "HeaderItems": "العناصر",
    "HeaderLatestEpisodes": "احدث الحلقات",
    "HeaderLatestMedia": "آحدث الوسائط",
    "HeaderLatestMovies": "أحدث الأفلام",
    "HeaderLatestMusic": "أحدث الموسقى",
    "HeaderLatestRecordings": "التسجيلة الأخيرة",
    "HeaderLibraries": "المكتبات",
    "HeaderLibraryAccess": "صلاحيات المكتبة",
    "HeaderLibraryFolders": "مجلدات الوسائط",
    "HeaderLiveTV": "التلفاز المباشر",
    "HeaderLiveTv": "التلفاز المباشر",
    "HeaderLoginFailure": "فشل في تسجيل الدخول",
    "HeaderMedia": "الوسائط",
    "HeaderMediaFolders": "مجلدات الوسائط",
    "HeaderMediaInfo": "معلومات الوسيطة",
    "HeaderMoreLikeThis": "المزيد من الروابط لهذا",
    "HeaderMovies": "الأفلام",
    "HeaderMusicVideos": "الفيديوهات الموسيقية",
    "HeaderMyMedia": "وسائطي",
    "HeaderNewApiKey": "مفتاح API جديد",
    "HeaderNextUp": "التالي",
    "HeaderOtherItems": "عناصر أخرى",
    "HeaderParentalRatings": "التصنيف الأبوي",
    "HeaderPassword": "كلمة السر",
    "HeaderPasswordReset": "إعادة تهيئة كلمة السر",
    "HeaderPaths": "مسارات",
    "HeaderPendingInvitations": "الدعوات المعلقة",
    "HeaderPeople": "الناس",
    "HeaderPinCodeReset": "أعد تهيئة الرمز الشخصي",
    "HeaderPlayAll": "تشغيل الكل",
    "HeaderPlayback": "تشغيل الوسائط",
    "HeaderPleaseSignIn": "الرجاء تسجيل الدخول",
    "HeaderPluginInstallation": "تثبيت الملحفات",
    "HeaderPreferredMetadataLanguage": "اللغة المفضلة لواصفات البيانات",
    "HeaderProfile": "الحساب",
    "HeaderProfileInformation": "معلومات العريضة",
    "HeaderProfileServerSettingsHelp": "هذه القيم ستتحكم في كيفية تقديم شكل خادم أمبي في الجهاز",
    "HeaderRecentlyPlayed": "تم تشغيله مؤخراً",
    "HeaderRecordingPostProcessing": "تطبيق ما-بعد-المعالجة للتسجيل",
    "HeaderRemoteControl": "التحكم عن بعد",
    "HeaderRemoveMediaFolder": "إحذف مجلد الوسائط",
    "HeaderRemoveMediaLocation": "إحذف مكان الوسائط",
    "HeaderResponseProfile": "عريضة الرد",
    "HeaderResponseProfileHelp": "عرائض الرد تتيح طريقة لتخصيص المعلومات المرسلة إلى جهاز ما عند تشغيل نوع من أنواع الوسائط.",
    "HeaderRestart": "إعادة التشغيل",
    "HeaderRevisionHistory": "تاريخ المراجعات",
    "HeaderRunningTasks": "المهام المشغّلة",
    "HeaderScenes": "المشاهد",
    "HeaderSchedule": "الجدول",
    "HeaderSeasons": "المواسم",
    "HeaderSelectCertificatePath": "إختر مسار الشهادة",
    "HeaderSelectMetadataPath": "إختر مسار واصفات البيانات",
    "HeaderSelectMetadataPathHelp": "تصفح أو أدخل المسار الذي ترغب أن يُستخدم لحفظ واصفات البيانات. يجب أن يكون هذا المجلد قابل للكتابة فيه.",
    "HeaderSelectPath": "إختر المسار",
    "HeaderSelectServer": "إختر الخادم",
    "HeaderSelectServerCachePath": "إختر مسار كاشة الخادم",
    "HeaderSelectServerCachePathHelp": "تصفح أو أدخل المسار الذي ترغب أن يُستخدم كاشة لملفات الخادم. يجب أن يكون هذا المجلد قابل للكتابة فيه.",
    "HeaderSelectTranscodingPath": "إختر المسار المؤقت للتشفير البيني",
    "HeaderSelectTranscodingPathHelp": "تصفح أو أدخل  المسار الذي ترغب أن يُستخدم للملفات المؤقتة للتشفير البيني. يجب أن يكون هذا المجلد قابل للكتابة فيه.",
    "HeaderSendMessage": "أرسل رسالة",
    "HeaderSeries": "المسلسلات",
    "HeaderServerSettings": "إعدادات الخادم",
    "HeaderSettings": "الإعدادات",
    "HeaderSetupLibrary": "ضبط مكتبة المحتوى الخاصة بك",
    "HeaderShutdown": "إنهاء التشغيل",
    "HeaderSortBy": "ترتيب حسب",
    "HeaderSortOrder": "تسلسل الترتيب",
    "HeaderSpecialEpisodeInfo": "معلومات الحلقة الخاصة",
    "HeaderSpecialFeatures": "المحتويات الخاصة",
    "HeaderStatus": "الوضعية",
    "HeaderSubtitleProfile": "عريضة الترجمة",
    "HeaderSubtitleProfiles": "عرائض الترجمة",
    "HeaderSubtitleProfilesHelp": "عرائض الترجمة تصف صيغ الترجمة المدعومة على الأجهزة المختلفة.",
    "HeaderSystemDlnaProfiles": "عرائض النظام",
    "HeaderTags": "البطاقات",
    "HeaderTaskTriggers": "زنادات المهام",
    "HeaderThisUserIsCurrentlyDisabled": "هذا المستخدم موقف حالياً",
    "HeaderTracks": "المقاطع الصوتية",
    "HeaderTranscodingProfile": "عريضة التشفير البيني",
    "HeaderTranscodingProfileHelp": "أضف عرائض التشفير البيني للإشارة لأي صيغة يتعيّن استخدامها عندما توجد حاجة للتشفير البيني.",
    "HeaderTunerDevices": "أجهزة التوليف",
    "HeaderTuners": "المولفات",
    "HeaderTypeImageFetchers": "{0} جالبات الصور",
    "HeaderTypeText": "أدخل النص",
    "HeaderUpcomingOnTV": "البرامج القادمة على التلفاز",
    "HeaderUploadImage": "رفع الصور",
    "HeaderUser": "المستخدم",
    "HeaderUsers": "المستخدمون",
    "HeaderVideoTypes": "صيغ الفيديوهات",
    "HeaderVideos": "الفيديوهات",
    "HeaderXmlDocumentAttribute": "سمات مستند xml",
    "HeaderXmlDocumentAttributes": "سمات مستند xml",
    "HeaderXmlSettings": "إعدادات xml",
    "HeaderYears": "السنوات",
    "HeadersFolders": "مجلدات",
    "ImportFavoriteChannelsHelp": "عند التفعيل، فقط القنوات التي علّمت في المفضلة على هذا المولف ستورد إلى النظام.",
    "ImportMissingEpisodesHelp": "عند التمكين، المعلومات الناقصة للحلقات ستورّد إلى قاعدة بيانات أمبي وستعرض داخل المواسم والمسلسلات. قد تتسبب هذه بأوقات أطول بكثير عند تمشيط المكنبات.",
    "LabelAbortedByServerShutdown": "(تم إهماله بسبب عملية إغلاق الخادم)",
    "LabelAccessDay": "يوم الأسبوع:",
    "LabelAccessEnd": "تاريخ النهاية",
    "LabelAccessStart": "تاريخ البداية",
    "LabelAirDays": "أيام البث:",
    "LabelAirTime": "وقت البث:",
    "LabelAlbum": "الألبوم",
    "LabelAlbumArtHelp": "PN المستخدمة في رسومات الألبوم، داخل سمة dlna:profileID في upnp:albumArtURI. بعض الأجهزة تحتاج قيمة محددة، مهما كان حجم الصورة.",
    "LabelAlbumArtMaxHeight": "الارتفاع الأقصى لرسومات الألبوم",
    "LabelAlbumArtMaxHeightHelp": "الدقة القصوى لرسومات الألبوم المظهّرة عبر سمة upnp:albumArtURI.",
    "LabelAlbumArtMaxWidth": "العرض الأقصى لرسوم الألبوم:",
    "LabelAlbumArtMaxWidthHelp": "الدقة القصوى لرسومات الألبوم المظهّرة عبر سمة upnp:albumArtURI.",
    "LabelAlbumArtPN": "رسومات الألبوم PN:",
    "LabelAlbumArtists": "فنانو الألبومات:",
    "LabelAll": "الجميع",
    "LabelAllowHWTranscoding": "السماح بالتشفير البيني بعتاد الحاسب",
    "LabelAllowServerAutoRestart": "السماح للخادم أن يعيد التشغيل آلياً لتفعيل التحديثات",
    "LabelAllowServerAutoRestartHelp": "الخادم سيعيد التشغيل في فترات الركود فقط، حين لا يكون هناك أي مستخدمين متصلين.",
    "LabelAppName": "اسم التطبيق",
    "LabelAppNameExample": "مثال: Sickbeard، NzbDrone",
    "LabelArtists": "الفنانون:",
    "LabelArtistsHelp": "فصل الاستعمالات المتعددة ;",
    "LabelAudioLanguagePreference": "اللغة المفضلة للصوت:",
    "LabelBindToLocalNetworkAddress": "إربطه إلى عنوان شبكة محلي:",
    "LabelBindToLocalNetworkAddressHelp": "هذا خياري. امتطي عنوان الآي بي المحلي لربطه بخادم http. إذا ترك فارغاً، فإن الخادم سيربطه بجميع العناوين المتاحة. تغيير هذه القيمة يتطلب إعادة تشغيل خادم أمبي.",
    "LabelBlastMessageInterval": "فترات بث رسالة قيد التشغيل (بالثواني)",
    "LabelBlastMessageIntervalHelp": "يحدد الفترة بالثواني بين يث رسائل قيد التشغيل",
    "LabelCache": "ذاكرة الكاشة",
    "LabelCachePath": "مسار ذاكرة الكاشة:",
    "LabelCachePathHelp": "حدد موقع مخصص لملفات كاشة الخادم، مثل الصور وغيرها. أترك هذه الخانة فارغة لاستعمال القيمة التلقائية.",
    "LabelCancelled": "تم الإلغاء",
    "LabelCollection": "المجموعة",
    "LabelCommunityRating": "تقييم المجتمع:",
    "LabelContentType": "نوع المحتوى",
    "LabelCountry": "البلد:",
    "LabelCurrentPassword": "كلمة السر الحالية:",
    "LabelCustomCertificatePath": "مسار شهادة ssl مخصص:",
    "LabelCustomCertificatePathHelp": "مسار ملف PKCS # 12 يحتوي على شهادة ومفتاح خاص لتمكين دعم TLS على مجال مخصص.",
    "LabelCustomCss": "تنيسق CSS مخصوص:",
    "LabelCustomCssHelp": "طبق تنسيق css مخصوصة لواجهة الويب.",
    "LabelCustomDeviceDisplayName": "اسم العرض:",
    "LabelCustomDeviceDisplayNameHelp": "أذكر اسم عرض مخصوص أو أتركه فارغاً لاستخدام",
    "LabelDateAddedBehavior": "كيف يتصرف المحتوى الجديد  نحو \"تاريخ الإضافة\" الخاص به:",
    "LabelDateAddedBehaviorHelp": "إذا استعرضت قيمة واصفات البيانا فإنها سوف تستخدم قبل أن تستخدم أي من هذه الخيارات.",
    "LabelDay": "اليوم:",
    "LabelDeathDate": "تاريخ الوفاة:",
    "LabelDefaultUser": "المستخدم الافتراضي",
    "LabelDefaultUserHelp": "لتحديد مكتبة المستخدم التي تظهر على الأجهزة المتصلة. بإمكان الامتطاء على هذه القيمة لكل جهاز عن طريق عرائض الأجهزة.",
    "LabelDeviceDescription": "وصف الجهاز",
    "LabelDidlMode": "طور didl:",
    "LabelDisplayMissingEpisodesWithinSeasons": "أظهر الحلقات المفقودة في مجلدات المواسم",
    "LabelDisplayName": "الاسم المعروض:",
    "LabelDisplaySpecialsWithinSeasons": "أظهر الحلقات الخاصة في المواسم التي بثت فيها",
    "LabelDownMixAudioScale": "تعزيز الصوت عند تقليل توزيع قنوات الصوت:",
    "LabelDownMixAudioScaleHelp": "تعزيز الصوت عند تقليل توزيع قنوات الصوت. حدد القيمة بـ 1 للمحافظة على القيمة الأصلية للصوت.",
    "LabelDownloadLanguages": "إنزال اللغة:",
    "LabelDynamicExternalId": "معرفة {0}:",
    "LabelEasyPinCode": "الرمز الشخصي الميسر:",
    "LabelEmbedAlbumArtDidl": "ضمن رسومات الألبوم في مخطط DIDL",
    "LabelEmbedAlbumArtDidlHelp": "بعض الأجهزة تفضل هذه الطريقة لاستخلاص رسومات الألبوم، فيما قد يفشل تشغيلها بتفعيل هذا الخيار.",
    "LabelEnableAutomaticPortMap": "فعل الخاصية الآلية في التوفيق بين المنافذ",
    "LabelEnableAutomaticPortMapHelp": "حاول التوفيق بين المنفذ العالمي والمنفذ المحلي آلياً باستخدام آلية UPnP. هذه الخاصية قد لا تعمل مع بعض أنواع الراوترات.",
    "LabelEnableBlastAliveMessages": "بث رسائل قيد التشغيل",
    "LabelEnableBlastAliveMessagesHelp": "فعل هذه الخاصية إذا كان الخادم لا يكتشف بكفاءة من قبل أجهزة UPnP الأخرى على شبكتك",
    "LabelEnableDlnaClientDiscoveryInterval": "فترات استكشاف العملاء (بالثواني)",
    "LabelEnableDlnaClientDiscoveryIntervalHelp": "يحدد الفترة بالثواني بين عمليات بحث SSDP التي يقوم بها أمبي.",
    "LabelEnableDlnaDebugLogging": "تفعيل خاصية كشوفات أخطاء DLNA",
    "LabelEnableDlnaDebugLoggingHelp": "هذه ستنشئ سجلات كشفية ضخمة ولا ينبغي تفعيلها إلا عند الحاجة إليها بغرض استكشاف الأخطاء وحصرها.",
    "LabelEnableDlnaPlayTo": "تفعيل خاصية DLNA Play To",
    "LabelEnableDlnaPlayToHelp": "بإمكان أمبي أن يستكشف الأجهزة على شبكتك ويقدم لك إمكامية التحكم بهم عن بعد.",
    "LabelEnableDlnaServer": "تفعيل خادم Dlna",
    "LabelEnableDlnaServerHelp": "يمكن أجهزة UPnP على شبكتك لتصفح محتوى أمبي.",
    "LabelEnableRealtimeMonitor": "تفعيل خاصية المراقبة في الوقت الحقيقي",
    "LabelEnableRealtimeMonitorHelp": "التغييرات ستعالج مباشرة إذا كان نظام الملفات مدعوم.",
    "LabelEnableSingleImageInDidlLimit": "حدد عدد الصور المضمّنة لصور واحدة",
    "LabelEnableSingleImageInDidlLimitHelp": "بعض الأجهزه لن تظهر الصور جيداً إن ضمّنت صور عديدة في مخطط didl.",
    "LabelEndDate": "تاريخ الانتهاء",
    "LabelEpisodeNumber": "رقم الحلقة:",
    "LabelEvent": "الحدث:",
    "LabelEveryXMinutes": "كل:",
    "LabelExtractChaptersDuringLibraryScan": "استخلص صور الأبواب أثناء تمشيط المكتبة",
    "LabelExtractChaptersDuringLibraryScanHelp": "عند التفعيل، فإن صور الأبواب ستُستخلص عندما تدرج الفيديوهات الجديدة أثناء تمشيط المكتبة. عند عدم التفعيل فإن عملية الاستخلاص ستكون محصورة أثناء مهمة صور الأبواب المجدولة، ما يسمح لعملية تمشيط المكتبة أن تنتهي بصورة أسرع.",
    "LabelFailed": "العملية فشلت",
    "LabelFileOrUrl": "الملف أو الرابط:",
    "LabelFinish": "إنهاء",
    "LabelForgotPasswordUsernameHelp": "أدخل اسم المستخدم الخاص بك، إن كنت تتذكرها",
    "LabelFormat": "الصيغة:",
    "LabelFriendlyName": "اسم مخصوص لك",
    "LabelServerNameHelp": "هذا الاسم يسيتخدم للتعرف على الخادم. إن ترك خالٍ، فإن اسم الحاسوب سوف يستخدم.",
    "LabelGroupMoviesIntoCollections": "تجميع الأفلام إلى مجاميع",
    "LabelGroupMoviesIntoCollectionsHelp": "عند استعراض قوائم الأفلام، فإن الأفلام التي تنتمي إلى مجموعة واحدة ستظهر كعنصر جامع.",
    "LabelH264Crf": "قيمة CRF لتشفير H264:",
    "LabelEncoderPreset": "إعدادات تشفير H264:",
    "LabelHardwareAccelerationType": "التسريع بعتاد الحاسب",
    "LabelHardwareAccelerationTypeHelp": "متاح في الأنظمة المدعومة فقط.",
    "LabelHttpsPort": "رقم منفذ https المحتلي:",
    "LabelHttpsPortHelp": "رقم منفذ tcp المتوجب على  بروتوكول https أن يرتبط من خلاله في خادم أمبي.",
    "LabelIconMaxHeight": "الارتفاع الأقصى للأيقونة.",
    "LabelIconMaxHeightHelp": "الدقة القصوى للأيقونة المظهّرة عبر سمة upnp:icon.",
    "LabelIconMaxWidth": "العرض الأقصى للأيقونة:",
    "LabelIconMaxWidthHelp": "الدقة القصوى لرسومات الألبوم المظهّرة عبر سمة upnp:icon.",
    "LabelImageFetchersHelp": "مكّن ورتّب جالبات الصور التي تفضلها حسب أولوية التفضيل.",
    "LabelImageType": "صيغة الصورة:",
    "LabelImportOnlyFavoriteChannels": "أحصر العرض على القنوات المعلّمة كمفضلات",
    "LabelInNetworkSignInWithEasyPassword": "تفعيل تسجيل الدخول من الشبكة الداخلية باستخدام الرمز الشخصي الميسر",
    "LabelInNetworkSignInWithEasyPasswordHelp": "عند التفعيل، ستتمكن من استخدام الرمز الشخصي الميسر للدخول إلى تطبيقات أمبي عبر شبكتك الداخلية. أما كلمة السر الخاصة بك فلن تحتاجها إلا عندما تكون على شبكة الإنترنت بعيداً عن مكانك. إن ترك الرمز الشخصي فارغاً فلن تحتاج إلى إدخال شيء للدخول من داخل الشبكة.",
    "LabelKidsCategories": "تصنيفات الأطفال:",
    "LabelKodiMetadataDateFormat": "تنسيق تاريخ الإصدار:",
    "LabelKodiMetadataDateFormatHelp": "جميع التواريخ داخل ملف nfo ستُقرأ وتُكتب وفق هذا التنسيق.",
    "LabelKodiMetadataEnableExtraThumbs": "إنسخ extrafanart إلى extrathumbs",
    "LabelKodiMetadataEnableExtraThumbsHelp": "عند إنزال الصور بإمكان حفظها إلى extrafanart و extrathumbs لتكون متوافقة مع مظاهر Kodi بأقصى حد.",
    "LabelKodiMetadataEnablePathSubstitution": "تفعيل إبدال المسارات",
    "LabelKodiMetadataEnablePathSubstitutionHelp": "فعل إبدال المسارات الخاصة بمسارات الصور مستخدماً إعدادات إبدال المسارات الخاصة بالخادم.",
    "LabelKodiMetadataSaveImagePaths": "إحفظ مسارات الصور داخل ملقات nfo",
    "LabelKodiMetadataSaveImagePathsHelp": "هذا الخيار ينصح به إذا كان لديك صور لا تتوافق مع الدليل الإرشادي لنظام Kodi.",
    "LabelLanguage": "اللغة:",
    "LabelLineup": "سلسل:",
    "LabelLocalHttpServerPortNumber": "رقم منفذ http المحلي:",
    "LabelLocalHttpServerPortNumberHelp": "رقم منفذ http المتوجب على الخادم أن يرتبط من خلاله.",
    "LabelLoginDisclaimer": "إخلاء مسؤولية تسجيل الدخول:",
    "LabelLoginDisclaimerHelp": "هذه ستعرض أسفل شاشة تسجيل الدخول.",
    "LabelLogs": "السجلات الكشفية:",
    "LabelManufacturer": "المصنّع",
    "LabelManufacturerUrl": "رابط url للمصنّع",
    "LabelMatchType": "وفّق النوع:",
    "LabelMaxBackdropsPerItem": "أكبر عدد للخلفيات لكل عنصر:",
    "LabelMaxParentalRating": "الحد الاقصى لتصنيف الرقابة الابوية المسموح بها:",
    "LabelMaxResumePercentage": "النسبة العليا للمتابعة:",
    "LabelMaxResumePercentageHelp": "العنواين ستعتبر مشغلة حتى النهاية إذا أوقفت بعد هذا الوقت",
    "LabelMaxScreenshotsPerItem": "أكبر عدد للصور الملتقطة لكل عنصر:",
    "LabelMaxStreamingBitrate": "أقصى تدفق للجودة",
    "LabelMaxStreamingBitrateHelp": "تحديد الحد الأقصى لمعدل البت أثناء البث التدفقي.",
    "LabelMessageText": "نص الرسالة:",
    "LabelMessageTitle": "عنوان الرسالة:",
    "LabelMetadata": "واصفات البيانات:",
    "LabelMetadataDownloadersHelp": "مكّن ورتّب منزّلات واصفات البيانات التي تفضلها حسب أولوية التفضيل. المنزّلات الأقل أولوية ستستخدم لتحل محل المعلومات التي لا يمكن العثور عليها.",
    "LabelMetadataPath": "مسار واصفات البيانات:",
    "LabelMetadataPathHelp": "حدد موقع مخصوص لإنزال الأعمال الفنية وواصفات البيانات.",
    "LabelMetadataReaders": "قارءات واصفات البيانات",
    "LabelMetadataReadersHelp": "رتب مصادر واصفات البيانات التي تفضلها حسب أولوية التفضيل. أول ملف يعثر عليه سيحمّل.",
    "LabelMetadataSavers": "حافظات واصفات البيانات:",
    "LabelMetadataSaversHelp": "إختر صيغ الملفات التي ترغب في حفظ واصفات البيانات إليها.",
    "LabelMethod": "الطريقة:",
    "LabelMinBackdropDownloadWidth": "أقل جودة للخلفية المنزلة:",
    "LabelMinResumeDuration": "الفترة الدنيا للمتابعة (بالثواني):",
    "LabelMinResumeDurationHelp": "العناوين الأقصر من هذا الوقت لن يتاح لها خاصية الاستئناف",
    "LabelMinResumePercentage": "النسبة الدنيا للمتابعة:",
    "LabelMinResumePercentageHelp": "العناوين ستعتبر غير مشغلة إذا أوقفت قبل هذا الوقت",
    "LabelMinScreenshotDownloadWidth": "أقل جودة للصور الملتقطة المنزلة:",
    "LabelModelDescription": "وصف الموديل",
    "LabelModelName": "اسم الموديل",
    "LabelModelNumber": "رقم الموديل",
    "LabelModelUrl": "رابط url للموديل",
    "LabelMonitorUsers": "راقب الأنشطة من:",
    "LabelMovieCategories": "تصنيفات الأفلام:",
    "LabelMoviePrefix": "بادئة الأفلام:",
    "LabelMoviePrefixHelp": "إن كان هناك بادئة لعناوين الأفلام، فأدخلها هنا لكي يتمكن أمبي من أن يتعامل معها بالطريقة الصحيحة.",
    "LabelMovieRecordingPath": "مسار تسجيل الأفلام (خيارية):",
    "LabelMusicStreamingTranscodingBitrate": "معدل البت للتشفير البيني الموسيقي",
    "LabelMusicStreamingTranscodingBitrateHelp": "تحديد الحد الأقصى لمعدل البت وقت البث التدفقي الموسيقي",
    "LabelName": "الاسم:",
    "LabelNewName": "الاسم الجديد:",
    "LabelNewPassword": "كلمة السر الجديدة:",
    "LabelNewPasswordConfirm": "تأكيد كلمة السر الجديدة:",
    "LabelNewsCategories": "التصنيفات الأخبارية:",
    "LabelNext": "التالي",
    "LabelNotificationEnabled": "تفعيل هذه الإشعارات",
    "LabelNumberOfGuideDays": "عدد أيام بيانات الدليل للإنزال:",
    "LabelNumberOfGuideDaysHelp": "إنزال أيام أكثر من بيانات الدليل ستوفر أمكانية جدولة أيام أبعد وإظهار قوائم أطول للبرامج، لكنها ستأخذ وقتاً أطول للإنزال. االخيار الآلي سوف يتخيّر بناء على عدد القنوات المتاحة.",
    "LabelOptionalNetworkPath": "(خياري) مجلدة مشاركة الشبكة:",
    "LabelOptionalNetworkPathHelp": "إن كان هذا المجلد مشاركاً على شبكتك فإن تزويد مسار الشبكة سيسمح لتطبيقات أمبي على الأجهزة الأخرى بالوصول إلى ملفات الوسائط مباشرة.",
    "LabelPassword": "كلمة السر:",
    "LabelPasswordConfirm": "تأكيد كلمة السر:",
    "LabelPasswordRecoveryPinCode": "الرمز الشخصي:",
    "LabelPath": "المسار",
    "LabelPlayDefaultAudioTrack": "تشغيل المقطع الصوتي الافتراضي بغض النظر عن اللغة",
    "LabelPostProcessor": "تطبيق ما-بعد-المعالجة",
    "LabelPostProcessorArguments": "معطيات سطر الأوامر لتطبيق ما بعد المعالجة",
    "LabelPostProcessorArgumentsHelp": "استخدم المسار: {path} كمسار لملف التسجيل.",
    "LabelPreferredDisplayLanguage": "لغة الواجهة المفضلة:",
    "LabelPreferredDisplayLanguageHelp": "إن ترجمة أمبي هو مشروع جاري التنفيذ.",
    "LabelPrevious": "السابق",
    "LabelProfileAudioCodecs": "كودك تشفير الصوت",
    "LabelProfileCodecs": "الكودكات:",
    "LabelProfileCodecsHelp": "يجب فصل العناصر بفواصل (,). يمكن أن تترك هذه فارغة إذا أريد تطبيقها على كل الكودكات.",
    "LabelProfileContainer": "الحاوية",
    "LabelProfileContainersHelp": "يجب فصل العناصر بفواصل (,). يمكن أن تترك هذه فارغة إذا أريد تطبيقها على كل الحاويات.",
    "LabelProfileVideoCodecs": "كودك الفيديو",
    "LabelProtocol": "البروتوكول:",
    "LabelProtocolInfo": "معلومات البروتوكول:",
    "LabelProtocolInfoHelp": "القيمة التي ستستخدم عند الرد على طلب GetProtocolInfo من الجهاز.",
    "LabelPublicHttpPort": "رقم منفذ http العالمي:",
    "LabelPublicHttpPortHelp": "رقم المنفذ العالمي الذي يجب أن يوافق منفذ http المحلي.",
    "LabelPublicHttpsPort": "رقم منفذ https العالمي:",
    "LabelPublicHttpsPortHelp": "رقم المنفذ العالمي الذي يجب أن يوافق منفذ https المحلي.",
    "LabelReadHowYouCanContribute": "تعرّف على كيفية المساهمة فيه.",
    "LabelRecordingPath": "المسار الافتراضي للمقاطع المسجلة:",
    "LabelRecordingPathHelp": "حدد موقع افتراضي لحفظ المقاطع المسجلة، لو تركت هذه الخانة فارغة، فسيستعمل مجلد بيانات البرنامج.",
    "LabelReleaseDate": "تاريخ الإصدار",
    "LabelRemoteClientBitrateLimit": "حدد معدل البت للتشغيل التدفقي عبر الإنترنت (Mbps)",
    "LabelRuntimeMinutes": "مدة التشغيل (بالدقائق):",
    "LabelSaveLocalMetadata": "حفظ الأعمال الفنية وواصفات البيانات فى مجلدات الوسائط",
    "LabelSaveLocalMetadataHelp": "حقظ الأعمال الفنية وواصفات البيانات مباشرة فى مجلدات الوسائط سيسهل عليك الوصول وعمل التعديلاات عليها.",
    "LabelScheduledTaskLastRan": "آخر تشغيل {0}، وقد استغرق {1}.",
    "LabelSeasonNumber": "رقم الموسم:",
    "LabelSelectUsers": "إختر المستخدم:",
    "LabelSelectVersionToInstall": "إختر الإصدار للتثبيت",
    "LabelSendNotificationToUsers": "أرسل الإشعارات إلى:",
    "LabelSerialNumber": "الرقم التسلسلي",
    "LabelSeriesRecordingPath": "مسار تسجيل المسلسلات (خيارية):",
    "LabelServerHost": "المضيف:",
    "LabelServerHostHelp": "192.168.1.100:8096 أو https://myserver.com",
    "LabelSkipIfAudioTrackPresent": "تخطّىإن كان المقطع الصوتي الافتراضي يتوافق مع اللغة المنزلة",
    "LabelSkipIfAudioTrackPresentHelp": "لا تختر هذه لكي تؤكد وجود ترجمة لجميع الفيديوهات، بغض النظر عن لغة الصوت.",
    "LabelSkipIfGraphicalSubsPresent": "تخطّى إن كان الفيديو يحتوى على ترجمة مسبقاً",
    "LabelSkipIfGraphicalSubsPresentHelp": "الإبقاء على النسخ النصية للترجمة سيؤدي إلى رفع كفاءة التوصيل وسيقلل من احتمالية تفعيل التشفير البيني للفيديو.",
    "LabelSonyAggregationFlags": "إشارات تحشيد سوني:",
    "LabelSonyAggregationFlagsHelp": "تحدد محتوى عنصر aggregationFlags في النطاق الاسمي لـ urn:schemas-sonycom:av namespace .",
    "LabelSource": "المصدر:",
    "LabelSportsCategories": "التصنيفات الرياضية:",
    "LabelStartWhenPossible": "إبدأ حال الإمكان:",
    "LabelStatus": "الوضعية:",
    "LabelStopWhenPossible": "أوقف حال الإمكان",
    "LabelStopping": "قيد الإيقاف",
    "LabelSubtitleFormatHelp": "مثال: صيغة srt",
    "LabelSubtitlePlaybackMode": "طور الترجمة:",
    "LabelSupportedMediaTypes": "أنواع الوسائط المدعومة:",
    "LabelTag": "البطاقة:",
    "LabelTime": "الوقت:",
    "LabelTimeLimitHours": "الوقت المحدد (بالساعة):",
    "LabelTranscodingAudioCodec": "كودك تشفير الصوت:",
    "LabelTranscodingContainer": "الحاوية:",
    "LabelTranscodingTempPathHelp": "هذا المجلد يحتوي على ملفات قيد الاستعمال من قبل المشفر البيني. حدد مساراً مخصوصاً او اتركه فارغاً لاستعمال القيمة الافتراضية في مجلد بيانات الخادم.",
    "LabelTranscodingThreadCount": "عدد مسارات التشفير البيني",
    "LabelTranscodingThreadCountHelp": "إختر الحد الأقصى المسموح به من مسارات التشفير البيني. إن تقليل عدد المسارات سيقلل من نسبة استخدام المعالج لكنه قد لا يحوّل الوسيطة بالسرعة المطلوبة لتشغيل سلس.",
    "LabelTranscodingVideoCodec": "كودك تشفير الفيديو:",
    "LabelTriggerType": "نوع الزناد:",
    "LabelTunerIpAddress": "عنوان آي بي المولف:",
    "LabelTunerType": "نوع المولف:",
    "LabelType": "النوع:",
    "LabelTypeMetadataDownloaders": "{0} تنزيل البيانات الوصفية:",
    "LabelTypeText": "النص",
    "LabelUseNotificationServices": "استخدم الخدمات التالية",
    "LabelUser": "المستخدم:",
    "LabelUserLibrary": "مكتبة المستخدم:",
    "LabelUserLibraryHelp": "إاختر أي من مكتبات المستخدم لإظهارها على الجهاز. أتركها فارغة لوراثة القيمة الافتراضية",
    "LabelUsername": "اسم المستخدم:",
    "LabelVaapiDevice": "جهاز واجهة API صوت وصورة:",
    "LabelVaapiDeviceHelp": "هذه هي عقدة التصيير التي ستستخدم من قبل التسريع بعتاد الحاسوب.",
    "LabelValue": "القيمة:",
    "LabelVersionInstalled": "{0} مثبتة",
    "LabelVersionNumber": "الإصدار {0}",
    "LabelXDlnaCap": "سقف X-Dlna:",
    "LabelXDlnaCapHelp": "تحدد محتوى عنصر X_DLNACAP  في النطاق الاسمي لـ urn:schemas-dlna-org:device-1-0 .",
    "LabelXDlnaDoc": "وثيقة X-Dlna:",
    "LabelXDlnaDocHelp": "تحدد محتوى عنصر X_DLNADOC في النطاق الاسمي لـ urn:schemas-dlna-org:device-1-0 .",
    "LabelYourFirstName": "الإسم الاول:",
    "LabelYoureDone": "تم الانتهاء!",
    "LabelZipCode": "الرمز البريدي:",
    "LabelffmpegPath": "مسار ffmpeg:",
    "LabelffmpegPathHelp": "المسار الدال على ملف تطبيق ffmpeg أو المجلد الذي يحتوي ffmpeg.",
    "LatestFromLibrary": "أحدث ال{0}",
    "LibraryAccessHelp": "اختر مجلد وسائط لمشاركته مع هذا المستخدم. المدراء سيكونون قادرين على تغيير إعدادات المجلدات باستخدام مدير واصفات البيانات.",
    "MapChannels": "توفيق القنوات",
    "MaxParentalRatingHelp": "المحتويات ذات التصنيف الأبوي الأعلى ستخفى عن هذا المستخدم.",
    "MediaInfoAnamorphic": "التشوه",
    "MediaInfoAspectRatio": "النسبة الباعية",
    "MediaInfoBitDepth": "عمق البت",
    "MediaInfoBitrate": "معدّل البت",
    "MediaInfoChannels": "القنوات",
    "MediaInfoCodec": "الكودك",
    "MediaInfoCodecTag": "بطاقة الكودك",
    "MediaInfoContainer": "حاوية",
    "MediaInfoDefault": "إفتراضي",
    "MediaInfoExternal": "خارجي",
    "MediaInfoForced": "مجبر",
    "MediaInfoFramerate": "معدل الأطارات",
    "MediaInfoInterlaced": "خطوط متعارضة",
    "MediaInfoLanguage": "اللغة",
    "MediaInfoLayout": "مخطط التصميم",
    "MediaInfoLevel": "المستوى",
    "MediaInfoPath": "مسار",
    "MediaInfoPixelFormat": "صيغة البكسل",
    "MediaInfoProfile": "العريضة",
    "MediaInfoRefFrames": "الأطر المرجعية",
    "MediaInfoResolution": "الجودة",
    "MediaInfoSampleRate": "معدًل الإعتيان",
    "MediaInfoSize": "حجم",
    "MediaInfoTimestamp": "البصمة الزمنية",
    "MessageAlreadyInstalled": "هذا الإصدار تم تثبيته مسبقاً.",
    "MessageAreYouSureYouWishToRemoveMediaFolder": "هل أنت متأكد أنك تريد إزالة مجلد الوسائط هذا؟",
    "MessageConfirmDeleteGuideProvider": "هل أنت متأكد أنك ترغب في حذف مزود الدليل هذا؟",
    "MessageConfirmDeleteTunerDevice": "هل أنت متأكد أنك تريد حذف هذا المولف؟",
    "MessageConfirmProfileDeletion": "هل أنت متأكد أنك تريد حذف هذه العريضة؟",
    "MessageConfirmRemoveMediaLocation": "هل أنت متأكد أنك تريد حذف هذا المكان؟",
    "MessageConfirmRestart": "هل أنت متأكد أنك تريد أن تعيد تشغيل خادم أمبي؟",
    "MessageConfirmRevokeApiKey": "هل أنت متأكد من أنك تريد أن ترفض المفتاح (api) هذا؟ سيتم قطع اتصال التطبيق عن خادم أمبي مباشرة.",
    "MessageConfirmShutdown": "هل أنت متأكد أنك تريد أن تنهي تشغيل الخادم؟",
    "MessageContactAdminToResetPassword": "الرجاء التواصل مع مدير النظام لإعادة أعداد كملة سرّك.",
    "MessageCreateAccountAt": "أنشئ حساب في {0}",
    "MessageDeleteTaskTrigger": "هل أنت متأكد أنك تريد حذف زناد المهمة؟",
    "MessageDirectoryPickerBSDInstruction": "من أجل BSD، يمكنك أن تضبط إعدادات التخزين دخال حساب FreeNAS Jail الخاص بك لكي يتمكن أمبي أن يتصل به.",
    "MessageDirectoryPickerInstruction": "يمكن إدخال مسارات الشبكة يدوياً في حال أن زر الشبكة يخفق في اكتشاف أجهزتك. على سبيل المثال، {0} أو {1}.",
    "MessageDirectoryPickerLinuxInstruction": "من أجل أنظمة التشغيل التالية: Linux أو Arch Linux أو CentOS أو Debian أو Fedora أو openSUSE أو Ubuntu، يجب أن تمنح المستخدم النظامي صلاحية القراءة ليتمكن من الوصول إلى أماكن التخزين.",
    "MessageEnablingOptionLongerScans": "قد يؤدي تمكين هذا الخيار إلى إبطاء البحث في المكتبات بشكل ملحوظ.",
    "MessageFileReadError": "حصل خطأ أثناء قراءة الملف. الرجاء المحاولة مرة اخرى.",
    "MessageForgotPasswordFileCreated": "الملف التالي قد أنشيء على خادمك وهو يحتوي على التوجيهات لكيفية البدء:",
    "MessageForgotPasswordInNetworkRequired": "الرجاء المحاولة من خلال شبكة المنزل لبدء عملية إعادة إعداد كملة السر.",
    "MessageInstallPluginFromApp": "هذا الملحق يجب أن يثبت من داخل التطبيق الذي تريد استخدامه بداخله.",
    "MessageInvalidForgotPasswordPin": "لقد تم إدخال رمز شخصي غير صحيح أو منتهي الصلاحية. الرجاء المحاولة مرة أخرى.",
    "MessageInvalidUser": "اسم المستخدم أو كلمة السر غير صحيحة. الرجاء المحاولة مرة أخرى.",
    "MessageItemSaved": "تم حفظ العنصر.",
    "MessageItemsAdded": "تم اضافة العناصر.",
    "MessageNoAvailablePlugins": "لا توجد أي ملحقات.",
    "MessageNoMovieSuggestionsAvailable": "لا يوجد حالياً اقتراحات افلام. إبداً بمشاهدة وتقييم الأفلام ثم عاود زيارة هذه الصفحة لمشاهدة المقترحات.",
    "MessageNoPluginsInstalled": "ليس عندك أي ملحقات مثبتة.",
    "MessageNoTrailersFound": "لم يتم إيجاد أي عروض إعلانية. قم بتثبيت قناة العروض الإعلانية لتحسين متعة المشاهدة بإضافة مكتبة عروض إعلانية من الإنترنت.",
    "MessageNothingHere": "لا شىء هنا.",
    "MessagePasswordResetForUsers": "لقد تم حذف كلمات السر الخاصة بالمستخدمين التاليين. لتسجيل الدخول، يجب استخدام كلمة سرية فارغة.",
    "MessagePleaseEnsureInternetMetadata": "الرجاء التأكد من أن إمكانية إنزال واصفات البيانات من الإنترنت ممكنة.",
    "MessagePluginConfigurationRequiresLocalAccess": "لضبط",
    "MessagePluginInstallDisclaimer": "إن الملحقات التي بناها أعضاء مجتمع أمبي لهي طريقة رائعة لتحسين متعة استخدام أمبي وذلك بإضافة المزايا والخدمات الجديدة. قبل تثبيت الملحقات، نرجو أخذ العلم بالآثار التي قد تلحقها بخادم أمبي الخاص بك، مثل أوقات أطولة لتمشيط مكتبتك، والعمليات الخلفية الإضافية وتقليل استقرار نظامك.",
    "MessageReenableUser": "أنظر أدناه لإعادة التفعيل",
    "MessageSettingsSaved": "تم حفظ الإعدادات.",
    "MessageTheFollowingLocationWillBeRemovedFromLibrary": "مكان الوسائط التالي سيزال من مكتبة أمبي الخاصة بك:",
    "MessageUnableToConnectToServer": "لم نستطع الاتصال إلى الخادم المختار في الوقت الحالي. الرجاء التأكد من أنه يعمل ثم المحاولة مرة أخرى.",
    "MessageUnsetContentHelp": "المحتوى سيعرض كمجدات اعتيادية. لأفضل النتائج استخدم مدير واصفات البيانات لإعداد نوع محتوى المجلدات الفرعية.",
    "MessageYouHaveVersionInstalled": "الإصدار المثبت حالياً هو {0}.",
    "MetadataManager": "مدير واصفات البيانات",
    "MetadataSettingChangeHelp": "تغيير واصفات البيانات سيكون له تأثير على المحتوى الجديد الذي سيضاف لاحقاً. لإعادة تنشيط المحتوى الموجود، إفتح شاشة التفاصيل ثم اضغط على زر إعادة التنشيط، أو قم بعمل إعادة تنشيط جماعية من خلال مدير واصفات البيانات.",
    "MinutesAfter": "عدد الدقائق اللاحقة",
    "MinutesBefore": "عدد الدقائق السابقة",
    "Monday": "الاثنين",
    "MoreFromValue": "المزيد من {0}",
    "MoreUsersCanBeAddedLater": "يمكن اضافة المستخدمين لاحقا من لوحة العدادات.",
    "Mute": "صامت",
    "NextUp": "التالي",
    "NoNextUpItemsMessage": "لم يتم ايجاد شيء، إبدأ بمشاهدة برامجك!",
    "NoPluginConfigurationMessage": "هذا الملحق ليس له إعدادات تضبط.",
    "NumLocationsValue": "{0} مجلد(ات)",
    "Option3D": "ثلاثي أبعاد",
    "OptionAdminUsers": "المدراء",
    "OptionAlbum": "الألبوم",
    "OptionAlbumArtist": "ألبوم الفنان",
    "OptionAllUsers": "جميع المستخدمين",
    "OptionAllowAudioPlaybackTranscoding": "تمكين تشغيل الصوت الذي يحتاج تشفيراً بينياً",
    "OptionAllowBrowsingLiveTv": "السماح للوصول إلى قنوات التلفزة الحية",
    "OptionAllowContentDownloading": "اسمح بإنزال الوسائط",
    "OptionAllowLinkSharing": "السماح بالمشاركة في قنوات التواصل الاجتماعي",
    "OptionAllowLinkSharingHelp": "فقط الصفحات  التي تحتويى على معلومات الوسائط سيسمح لها بالمشاركة. أما ملفات الوسائط فإنها لن تشارك مع قنوات التواصل. المشاركات محددة زمنياً وستنتهي بعد {0} يوم/أيام.",
    "OptionAllowManageLiveTv": "السماح بإدارة وتسجيل قنوات التلفزة الحية",
    "OptionAllowMediaPlayback": "السماح بتشغيل الوسائط",
    "OptionAllowRemoteControlOthers": "السماح بالتحكم في المستخدمين الآخرين عن بعد",
    "OptionAllowRemoteSharedDevices": "السماح بالتحكم في الأجهزة المشاركة عن بعد",
    "OptionAllowRemoteSharedDevicesHelp": "أجهزة Dlna ستعتبر مشاركة إلى أن يبدأ مستخدم ما بالتحكم بها.",
    "OptionAllowUserToManageServer": "إسمح لهذا المستخدم بالتحكم بالخادم",
    "OptionAllowVideoPlaybackRemuxing": "تمكين تشغيل الفيديو الذي يحتاج إلى التحويل من غير تشفير",
    "OptionAllowVideoPlaybackTranscoding": "تمكين تشغيل الفيديو الذي يحتاج تشفيراً بينياً",
    "OptionArtist": "الفنان",
    "OptionAscending": "تصاعدي",
    "OptionAuto": "آلي",
    "OptionAutomatic": "الآلي",
    "OptionAutomaticallyGroupSeries": "إدمج الحلقات الموزعة بين عدة مجلدات إلى مجلد واحد تلقائياً.",
    "OptionAutomaticallyGroupSeriesHelp": "في حال التفعيل فإن الحلقات الموزعة بين عدة مجلدات ستدمج تلقائياً في مجلد مسلسل واحد.",
    "OptionBlockBooks": "الكتب",
    "OptionBlockChannelContent": "محتوى قنوات الإنترنت",
    "OptionBlockLiveTvChannels": "قنوات التلفاز المباشر",
    "OptionBlockMovies": "الأفلام",
    "OptionBlockMusic": "الموسيقى",
    "OptionBlockTrailers": "العروض الإعلانية",
    "OptionBlockTvShows": "المسلسلات التلفزيونية",
    "OptionCaptionInfoExSamsung": "CaptionInfoEx (أجهزة سامسونج)",
    "OptionCommunityRating": "تقييم المجتمع",
    "OptionContinuing": "متابعة",
    "OptionCriticRating": "تقييم النقاد",
    "OptionCustomUsers": "مخصوص",
    "OptionDaily": "يومي",
    "OptionDateAdded": "تاريخ الإضافة",
    "OptionDateAddedFileTime": "استخدم تاريخ إنشاء الملف",
    "OptionDateAddedImportTime": "استخدم تاريخ التمشيط في المكتبة",
    "OptionDatePlayed": "تاريخ التشغيل",
    "OptionDescending": "تنازلي",
    "OptionDisableUser": "تعطيل هذا المستخدم",
    "OptionDisableUserHelp": "عند التعطيل، فلن يسمح الخادم لهذا المستخدم بالاتصال. وسيتم قطع الاتصالات الموجودة بشكل فوري.",
    "OptionDislikes": "المنكورات",
    "OptionDisplayFolderView": "استعراض المجلد كمجلد وسائط بسيطة",
    "OptionDisplayFolderViewHelp": "عند التفعيل، فإن تطبيقات أمبي ستعرض تصنيفات المجلدات إلى جانب إظهار مكتبة وسائطك. سيكون ذلك مفيد إن كنت تحب أن تستعرض المجلدات كمجلدات عرض بسيطة",
    "OptionDownloadArtImage": "فنيات",
    "OptionDownloadBackImage": "للخلف",
    "OptionDownloadBannerImage": "اليافطة",
    "OptionDownloadBoxImage": "الصندوق",
    "OptionDownloadDiscImage": "القرص",
    "OptionDownloadImagesInAdvance": "أنزل الصور مسبقاً",
    "OptionDownloadLogoImage": "اللوغو",
    "OptionDownloadMenuImage": "القائمة",
    "OptionDownloadPrimaryImage": "أولي",
    "OptionDownloadThumbImage": "القصاصة",
    "OptionEmbedSubtitles": "ضمّن داخل الحاوية",
    "OptionEnableAccessFromAllDevices": "تفعيل الدخول على كافة الأجهزة",
    "OptionEnableAccessToAllChannels": "تفعيل الدخول على كافة القنوات",
    "OptionEnableAccessToAllLibraries": "تمكين الدخول على كافة المكتبات",
    "OptionEnableExternalContentInSuggestions": "تمكين المحتوى الخارجي في المقترحات",
    "OptionEnableExternalContentInSuggestionsHelp": "السماح للعروض الإعلانية من الإنترنت وبرامج بث التلفزة الحي لتضمّن في المحتوى المقترح.",
    "OptionEnableForAllTuners": "تمكين كل أجهزة المولفات",
    "OptionEnableM2tsMode": "تفعيل طور M2ts",
    "OptionEnableM2tsModeHelp": "تفعيل طور M2ts عند التشفير إلى صيغة mpegts.",
    "OptionEnded": "إنتهى",
    "OptionEquals": "تساوي",
    "OptionEstimateContentLength": "توقّع طور المحتوى حال التشفير",
    "OptionEveryday": "كل يوم",
    "OptionExternallyDownloaded": "الإنزال من الخارج",
    "OptionExtractChapterImage": "تفعيل استخلاص صور الأبواب",
    "OptionFavorite": "المفضلات",
    "OptionFriday": "الجمعة",
    "OptionHasSpecialFeatures": "المحتويات الخاصة",
    "OptionHasSubtitles": "الترجمة",
    "OptionHasThemeSong": "أغنية الشارة",
    "OptionHasThemeVideo": "فيديو الشارة",
    "OptionHasTrailer": "العرض الإعلاني",
    "OptionHideUser": "أخفي هذا المستخدم من شاشة الدخول",
    "OptionHideUserFromLoginHelp": "هذه مفيدة لحسابات المدراء المتخفّين أو الخصوصيين. على المستخدم في هذه الحالة أن يدخل بياناته يدوياً عبر إدخال اسم المستخدم وكلمة السر.",
    "OptionHlsSegmentedSubtitles": "ترجمات hsl مقطّعة",
    "OptionHomeVideos": "الفيديوهات والصور المنزلية",
    "OptionIgnoreTranscodeByteRangeRequests": "تجاهل طلبات مديات البايتات أثناء التشفير البيني",
    "OptionIgnoreTranscodeByteRangeRequestsHelp": "عند التفعيل، فسيلتزم بهذه الطلبات ولكن سيتم تجاهل رؤوس مديات البايتات.",
    "OptionImdbRating": "تقييم IMDb",
    "OptionIsHD": "جودة عالية",
    "OptionIsSD": "جودة منخفضة",
    "OptionLikes": "المحببات",
    "OptionMax": "الحد الأقصى",
    "OptionMissingEpisode": "حلفة مفقودة",
    "OptionMonday": "الأثنين",
    "OptionNameSort": "الاسم",
    "OptionNone": "لا شيء",
    "OptionOnAppStartup": "بناء على تشغيل الخادم",
    "OptionOnInterval": "بناء على فترة",
    "OptionParentalRating": "التصنيف الأبوي",
    "OptionPlainStorageFolders": "غرض جميع المجلدات كمجلدات تخزين بسيطة",
    "OptionPlainStorageFoldersHelp": "عند التفعيل، فإن جميع المجلدات ستُمثّل في مخطط DIDL كالتالي: \"كائن.حاوية.مجلد_تخزين\" بدلاً من النوع الأكثر تخصيصاً كما يلي\"الكائن.الحاوية.الشخص.الفنان_الموسيقي\".",
    "OptionPlainVideoItems": "إظهار جميع الفيديوهات كعناصر فيديو بسيطة",
    "OptionPlainVideoItemsHelp": "عند التفعيل، فإن جميع الفيديوهات ستُمثّل في مخطط DIDL كالتالي: \"كائن.عنصر.عنصر_فيديو\" بدلاً من النوع الأكثر تخصيصاً كما يلي \"كائن.عنصر.عنصر_فيديو.فيلم\".",
    "OptionPlayCount": "مرات التشغيل",
    "OptionPlayed": "معزوف",
    "OptionPremiereDate": "تاريخ العرض",
    "OptionProfileAudio": "الصوتيات",
    "OptionProfilePhoto": "صور",
    "OptionProfileVideo": "الفيديو",
    "OptionProfileVideoAudio": "صوتي مرئي",
    "OptionProtocolHls": "البت الحي عبر http",
    "OptionReleaseDate": "تاريخ الإنتاج",
    "OptionReportByteRangeSeekingWhenTranscoding": "قرّر ما إذا كان الخادم يدعم البحث عن البايت حال التشفير",
    "OptionReportByteRangeSeekingWhenTranscodingHelp": "هذه مطلوبة لبعض الأجهزة التي لا تحسن البحث في الوقت.",
    "OptionRequirePerfectSubtitleMatch": "نزّل فقط الترجمات التي توافق بدقة ملفات الفيديو الخاصة بي",
    "OptionResElement": "عناصر res",
    "OptionResumable": "إمكانية التكملة",
    "OptionRuntime": "زمن التشغيل",
    "OptionSaturday": "السبت",
    "OptionSaveMetadataAsHidden": "حفظ واصفات البيانات والصور كملفات مخفية",
    "OptionSaveMetadataAsHiddenHelp": "إن تغيير هذه سيطبق على واصفات البيانات الجديدة من الآن. أما واصفات البيانات الموجودة مسبقاً، فهي ستحدث من قبل الخادم في المرة القادمة التي يتم حفظها.",
    "OptionSpecialEpisode": "حصريات",
    "OptionSunday": "الأحد",
    "OptionThursday": "الخميس",
    "OptionTrackName": "اسم المقطوعة",
    "OptionTuesday": "الثلاثاء",
    "OptionTvdbRating": "تقييم Tvdb",
    "OptionUnairedEpisode": "حلفة لم تبثّ",
    "OptionUnplayed": "غير معزوف",
    "OptionWakeFromSleep": "استيقظ من السبات",
    "OptionWednesday": "الأربعاء",
    "OptionWeekdays": "أيام الأسبوع",
    "OptionWeekends": "أيام العطلة",
    "OptionWeekly": "أسبوعي",
    "OriginalAirDateValue": "تاريخ البث الأصلي: {0}",
    "ParentalRating": "Parental Rating",
    "PasswordMatchError": "كلمة السر وتاكيدها يجب ان يتطابقان.",
    "PasswordResetComplete": "لقد تم اعادة تعيين كلمة السر.",
    "PasswordResetConfirmation": "هل انت متاكد من انك تريد اعادة تعيين كلمة السر؟",
    "PasswordResetHeader": "إعادة تهيئة كلمة السر",
    "PasswordSaved": "تم حفظ كلمة السر.",
    "PictureInPicture": "صورة داخل صورة",
    "PinCodeResetComplete": "تمت إعادة تهيئة الرمز الشخصي",
    "PinCodeResetConfirmation": "هل أنت متأكد أنك تريد إعادة تهيئة الرمز الشخصي؟",
    "PleaseAddAtLeastOneFolder": "الرجاء إضافة مجلد واحد على الأقل لهذه المكتبة بالضغط على زر \"إضافة\"",
    "PleaseConfirmPluginInstallation": "الرجاء الضغط على زر موافق لتأكيد قرائتك لما ورد أعلاه وأنك ترغب في الاستمرار في تثبيت الملحق.",
    "RecommendationBecauseYouLike": "لأنك أحببت {0}",
    "RecommendationBecauseYouWatched": "لأنك شاهدت {0}",
    "RecommendationDirectedBy": "إخراج {0}",
    "RecommendationStarring": "بطولة {0}",
    "RecordingPathChangeMessage": "إن تغيير مجلد التسجيل لم يهجّر التسجيلات الموجودة من الموقع القديم إلى الموقع الجديد. سيتعين عليك أن تنقلهم بنفسك لو شئت.",
    "RememberMe": "تذكرني",
    "Rewind": "الترجيع",
    "Saturday": "السبت",
    "Save": "تخزين",
    "SendMessage": "إرسال رسالة",
    "Series": "المسلسل",
    "ServerUpdateNeeded": "خادم أمبي بحاجة إلى التحديث. لإنزال أحدث إصدار أمبي، الرجاء زيارة {0}",
    "Settings": "الاعدادات",
    "SettingsSaved": "تم حفظ الاعدادات.",
    "SettingsWarning": "إن تغيير هذه الإعدادات سيتسبب في عدم استقرار النظام أو فشل في الاتصالات. إن صرت تلاحظ أية مشاكل، فننصح أن ترجع الإعدادات إلى القيم الافتراضية.",
    "ShowAdvancedSettings": "عرض الاعدادات المتقدمة",
    "Sports": "الرياضة",
    "Subtitles": "الترجمات",
    "Sunday": "الاحد",
    "Sync": "مزامنة",
    "SystemDlnaProfilesHelp": "عرائض النظام تكون مقفلة للقراءة-فقط. وأي تغيير على عريضة من عرائض النظام ستحفظ إلى عريضة مخصوصة جديدة.",
    "TabAccess": "الدخول",
    "TabAdvanced": "متقدم",
    "TabAlbumArtists": "فنانو الألبومات",
    "TabAlbums": "الألبومات",
    "TabArtists": "الفنانون",
    "TabCatalog": "الكتالوج",
    "TabChannels": "القنوات",
    "TabCodecs": "الكودكات",
    "TabCollections": "المجاميع",
    "TabContainers": "الحاويات",
    "TabDashboard": "لوحة العدادات",
    "TabDevices": "الأجهزة",
    "TabDirectPlay": "تشغيل مباشر",
    "TabDisplay": "إظهار",
    "TabEpisodes": "الحلقات",
    "TabFavorites": "المفضلة",
    "TabGenres": "أنواع الأفلام",
    "TabGuide": "الدليل",
    "TabInfo": "معلومات",
    "TabLatest": "الاخير",
    "TabLiveTV": "التلفاز المباشر",
    "TabLogs": "الكشوفات",
    "TabMetadata": "واصفات البيانات",
    "TabMovies": "الفيلم",
    "TabMusic": "الموسيقى",
    "TabMusicVideos": "الفيديوهات الموسيقية",
    "TabMyPlugins": "ملحقاتي",
    "TabNetworks": "الشبكات",
    "TabNfoSettings": "أعدادات Nfo",
    "TabNotifications": "إشعارات",
    "TabOther": "أخرى",
    "TabParentalControl": "التحكم الأبوي",
    "TabPassword": "كلمة السر",
    "TabPlayback": "تشغيل",
    "TabPlaylist": "قائمة التشغيل",
    "TabPlaylists": "قوائم التشغيل",
    "TabPlugins": "الملحقات",
    "TabProfile": "عريضة",
    "TabProfiles": "الحسابات",
    "TabRecordings": "المقاطع المسجلة",
    "TabResponses": "الردود",
    "TabResumeSettings": "استئناف الإعدادات",
    "TabScheduledTasks": "المهام المجدولة",
    "TabSeries": "المسلسلات",
    "TabServer": "الخادم",
    "TabSettings": "الإعدادات",
    "TabShows": "المسلسلات",
    "TabSongs": "الاغانى",
    "TabStreaming": "التشغيل التدفقي",
    "TabSuggestions": "مقترحات",
    "TabTrailers": "العروض الإعلانية",
    "TabTranscoding": "التشفير البيني",
    "TabUpcoming": "القادم",
    "TabUsers": "المستخدمون",
    "TellUsAboutYourself": "اخبرنا عن نفسك",
    "ThisWizardWillGuideYou": "مرشد الاعدادات سيساعدك خلال خطوات عملية الاعدادات. للبدء، الرجاء اختيار لغتك المفضلة.",
    "Thursday": "الخميس",
    "TitleHardwareAcceleration": "تسريع بعتاد الحاسوب",
    "TitleHostingSettings": "إعدادات الاستضافة",
    "TitlePlayback": "تشغيل",
    "Tuesday": "الثلاثاء",
    "UninstallPluginConfirmation": "هل انت متاكد انك تريد إزالة تثبيت {0}؟",
    "UninstallPluginHeader": "الغاء الملحق",
    "Unmute": "غير صامت",
    "UserProfilesIntro": "إمبي يتضمن الدعم التلقائي حسابات المستخدمين، ما يتيح لكل مستخدم أن يحفظ إعدادات العرض الخاصة وحالات تشغيل الوسائط وخواص الرقابة الأبوية.",
    "ValueAlbumCount": "{0} ألبومـ(ات)",
    "ValueAudioCodec": "كودك تشفير الصوت: {0}",
    "ValueCodec": "كودك التشفير: {0}",
    "ValueConditions": "الشروط: {0}",
    "ValueContainer": "الحاوية: {0}",
    "ValueDiscNumber": "القرص {0}",
    "ValueEpisodeCount": "{0} حلقة/حلقات",
    "ValueMinutes": "{0} دقيقة/دقائق",
    "ValueMovieCount": "{0} فيلم/أفلام",
    "ValueMusicVideoCount": "{0} فيديو(هات) موسيقيـ(ـة)",
    "ValueOneAlbum": "ألبوم واحد",
    "ValueOneEpisode": "حلقة واحدة",
    "ValueOneMovie": "فيلم واحد",
    "ValueOneMusicVideo": "فيديو موسيقي واحد",
    "ValueOneSeries": "مسلسل واحدة",
    "ValueOneSong": "أغنية واحدة",
    "ValueSeriesCount": "{0} مسلسل(ات)",
    "ValueSongCount": "{0} أغنية/أغاني",
    "ValueTimeLimitMultiHour": "الحد الزمني: {0} ساعة/ساعات",
    "ValueTimeLimitSingleHour": "الحد الزمني: ساعة واحدة",
    "ValueVideoCodec": "كودك تشفير الفيديو: {0}",
    "ViewPlaybackInfo": "عرض معلومات التشغيل",
    "Wednesday": "الاربعاء",
    "WelcomeToProject": "مرحباً بك في إمبي!",
    "WizardCompleted": "هذا كل ما نحتاجه منك الآن. لقد بدأ أمبي بجمع المعلومات التي يحتاجها عن مكتبة الوسائط الخاصة بك. تفحص بعض تطبيقاتنا ثم اضغط <b>إنهاء</b> لعرض <b>لوحة عدادات الخادم</b>.",
    "XmlDocumentAttributeListHelp": "هذه السمات تنطبق على العناصر الجذرية لكل رد xml.",
    "XmlTvKidsCategoriesHelp": "البرامج من هذه التصنيفات ستعرض كبرامج أطفال. إفصل الإدخالات المتعددة برمز \"|\".",
    "XmlTvMovieCategoriesHelp": "البرامج من هذه التصنيفات ستعرض كأفلام. إفصل الإدخالات المتعددة برمز \"|\".",
    "XmlTvNewsCategoriesHelp": "البرامج من هذه التصنيفات ستعرض كبرامج أخبارية. إفصل الإدخالات المتعددة برمز \"|\".",
    "XmlTvPathHelp": "مسار إلى ملف xml تلفزيوني. سيقوم أمبي بقراءة هذا الملف ويتأكد باستمرار لأية تحديثات. ستكون أنت المسؤول عن إنشاء وتحديث الملف.",
    "XmlTvSportsCategoriesHelp": "البرامج من هذه التصنيفات ستعرض كبرامج رياضية. إفصل الإدخالات المتعددة برمز \"|\".",
    "Yesterday": "البارحة",
    "ConfirmDeleteImage": "حذف الصورة ؟",
    "ConfigureDateAdded": "قم بتكوين كيفية تحديد \"تاريخ الاضافة\" في لوحة تحكم سيرفر Jellyfin ضمن اعدادات المكتبة",
    "Composer": "الحان",
    "CommunityRating": "تقييم المجتمع",
    "ColorTransfer": "نقل اللون",
    "ColorSpace": "مساحة اللون",
    "ChannelNumber": "رقم القناة",
    "ChannelNameOnly": "قناة {0} فقط",
    "ChangingMetadataImageSettingsNewContent": "سيتم تطبيق التغييرات على إعدادات بيانات التعريف أو تنزيل العمل الفني فقط على المحتوى الجديد الذي تمت إضافته إلى مكتبتك. لتطبيق التغييرات على العناوين الحالية ، ستحتاج إلى تحديث بيانات التعريف الخاصة بها يدويًا.",
    "Songs": "الأغاني",
    "Playlists": "قوائم التشغيل",
    "Photos": "الصور",
    "Movies": "الأفلام",
    "HeaderFavoriteSongs": "الأغاني المفضلة",
    "HeaderFavoriteShows": "المسلسلات المفضلة",
    "HeaderFavoriteEpisodes": "الحلقات المفضلة",
    "HeaderFavoriteArtists": "الفنانون المفضلون",
    "Shows": "الحلقات",
    "Books": "الكتب",
    "ValueSpecialEpisodeName": "خاص - {0}",
    "HeaderFavoriteAlbums": "الألبومات المفضلة",
    "HeaderAlbumArtists": "فناني الألبومات",
    "Genres": "التضنيفات",
    "Folders": "المجلدات",
    "Favorites": "المفضلة",
    "Collections": "مجموعات",
    "Categories": "التصنيفات",
    "CancelSeries": "الغاء المسلسل",
    "CancelRecording": "الغاء التسجيل",
    "ButtonScanAllLibraries": "فحص جميع المكتبات",
    "ButtonGotIt": "وجدتها",
    "ButtonAddImage": "اضف صورة",
    "BurnSubtitlesHelp": "لتحديد ما إذا كان يجب على السيرفر حرق الترجمة عند تحويل الفيديو وفقًا لتنسيق الترجمة. تجنب حرق الترجمة يؤدي إلى تحسين أداء السيرفر. حدد \"تلقائي\" لنسخ التنسيقات القائمة على الصور (VOBSUB ، PGS ، SUB / IDX ، إلخ) وبعض العناوين الفرعية ASS / SSA.",
    "BoxRear": "صندوق (خلفي)",
    "Box": "صندوق",
    "BookLibraryHelp": "الكتب الصوتية والنصيةمدعومه. راجع {0} دليل تسمية الكتاب {1}.",
    "Blacklist": "القائمة السوداء",
    "BirthLocation": "مكان الميلاد",
    "Banner": "بانر",
    "Backdrops": "خلفيات متغيرة للصفحة",
    "Backdrop": "خلفية متغيرة للصفحة",
    "AutoBasedOnLanguageSetting": "تلقائي ( بناءً على إعدادات اللغة)",
    "Auto": "تلقائي",
    "AuthProviderHelp": "حدد مقدم المصادقات ليتم استخدامه لمصادقة كلمة مرور هذا المستخدم.",
    "AroundTime": "حول",
    "AttributeNew": "جديد",
    "AspectRatio": "نسبة العرض الى الارتفاع",
    "Ascending": "تصاعدي",
    "AsManyAsPossible": "أكبر عدد ممكن",
    "Artists": "الفنانين",
    "Art": "فن",
    "Anytime": "اي وقت",
    "AnyLanguage": "أي لغة",
    "AlwaysPlaySubtitlesHelp": "الترجمة التي تطابق تفضيلات اللغة سيتم تحميلها بغض النظر عن لغة الصوت.",
    "AlwaysPlaySubtitles": "شغل الترجمة دائماً",
    "AllowedRemoteAddressesHelp": "قائمة لعناوين IP أو إدخالات IP / قناع الشبكة مفصولة بفاصلة للشبكات التي سيتم السماح لها بالاتصال عن بعد. إذا تركت فارغة ، فسيتم السماح بجميع العناوين البعيدة.",
    "AllowOnTheFlySubtitleExtractionHelp": "يمكن استخراج الترجمات المدمجة في الفيديو وعرضها على المشاهد بنص عادي للمساعدة في منع تحويل الفيديو. ولكن في بعض الأنظمة ، قد يستغرق هذا وقتًا طويلًا ويتسبب في توقف تشغيل الفيديو أثناء عملية الاستخراج. قم بتعطيل هذا الأمر ليتم حرق ترجمات مضمّنة مع تحويل الفيديو عندما لا تكون معتمدة من قبل الجهاز العميل.",
    "AllowOnTheFlySubtitleExtraction": "السماح بإستخراج الترجمه في الحال",
    "AllowMediaConversionHelp": "السماح او عدم السماح بالوصول لخاصية تحويل الوسائط.",
    "AllowMediaConversion": "السماح بتحويل الوسائظ",
    "AllLanguages": "كل اللغات",
    "AllEpisodes": "كل الحلقات",
    "AllComplexFormats": "جميع التنسيقات المعقدة (ASS ، SSA ، VOBSUB ، PGS ، SUB / IDX ، ...)",
    "AllChannels": "كل القنوات",
    "Albums": "البومات",
    "Aired": "عرضت",
    "AirDate": "تاريخ العرض",
    "AddedOnValue": "أضيفت",
    "AddToPlaylist": "أضف لقائمة",
    "AddToPlayQueue": "أضف لقائمة التشغيل",
    "AddToCollection": "أضف للمجموعة",
    "Add": "إضافة",
    "Actor": "ممثل",
    "AccessRestrictedTryAgainLater": "الوصول مقيد حاليًا. الرجاء معاودة المحاولة في وقت لاحق.",
    "Absolute": "مطلق",
    "Ended": "انتهى",
    "EndsAtValue": "ينتهى عند {0}",
    "Episodes": "الحلقات",
    "ConfirmDeletion": "تأكيد الحذف",
    "ConfirmDeleteItems": "سوف يتم حذف هذه العناصر من نظام الملفات ومن مكتبة الوسائط. هل ترغب فى الاستمرار؟",
    "EveryNDays": "كل {0} يوم",
    "ConfirmDeleteItem": "سوف يتم حذف هذا العنصر من نظام الملفات ومن مكتبة الوسائط. هل ترغب فى الاستمرار؟",
    "DropShadow": "اسقاط ظل",
    "LabelDropShadow": "اسقاط الظل:",
    "EditSubtitles": "تعديل الترجمات",
    "EditMetadata": "تعديل البيانات الوصفية",
    "EditImages": "تعديل الصور",
    "Edit": "تعديل",
    "ManageRecording": "ادارة التسجيل",
    "ManageLibrary": "ادارة المكتبة",
    "MessageImageTypeNotSelected": "الرجاء اختيار نوع الصورة من القائمة المنسدلة.",
    "MessageImageFileTypeAllowed": "ملفات JPEG و PNG مدعومون فقط.",
    "MessageDownloadQueued": "تمت إضافة التحميل إلى قائمة الانتظار.",
    "MessageConfirmRecordingCancellation": "الغاء التسجيل؟",
    "MessageAreYouSureDeleteSubtitles": "هل انت متأكد انك تريد حذف ملف الترجمة هذا؟",
    "Menu": "القائمة",
    "MediaInfoStreamTypeSubtitle": "الترجمة",
    "MediaInfoStreamTypeEmbeddedImage": "الصورة المضمنة",
    "MediaInfoStreamTypeData": "البيانات",
    "MediaInfoStreamTypeAudio": "الصوت",
    "MediaInfoSoftware": "البرمجيات",
    "MediaIsBeingConverted": "يتم تحويل الوسط الى صيغة متوافقة مع الحهاز الذي يشغل الوسط.",
    "MediaInfoStreamTypeVideo": "فيديو",
    "ContinueWatching": "اكمل المشاهدة",
    "Horizontal": "عرضي",
    "Home": "الصفحة الرئيسية",
    "HideWatchedContentFromLatestMedia": "اخفاء المحتوى الذي تمت مشاهدته من احدث الوسائط",
    "Hide": "اخفاء",
    "Help": "المساعدة",
    "HeaderVideoType": "نوع الفيديو",
    "HeaderVideoQuality": "جودة الفيديو",
    "HeaderSubtitleDownloads": "تحميلات الترجمة",
    "HeaderSubtitleAppearance": "شكل الترجمة",
    "HeaderStopRecording": "اوقف التسجيل",
    "HeaderStartNow": "شغل الآن",
    "HeaderSeriesStatus": "حالة المسلسل",
    "HeaderSeriesOptions": "اعدادات المسلسل",
    "HeaderSecondsValue": "{0} ثوانى",
    "HeaderRecordingOptions": "اعدادات التسجيل",
    "HeaderPlaybackError": "خطأ فى التشغيل",
    "HeaderPlayOn": "شغل على",
    "HeaderPhotoAlbums": "البومات الصور",
    "HeaderOnNow": "الآن",
    "HeaderNextVideoPlayingInValue": "سيتم تشغيل الفيديو القادم فى {0}",
    "HeaderNextEpisodePlayingInValue": "سيتم تشغيل الحلقة القادمة فى {0}",
    "HeaderNewDevices": "الاجهزة الجديدة",
    "HeaderNavigation": "التنقل",
    "HeaderMyMediaSmall": "وسائطى (العرض الصغير)",
    "HeaderMyDevice": "جهازى",
    "HeaderMusicQuality": "جودة الموسيقي",
    "HeaderMetadataSettings": "اعدادات البيانات الوصفية",
    "HeaderLiveTvTunerSetup": "اعداد موالف التلفاز المباشر",
    "HeaderLibrarySettings": "اعدادات المكتبة",
    "HeaderLibraryOrder": "ترتيب المكتبة",
    "HeaderKodiMetadataHelp": "لتشغيل او اطفاء البيانات الوصفية بصيغة NFO، عدل احد المكتبات فى اعدادات المكتبات واوجد قسم حافظات البيانات الوصفية.",
    "EnableNextVideoInfoOverlay": "عرض معلومات الفيديو القادم اثناء التشغيل",
    "DatePlayed": "تاريخ التشغيل",
    "DateAdded": "تاريخ الاضافة",
    "CriticRating": "تقييم النقاد",
    "ResumeAt": "اكمل من {0}",
    "AskAdminToCreateLibrary": "أطلب من الأدمن إنشاء مكتبة.",
    "Artist": "الفنان",
    "AllowFfmpegThrottling": "إبطاء الترميزات",
    "AlbumArtist": "المؤدي",
    "Album": "الألبوم",
    "Disconnect": "قطع الاتصال",
    "Disc": "القرص",
    "Disabled": "تعطيل",
    "Directors": "المخرجون",
    "Director": "المخرج",
    "DirectPlaying": "بث بدون تحويل الصيغة",
    "DirectStreaming": "البث المباشر",
    "DirectStreamHelp2": "البث المباشر للملف يستخدم طاقة معالجة قليلة جدًا دون أي خسارة في جودة الفيديو.",
    "DirectStreamHelp1": "الوسائط متوافقة مع الجهاز فيما يتعلق بالدقة ونوع الوسائط (H.264 ، AC3 ، إلخ) ، ولكنها في حاوية ملفات غير متوافقة (mkv ، avi ، wmv ، إلخ). سيتم إعادة حزم الفيديو في الوقت الحقيقي قبل بثه إلى الجهاز.",
    "DetectingDevices": "يتم الكشف عن الأجهزة",
    "Desktop": "سطح المكتب",
    "Descending": "تنازلي",
    "Depressed": "منخفض",
    "DeinterlaceMethodHelp": "حدد طريقة فك التشابك لاستخدامها عند تحويل محتوى متشابك.",
    "DefaultSubtitlesHelp": "يتم تحميل الترجمات استنادًا إلى العلامات الافتراضية والقسرية في البيانات الوصفية المضمنة. سيتم اعتبار تفضيلات اللغة عند توفر خيارات متعددة.",
    "DefaultMetadataLangaugeDescription": "هذه هي إعداداتك الافتراضية ويمكن تخصيصها على أساس كل مكتبة.",
    "Default": "افتراضي",
    "CopyStreamURLError": "توجد مشكله في نسخ الرابط",
    "CopyStreamURL": "نسخ عنوان الرابط",
    "Continuing": "مستمر",
    "CopyStreamURLSuccess": "URL copied successfully.",
    "Connect": "اتصال",
    "ConfirmEndPlayerSession": "هل تريد اطفاء النظام؟",
    "ColorPrimaries": "الألوان",
    "ClientSettings": "إعدادات التطبيق",
    "ButtonTogglePlaylist": "قائمة التشغيل",
    "BoxSet": "طقم",
    "ButtonToggleContextMenu": "المزيد",
    "ButtonSplit": "تقسيم",
    "AllowFfmpegThrottlingHelp": "عندما يتقدم رمز تحويل أو إعادة تحويل بعيدًا بما فيه الكفاية عن موضع التشغيل الحالي ، أوقف العملية مؤقتًا حتى تستهلك موارد أقل. هذا مفيد للغاية عند المشاهدة دون البحث كثيرًا. أوقف هذا إذا واجهت مشاكل في التشغيل.",
    "InstallingPackage": "تثبيت {0} (الإصدار {1})",
    "Images": "الصور",
    "Identify": "التعرف على الوسائط",
    "HttpsRequiresCert": "لتمكين الاتصالات الآمنة ، ستحتاج إلى توفير شهادة SSL موثوقة ، مثل Letsencrypt. يرجى إما تقديم شهادة أو تعطيل الاتصالات الآمنة.",
    "HeaderServerAddressSettings": "إعدادات عنوان السيرفر",
    "HeaderRemoteAccessSettings": "إعدادات الوصول عن بعد",
    "HeaderKeepSeries": "حافظ على السلسلة",
    "HeaderKeepRecording": "استمر في التسجيل",
    "HeaderIdentifyItemHelp": "أدخل معيار بحث واحد أو أكثر. إزالة المعايير لزيادة نتائج البحث.",
    "HeaderHttpsSettings": "إعدادات HTTPS",
    "HeaderHome": "الصفحة الرئيسية",
    "HeaderFetcherSettings": "إعدادات الجلب",
    "HeaderFavoritePlaylists": "قوائم التشغيل المفضلة",
    "HeaderFavoriteVideos": "مقاطع الفيديو المفضلة",
    "HeaderFavoritePeople": "أناس مفضلين",
    "HeaderFavoriteMovies": "الأفلام المفضلة",
    "HeaderFavoriteBooks": "الكتب المفضلة",
    "HeaderExternalIds": "المعرفات الخارجية:",
    "HeaderEnabledFieldsHelp": "قم بإلغاء تحديد حقل لقفله ومنع تغيير بياناته.",
    "HeaderEnabledFields": "الحقول الممكّنة",
    "HeaderEditImages": "تحرير الصور",
    "HeaderDVR": "DVR",
    "HeaderDownloadSync": "تنزيل ومزامنة",
    "HeaderDetectMyDevices": "كشف أجهزتي",
    "HeaderDeleteItems": "حذف العناصر",
    "HeaderContinueListening": "استمر في الاستماع",
    "HeaderConfigureRemoteAccess": "إعدادات الوصول عن بعد",
    "HeaderChapterImages": "صور الفصل",
    "HeaderCancelSeries": "إلغاء السلسلة",
    "HeaderCancelRecording": "إلغاء التسجيل",
    "HeaderBlockItemsWithNoRating": "حظر العناصر التي لا تحتوي على معلومات تصنيف أو لم يتم التعرف عليها:",
    "HeaderAudioBooks": "الكتب الصوتية",
    "HeaderAppearsOn": "يظهر على",
    "ApiKeysCaption": "قائمة مفاتيح API الممكّنة حاليًا",
    "HeaderAddToPlaylist": "أضف إلى قائمة التشغيل",
    "HeaderAddToCollection": "أضف إلى المجموعة",
    "HDPrograms": "برامج HD",
    "Guide": "الدليل",
    "GuestStar": "النجم الضيف",
    "GroupVersions": "إصدارات المجموعة",
    "GroupBySeries": "تجميع حسب السلسلة",
    "Genre": "نوع أدبي",
    "General": "الاعدادات العامة",
    "FormatValue": "صيغة الملف: {0}",
    "Filters": "مرشحات",
    "File": "ملف",
    "FetchingData": "يتم تنزيل بيانات إضافية",
    "Features": "الميزات",
    "Favorite": "المفضلة",
    "Extras": "مواسم إضافية",
    "ErrorDeletingItem": "حدث خطأ في حذف العنصر من سيرفر Jellyfin. يرجى التحقق من أن سيرفر Jellyfin لديه حق الوصول للكتابة إلى مجلد الوسائط وحاول مرة أخرى.",
    "Episode": "حلقة",
    "EnableThemeVideosHelp": "قم بتشغيل الفيديوهات الرئيسية في الخلفية أثناء تصفح المكتبة.",
    "EnableThemeVideos": "الفيديوهات الرئيسية",
    "EnableThemeSongsHelp": "قم بتشغيل اللحن الرئيسي في الخلفية أثناء تصفح المكتبة.",
    "EnableThemeSongs": "اللحن الرئيسي",
    "EnableStreamLoopingHelp": "قم بتمكين هذا إذا كانت عمليات البث المباشر تحتوي فقط على بضع ثوان من البيانات وتحتاج إلى إعادة طلب مستمر. قد يؤدي تمكين هذا عندما لا تكون هناك حاجة إلى مشاكل.",
    "EnableStreamLooping": "تكرار البث المباشر",
    "EnableHardwareEncoding": "تمكين تشفير الأجهزة",
    "EnableExternalVideoPlayersHelp": "سيتم عرض قائمة مشغل خارجي عند بدء تشغيل الفيديو.",
    "EnableExternalVideoPlayers": "مشغلات الفيديو الخارجية",
    "EnableDisplayMirroring": "اعرض شاشتك على شاشة أخرى",
    "EnableColorCodedBackgrounds": "تصنيف الخلفيات حسب اللون",
    "EnableCinemaMode": "وضع السينما",
    "EnableBackdropsHelp": "اعرض الخلفيات في خلفية بعض الصفحات أثناء تصفح المكتبة.",
    "EnableBackdrops": "الخلفيات",
    "DownloadsValue": "عدد التنزيلات {0}",
    "Download": "تحميل",
    "Down": "أسفل",
    "DoNotRecord": "لا تسجل",
    "DisplayModeHelp": "حدد نمط العرض الذي تريده للواجهة.",
    "DisplayMissingEpisodesWithinSeasonsHelp": "يجب تمكين هذا أيضًا لمكتبات التلفزيون في إعدادات السيرفر.",
    "DisplayMissingEpisodesWithinSeasons": "عرض الحلقات المفقودة خلال المواسم",
    "DisplayInOtherHomeScreenSections": "عرض في أقسام الشاشة الرئيسية مثل أحدث الوسائط واستمر في المشاهدة",
    "DisplayInMyMedia": "عرض على الشاشة الرئيسية",
    "Display": "عرض",
    "Dislike": "لم يعجبنى",
    "ButtonSyncPlay": "SyncPlay",
    "ExtraLarge": "كبير جدا",
    "EnableNextVideoInfoOverlayHelp": "في نهاية الفيديو, عرض معلومات عن الفيديو القادم في قائمة التشغيل."
}
