{
    "TabLogs": "Crow's Nest",
    "HeaderAdmin": "Cap'n",
    "WelcomeToProject": "Ahoy, matey! This be Jellyfin!",
    "ButtonOk": "Aye",
    "DisplayInMyMedia": "Show on the Poop Deck",
    "HeaderCastAndCrew": "Mateys",
    "HeaderMusicQuality": "Sea Shanty Strength",
    "HeaderLatestMusic": "Latest Sea Shanties",
    "FolderTypeMusic": "Sea Shanties",
    "OptionBlockBooks": "Tall Tales",
    "HeaderFavoriteBooks": "Fav'rit Tales",
    "HeaderBooks": "Tall Tales",
    "HeaderAudioBooks": "Spoken Tales",
    "FolderTypeBooks": "Tall Tales",
    "Books": "Tall Tales",
    "LabelHomeNetworkQuality": "Sail strength:",
    "Home": "Poop Deck",
    "HeaderHome": "Poop Deck",
    "DisplayInOtherHomeScreenSections": "Show on Poop Deck such as latest booty and continue plundering",
    "ButtonHome": "Poop deck",
    "HeaderCastCrew": "Mateys",
    "Add": "Upend",
    "Actor": "Privateer",
    "AccessRestrictedTryAgainLater": "Ye arn't appearin' on the list o' the livin'!",
    "ButtonSyncPlay": "SyncPlay",
    "AddedOnValue": "Upended {0}",
    "AddToCollection": "Add to ye collection"
}
