{
    "Actor": "Skuespiller",
    "Add": "Tilføj",
    "AddItemToCollectionHelp": "Tilføj emner til samlinger ved at fremsøge dem, og herefter ved højre klik eller tap-menu at tilføje dem til samlinger.",
    "AddToCollection": "Tilføj til samling",
    "AddToPlayQueue": "Tilføj til afspilningskø",
    "AddToPlaylist": "Tilføj til afspilningsliste",
    "AddedOnValue": "Tilføjet {0}",
    "AdditionalNotificationServices": "Kig i plugin kataloget for at få yderligere underretnings-tjenester.",
    "Alerts": "Advarsler",
    "All": "Alle",
    "AllChannels": "Alle kanaler",
    "AllEpisodes": "Alle episoder",
    "AllLibraries": "Alle biblioteker",
    "AllowHWTranscodingHelp": "Hvis aktiveret, omkoder tuneren streams on-the-fly. Dette kan hjælpe med at reducere omkodning der kræves af Jellyfin Server.",
    "AllowMediaConversion": "Tillad media konvertering",
    "AllowMediaConversionHelp": "Giv eller nægt adgang til Konvertér Media featuren.",
    "AllowOnTheFlySubtitleExtraction": "Tillad udtræk af undertekster on-the-fly",
    "AllowOnTheFlySubtitleExtractionHelp": "Indeholdte undertekster kan trækkes ud af videoer og leveres til Jellyfin apps i ren tekst for at afhjælpe video kodning. På nogle systemer kan dette tage lang tid og forårsage at afspilning kan hænge mens den udtrækker. Slå dette fra, for at have undertekster brændt ind i video kodningen når det er supporteret på klient enheden.",
    "AllowRemoteAccess": "Tillad fjernadgang til denne Jellyfin Server.",
    "AllowRemoteAccessHelp": "Hvis ikke markeret, vil alle fjernforbindelser blive blokeret.",
    "AllowedRemoteAddressesHelp": "Komma seperareret liste over IP adresser og netmasker der har ret til fjernadgang. Hvis blank er alle adresser tilladte.",
    "Anytime": "Altid",
    "AroundTime": "Omkring {0}",
    "AsManyAsPossible": "Så mange som muligt",
    "AspectRatio": "Billedformat",
    "AttributeNew": "Ny",
    "Audio": "Lyd",
    "BirthDateValue": "Født: {0}",
    "BirthLocation": "Fødselslokation",
    "BirthPlaceValue": "Fødselssted: {0}",
    "BookLibraryHelp": "Lyd- og tekstbøger er understøttet. Se {0}Jellyfins guide til navngivning af bøger{1}.",
    "Browse": "Gennemse",
    "BrowsePluginCatalogMessage": "Gennemse vores plugin-katalog for at se tilgængelige plugins.",
    "ButtonAdd": "Tilføj",
    "ButtonAddMediaLibrary": "Tilføj Mediebibliotek",
    "ButtonAddScheduledTaskTrigger": "Tilføj udløser",
    "ButtonAddServer": "Tilføj Server",
    "ButtonAddUser": "Tilføj bruger",
    "ButtonArrowDown": "Ned",
    "ButtonArrowLeft": "Venstre",
    "ButtonArrowRight": "Højre",
    "ButtonArrowUp": "Op",
    "ButtonAudioTracks": "Lysspor",
    "ButtonBack": "Tilbage",
    "ButtonCancel": "Annuller",
    "ButtonChangeServer": "Skift server",
    "ButtonConnect": "Forbind",
    "ButtonDelete": "Slet",
    "ButtonDeleteImage": "Slet billede",
    "ButtonDown": "Ned",
    "ButtonDownload": "Hent",
    "ButtonEdit": "Rediger",
    "ButtonEditImages": "Rediger billeder",
    "ButtonEditOtherUserPreferences": "Rediger denne brugers profil, billede og personlige indstillinger.",
    "ButtonForgotPassword": "Glemt adgangskode",
    "ButtonFullscreen": "Fuld skærm",
    "ButtonGotIt": "Forstået",
    "ButtonHelp": "Hjælp",
    "ButtonHome": "Hjem",
    "ButtonLearnMore": "Lær mere",
    "ButtonLibraryAccess": "Biblioteksadgang",
    "ButtonManualLogin": "Manuel Login",
    "ButtonMore": "Mere",
    "ButtonNetwork": "Netværk",
    "ButtonNew": "Ny",
    "ButtonNextTrack": "Næste spor",
    "ButtonOff": "Fra",
    "ButtonOpen": "Åben",
    "ButtonParentalControl": "Forældrekontrol",
    "ButtonPlay": "Afspil",
    "ButtonPreviousTrack": "Forrige spor",
    "ButtonProfile": "Profil",
    "ButtonQuickStartGuide": "Hurtig-start guide",
    "ButtonRefresh": "Opdater",
    "ButtonRefreshGuideData": "Opdater Guide data",
    "ButtonRemove": "Fjern",
    "ButtonRename": "Omdøb",
    "ButtonRepeat": "Gentag",
    "ButtonResetEasyPassword": "Nulstil pinkode",
    "ButtonResetPassword": "Nulstil adgangskode",
    "ButtonRestart": "Genstart",
    "ButtonResume": "Genoptag",
    "ButtonRevoke": "Invalider",
    "ButtonSave": "Gem",
    "ButtonScanAllLibraries": "Skan Alle Biblioteker",
    "ButtonSearch": "Søg",
    "ButtonSelectDirectory": "Vælg mappe",
    "ButtonSelectServer": "Vælg server",
    "ButtonSelectView": "Vælg visning",
    "ButtonSettings": "Indstillinger",
    "ButtonShuffle": "Bland",
    "ButtonShutdown": "Luk",
    "ButtonSignIn": "Log Ind",
    "ButtonSignOut": "Log ud",
    "ButtonSort": "Sortér",
    "ButtonSubmit": "Indsend",
    "ButtonSubtitles": "Undertekster",
    "ButtonUninstall": "Afinstaller",
    "ButtonUp": "Op",
    "ButtonViewWebsite": "Besøg hjemmeside",
    "ButtonWebsite": "Hjemmeside",
    "CancelRecording": "Annuller optagelse",
    "CancelSeries": "Annuller serie",
    "Categories": "Kategorier",
    "ChangingMetadataImageSettingsNewContent": "Ændringer til metadata eller billeder hentnings indstillinger bliver kun aktiveret til nyt indhold i dit bibliotek. For at aktivere ændringer til eksisterende titler, skal du opdatere deres metadata manuelt.",
    "ChannelAccessHelp": "Vælg hvilke kanaler der skal deles med denne bruger. Administratorer vil kunne redigere alle kanaler ved hjælp af metadata administratoren.",
    "ChannelNameOnly": "Udelukkende kanal {0}",
    "ChannelNumber": "Kanalnummer",
    "Channels": "Kanaler",
    "CinemaModeConfigurationHelp": "Biograftilstand giver dig biografoplevelsen direkte ind i din stue, med muligheden for at vise trailere og brugerdefinerede introduktioner før hovedfilmen.",
    "Composer": "Komponist",
    "ConfigureDateAdded": "Konfigurer hvordan tilføjet-dato bestemmes, under Jellyfin Server-kontrolpanelet under Biblioteksindstillinger",
    "ConfirmDeleteImage": "Slet billede?",
    "ConfirmDeleteItem": "Hvis dette element slettes, fjernes det både fra dit filsystem samt din mediebibliotek. Er du sikker på du ønsker at fortsætte?",
    "ConfirmDeleteItems": "Sletning af disse emner vil både fjerne dem fra filsystemet og dit mediebibliotek. Er du sikker på at du vil fortsætte?",
    "ConfirmDeletion": "Bekræft sletning",
    "Connect": "Forbind",
    "Continuing": "Forsættes",
    "CustomDlnaProfilesHelp": "Lav brugerdefinerede profiler til nye enheder eller for at overstyre en systemprofil.",
    "DeathDateValue": "Dødsdato: {0}",
    "DefaultErrorMessage": "Det opstod en fejl ved behandlingen af forespørgslen. Prøv igen senere.",
    "DefaultMetadataLangaugeDescription": "Dette er dine standarder og kan brugerdefineres på per-biblioteks basis.",
    "Delete": "Slet",
    "DeleteDeviceConfirmation": "Er du sikker på du ønsker at slette denne enhed? Den vil dukke op igen næste gang en bruger logger ind med den.",
    "DeleteImage": "Slet billede",
    "DeleteImageConfirmation": "Er du sikker på du vil slette dette billede?",
    "DeleteMedia": "Slet medie",
    "DeleteUser": "Slet Bruger",
    "DeleteUserConfirmation": "Er du sikker på du ønsker at slette denne bruger?",
    "DetectingDevices": "Finder enheder",
    "DeviceAccessHelp": "Dette gælder kun for enheder, der kan identificeres unikt, og vil ikke forhindre adgang fra en browser. Ved at filtrere brugeres adgang fra enheder, kan du forhindre dem i at bruge nye enheder før de er blevet godkendt her.",
    "Director": "Instruktør",
    "Disabled": "Deaktiveret",
    "Disconnect": "Afbryd",
    "DoNotRecord": "Optag ikke",
    "Download": "Hent",
    "DrmChannelsNotImported": "Kanaler med DRM importeres ikke.",
    "EasyPasswordHelp": "Din pinkode bruges til offline adgang til understøttede Jellyfin apps, og kan også bruges til nemt login inden for eget netværk.",
    "Edit": "Rediger",
    "EditImages": "Rediger billeder",
    "EditSubtitles": "Rediger undertekster",
    "EnableCinemaMode": "Aktiver biograftilstand",
    "EnableColorCodedBackgrounds": "Aktiver farvekodet baggrunde",
    "EnableHardwareEncoding": "Aktiver hardware indkoding",
    "EnablePhotos": "Aktiver fotos",
    "EnablePhotosHelp": "Fotos bliver opdaget og vist sammen med andre mediefiler.",
    "EnableStreamLooping": "Auto-gentag live streams",
    "EnableStreamLoopingHelp": "Aktiver dette hvis live streams kun indeholder få sekunders data og skal efterspørgsel hele tiden. Aktivering af dette uden det er nødvendigt kan forårsage problemer.",
    "Ended": "Færdig",
    "EndsAtValue": "Slutter {0}",
    "ErrorAddingListingsToSchedulesDirect": "Der opstod en fejl under tilføjelse af opstilling til din Schedules Direct-konto. Schedules Direct tillader kun et begrænset antal opstillinger pr. konto. Du bliver muligvis nød til at logge på Schedules Direct-hjemmesiden og fjerne andre lister fra din konto for at fortsætte.",
    "ErrorAddingMediaPathToVirtualFolder": "Der opstod en fejl under tilføjelse af mediesti. Kontroller venligst at stien er gyldig og at Jellyfin Server-processen har adgang til denne lokation.",
    "ErrorAddingTunerDevice": "Der opstod en fejl under tilføjelse af tuner-enhed. Kontroller venligst at den er tilgængelig og prøv igen.",
    "ErrorAddingXmlTvFile": "Der opstod en fejl under tilgang til XmlTV-filen. Kontroller venligst at filen findes og prøv igen.",
    "ErrorGettingTvLineups": "Der opstod en fejl under download af tv-opstillinger. Kontroller venligst at dine informationer er korrekte og prøv igen.",
    "ErrorMessageStartHourGreaterThanEnd": "Slut tid skal være større end start tid.",
    "ErrorPleaseSelectLineup": "Vælg venligst en opstilling og prøv igen. Hvis ingen opstillinger er tilgængelige, så kontroller venligst at dit brugernavn, adgangskode og postnummer er korrekt.",
    "ErrorSavingTvProvider": "Der opstod en fejl i forsøget på at gemme udbyder. Kontroller venligst at den er tilgængelig og prøv igen.",
    "EveryNDays": "Hver {0} dage",
    "ExitFullscreen": "Afslut fuldskærm",
    "ExtractChapterImagesHelp": "Udvinding af kapitelbilleder lader Jellyfin apps vise grafiske menuer for scenevalg. Processen kan være langsom, cpu-intensiv og kræver muligvis adskillige gigabytes af lagerplads. Den køres når videoer opdages og desuden som en planlagt opgave, natligt. Den planlagte opgave kan konfigureres i området for planlagte opgaver. Det anbefales ikke at køre denne opgave under timer med spidsbelastning.",
    "FFmpegSavePathNotFound": "Vi er ikke i stand til at finde FFmpeg via stien du har angivet. FFprobe er også påkrævet og skal findes i samme mappe. Disse komponenter er som regel pakket i den samme download. Kontroller venligst stien og prøv igen.",
    "FastForward": "Spol fremad",
    "Favorite": "Favorit",
    "File": "Fil",
    "FileNotFound": "Filen blev ikke fundet.",
    "FileReadCancelled": "Læsning af filen er annulleret.",
    "FileReadError": "Der opstod en fejl i forsøget på at læse filen.",
    "FolderTypeBooks": "Bøger",
    "FolderTypeMovies": "Film",
    "FolderTypeMusic": "Musik",
    "FolderTypeMusicVideos": "Musikvideoer",
    "FolderTypeTvShows": "TV",
    "FolderTypeUnset": "Ikke valgt (blandet indhold)",
    "Friday": "Fredag",
    "Fullscreen": "Fuldskærm",
    "General": "Generel",
    "Genres": "Genrer",
    "GroupVersions": "Grupér versioner",
    "GuestStar": "Gæsteskuespiller",
    "GuideProviderSelectListings": "Vælg Udbyder",
    "H264CrfHelp": "Den Konstante Ratefaktor (CRF) er standardindstillingen for X264-koderen. Du kan sætte værdien i mellem 0 og 51, hvor de lavere værdier resulterer i bedre kvalitet (på bekostning af større filstørrelser). Fornuftige værdier er i mellem 18 og 28. Standarden for X264 er 23, så du kan bruge dette som udgangspunkt.",
    "H264EncodingPresetHelp": "Vælg en hurtigere værdi for at forbedre ydeevne, eller en langsommere værdi for at forbedre kvalitet.",
    "HDPrograms": "HD-programmer",
    "HardwareAccelerationWarning": "Aktivering af hardwareacceleration kan forårsage ustabilitet i nogle miljøer. Kontroller at dit operativsystem og videodriver er ajourført. Hvis du har problemer med at afspille video efter aktivering af dette, bliver du nød til at skifte tilbage til Auto.",
    "HeaderAccessSchedule": "Adgangsskema",
    "HeaderAccessScheduleHelp": "Skab et adgangsskema for at begrænse adgangen til bestemte tidsrum.",
    "HeaderActiveDevices": "Aktive enheder",
    "HeaderActiveRecordings": "Aktive optagelser",
    "HeaderActivity": "Aktivitet",
    "HeaderAddScheduledTaskTrigger": "Tilføj udløser",
    "HeaderAddToCollection": "Tilføj til samling",
    "HeaderAddToPlaylist": "Tilføj til afspilningsliste",
    "HeaderAddUpdateImage": "Tilføj/opdater billede",
    "HeaderAddUser": "Tilføj bruger",
    "HeaderAdditionalParts": "Andre stier",
    "HeaderAlert": "Advarsel",
    "HeaderAllowMediaDeletionFrom": "Tillad Media Sletning Fra",
    "HeaderApiKey": "API nøgle",
    "HeaderApiKeys": "API nøgler",
    "HeaderApiKeysHelp": "Eksterne applikationer skal have en API nøgle for at kunne kommunikere med Jellyfin. Nøgler udstedes ved at logge ind med en Jellyfin konto, eller ved manuelt at tildele applikationen en nøgle.",
    "HeaderAudioSettings": "Lydindstillinger",
    "HeaderAutomaticUpdates": "Automatiske opdateringer",
    "HeaderBlockItemsWithNoRating": "Klokér titler uden eller med ukendt bedømmelses information:",
    "HeaderBooks": "Bøger",
    "HeaderCancelRecording": "Annuller Optagelse",
    "HeaderCancelSeries": "Annuller Serie",
    "HeaderCastAndCrew": "Medvirkende",
    "HeaderCastCrew": "Medvirkende",
    "HeaderChannelAccess": "Adgang til kanaler",
    "HeaderChannels": "Kanaler",
    "HeaderChapterImages": "Kapitel Billeder",
    "HeaderCodecProfile": "Codec profil",
    "HeaderCodecProfileHelp": "Codec profiler angiver begrænsninger på en enhed for et specifikt codec. Hvis en begrænsning nås, vil indholdet blive transkodet, selv om codec'et er angivet til direkte afspilning.",
    "HeaderConfigureRemoteAccess": "Konfigurér Fjernadgang",
    "HeaderConfirmPluginInstallation": "Bekræft Installation af Plugin",
    "HeaderConfirmProfileDeletion": "Bekræft sletning af profil",
    "HeaderConfirmRevokeApiKey": "Invalider API nøgle",
    "HeaderConnectToServer": "Forbind til server",
    "HeaderConnectionFailure": "Forbindelsesfejl",
    "HeaderContainerProfile": "Container profil",
    "HeaderContainerProfileHelp": "Container profiler angiver begrænsninger på en enhed for et specifikt codec. Hvis en begrænsning nås, vil indholdet blive transkodet, selv om formatet er angivet til direkte afspilning.",
    "HeaderContinueWatching": "Fortsæt Afspilning",
    "HeaderCustomDlnaProfiles": "Brugerdefinerede profiler",
    "HeaderDateIssued": "Udstedelsesdato",
    "HeaderDefaultRecordingSettings": "Originale Optageindstillinger",
    "HeaderDeleteDevice": "Slet enhed",
    "HeaderDeleteItem": "Slet element",
    "HeaderDeleteItems": "Slet emner",
    "HeaderDeleteProvider": "Slet Udbyder",
    "HeaderDeleteTaskTrigger": "Slet Udløser",
    "HeaderDetectMyDevices": "Find Mine Enheder",
    "HeaderDeveloperInfo": "Information om udvikleren",
    "HeaderDeviceAccess": "Enhedsadgang",
    "HeaderDevices": "Enheder",
    "HeaderDirectPlayProfile": "Profil for direkte afspilning",
    "HeaderDirectPlayProfileHelp": "Tilføj profiler for direkte afspilning for at angive hvilke formater enheden selv kan håndtere.",
    "HeaderDisplay": "Visning",
    "HeaderEasyPinCode": "Nem pinkode",
    "HeaderEditImages": "Rediger billeder",
    "HeaderEnabledFields": "Aktivér Felter",
    "HeaderEnabledFieldsHelp": "Fjern fluebenet fra et felt for at låse det og forhindre dets data fra at blive ændret.",
    "HeaderEpisodes": "Episoder",
    "HeaderError": "Fejl",
    "HeaderExternalIds": "Eksterne ID'er:",
    "HeaderFeatureAccess": "Adgang til funktioner",
    "HeaderFeatures": "Egenskaber",
    "HeaderFetchImages": "Hent billeder:",
    "HeaderFetcherSettings": "Henter indstillinger",
    "HeaderFilters": "Filtre",
    "HeaderForKids": "For Børn",
    "HeaderForgotPassword": "Glemt adgangskode",
    "HeaderFrequentlyPlayed": "Ofte afspillet",
    "HeaderGenres": "Genrer",
    "HeaderGuideProviders": "Guide Udbydere",
    "HeaderHttpHeaders": "HTTP Headers",
    "HeaderIdentification": "Identifikation",
    "HeaderIdentificationCriteriaHelp": "Indtast mindst et indetifikationskriterie.",
    "HeaderIdentificationHeader": "Identifikation Header",
    "HeaderIdentifyItemHelp": "Indtast et eller flere søgekriterier.Fjern kriterier for at få flere søgeresultater.",
    "HeaderImageOptions": "Billede Præferencer",
    "HeaderImageSettings": "Billedindstillinger",
    "HeaderInstall": "Installer",
    "HeaderInstantMix": "Øjeblikkelig Mix",
    "HeaderItems": "Element",
    "HeaderKeepRecording": "Bevar Optagelse",
    "HeaderKeepSeries": "Bevar Serie",
    "HeaderKodiMetadataHelp": "For at aktivere NFO metadata, rediger et bibliotek i Jellyfin biblioteks redigering og find metadata gemmer sektionen.",
    "HeaderLatestEpisodes": "Sidste episoder",
    "HeaderLatestMedia": "Seneste medier",
    "HeaderLatestMovies": "Seneste film",
    "HeaderLatestMusic": "Seneste musik",
    "HeaderLatestRecordings": "Seneste optagelse",
    "HeaderLibraries": "Bibliotekter",
    "HeaderLibraryAccess": "Adgang til biblioteker",
    "HeaderLibraryFolders": "Mediemapper",
    "HeaderLibrarySettings": "Biblioteksindstillinger",
    "HeaderLiveTvTunerSetup": "Live TV Tuner-setup",
    "HeaderLoginFailure": "Login fejl",
    "HeaderMedia": "Medier",
    "HeaderMediaFolders": "Mediemapper",
    "HeaderMediaInfo": "Medieinformation",
    "HeaderMetadataSettings": "Indstillinger for metadata",
    "HeaderMoreLikeThis": "Mere Som Denne",
    "HeaderMovies": "Film",
    "HeaderMusicVideos": "Musikvideoer",
    "HeaderMyDevice": "Min Enhed",
    "HeaderMyMedia": "Mine medier",
    "HeaderNewApiKey": "Ny API nøgle",
    "HeaderNewDevices": "Nye Enheder",
    "HeaderNextUp": "Næste",
    "HeaderOnNow": "Vises Nu",
    "HeaderOtherItems": "Andre elementer",
    "HeaderParentalRatings": "Aldersgrænser",
    "HeaderPassword": "Adgangskode",
    "HeaderPasswordReset": "Nulstil adgangskode",
    "HeaderPaths": "Stier",
    "HeaderPendingInvitations": "Ventende invitationer",
    "HeaderPeople": "Mennesker",
    "HeaderPinCodeReset": "Nulstil pinkode",
    "HeaderPlayAll": "Afspil Alle",
    "HeaderPlayback": "Medieafspilning",
    "HeaderPlaybackError": "Fejl i afspilning",
    "HeaderPleaseSignIn": "Log venligst ind",
    "HeaderPluginInstallation": "Plugin installation",
    "HeaderPreferredMetadataLanguage": "Foretrukket sprog for metadata",
    "HeaderProfile": "Profil",
    "HeaderProfileInformation": "Profilinformation",
    "HeaderProfileServerSettingsHelp": "Disse værdier kontrollerer hvordan Jellyfin præsenterer sig til enheden.",
    "HeaderRecentlyPlayed": "Afspillet for nyligt",
    "HeaderRecordingOptions": "Optagelsesindstillinger",
    "HeaderRecordingPostProcessing": "Efterbehandling af Optagelse",
    "HeaderRemoteControl": "Fjernbetjening",
    "HeaderRemoveMediaFolder": "Fjern mediemappe",
    "HeaderRemoveMediaLocation": "Fjern medielokalisation",
    "HeaderResponseProfile": "Svarprofil",
    "HeaderResponseProfileHelp": "Svarprofiler giver en metode til at tilpasse hvilken information der sendes til enheden når der afspilles visse typer medier.",
    "HeaderRestart": "Genstart",
    "HeaderRevisionHistory": "Revisionshistorik",
    "HeaderRunningTasks": "Kørende opgaver",
    "HeaderScenes": "Scener",
    "HeaderSchedule": "Skema",
    "HeaderSeasons": "Sæsoner",
    "HeaderSelectCertificatePath": "Vælg certifikatsti",
    "HeaderSelectMetadataPath": "Vælg Metadata Path",
    "HeaderSelectMetadataPathHelp": "Vælg eller indtast stien for hvor du ønsker at gemme din metadata. Mappen må ikke være skrivebeskyttet.",
    "HeaderSelectPath": "Vælg sti",
    "HeaderSelectServer": "Vælg server",
    "HeaderSelectServerCachePath": "Vælg \"Server Cache Path\"",
    "HeaderSelectServerCachePathHelp": "Vælg eller indtast stien som skal benyttes til serverens cache filer. Mappen må ikke være skrivebeskyttet.",
    "HeaderSelectTranscodingPath": "Vælg \"Transcoding Temporary Path\"",
    "HeaderSelectTranscodingPathHelp": "Vælg eller indtast stien som skal benyttes til midlertidige transkodningsfiler. Mappen må ikke være skrivebeskyttet.",
    "HeaderSendMessage": "Send besked",
    "HeaderSeries": "Series",
    "HeaderSeriesOptions": "Serieindstillinger",
    "HeaderServerSettings": "Serverindstillinger",
    "HeaderSettings": "Indstillinger",
    "HeaderSetupLibrary": "Opsæt dine mediebiblioteker",
    "HeaderShutdown": "Luk",
    "HeaderSortBy": "Sorter Efter",
    "HeaderSortOrder": "Sorteringsorden",
    "HeaderSpecialEpisodeInfo": "Information om specialepisoder",
    "HeaderSpecialFeatures": "Specielle egenskaber",
    "HeaderSubtitleDownloads": "Undertekst Downloads",
    "HeaderSubtitleProfile": "Undertekstprofil",
    "HeaderSubtitleProfiles": "Undertekstprofiler",
    "HeaderSubtitleProfilesHelp": "Undertekstprofiler beskriver hvilke undertekstformater der undersøttes af enheden.",
    "HeaderSystemDlnaProfiles": "Systemprofiler",
    "HeaderTaskTriggers": "Udløsere",
    "HeaderThisUserIsCurrentlyDisabled": "Denne bruger er for øjeblikket deaktiveret",
    "HeaderTracks": "Spor",
    "HeaderTranscodingProfile": "Transkodningsprofil",
    "HeaderTranscodingProfileHelp": "Tilføj profiler for transkodning foe at angive hvilke formater der skal anvendes når transkodning er nødvendig.",
    "HeaderTunerDevices": "Tuner-Enheder",
    "HeaderTuners": "Tunere",
    "HeaderTypeImageFetchers": "{0} Billede Hentere",
    "HeaderTypeText": "Indtast tekst",
    "HeaderUpcomingOnTV": "Kommende I TV",
    "HeaderUploadImage": "Upload Billede",
    "HeaderUser": "Bruger",
    "HeaderUsers": "Brugere",
    "HeaderVideoTypes": "Videotyper",
    "HeaderVideos": "Videoer",
    "HeaderXmlDocumentAttribute": "XML dokumentattribut",
    "HeaderXmlDocumentAttributes": "XML dokumentattributter",
    "HeaderXmlSettings": "XML indstillinger",
    "HeaderYears": "År",
    "HeadersFolders": "Mapper",
    "Help": "Hjælp",
    "HttpsRequiresCert": "For at aktivere sikre forbindelser, skal du angive et betroet SSL certifikat, såsom Let's Encrypt. Venligst angiv et certifikat eller deaktiver sikre forbindelser.",
    "Identify": "Identificer",
    "Images": "Billeder",
    "ImportFavoriteChannelsHelp": "Hvis aktiveret, importeres der udelukkende kanaler der er markeret som favoritter på tuner-enheden.",
    "ImportMissingEpisodesHelp": "hvis aktiveret, vil information omkring manglende episoder bliver importeret ind i din Jellyfin-database og blive vist i sæsoner og serier. Dette medfører muligvis længere biblioteksscanninger.",
    "InstallingPackage": "Installerer {0}",
    "InstantMix": "Instant Mix",
    "ItemCount": "{0} elementer",
    "Items": "emner",
    "Kids": "Børn",
    "LabelAbortedByServerShutdown": "(Annulleret grundet server nedlukning)",
    "LabelAccessDay": "Ugedag:",
    "LabelAccessEnd": "Sluttid:",
    "LabelAccessStart": "Starttid:",
    "LabelAirDays": "Sendedage:",
    "LabelAirTime": "Sendetid:",
    "LabelAirsAfterSeason": "Sendes efter sæson:",
    "LabelAirsBeforeEpisode": "Sendes før episode:",
    "LabelAirsBeforeSeason": "Sendes før sæson:",
    "LabelAlbumArtHelp": "PN til album art, i dlna:profileID attributten på upnp:albumArtURI. Nogle enheder påkræver en specifik værdi uanset størrelsen på billedet.",
    "LabelAlbumArtMaxHeight": "Album billede max. højde:",
    "LabelAlbumArtMaxHeightHelp": "Maksimumopløsningen på album billede der bliver vist med upnp:albumArtURI.",
    "LabelAlbumArtMaxWidth": "Album art max. bredde:",
    "LabelAlbumArtMaxWidthHelp": "Maksimumopløsningen på album billede der bliver vist med upnp:albumArtURI.",
    "LabelAlbumArtPN": "Album billede PN:",
    "LabelAlbumArtists": "Albumartister:",
    "LabelAll": "Alle",
    "LabelAllowHWTranscoding": "Tillad hardware-omkodning",
    "LabelAllowServerAutoRestart": "Tillad serveren at genstarte automatisk for at påføre opdateringer",
    "LabelAllowServerAutoRestartHelp": "Serveren vil kun genstarte i inaktive perioder, når ingen brugere er aktive",
    "LabelAllowedRemoteAddresses": "Fjernadgang IP adresse filter:",
    "LabelAllowedRemoteAddressesMode": "Fjernadgang IP adresse filter mode:",
    "LabelAppName": "App navn",
    "LabelAppNameExample": "F. eks: Sickbeard, NzbDrone",
    "LabelArtists": "Artister:",
    "LabelArtistsHelp": "Angiv flere ved at sætte mellem dem ;",
    "LabelAudioLanguagePreference": "Foretrukket lydsprog:",
    "LabelAutomaticallyRefreshInternetMetadataEvery": "Genopfrisk automatisk metadata fra internettet:",
    "LabelBindToLocalNetworkAddress": "Bind til lokal netværksadresse:",
    "LabelBindToLocalNetworkAddressHelp": "Valgfri. Overskriv den lokale IP-adresse som http-serveren bindes til. Hvis efterladt blank, bindes serveren til alle tilgængelige adresser. Ændring af denne værdi kræver en genstart af Jellyfin Serveren.",
    "LabelBirthDate": "Fødselsdato:",
    "LabelBirthYear": "Fødselsår:",
    "LabelBlastMessageInterval": "Interval mellem 'i live' beskeder (sekunder)",
    "LabelBlastMessageIntervalHelp": "Angiver intervallet i sekunder mellem serverens 'i live' beskeder.",
    "LabelCachePath": "Cachesti:",
    "LabelCachePathHelp": "Angiv en brugerdefineret lokation for server cachefiler, så som billeder. Efterlad blankt for at benytte serverens standard.",
    "LabelCancelled": "Annulleret",
    "LabelChannels": "Kanaler:",
    "LabelCollection": "Samling:",
    "LabelCommunityRating": "Fællesskabsvurdering:",
    "LabelContentType": "Indholdstype:",
    "LabelCountry": "Land:",
    "LabelCriticRating": "Kritikervurdering:",
    "LabelCurrentPassword": "Nuværende kode:",
    "LabelCustomCertificatePath": "Brugerdefineret SSL certifikat sti:",
    "LabelCustomCertificatePathHelp": "Sti til PKCS #12 fil indeholdende et certifikat og privat nøgle for at aktivere TLS understøttelse på et brugerdefineret domæne.",
    "LabelCustomCss": "Brugerdefineret CSS:",
    "LabelCustomCssHelp": "Anvend din egen css til webinterfacet.",
    "LabelCustomDeviceDisplayName": "Vist navn:",
    "LabelCustomDeviceDisplayNameHelp": "Angiv en brugerdefineret navn. hvis der ikke angives et navn, bruges det navn enheden sender.",
    "LabelCustomRating": "Brugerdefineret bedømmelse:",
    "LabelDateAdded": "Dato for tilføjelse:",
    "LabelDateAddedBehavior": "Dato tilføjet opførsel for nyt indhold:",
    "LabelDateAddedBehaviorHelp": "Hvis der findes en metadata-værdi, vil den altid blive brugt før nogle af ovenstående muligheder.",
    "LabelDay": "Dag:",
    "LabelDeathDate": "Dødsdato:",
    "LabelDefaultUser": "Standardbruger:",
    "LabelDefaultUserHelp": "Bestemmer hvilken brugers bibliotek der bliver vist på tilkoblede enheder. Dette kan ændres ved at bruge profiler.",
    "LabelDeviceDescription": "Beskrivelse af enhed",
    "LabelDidlMode": "DIDL tilstand:",
    "LabelDiscNumber": "Disk-nummer:",
    "LabelDisplayMissingEpisodesWithinSeasons": "Vis manglende episoder i sæsoner",
    "LabelDisplayName": "Visningsnavn:",
    "LabelDisplayOrder": "Visningsorden:",
    "LabelDisplaySpecialsWithinSeasons": "Vis specialepisoder sammen med den sæson de blev sent i",
    "LabelDownMixAudioScale": "Forøg lydstyrke ved nedmiksning:",
    "LabelDownMixAudioScaleHelp": "Forøg lydstyrken når der nedmikses. Sæt værdien til 1 for at beholde den originale lydstyrke.",
    "LabelDownloadLanguages": "Hent sprog:",
    "LabelDropImageHere": "Smid billede her.",
    "LabelEasyPinCode": "Pinkode:",
    "LabelEmbedAlbumArtDidl": "Indsæt album billede i DIDL",
    "LabelEmbedAlbumArtDidlHelp": "Nogle enheder foretrækker denne metode til overførsel af album billede. Andre kan fejle når dette er aktiveret.",
    "LabelEnableAutomaticPortMap": "Aktiver automatisk port mapping",
    "LabelEnableAutomaticPortMapHelp": "Forsøg at mappe den offentlige port til den lokale port med uPnP. Dette virker ikke med alle routere.",
    "LabelEnableBlastAliveMessages": "Masseudsend 'i live' beskeder",
    "LabelEnableBlastAliveMessagesHelp": "Aktiver dette hvis UPnP enheder har problemer med forbindelsen til serveren.",
    "LabelEnableDlnaClientDiscoveryInterval": "Interval for klientsøgning (sekunder)",
    "LabelEnableDlnaClientDiscoveryIntervalHelp": "angiver intervallet i sekunder mellem Jellyfins SSDP søgninger.",
    "LabelEnableDlnaDebugLogging": "Aktiver debu logning af DLNA",
    "LabelEnableDlnaDebugLoggingHelp": "Dette generer meget store logfiler, og er kun anbefalet at bruge til fejlfindingsformål.",
    "LabelEnableDlnaPlayTo": "Aktiver DLNA \"Afspil Til\"",
    "LabelEnableDlnaPlayToHelp": "Jellyfin kan finde enheder i dit netværk og tilbyde at kontrollere dem.",
    "LabelEnableDlnaServer": "Aktiver DNLA server",
    "LabelEnableDlnaServerHelp": "Tillader UPnP enheder i dit netværk at gennemse og afspille Jellyfins indhold.",
    "LabelEnableRealtimeMonitor": "Aktiver realtidsovervågning",
    "LabelEnableRealtimeMonitorHelp": "Ændringer vil blive behandlet øjeblikkeligt på understøttede filsystemer.",
    "LabelEnableSingleImageInDidlLimit": "Begræns til et enkelt indlejret billede",
    "LabelEnableSingleImageInDidlLimitHelp": "Nogle enheder viser ikke rigtigt, hvis der er flere indlejrede billeder i DIDL.",
    "LabelEndDate": "Slutdato:",
    "LabelEpisodeNumber": "Episodenummer:",
    "LabelEvent": "Hændelse:",
    "LabelEveryXMinutes": "Hver:",
    "LabelExtractChaptersDuringLibraryScan": "Udtræk kapitelbilleder under biblioteksskanning",
    "LabelExtractChaptersDuringLibraryScanHelp": "Aktiver dette for at udtrække kapitelbillleder mens videofiler bliver importeret under biblioteksskanningen. Hvi det ikke er aktiveret, bliver de udtrukket når den planlagte opgave kapitelbilleder kører, og lader den almindelige biblioteksskanning afslutte hurtigere.",
    "LabelFailed": "Fejlet",
    "LabelFileOrUrl": "Fil eller url:",
    "LabelFinish": "Afslut",
    "LabelForgotPasswordUsernameHelp": "Indtast dit brugernavn, hvis du kan huske det.",
    "LabelFriendlyName": "System venligt navn:",
    "LabelServerNameHelp": "Dette navn bruges til at identificere serveren. Hvis det ikke udfyldes, bruges computerens navn.",
    "LabelGroupMoviesIntoCollections": "Grupper film i samlinger",
    "LabelGroupMoviesIntoCollectionsHelp": "Film i samlinger vil blive vist som en samlet enhed i filmlister.",
    "LabelH264Crf": "H264-kodning CRF:",
    "LabelH264EncodingPreset": "Forudindstillet H264-kodning:",
    "LabelHardwareAccelerationType": "Hardwareacceleration:",
    "LabelHardwareAccelerationTypeHelp": "Kun tilgængelig for understøttede systemer.",
    "LabelHttpsPort": "Lokalt HTTPS portnummer:",
    "LabelHttpsPortHelp": "Det portnummer Jellyfins https-server bruger.",
    "LabelIconMaxHeight": "Max højde på ikoner:",
    "LabelIconMaxHeightHelp": "Maksimumopløsningen på ikoner der bliver vist med upnp:icon",
    "LabelIconMaxWidth": "Max bredde på ikoner:",
    "LabelIconMaxWidthHelp": "Maksimumopløsningen på ikoner der bliver vist med upnp:icon",
    "LabelIdentificationFieldHelp": "En case-insensitive substring eller regex ekspression.",
    "LabelImageFetchersHelp": "Aktiver og ranger dine fortrukne billede-hentere i en prioriteret rækkefølge.",
    "LabelImageType": "Billedtype:",
    "LabelImportOnlyFavoriteChannels": "Begræns til kanaler der er markeret som favoritter",
    "LabelInNetworkSignInWithEasyPassword": "Tillad login inden for eget netværk med pinkode",
    "LabelInNetworkSignInWithEasyPasswordHelp": "Aktiver dette for at loge ind i Jellyfin apps med din pinkode inden for dit eget netværk. Din almindelige adgangskode skal du så kun bruge når du ikke er hjemme. Hvis pinkoden er tom, kan du logge ind uden adgangskode inden for dit eget netværk.",
    "LabelKeepUpTo": "Bevar op til:",
    "LabelKidsCategories": "Børnekategorier:",
    "LabelKodiMetadataDateFormat": "Format for udgivelsesdato:",
    "LabelKodiMetadataDateFormatHelp": "Alle datoer i NFO-filer vil blive læst og skrevet med dette format.",
    "LabelKodiMetadataEnableExtraThumbs": "kopier extrafanart til extrathumbs",
    "LabelKodiMetadataEnableExtraThumbsHelp": "Ved hentning af billeder, kan de gemmes i både extrafanart og extrathumbs. Dette giver maksimal Kodi skin kompatibilitet.",
    "LabelKodiMetadataEnablePathSubstitution": "Aktiver stisubstitution",
    "LabelKodiMetadataEnablePathSubstitutionHelp": "Aktiverer stisubstitution for billedstier med serverens stisubstitutionsindstillinger.",
    "LabelKodiMetadataSaveImagePaths": "Gem stier til billeder i  Nfo-filer",
    "LabelKodiMetadataSaveImagePathsHelp": "Dette er anbefalet hvis du har billedfiler med navne der ikke lever op til Kodis retningslinjer.",
    "LabelKodiMetadataUser": "Gem brugers set data til NFO'er for:",
    "LabelKodiMetadataUserHelp": "Aktiver dette for at komme set data til NFO filer som andre programmer kan bruge.",
    "LabelLanNetworks": "LAN netwærk:",
    "LabelLanguage": "Sprog:",
    "LabelLineup": "Opstilling:",
    "LabelLocalHttpServerPortNumber": "Lokalt http portnummer:",
    "LabelLocalHttpServerPortNumberHelp": "Det portnummer Jellyfins http-server bruger.",
    "LabelLockItemToPreventChanges": "Lås for at undgå fremtidige ændringer",
    "LabelLoginDisclaimer": "Login ansvarsfraskrivelse:",
    "LabelLoginDisclaimerHelp": "Dette bliver vist i bunden af loginsiden.",
    "LabelManufacturer": "Producent",
    "LabelManufacturerUrl": "Producent url",
    "LabelMaxBackdropsPerItem": "Maksimum antal af bagtæpper per element:",
    "LabelMaxParentalRating": "Højst tilladte aldersgrænse:",
    "LabelMaxResumePercentage": "Maks. fortsæt procentdel:",
    "LabelMaxResumePercentageHelp": "Medier anses som fuldt afspillet, hvis de stoppes efter denne tid.",
    "LabelMaxScreenshotsPerItem": "Maksimum antal af skærmbilleder per element:",
    "LabelMaxStreamingBitrate": "Maks. streaming kvalitet:",
    "LabelMaxStreamingBitrateHelp": "Angiv en maksimal bitrate til streaming.",
    "LabelMessageText": "Beskedtekst:",
    "LabelMessageTitle": "Titel på besked:",
    "LabelMetadataDownloadLanguage": "Foretrukket sprog for nedhentning:",
    "LabelMetadataDownloadersHelp": "Aktiver og ranger dine fortrukne metadata downloadere i en prioriteret rækkefølge. Lavt rangerende downloadere bliver kun benyttet til at udfylde manglende information.",
    "LabelMetadataPath": "Metadatasti:",
    "LabelMetadataPathHelp": "Angiv en brugerdefineret lokation til downloadet grafik og metadata.",
    "LabelMetadataReaders": "Metadata aflæsere:",
    "LabelMetadataReadersHelp": "Ranger dine fortrukne lokale metadatakilder i prioriteret rækkefølge. Den først fundne fil vil blive aflæst.",
    "LabelMetadataSavers": "Metadata-gemmer:",
    "LabelMetadataSaversHelp": "Vælg de filformater du ønsker din metadata gemmes som.",
    "LabelMethod": "Metode:",
    "LabelMinBackdropDownloadWidth": "Minimum baggrundsbillede bredde:",
    "LabelMinResumeDuration": "Min. fortsæt tidsrum (sekunder):",
    "LabelMinResumeDurationHelp": "Medier med kortere afspilningstid en denne kan ikke fortsættes.",
    "LabelMinResumePercentage": "Min. fortsæt procentdel:",
    "LabelMinResumePercentageHelp": "Medier anses om ikke afspillet, hvis de stoppes inden denne tid.",
    "LabelMinScreenshotDownloadWidth": "Minimum skærmbillede bredde:",
    "LabelModelDescription": "Modelbeskrivelse",
    "LabelModelName": "Modelnavn",
    "LabelModelNumber": "Modelnummer",
    "LabelMonitorUsers": "Overvåg aktivitet fra:",
    "LabelMovieCategories": "Filmkategorier:",
    "LabelMoviePrefix": "Film-præfiks:",
    "LabelMoviePrefixHelp": "Angiv venligst her hvis der tilføjes et præfiks til filmtitler, så Jellyfin kan håndtere det korrekt.",
    "LabelMovieRecordingPath": "Film afspilningssti (valgfri):",
    "LabelMusicStreamingTranscodingBitrate": "Bitrate for musiktranskodning:",
    "LabelMusicStreamingTranscodingBitrateHelp": "Angiv en maksimal bitrate når der streames musik",
    "LabelName": "Navn:",
    "LabelNewName": "Nyt navn:",
    "LabelNewPassword": "Ny kode:",
    "LabelNewPasswordConfirm": "Gentag ny adgangskode:",
    "LabelNewsCategories": "Nyhedskategorier:",
    "LabelNext": "Næste",
    "LabelNotificationEnabled": "Aktiver denne underretning",
    "LabelNumber": "Nummer:",
    "LabelNumberOfGuideDays": "Antal dage af programguide data der skal hentes:",
    "LabelNumberOfGuideDaysHelp": "Hentning af flere dages programguide data giver mulighed for at planlægge længere ud i fremtiden, og se flere programoversigter, men det vil også tage længere tid at hente. Auto vil vælge baseret på antallet af kanaler.",
    "LabelOptionalNetworkPath": "(Valgfri) Delt netværksmappe:",
    "LabelOptionalNetworkPathHelp": "Hvis denne mappe er delt på netværket kan du, ved at dele stien til netværksdrevet, tillade Jellyfin apps på andre enheder at tilgå mediefiler direkte.",
    "LabelOriginalAspectRatio": "Originalt formatforhold:",
    "LabelOriginalTitle": "Original titel:",
    "LabelOverview": "Oversigt:",
    "LabelParentNumber": "Forældre-nummer:",
    "LabelParentalRating": "Aldersgrænse:",
    "LabelPassword": "Adgangskode:",
    "LabelPasswordConfirm": "Adgangskode (bekræft):",
    "LabelPasswordRecoveryPinCode": "Pinkode:",
    "LabelPath": "Sti:",
    "LabelPersonRole": "Rolle:",
    "LabelPersonRoleHelp": "Eksempel: Isbilschauffør",
    "LabelPlaceOfBirth": "Fødselssted:",
    "LabelPlayDefaultAudioTrack": "Afspil standardlydsporet uanset sproget",
    "LabelPlaylist": "Afspilningsliste:",
    "LabelPostProcessor": "Efterbehandlingsapplikation:",
    "LabelPostProcessorArguments": "Kommandolinjeargumenter til efterbehandler:",
    "LabelPostProcessorArgumentsHelp": "Benyt {path} som stien til optagelsesfilen.",
    "LabelPreferredDisplayLanguage": "Foretrukket sprog til visning:",
    "LabelPreferredDisplayLanguageHelp": "Oversættelse af Jellyfin er et løbende projekt.",
    "LabelPrevious": "Forrige",
    "LabelProfileAudioCodecs": "Lyd codecs:",
    "LabelProfileCodecsHelp": "Adskil med komma. Kan efterlades tom for at gælde for alle codecs.",
    "LabelProfileContainersHelp": "Adskil med komma. Kan efterlades tom for at gælde for alle containere.",
    "LabelProtocol": "Protokol:",
    "LabelProtocolInfo": "Protokolinformation:",
    "LabelProtocolInfoHelp": "Den værdi der bruges til svar på GetProtocolInfo-forespørgsler fra enheden.",
    "LabelPublicHttpPort": "Offentligt http portnummer:",
    "LabelPublicHttpPortHelp": "Det offentlige portnummer som bliver knyttet til det lokale http portnummer.",
    "LabelPublicHttpsPort": "Offentligt https portnummer:",
    "LabelPublicHttpsPortHelp": "Det offentlige portnummer som bliver knyttet til det lokale https portnummer.",
    "LabelReadHowYouCanContribute": "Lær hvordan du kan bidrage.",
    "LabelRecord": "Optag:",
    "LabelRecordingPath": "Standard afspilningssti:",
    "LabelRecordingPathHelp": "Angiv standard-lokationen til at gemme afspilninger. Hvis efterladt blankt, benyttes serverens programdata-mappe.",
    "LabelRefreshMode": "Genopfrisk tilstand:",
    "LabelReleaseDate": "Udgivelsesdato:",
    "LabelRemoteClientBitrateLimit": "Begrænsning på bitrate ved internet streaming (Mbps):",
    "LabelRemoteClientBitrateLimitHelp": "En valgfri per-stream bitrate begrændning for alle enheder ikke på netværket. Dette er praktisk til at forhindre enheder i at efterspørge højere bitrate end din internet forbindelse kan håndtere. Dette kan resultere i forhøjet CPU load på serveren for at omkode videoer til lavere bitrate on-the-fly.",
    "LabelRuntimeMinutes": "Spilletid (minutter):",
    "LabelSaveLocalMetadata": "Gem illustrationer og metadata i mediemapper",
    "LabelSaveLocalMetadataHelp": "Lagring af illustrationer og metadata i mediemapper vil placerer dem et sted hvor de nemt kan redigeres.",
    "LabelScheduledTaskLastRan": "Sidst kørt {0}, og tog {1}.",
    "LabelSeasonNumber": "Sæsonnummer:",
    "LabelSecureConnectionsMode": "Sikker forbindelse mode:",
    "LabelSelectUsers": "Vælg brugere:",
    "LabelSelectVersionToInstall": "Vælg hvilken version der skal installeres:",
    "LabelSendNotificationToUsers": "Send underretning til:",
    "LabelSerialNumber": "Serienummer",
    "LabelSeriesRecordingPath": "Serier afspilningssti (valgfri):",
    "LabelServerHost": "Vært:",
    "LabelServerHostHelp": "F. eks: 192.168.1.100 eller https://myserver.com",
    "LabelSimultaneousConnectionLimit": "samtidige stream begrænsning:",
    "LabelSkipIfAudioTrackPresent": "Undlad hvis standardlydsporet er det samme sprog",
    "LabelSkipIfAudioTrackPresentHelp": "Angiv ikke dette for at sikre at alle videoer har undertekster, uanset hvilket sprog lydsporet anvender.",
    "LabelSkipIfGraphicalSubsPresent": "Spring over, hvis videoen allerede indeholder indlejrede undertekster",
    "LabelSkipIfGraphicalSubsPresentHelp": "Ved at bruger tekstbaserede undertekster kan du få en mere effektive levering og nedsætte sandsynligheden for transkodning.",
    "LabelSonyAggregationFlagsHelp": "Angiver indholdet i aggregationFlags elementet i urn:schemas-sonycom:av.",
    "LabelSortTitle": "Sortér titel:",
    "LabelSource": "Kilde:",
    "LabelSpecialSeasonsDisplayName": "Special sæson visningsnavn:",
    "LabelSportsCategories": "Sportskategorier:",
    "LabelStartWhenPossible": "Start når muligt:",
    "LabelStopWhenPossible": "Stop når muligt:",
    "LabelStopping": "Standser",
    "LabelSubtitleDownloaders": "undertekst downloadere:",
    "LabelSubtitleFormatHelp": "F. eks: srt",
    "LabelSubtitlePlaybackMode": "Underteksttilstand:",
    "LabelSupportedMediaTypes": "Understøttede medieformater:",
    "LabelSyncJobName": "Navn til synkroniserings job:",
    "LabelSyncPath": "Synked indholdssti:",
    "LabelSyncTempPath": "Sti for midlertidige filer:",
    "LabelSyncTempPathHelp": "Specificér en brugerdefineret synkroniserings arbejds-mappe. Konverterede filer vil under synkroniseringsprocessen blive gemt her.",
    "LabelSyncTo": "Synkroniser til:",
    "LabelTheme": "Tema:",
    "LabelTime": "Tid:",
    "LabelTimeLimitHours": "Tidsgrænse (timer):",
    "LabelTitle": "Titel:",
    "LabelTrackNumber": "Spor nummer:",
    "LabelTranscodingAudioCodec": "Lyd codec:",
    "LabelTranscodingTempPath": "Midlertidig sti til omkodning:",
    "LabelTranscodingTempPathHelp": "Definér en bugerdefineret sti til transkodede filer til klienter. Lad den stå tom for at bruge standardmappen i serverens datamappe.",
    "LabelTranscodingTemporaryFiles": "Midlertidige filer til omkodning:",
    "LabelTranscodingThreadCount": "Antal af omkodningstråde:",
    "LabelTranscodingThreadCountHelp": "Vælg det maksimale antal af tråde der bruges under omkodning. Reduktion af antallet af tråde sænker cpu-forbrug, men resulterer muligvis i at konverteringer ikke foregår hurtigt nok til en jævn afspilning.",
    "LabelTriggerType": "Udløsertype:",
    "LabelTunerIpAddress": "IP-adresse for Tuner:",
    "LabelTunerType": "Tunertype:",
    "LabelTypeMetadataDownloaders": "{0} metadata downloadere:",
    "LabelTypeText": "Tekst",
    "LabelUseNotificationServices": "Brug følgende tjenester:",
    "LabelUser": "Bruger:",
    "LabelUserAgent": "Bruger agent:",
    "LabelUserLibrary": "Brugerbibliotek:",
    "LabelUserLibraryHelp": "Vælg hvilket brugerbibliotek der skal vises på enheden. efterlad tom for at arve standardindstillingen.",
    "LabelUserRemoteClientBitrateLimitHelp": "Dette vil overskrive de standard globale værdier sat i server afspilningsindstillinger.",
    "LabelUsername": "Brugernavn:",
    "LabelVaapiDevice": "VA API Enhed:",
    "LabelVaapiDeviceHelp": "Dette er ydelsesnoten der benyttes til hardwareaccelerering.",
    "LabelValue": "Værdi:",
    "LabelVersionInstalled": "{0} installeret",
    "LabelXDlnaCapHelp": "Angiver indholdet i X_DLNACAP elementet i urn:schemas-dlna-org:device-1-0.",
    "LabelXDlnaDocHelp": "Angiver indholdet i X_DLNADOC elementet i urn:schemas-dlna-org:device-1-0.",
    "LabelYourFirstName": "Dit fornavn:",
    "LabelYoureDone": "Du er færdig!",
    "LabelZipCode": "Postnummer:",
    "LabelffmpegPath": "FFmpeg sti:",
    "LabelffmpegPathHelp": "Stien til ffmpeg applikationsfilen eller mappen indeholdende ffmpeg.",
    "LanNetworksHelp": "Komma separeret liste over IP adresser eller netmasker til ntværk der vil blive anset for at være lokale når der bliver påtvunget båndbredde restriktioner. Hvis sat vil alle andre IP adresser bliver set som eksterne og blive underlagt båndbredde restriktionerne. Hvis blank, er det kun serveren subnet der bliver betragtet som et lokalt netværk.",
    "LatestFromLibrary": "Seneste {0}",
    "LibraryAccessHelp": "Vælg hvilke mediemapper der skal deles med denne bruger. Administratorer vil kunne redigere alle mapper ved hjælp af metadata administratoren.",
    "LiveBroadcasts": "Live-udsending",
    "ManageLibrary": "Håndter bibliotek",
    "MapChannels": "Kortlæg Kanaler",
    "MarkPlayed": "Markér som afspillet",
    "MarkUnplayed": "Markér som ikke afspillet",
    "MaxParentalRatingHelp": "Indhold med en højere grænse, skjules for denne bruger.",
    "MediaInfoAnamorphic": "Anamorfisk",
    "MediaInfoAspectRatio": "Formatforhold",
    "MediaInfoBitDepth": "Bit dybde",
    "MediaInfoChannels": "Kanaler",
    "MediaInfoCodecTag": "Codec mærkat",
    "MediaInfoContainer": "Beholder",
    "MediaInfoDefault": "Standard",
    "MediaInfoExternal": "Ekstern",
    "MediaInfoForced": "Tvungen",
    "MediaInfoLanguage": "Sprog",
    "MediaInfoLevel": "Niveau",
    "MediaInfoPath": "Sti",
    "MediaInfoPixelFormat": "Pixelformat",
    "MediaInfoProfile": "Profil",
    "MediaInfoResolution": "Opløsning",
    "MediaInfoSize": "Størrelse",
    "MediaInfoTimestamp": "Tidsstempel",
    "MessageAlreadyInstalled": "Denne version er allerede installeret.",
    "MessageAreYouSureDeleteSubtitles": "Er du sikker på du ønsker at slette denne undertekstfil?",
    "MessageAreYouSureYouWishToRemoveMediaFolder": "Er du sikker på du ønsker at fjerne denne mediemappe?",
    "MessageConfirmDeleteGuideProvider": "Er du sikker på at du vil slette denne guide-udbyder?",
    "MessageConfirmDeleteTunerDevice": "Er du sikker på at du vil slette denne enhed?",
    "MessageConfirmProfileDeletion": "Er du sikker på du ønsker at slette denne profil?",
    "MessageConfirmRecordingCancellation": "Er du sikker på du ønsker at annullere denne optagelse?",
    "MessageConfirmRemoveMediaLocation": "Er du sikker på du ønsker at fjerne denne lokalisation?",
    "MessageConfirmRestart": "Er du sikker på du ønsker at genstarte Jellyfin?",
    "MessageConfirmRevokeApiKey": "Er du sikker på du ønsker at invalidere denne api nøgle? Applikationens forbindelse til Jellyfin vil blive afbrudt øjeblikkeligt.",
    "MessageConfirmShutdown": "Er du sikker på du ønsker at lukke Jellyfin?",
    "MessageContactAdminToResetPassword": "Kontakt venligst din systemadministrator for at nulstille din adgangskode.",
    "MessageCreateAccountAt": "Opret en konto hos {0}",
    "MessageDeleteTaskTrigger": "Er du sikker på du ønsker at slette denne task trigger?",
    "MessageDirectoryPickerBSDInstruction": "For BSD skal du muligvis konfigurere lager i dit FreeNAS Jail, før Jellyfin kan tilgå det.",
    "MessageDirectoryPickerInstruction": "Netværksstier kan indtastes manuelt i tilfælde af at netværksknappen ikke kan lokalisere dine enheder. Foreksempel, {0} eller {1}.",
    "MessageDirectoryPickerLinuxInstruction": "For Linux på Arch Linux, CentOS, Debian, Fedora, OpenSuse eller Ubuntu skal du give Jellyfin-systembrugeren minimum læseadgang til dine lagerlokationer.",
    "MessageDownloadQueued": "Download sat i kø.",
    "MessageEnablingOptionLongerScans": "Aktivering af denne indstilling kan resultere i væsentlig længere biblioteks skan.",
    "MessageFileReadError": "Der opstod en fejl i forsøget på at læse filen.",
    "MessageForgotPasswordFileCreated": "Den følgende fil er blevet oprettet på din server og indeholder instruktioner vedrørende hvordan du skal fortsætte:",
    "MessageForgotPasswordInNetworkRequired": "Prøv igen inde i dit hjemmenetværk for at igangsætte nulstilling af din adgangskode.",
    "MessageInstallPluginFromApp": "Dette plugin skal være installeret inde i den app du ønsker at benytte det fra.",
    "MessageInvalidForgotPasswordPin": "En ugyldig eller udløbet pinkode blev indtastet. Prøv igen.",
    "MessageInvalidUser": "Ukendt brugernavn eller adgangskode. Prøv igen.",
    "MessageItemSaved": "Element gemt.",
    "MessageItemsAdded": "Emne tilføjet.",
    "MessageLeaveEmptyToInherit": "Efterlad tom for at arve indstillinger fra en overliggende post eller den globale standardværdi.",
    "MessageNoAvailablePlugins": "Ingen tilgængelige plugins.",
    "MessageNoMovieSuggestionsAvailable": "Ingen filmforslag er tilgængelige. Begynd at se og vurder dine film, og kom tilbage for at se dine anbefalinger.",
    "MessageNoPluginsInstalled": "Du har ingen plugins installeret.",
    "MessageNoTrailersFound": "Ingen trailere fundet. Installer Trailer kanalen for at tilføje et bibliotek med trailere fra internettet.",
    "MessageNothingHere": "Her er ingenting.",
    "MessagePasswordResetForUsers": "Adgangskoder blev fjernet for følgende brugere. For at logge ind, skal der benyttes en blank adgangskode.",
    "MessagePleaseEnsureInternetMetadata": "Sørg venligst for at hentning af metadata fra internettet er aktiveret.",
    "MessagePleaseWait": "Vent venligst. Dette kan tage et minut.",
    "MessagePluginConfigurationRequiresLocalAccess": "For at konfigurerer dette plugin log da venligst direkte ind på din lokale server.",
    "MessagePluginInstallDisclaimer": "Plugins fremstillet af medlemmer fra Jellyfin-fællesskabet er en alle tiders måde at forbedre din oplevelse af Jellyfin med yderligere features og fordele. Før installation, bedes du venligst være opmærksom på de effekter de kan have på din Jellyfin Server; så som lange scantider på biblioteker, yderligere baggrundsbehandling og forringet systemstabilitet.",
    "MessageReenableUser": "Se nedenfor om genaktivering",
    "MessageSettingsSaved": "Indstillinger er gemt.",
    "MessageTheFollowingLocationWillBeRemovedFromLibrary": "Følgende medielokationer bliver fjernet fra dit Jellyfin-bibliotek:",
    "MessageUnableToConnectToServer": "Vi kan ikke forbinde til den valgte server på nuværende tidspunkt. Sikrer dig venligst at serveren kører og prøv igen.",
    "MessageUnsetContentHelp": "Indhold vil blive vist som almindelige mapper. For det bedste resultat benyt metadata manageren til at vælge indholdstypen i undermapper.",
    "MessageYouHaveVersionInstalled": "Du har version {0} installeret.",
    "MetadataManager": "Metadata-Manager",
    "MetadataSettingChangeHelp": "Ændring af indstillinger for metadata har effekt på indholdet der indlæses fremadrettet. For at genopfriske eksisterende indhold skal du åbne detajle-skærmen og klikke på opdater knappen, eller uføre en masseopdatering via metadata-manageren.",
    "MinutesAfter": "minutter efter",
    "MinutesBefore": "minutter før",
    "Monday": "Mandag",
    "MoreFromValue": "Mere fra {0}",
    "MoreUsersCanBeAddedLater": "Flere brugere kan tilføjes senere i betjeningspanelet.",
    "MoveLeft": "Flyt mod venstre",
    "MoveRight": "Flyt mod højre",
    "MovieLibraryHelp": "Gennemse {0}Jellyfin film navngivningsguiden{1}.",
    "Movies": "Film",
    "Mute": "Afbryd lyd",
    "MySubtitles": "Mine Undertekster",
    "Name": "Navn",
    "Never": "Aldrig",
    "NewCollection": "Ny samling",
    "NewCollectionHelp": "Samlinger lader dig oprette personaliserede grupper af film og andet biblioteksindhold.",
    "NewCollectionNameExample": "Eksempel: Star Wars samling",
    "NewEpisodes": "Nye episoder",
    "NewEpisodesOnly": "Kun nye episoder",
    "News": "Nyheder",
    "NextUp": "Næste",
    "NoNewDevicesFound": "Ingen nye enheder fundet. For at tilføje en ny tuner, luk denne dialog og skriv enhedens informationer manuelt.",
    "NoNextUpItemsMessage": "Ingen fundet. Se dine serier!",
    "NoPluginConfigurationMessage": "Dette plugin har ingen indstillinger at konfigurere.",
    "NoSubtitleSearchResultsFound": "Ingen resultater fundet.",
    "NumLocationsValue": "{0} mapper",
    "OneChannel": "En kanal",
    "OptionAdminUsers": "Administratore",
    "OptionAlbumArtist": "Album-artist",
    "OptionAllUsers": "Alle brugere",
    "OptionAllowAudioPlaybackTranscoding": "Tillad lydafspilning der kræver transkodning",
    "OptionAllowBrowsingLiveTv": "Tillad adgang til live TV",
    "OptionAllowContentDownloading": "Tillad hentning af medier",
    "OptionAllowLinkSharing": "Tillad deling på sociale medier",
    "OptionAllowLinkSharingHelp": "Kun websider der indeholder medieinformationer deles. Mediefiler deles aldrig offentligt. Delinger er tidsbegrænset og udløber efter {0} dage.",
    "OptionAllowManageLiveTv": "Tillad administration af live TV optagelser",
    "OptionAllowMediaPlayback": "Tillad afspilning ad medier",
    "OptionAllowMediaPlaybackTranscodingHelp": "At begrænse adgang til omkodning kan forårsage afspilningsfejl i Jellyfin apps på grund af usupporterede medie formater.",
    "OptionAllowRemoteControlOthers": "Tillad fjernstyring af andre brugere",
    "OptionAllowRemoteSharedDevices": "Tillad fjernstyring af delte enheder",
    "OptionAllowRemoteSharedDevicesHelp": "DLNA-enheder er delte indtil en bruger begynder at bruge den.",
    "OptionAllowSyncTranscoding": "Tillad medie hentning og synkronisering der kræver omkodning",
    "OptionAllowUserToManageServer": "Tillad denne bruger at administrere serveren",
    "OptionAllowVideoPlaybackRemuxing": "Tillad videoafspilning som kræver konvertering uden omkodning",
    "OptionAllowVideoPlaybackTranscoding": "Tillad videoafspilning der kræver transkodning",
    "OptionAscending": "Stigende",
    "OptionAutomaticallyGroupSeries": "Flet automatisk serier der er spredt over adskillige mapper",
    "OptionAutomaticallyGroupSeriesHelp": "Hvis aktiveret, vil serier der er spredt over adskillige mapper i dette bibliotek blive samlet i én enkelt serie.",
    "OptionBlockBooks": "Bøger",
    "OptionBlockChannelContent": "Internet kanalindhold",
    "OptionBlockLiveTvChannels": "Live TV-kanaler",
    "OptionBlockMovies": "Film",
    "OptionBlockMusic": "Musik",
    "OptionBlockTrailers": "Trailere",
    "OptionBlockTvShows": "TV serier",
    "OptionCommunityRating": "Fællesskabsvurdering",
    "OptionContinuing": "Forsættes",
    "OptionCriticRating": "Kritikervurdering",
    "OptionCustomUsers": "Brugerdefineret",
    "OptionDaily": "Daglig",
    "OptionDateAdded": "Dato for tilføjelse",
    "OptionDateAddedFileTime": "Brug filen oprettelsesdato",
    "OptionDateAddedImportTime": "Brug datoen for indskanning",
    "OptionDatePlayed": "Dato for afspilning",
    "OptionDescending": "Faldende",
    "OptionDisableUser": "Deaktiver denne bruger",
    "OptionDisableUserHelp": "Hvis deaktiveret vil serveren ikke tillade forbindelser fra denne bruger. Eksisterende forbindelser vil blive afbrudt øjeblikkeligt.",
    "OptionDislikes": "Ikke-Lide",
    "OptionDisplayFolderView": "Få vist en mappevisning til at se enkle mediemapper",
    "OptionDisplayFolderViewHelp": "Hvis aktiveret, vil Jellyfin apps vise en Mappekategori ved siden af dine mediebiblioteker. Dette er brugbart, hvis du vil have vist enkle mappevisninger.",
    "OptionDownloadArtImage": "Billede",
    "OptionDownloadBackImage": "Bagside",
    "OptionDownloadBoxImage": "Boks",
    "OptionDownloadDiscImage": "Disk",
    "OptionDownloadImagesInAdvance": "Download billeder på forhånd",
    "OptionDownloadImagesInAdvanceHelp": "Som standard downloades billeder kun når de anmodes af en Jellyfin app. Aktiver denne indstilling for at downloade alle billeder på forhånd, i mens nyt medie importeres. Dette resulterer muligvis i længere scanninger af bibliotek.",
    "OptionDownloadPrimaryImage": "Primær",
    "OptionDownloadThumbImage": "Miniature",
    "OptionDvd": "DVD",
    "OptionEmbedSubtitles": "Inlejr i containeren",
    "OptionEnableAccessFromAllDevices": "Tillad adgang fra alle enheder",
    "OptionEnableAccessToAllChannels": "Tillad adgang til alle kanaler",
    "OptionEnableAccessToAllLibraries": "Tillad adgang til alle biblioteker",
    "OptionEnableAutomaticServerUpdates": "Aktiver automatiske serveropdateringer",
    "OptionEnableExternalContentInSuggestions": "Aktiver eksternt indhold i anbefalinger",
    "OptionEnableExternalContentInSuggestionsHelp": "Tillad at internet-trailers og live-tv-programmer bliver inkluderet i det anbefalede indhold.",
    "OptionEnableForAllTuners": "Aktiver for alle tuner-enheder",
    "OptionEnableM2tsMode": "Aktiver M2ts tilstand",
    "OptionEnableM2tsModeHelp": "Aktiver M2ts tilstand når der omkodes til mpegts.",
    "OptionEnded": "Færdig",
    "OptionEquals": "Lig med",
    "OptionEstimateContentLength": "Estimer længden af indholdet når der transkodes",
    "OptionEveryday": "Hver dag",
    "OptionExternallyDownloaded": "Ekstern hentning",
    "OptionExtractChapterImage": "Aktiver udvinding af kapitelbillede",
    "OptionFavorite": "Favoritter",
    "OptionFriday": "Fredag",
    "OptionHasSpecialFeatures": "Specielle egenskaber",
    "OptionHasSubtitles": "Undertekster",
    "OptionHasThemeSong": "Temasang",
    "OptionHasThemeVideo": "Temavideo",
    "OptionHideUser": "Vis ikke denne bruger på loginsiden",
    "OptionHideUserFromLoginHelp": "Nyttigt for private kontoer eller skjulte administratorkontoer. Brugeren skal logge ind ved at skive sit brugernavn og adgangskode.",
    "OptionHlsSegmentedSubtitles": "Hls segmented undertekster",
    "OptionHomeVideos": "Hjemmevideoer og billeder",
    "OptionIgnoreTranscodeByteRangeRequests": "Ignorer forespørgsler vedrørende transcode byte interval",
    "OptionIgnoreTranscodeByteRangeRequestsHelp": "Hvis aktiveret vil disse forespørgsler blive efterkommet, men byte range headeren ignoreret.",
    "OptionImdbRating": "IMDB bedømmelse",
    "OptionMax": "Maks",
    "OptionMissingEpisode": "Manglende episoder",
    "OptionMonday": "Mandag",
    "OptionNameSort": "Navn",
    "OptionNew": "Ny...",
    "OptionNone": "Ingen",
    "OptionOnAppStartup": "Ved opstart",
    "OptionOnInterval": "Interval",
    "OptionParentalRating": "Aldersgrænse",
    "OptionPlainStorageFolders": "Vis alle mapper som standardmapper",
    "OptionPlainStorageFoldersHelp": "Når dette er aktiveret, bliver alle mapper vist i  DIDL som \"object.container.storageFolder\" i stedet for mere specifikke typer, som f. eks. \"object.container.person.musicArtist\".",
    "OptionPlainVideoItems": "Vis alle videoer som standardvideo",
    "OptionPlainVideoItemsHelp": "Når dette er aktiveret, bliver alle videoer vist i DIDL som \"object.item.videoItem\" i stedet for mere specifikke typer, som f. eks.  \"object.item.videoItem.movie\".",
    "OptionPlayCount": "Gange afspillet",
    "OptionPlayed": "Afspillet",
    "OptionPremiereDate": "Præmieredato",
    "OptionProfileAudio": "Lyd",
    "OptionProfilePhoto": "Foto",
    "OptionProfileVideoAudio": "Video lyd",
    "OptionReleaseDate": "Udgivelsesdato",
    "OptionReportByteRangeSeekingWhenTranscoding": "Angiv at serveren understøtter bytes øgning nrdeå r transkodes",
    "OptionReportByteRangeSeekingWhenTranscodingHelp": "Dette er krævet for nogle enheder der ikke er særligt gode til tidssøgning.",
    "OptionRequirePerfectSubtitleMatch": "Download kun undertekster der er perfekte matches for mine videofiler",
    "OptionResumable": "Kan genoptages",
    "OptionRuntime": "Varighed",
    "OptionSaturday": "Lørdag",
    "OptionSaveMetadataAsHidden": "Gem metadata og billeder som skjulte filer",
    "OptionSaveMetadataAsHiddenHelp": "Ændring af dette vil blive anvendt på nyt metadata gemt fremadrettet. Allerede eksisterende metadata-filer opdateres næste gang de gemmes af Jellyfin Server.",
    "OptionSpecialEpisode": "Særudsendelser",
    "OptionSubstring": "Delstreng",
    "OptionSunday": "Søndag",
    "OptionThursday": "Torsdag",
    "OptionTrackName": "Nummerets navn",
    "OptionTuesday": "Tirsdag",
    "OptionTvdbRating": "Tvdb bedømmelse",
    "OptionUnairedEpisode": "Ikke sendte episoder",
    "OptionUnplayed": "Ikke afspillet",
    "OptionWakeFromSleep": "Vågner fra dvale",
    "OptionWednesday": "Onsdag",
    "OptionWeekdays": "Hverdage",
    "OptionWeekends": "Weekender",
    "OptionWeekly": "Ugentlig",
    "OriginalAirDateValue": "Originalt sendt: {0}",
    "Overview": "Overblik",
    "PackageInstallCancelled": "{0} installation afbrudt.",
    "PackageInstallCompleted": "{0} installation udført.",
    "PackageInstallFailed": "{0} installationen mislykkedes.",
    "ParentalRating": "Parental Rating",
    "PasswordMatchError": "Adgangskode og  bekræft adgangskode skal være ens.",
    "PasswordResetComplete": "Adgangskoden er blevet nulstillet.",
    "PasswordResetConfirmation": "Er du sikker på at adgangskoden skal nulstilles?",
    "PasswordResetHeader": "Nulstil adgangskode",
    "PasswordSaved": "Adgangskoden er gemt.",
    "People": "Personer",
    "PictureInPicture": "Billede i billede",
    "PinCodeResetComplete": "Pinkoden er blevet nulstillet.",
    "PinCodeResetConfirmation": "Er du sikker på at pinkoden skal nulstilles?",
    "PlaceFavoriteChannelsAtBeginning": "Placer favoritkanaler i begyndelsen",
    "Play": "Afspil",
    "PlayAllFromHere": "Afspil alt fra her",
    "PlayFromBeginning": "Afspil fra begyndelsen",
    "Played": "Afspillet",
    "PleaseAddAtLeastOneFolder": "Tilføj venligst som minimum en enkelt mappe til dette bibliotek ved at klikke på Tilføj-knappen.",
    "PleaseConfirmPluginInstallation": "Klik venligst OK for at bekræfte at du har læst ovenstående og ønsker at fortsætte med installationen af plugin.",
    "PleaseEnterNameOrId": "Indtast venligst et navn eller eksternt Id.",
    "PleaseRestartServerName": "Genstart venligst Jellyfin Server - {0}.",
    "PleaseSelectTwoItems": "Vælg venligst mindst to elementer.",
    "PluginInstalledMessage": "Plugin blev insttalleret med success. Jellyfin serveren skal genstartes for at aktivere det.",
    "PreferEmbeddedTitlesOverFileNames": "Foretræk indlejrede titler over filnavne",
    "PreferEmbeddedTitlesOverFileNamesHelp": "Dette bestemmer standard visnings titel når ingen internet metadata eller lokal metadata er tilgængelig.",
    "PreferredNotRequired": "Foretrukket, men ikke påkrævet",
    "Premieres": "Premiere",
    "Producer": "Producent",
    "ProductionLocations": "Produktionslokationer",
    "Programs": "Programmer",
    "Quality": "Kvalitet",
    "QueueAllFromHere": "Set alt her i kø",
    "RecentlyWatched": "Nyligt sete",
    "RecommendationBecauseYouLike": "Fordi du kan lide {0}",
    "RecommendationBecauseYouWatched": "Fordi du har set {0}",
    "RecommendationDirectedBy": "Instrueret af {0}",
    "RecommendationStarring": "Hovedrolleindehavere {0}",
    "Record": "Optag",
    "RecordSeries": "Optag serie",
    "RecordingCancelled": "Optagelse annulleret.",
    "RecordingPathChangeMessage": "Ændring af optagelsesmappe migrerer ikke eksisterende optagelser fra den gamle lokation til den nye. Du bliver nød til at flytte dem manuelt, hvis det ønskes.",
    "RecordingScheduled": "Optagelse planlagt.",
    "Refresh": "Opdater",
    "RefreshDialogHelp": "Metadata opdateres alt efter hvilke indstillinger og internet-servicer der er aktiveret i Jellyfin Server-kontrolpanelet.",
    "RefreshQueued": "Opdatering sat i kø.",
    "ReleaseDate": "Udgivelsesdato",
    "RememberMe": "Husk mig",
    "RemoveFromCollection": "Fjern fra samling",
    "RemoveFromPlaylist": "Fjer fra afspilningsliste",
    "Repeat": "Gentag",
    "RepeatEpisodes": "Gentag episoder",
    "ReplaceAllMetadata": "Erstat alle metadata",
    "ReplaceExistingImages": "Erstat eksisterende billeder",
    "RequiredForAllRemoteConnections": "Påkrævet for alle fjern forbindelser",
    "ResumeAt": "Genoptag fra {0}",
    "Rewind": "Spol tilbage",
    "Runtime": "Afspilningstid",
    "Saturday": "Lørdag",
    "Save": "Gem",
    "SaveSubtitlesIntoMediaFolders": "Gem understekster i medie mapperne",
    "SaveSubtitlesIntoMediaFoldersHelp": "At gemme undertekster ved siden af video filerne gør det nemmere at håndtere dem.",
    "ScanLibrary": "Skan bibliotek",
    "Screenshots": "Skærmbilleder",
    "Search": "Søg",
    "SearchForCollectionInternetMetadata": "Søg på internettet efter billeder og metadata",
    "SearchForMissingMetadata": "Søg efter manglende metadata",
    "SearchForSubtitles": "Søg efter undertekster",
    "SearchResults": "Søgeresultater",
    "SendMessage": "Send besked",
    "Series": "Serier",
    "SeriesCancelled": "Serie annulleret.",
    "SeriesRecordingScheduled": "Optagning af serie planlagt.",
    "SeriesSettings": "Serieindstillinger",
    "SeriesYearToPresent": "{0} - Nuværende",
    "ServerNameIsRestarting": "Jellyfin Server - {0} genstarter.",
    "ServerNameIsShuttingDown": "Jellyfin Server - {0} lukker ned.",
    "ServerRestartNeededAfterPluginInstall": "Jellyfin Server skal genstartes efter installering af plugin.",
    "ServerUpdateNeeded": "Denne Jellyfin server bør opdateres. For at downloade den nyeste version besøg venligst {0}",
    "Settings": "Indstillinger",
    "SettingsSaved": "Indstillinger er gemt.",
    "SettingsWarning": "Ændring af disse værdier kan resultere i instabilitet eller forbindelsesfejl. Hvis du oplever fejl, anbefaler vi at du skifter til standardværdier.",
    "Share": "Del",
    "ShowAdvancedSettings": "Vis advancerede indstillinger",
    "ShowIndicatorsFor": "Vis indikatorer for:",
    "Shuffle": "Bland",
    "SimultaneousConnectionLimitHelp": "Det maksimale antal samtidige streams. Skriv 0 for ubegrænset.",
    "SkipEpisodesAlreadyInMyLibrary": "Optag ikke episoder som allerede findes i mit bibliotek",
    "SkipEpisodesAlreadyInMyLibraryHelp": "Episoder bliver sammenlignet på sæson og episodenummer, når muligt.",
    "SortChannelsBy": "Sortér kanaler efter:",
    "SortName": "Sorteringsnavn",
    "Sports": "Sport",
    "StopRecording": "Stop optagelse",
    "Studios": "Studier",
    "SubtitleDownloadersHelp": "Aktiver og ranger dine prefererede undertekst hentere i priotets orden.",
    "Subtitles": "Undertekster",
    "Sunday": "Søndag",
    "Sync": "Synk",
    "SystemDlnaProfilesHelp": "Systemprofiler kan ikke overskrives. Ændringer i en systemprofil vil blive gemt i en ny brugerdefineret profil.",
    "TabAccess": "Adgang",
    "TabAdvanced": "Avanceret",
    "TabAlbumArtists": "Album-artister",
    "TabArtists": "Kunstnere",
    "TabCatalog": "Katalog",
    "TabChannels": "Kanaler",
    "TabCollections": "Samlinger",
    "TabContainers": "Containere",
    "TabDashboard": "Betjeningspanel",
    "TabDevices": "Enheder",
    "TabDirectPlay": "Direkte afspilning",
    "TabDisplay": "Visning",
    "TabEpisodes": "Episoder",
    "TabFavorites": "Favoritter",
    "TabGenres": "Genre",
    "TabLatest": "Seneste",
    "TabMovies": "Film",
    "TabMusic": "Musik",
    "TabMusicVideos": "Musikvideoer",
    "TabMyPlugins": "Mine tilføjelser",
    "TabNetworks": "Netværk",
    "TabNfoSettings": "NFO Indstillinger",
    "TabNotifications": "Underretninger",
    "TabOther": "Andet",
    "TabParentalControl": "Forældrekontrol",
    "TabPassword": "Adgangskode",
    "TabPlayback": "Afspilning",
    "TabPlaylists": "Afspilningslister",
    "TabPlugins": "Tilføjelser",
    "TabProfile": "Profil",
    "TabProfiles": "Profiler",
    "TabRecordings": "Optagelser",
    "TabResponses": "Svar",
    "TabResumeSettings": "Indstillinger for Genoptag",
    "TabScheduledTasks": "Planlagte opgaver",
    "TabSeries": "Serier",
    "TabSettings": "Indstillinger",
    "TabShows": "Serier",
    "TabSongs": "Sange",
    "TabSuggestions": "Forslag",
    "TabTrailers": "Trailere",
    "TabTranscoding": "Transkodning",
    "TabUpcoming": "Kommende",
    "TabUsers": "Brugere",
    "TellUsAboutYourself": "Fortæl os lidt om dig selv",
    "ThisWizardWillGuideYou": "Denne guide vil hjælpe dig igennem opsætningen. For at begynde, vælg venligst dit fortrukne sprog.",
    "Thursday": "Torsdag",
    "TitleHardwareAcceleration": "Hardwareacceleration",
    "TitleHostingSettings": "Værtsindstillinger",
    "TitlePlayback": "Afspilning",
    "TrackCount": "{0} numre",
    "Tuesday": "Tirsdag",
    "TvLibraryHelp": "Gennemse {0}Jellyfin TV navngivningsguiden{1}.",
    "UninstallPluginConfirmation": "Er du sikker på du vil afinstallere {0}?",
    "UninstallPluginHeader": "Afinstaller plugin",
    "Unmute": "Genoptag lyd",
    "Unrated": "Ingen bedømmelse",
    "UserAgentHelp": "Angiv en brugerdefineret user-agent http header, hvis nødvendigt.",
    "UserProfilesIntro": "Jellyfin har indbygget understøttelse af brugerprofiler. Dette giver hver bruger sine egne indstillinger for visning, afspilningsstatus og forældrekontrol.",
    "ValueAlbumCount": "{0} album",
    "ValueAudioCodec": "Lyd codec: {0}",
    "ValueConditions": "Forhold: {0}",
    "ValueContainer": "Beholder: {0}",
    "ValueDiscNumber": "Disk {0}",
    "ValueEpisodeCount": "{0} episoder",
    "ValueMovieCount": "{0} film",
    "ValueMusicVideoCount": "{0} musikvideoer",
    "ValueOneMovie": "1 film",
    "ValueOneMusicVideo": "1 musikvideo",
    "ValueOneSeries": "1 serie",
    "ValueOneSong": "1 sang",
    "ValueSeriesCount": "{0} serier",
    "ValueSongCount": "{0} sange",
    "ValueTimeLimitMultiHour": "Tidsbegrænsning: {0} timer",
    "ValueTimeLimitSingleHour": "Tidsbegrænsning: 1 time",
    "ViewAlbum": "Vis album",
    "ViewArtist": "Vis kunstner",
    "ViewPlaybackInfo": "Vis afspilnings information",
    "Wednesday": "Onsdag",
    "WelcomeToProject": "Velkommen til Jellyfin!",
    "WizardCompleted": "Det er alt vi behøver for nu. Jellyfin er begyndt at indsamle information omkring dit mediebibliotek. Tjek nogle af vores apps og klik derefter på <b>Færdig</b> for at se <b>Server betjeningspanelet</b>.",
    "Writer": "Forfatter",
    "XmlDocumentAttributeListHelp": "Disse attributter bliver tilføjet til rodelementet i alle XML svar.",
    "XmlTvKidsCategoriesHelp": "Programmer med disse kategorier bliver vist som programmer for børn. Adskil flere med '|'.",
    "XmlTvMovieCategoriesHelp": "Programmer med disse kategorier bliver vist som film. Adskil flere med '|'.",
    "XmlTvNewsCategoriesHelp": "Programmer med disse kategorier bliver vist som nyhedsprogrammer. Adskil flere med '|'.",
    "XmlTvPathHelp": "En sti til en xml tv-fil. Jellyfin læser denne fil og kontrollerer periodisk for opdateringer. Du er ansvarlig for at oprette og opdatere filen.",
    "XmlTvSportsCategoriesHelp": "Programmer med disse kategorier bliver vist som sportsprogrammer. Adskil flere med '|'.",
    "Yesterday": "I går",
    "AirDate": "Luftdata",
    "Albums": "Album",
    "Artists": "Kunstnere",
    "Books": "Bøger",
    "Collections": "Samlinger",
    "Favorites": "Favoritter",
    "Folders": "Mapper",
    "HeaderAlbumArtists": "Albumkunstnere",
    "Absolute": "Absolut",
    "AccessRestrictedTryAgainLater": "Adgang er begrænset. Prøv igen senere.",
    "Aired": "Blev sendt",
    "AllComplexFormats": "Alle komplekse formater (ASS, SSA, VOBSUB, PGS, SUB/IDX osv.)",
    "AllLanguages": "Alle sprog",
    "AlwaysPlaySubtitles": "Afspil altid undertekster",
    "AlwaysPlaySubtitlesHelp": "Undertekster, der matcher dine sprogindstillinger, vil altid blive indlæst uanset lydsprog.",
    "HeaderLiveTV": "Live-TV",
    "Shows": "Serier",
    "Songs": "Sange",
    "AndroidUnlockRestoreHelp": "For at gendanne dit tidligere køb skal du sørge for, at du er logget ind på enheden med den samme Google- eller Amazon-konto, som oprindeligt gjorde købet. Sørg for, at app store er aktiveret og ikke begrænset af forældrekontrol, og sørg for, at du har en aktiv internetforbindelse. Du skal kun gøre dette én gang for at gendanne dit tidligere køb.",
    "AnyLanguage": "Ethvert sprog",
    "Art": "Kunst",
    "Ascending": "Stigende",
    "AudioBitDepthNotSupported": "Lyd bit dybde ikke understøttet",
    "AudioBitrateNotSupported": "Lydens bitrate ikke understøttet",
    "AudioChannelsNotSupported": "Lydkanaler ikke understøttet",
    "AudioCodecNotSupported": "Lydkodeks ikke understøttet",
    "AudioProfileNotSupported": "Lydprofil ikke understøttet",
    "AudioSampleRateNotSupported": "Lydens samplerate ikke understøttet",
    "Auto": "Auto",
    "AutoBasedOnLanguageSetting": "Automatisk (baseret på sprogindstilling)",
    "AutomaticallyConvertNewContent": "Konverter automatisk nyt indhold",
    "AutomaticallyConvertNewContentHelp": "Nyt indhold tilføjet til denne mappe vil blive konverteret automatisk.",
    "AutomaticallySyncNewContent": "Download nyt indhold automatisk",
    "AutomaticallySyncNewContentHelp": "Nyt indhold tilføjet til denne mappe vil automatisk blive downloadet til enheden.",
    "Backdrop": "Baggrund",
    "Backdrops": "Baggrunde",
    "Banner": "Bannere",
    "Blacklist": "Blackliste",
    "Box": "Boks",
    "BoxRear": "Boks (bagside)",
    "BurnSubtitlesHelp": "Bestemmer om serveren skal brænde underteksterne ind i videoen når den konverterer baseret på undertekstformatet. Det vil øge serverens ydeevne ikke at brænde underteksterne i filen. Vælg Automatisk for at brænde billedbaserede formater (VOBSUB, PGS, SUB/IDX, osv) og nogle ASS/SSA undertekster.",
    "ButtonFilter": "Filter",
    "ButtonGuide": "Vejledning",
    "ButtonInfo": "Information",
    "ButtonMenu": "Menu",
    "ButtonOk": "Ok",
    "ButtonPause": "Pause",
    "ButtonPlayTrailer": "Forfilm",
    "ButtonReset": "Nulstil",
    "ButtonResetTuner": "Nulstil tuner",
    "ButtonSend": "Send",
    "ButtonServer": "Server",
    "ButtonStart": "Start",
    "ButtonStop": "Stop",
    "ButtonSync": "Synkronisér",
    "ButtonTrailer": "Forfilm",
    "CategoryPlugin": "Tilføjelse",
    "CategorySync": "Synkronisér",
    "CategorySystem": "System",
    "ColorPrimaries": "Primære farver",
    "ColorSpace": "Farverum",
    "ColorTransfer": "Farveoverførsel",
    "CommunityRating": "Føllesskabets Bedømmelse",
    "ConfirmEndPlayerSession": "Vil du gerne slukke Jellyfin på {0}?",
    "ContainerBitrateExceedsLimit": "Medie bitrate går over grænsen.",
    "ContainerNotSupported": "Beholder ikke understøttet",
    "ContinueWatching": "Fortsæt med at se",
    "Convert": "Konvertér",
    "ConvertItemLimitHelp": "Valgfri. Sæt en begrænsning på antallet af emner der vil blive konverteret.",
    "ConvertUnwatchedVideosOnly": "Konvertér kun usete videoer",
    "ConvertUnwatchedVideosOnlyHelp": "Kun usete videoer vil blive konverteret.",
    "ConvertingDots": "Konverterer...",
    "CriticRating": "Kritiker bedømmelse",
    "DateAdded": "Dato tilføjet",
    "DatePlayed": "Dato afspillet",
    "Default": "Standard",
    "DefaultSubtitlesHelp": "Undertekster bliver loadet baseret på standard og tvungne flag i den integrerede metadata. Sprog præferencer bliver overvejet når flere valg er tilgængelige.",
    "Depressed": "Ikke Trykket",
    "Descending": "Faldene",
    "Desktop": "Skrivebord",
    "DirectPlayError": "Direkte Afspilning fejl",
    "DirectPlaying": "Afspiller direkte",
    "DirectStreamHelp1": "Medie filen er kompatibel med enheden i forhold til opløsning og medie type (H.264,AC3, etc.), men er i en ikke kompatibel fil container (mkv, avi, wmv, etc). Videoen vil blive genpakket live før den streames til enheden.",
    "DirectStreamHelp2": "Direkte Streaming af en fil bruger meget lidt processor kraft uden nogen tab af video kvalitet.",
    "DirectStreaming": "Direkte streaming",
    "DirectorValue": "Instruktør: {0}",
    "DirectorsValue": "Instruktører: {0}",
    "Disc": "Disk",
    "Dislike": "Kan ikke lide",
    "Display": "Visning",
    "DisplayInMyMedia": "Visning på hjemmeskærm",
    "DisplayInOtherHomeScreenSections": "Visning på hjemmeskærm sektioner som seneste medier og se videre",
    "DisplayMissingEpisodesWithinSeasons": "Vis manglende afsnit inde i sæsoner",
    "DisplayMissingEpisodesWithinSeasonsHelp": "Dette skal også være aktiveret for TV biblioteker i serverens indstillinger.",
    "DisplayModeHelp": "Vælg skærmtypen du kører Jellyfin på.",
    "Down": "Ned",
    "DownloadItemLimitHelp": "Valgfri. Sæt en begrænsning på antallet af ting der vil blive hentet.",
    "Downloaded": "Hentet",
    "DownloadingDots": "Henter...",
    "Downloads": "Hentninger",
    "DownloadsValue": "{0} hentninger",
    "DropShadow": "Drop skygge",
    "DvrFeatureDescription": "Tidsindstil individuelle TV optagelser, serie optagelser, og mere med Jellyfin DVR.",
    "EditMetadata": "Redigér metadata",
    "EnableBackdrops": "Baggrundsbilleder",
    "EnableBackdropsHelp": "Vis baggrundsbilleder i baggrunden af nogle sider mens man gennemser biblioteket.",
    "EnableDisplayMirroring": "Visning afspejling",
    "EnableExternalVideoPlayers": "Eksterne video afspillere",
    "EnableExternalVideoPlayersHelp": "En ekstern afspiller menu vil blive vist når video afspilning starter.",
    "EnableNextVideoInfoOverlay": "Vis næste video information mens der afspilles",
    "EnableNextVideoInfoOverlayHelp": "I slutningen af en video, vis information om den næste video i nuværende afspilningsliste.",
    "EnableThemeSongs": "Tema sange",
    "EnableThemeSongsHelp": "Afspil tema sange i baggrunden mens man gennemser biblioteket.",
    "EnableThemeVideos": "Tema videoer",
    "EnableThemeVideosHelp": "Afspil tema videoer i baggrunden mens man gennemser biblioteket.",
    "Episodes": "Afsnit",
    "ErrorAddingGuestAccount1": "Der skete en fejl ved tilføjelsen af Jellyfin Connect kontoen. Har din gæst lavet en Jellyfin konto? De kan regsistrere sig på {0}.",
    "ErrorAddingGuestAccount2": "Hvis du stadig har problemer, så send venligst en email til {0}, og inkludér din email adresse såvel som deres.",
    "ErrorAddingJellyfinConnectAccount1": "Der skete en fejl ved tilføjelsen af Jellyfin Connect kontoen. Har du lavet en Jellyfin konto? Registrer dig på {0}.",
    "ErrorAddingJellyfinConnectAccount2": "Hvis du stadig har et problem, så send venligst en email til {0} fra den email adresse tilknyttet Jellyfin kontoen.",
    "ErrorDeletingItem": "Der skete en fejl ved sletningen af mediet fra Jellyfin Server. Tjek venligst at Jellyfin Server har skrive adgang til mediemappen og prøv igen.",
    "ExtraLarge": "Ekstra stor",
    "Extras": "Bonusmateriale",
    "Features": "Funktioner",
    "Filters": "Filtre",
    "FormatValue": "Format: {0}",
    "GenreValue": "Genre: {0}",
    "GenresValue": "Genrer: {0}",
    "GroupBySeries": "Gruppér efter serie",
    "Guide": "Vejledning",
    "GuideProviderLogin": "Log Ind",
    "HandledByProxy": "Ordnet af omvendt proxy",
    "HeaderAdmin": "Admin",
    "HeaderAlbums": "Albummer",
    "HeaderApp": "App",
    "HeaderAppearsOn": "Forekommer I",
    "HeaderAudioBooks": "Lydbøger",
    "HeaderBranding": "Mærkning",
    "HeaderContinueListening": "Fortsæt med At Høre",
    "HeaderDestination": "Destination",
    "HeaderDownloadSettings": "Hentningsindstillinger",
    "HeaderDownloadSync": "Hentning Og Sync",
    "HeaderFavoriteCollections": "Favorit Samlinger",
    "HeaderFavoritePlaylists": "Favorit Afspilningslister",
    "HeaderHomeScreen": "Hjemmeskærm",
    "HeaderImageLogo": "Logo",
    "HeaderLatestFrom": "Seneste fra {0}",
    "HeaderLibraryOrder": "Bibliotektsorden",
    "HeaderLinks": "Link",
    "HeaderLiveTv": "Live TV",
    "HeaderManagement": "Håndtering",
    "HeaderMenu": "Menu",
    "HeaderMusicQuality": "Musik Kvalitet",
    "HeaderMyMediaSmall": "Mine Medier (lille)",
    "HeaderNavigation": "Navigation",
    "HeaderNextEpisodePlayingInValue": "Næste afsnit afspilles om {0}",
    "HeaderNextVideoPlayingInValue": "Næste video afspilles om {0}",
    "HeaderOffline": "Offline",
    "HeaderPhotoAlbums": "Foto Albummer",
    "HeaderPlayOn": "Afspil På",
    "HeaderProgram": "Program",
    "HeaderRestartingJellyfinServer": "Genstarter Jellyfin Server",
    "HeaderSecondsValue": "{0} Sekunder",
    "HeaderSeriesStatus": "Serie Status",
    "HeaderStartNow": "Start Nu",
    "HeaderStatus": "Status",
    "HeaderStopRecording": "Stop Optagelse",
    "HeaderSubtitleAppearance": "Undertekst Udseende",
    "HeaderSync": "Sync",
    "HeaderTV": "TV",
    "HeaderTags": "Mærker",
    "HeaderTopPlugins": "Bedste Plugins",
    "HeaderType": "Type",
    "HeaderUpcomingNews": "Kommende Nyheder",
    "HeaderVideo": "Video",
    "HeaderVideoQuality": "Video Kvalitet",
    "HeaderVideoType": "Video Type",
    "HeaderWaitingForWifi": "Venter på Wifi",
    "Hide": "Skjul",
    "HideWatchedContentFromLatestMedia": "Skjul set indhold fra seneste medier",
    "Home": "Hjem",
    "Horizontal": "Horisontalt",
    "ImdbRating": "IMDb bedømmelse",
    "InterlacedVideoNotSupported": "Interlaced video ikke understøttet",
    "InviteAnJellyfinConnectUser": "Tilføj en bruger ved at sende en email invitation.",
    "KeepDownload": "Behold hentning",
    "Label3DFormat": "3D format:",
    "LabelAlbum": "Album:",
    "LabelArtist": "Kunstner",
    "LabelAudio": "Lyd:",
    "LabelBitrateMbps": "Bitrate (Mbps):",
    "LabelBlockContentWithTags": "Blokér filer med mærkerne:",
    "LabelBurnSubtitles": "Brænd undertekster:",
    "LabelCache": "Cache:",
    "LabelCertificatePassword": "Adgangskode til certifikat:",
    "LabelCertificatePasswordHelp": "Hvis dit certifikat kræver en adgangskode, skriv det benligst her.",
    "LabelConvertTo": "Konvertér til:",
    "LabelDashboardTheme": "Server dashboard tema:",
    "LabelDateTimeLocale": "Dato og tid område:",
    "LabelDefaultScreen": "Standard skærm:",
    "LabelDisplayLanguage": "Visningssprog:",
    "LabelDisplayLanguageHelp": "Oversættelse af Jellyfin er et vedvarende projekt.",
    "LabelDisplayMode": "Visningsmodus:",
    "LabelDropShadow": "Drop skygge:",
    "LabelDynamicExternalId": "{0} ID:",
    "LabelEmail": "Email:",
    "LabelEnableHardwareDecodingFor": "Aktivér hardware afkodning for:",
    "LabelEpisode": "Afsnit",
    "LabelFont": "Skrifttype:",
    "LabelFormat": "Format:",
    "LabelHomeNetworkQuality": "Hjemme netværk kvalitet:",
    "LabelHomeScreenSectionValue": "Hjemmeskærm sektion {0}:",
    "LabelInternetQuality": "Internet kvalitet:",
    "LabelLogs": "Log:",
    "LabelMatchType": "Passer til type:",
    "LabelMaxBitrate": "Maks bitrate:",
    "LabelMaxChromecastBitrate": "Chromecast streaming kvalitet:",
    "LabelMetadata": "Metadata:",
    "LabelModelUrl": "Model link",
    "LabelPreferredSubtitleLanguage": "Foretrukket undertekst sprog:",
    "LabelProfileCodecs": "Codecs:",
    "LabelProfileContainer": "Beholder:",
    "LabelProfileVideoCodecs": "Video Codec:",
    "LabelReasonForTranscoding": "Grund til omkodning:",
    "LabelScreensaver": "Pauseskærm:",
    "LabelSelectFolderGroups": "Gruppér automatisk indhold fra følgende mapper ind i visninger som Film, Musik og TV:",
    "LabelSelectFolderGroupsHelp": "Mapper der ikke er valgt vil blive vist for sig selv i deres egen visning.",
    "LabelSkin": "Tema Skin:",
    "LabelSkipBackLength": "Gå tilbage længde:",
    "LabelSkipForwardLength": "Gå fremad længde:",
    "LabelSortBy": "Sortér efter:",
    "LabelSortOrder": "Sorteringsorden:",
    "LabelSoundEffects": "Lydeffekter:",
    "LabelStatus": "Status:",
    "LabelSubtitles": "Undertekster:",
    "LabelSyncNoTargetsHelp": "Det ser ud til at du ikke har nogen apps der understøtter offline hentning.",
    "LabelTVHomeScreen": "TV modus hjemmeskærm:",
    "LabelTag": "Mærke:",
    "LabelTagline": "Taglinje:",
    "LabelTextBackgroundColor": "Tekst baggrundsfarve:",
    "LabelTextColor": "Tekstfarve:",
    "LabelTextSize": "Tekststørrelse:",
    "LabelTranscodingContainer": "Beholder:",
    "LabelTranscodingVideoCodec": "Video codec:",
    "LabelType": "Type:",
    "LabelUrl": "Link:",
    "LabelVersion": "Version:",
    "LabelVersionNumber": "Version {0}",
    "LabelVideo": "Video:",
    "LabelVideoCodec": "Video codec:",
    "LabelWindowBackgroundColor": "Tekst baggrundsfarve:",
    "LabelXDlnaCap": "X-DLNA begrænsning:",
    "LabelXDlnaDoc": "X-DLNA dokumentation:",
    "LabelYear": "År:",
    "LabelffmpegVersion": "FFmpeg version:",
    "Large": "Stor",
    "LearnHowYouCanContribute": "Lær hvordan du kan bidrage.",
    "LeaveBlankToNotSetAPassword": "Du kan lade dette felt være tomt hvis du ikke ønsker adgangskode.",
    "LetterButtonAbbreviation": "A",
    "Like": "Favorit",
    "LinkGithub": "Github",
    "LinksValue": "Link: {0}",
    "List": "Liste",
    "Live": "Live",
    "LiveTV": "Se Live TV",
    "LiveTvFeatureDescription": "Stream Live TV til enhver Jellyfin app, med en kompatibel TV tuner installeret på din Jellyfin Server.",
    "Logo": "Logo",
    "ManageRecording": "Håndtér optagelse",
    "MarkWatched": "Markér som set",
    "MediaInfoBitrate": "Bitrate",
    "MediaInfoCodec": "Codek",
    "MediaInfoFormat": "Format",
    "MediaInfoFramerate": "Billederate",
    "MediaInfoInterlaced": "Interlaceret",
    "MediaInfoLayout": "Udlæg",
    "MediaInfoRefFrames": "Ref billeder",
    "MediaInfoSampleRate": "Sample rate",
    "MediaInfoSoftware": "Software",
    "MediaInfoStreamTypeData": "Data",
    "MediaInfoStreamTypeVideo": "Video",
    "MediaIsBeingConverted": "Mediet bliver konverteret til et format der er kompatibel med enheden der afspiller mediet.",
    "Medium": "Medie",
    "Menu": "Menu",
    "MessageImageFileTypeAllowed": "Kun JPEG og PNG filer er understøttet.",
    "MessageImageTypeNotSelected": "Vælg venligst en type af billede i drop-down menuen.",
    "MessageNoDownloadsFound": "Ingen offline hentninger. Hent dine medier til offline brug ved at klikke Hent igennem app'en.",
    "MessageNoSyncJobsFound": "Ingen hentninger fundet. Opret hent job ved at bruge Hent knapperne igennem app'en.",
    "MessagePlayAccessRestricted": "Afspilning af dette indhold er begrænset. Kontakt venligst server administratoren for mere information.",
    "Metadata": "Metadata",
    "Mobile": "Mobil",
    "Next": "Næste",
    "No": "Nej",
    "NoSubtitles": "Ingen undertekster",
    "NoSubtitlesHelp": "Undertekster vil ikke blive indlæst som standard. De kan slåes til manuelt under afspilning.",
    "None": "Ingen",
    "Normal": "Normalt",
    "Off": "Fra",
    "OnlyForcedSubtitles": "Kun tvungne undertekster",
    "OnlyForcedSubtitlesHelp": "Kun undertekster markeret som tvungne vil blive indlæst.",
    "OnlyImageFormats": "Kun billedformater (VOBSUB, PGS, SUB, etc)",
    "Option2Player": "2+",
    "Option3D": "3D",
    "Option3Player": "3+",
    "Option4Player": "4+",
    "OptionAlbum": "Album",
    "OptionArtist": "Kunstner",
    "OptionAuto": "Automatisk",
    "OptionAutomatic": "Automatisk",
    "OptionBanner": "Banner",
    "OptionBeta": "Beta",
    "OptionBluray": "Blu-Ray",
    "OptionCaptionInfoExSamsung": "CaptionInfoEx (Samsung)",
    "OptionConvertRecordingsToStreamingFormatHelp": "Optagelser vil blive konverteret med det samme til MKV for let afspilning på dine enheder.",
    "OptionDev": "Dev",
    "OptionDownloadBannerImage": "Bannere",
    "OptionDownloadLogoImage": "Logo",
    "OptionDownloadMenuImage": "Menu",
    "OptionHasTrailer": "Forfilm",
    "OptionIsHD": "HD",
    "OptionIsSD": "SD",
    "OptionIso": "ISO",
    "OptionLikes": "Favoritter",
    "OptionLogo": "Logo",
    "OptionMenu": "Menu",
    "OptionMobileApps": "Mobil apps",
    "OptionOff": "Fra",
    "OptionOn": "Til",
    "OptionProfileVideo": "Video",
    "OptionProtocolHls": "Web Live Streaming",
    "OptionProtocolHttp": "Web",
    "OptionRegex": "Regex",
    "OptionRequirePerfectSubtitleMatchHelp": "At påkræve en perfekt match vil filtrere undertekster så kun dem der er testet og tjekket der passer nøjagtigt til din video fil vil blive inkluderet. At fravælge denne vil forøge chancerne for at undertekster bliver hentet, men vil også forøge risikoen for ikke-passende og ukorrekte undertekster.",
    "OptionResElement": "res element",
    "OptionTags": "Mærker",
    "OptionVideoBitrate": "Video Bitrate",
    "PerfectMatch": "Perfekt match",
    "PersonTypePerson": "Person",
    "Photos": "Fotoer",
    "PlayCount": "Afspilninger",
    "PlayNext": "Afspil næste",
    "PlayNextEpisodeAutomatically": "Afspil næste afsnit automatisk",
    "PlaybackErrorNoCompatibleStream": "Ingen kompatible streams er tilgængelige. Prøv venligst igen senere eller kontakt din system administrator for detaljer.",
    "PlaybackErrorNotAllowed": "Du har ikke adgang til at afspille dette indhold. Kontakt venligst system administratoren for detaljer.",
    "PlaybackErrorPlaceHolder": "Indlæs venligst disken for at afspille denne video.",
    "PlaybackSettings": "Afspilningsindstillinger",
    "PlaybackSettingsIntro": "For at indstille standard afspilningsindstillingerne, stop video afspilning, herefter klik på dit bruger ikon i øverste højre sektion af denne app.",
    "Playlists": "Afspilningslister",
    "PleaseSelectDeviceToSyncTo": "Vælg venligst en enhed at hente til.",
    "Previous": "Forrige",
    "Primary": "Primær",
    "PrivacyPolicy": "Privatlivs politik",
    "Raised": "Forhøjet",
    "Rate": "Rate",
    "Recordings": "Optagelser",
    "RefFramesNotSupported": "Antal af video reference billeder ikke understøttet",
    "RefreshMetadata": "Genopfrisk metadata",
    "RepeatAll": "Gentag alle",
    "RepeatMode": "Gentagelsesmode",
    "RepeatOne": "Gentag én",
    "RestartPleaseWaitMessage": "Vent venligst mens Jellyfin Server lukker og genstarter. Dette kan tage et minut eller to.",
    "RunAtStartup": "Kør ved opstart",
    "ScanForNewAndUpdatedFiles": "Skan for nye og opdaterede filer",
    "Schedule": "Tidsplan",
    "Screenshot": "Skærmbillede",
    "SecondaryAudioNotSupported": "Lydspor skift ikke understøttet",
    "SeriesDisplayOrderHelp": "Sortér afsnit efter sende dato, dvd rækkefølge eller obsolut nummering.",
    "ShowTitle": "Vis titel",
    "ShowYear": "Vis år",
    "Small": "Lille",
    "SmallCaps": "Små bogstaver",
    "Smaller": "Mindre",
    "Smart": "Klog",
    "SmartSubtitlesHelp": "Undertekster der matcher det foretrukne sprog vil blive indlæst når lyden er et fremmed sprog.",
    "Sort": "Sortér",
    "SortByValue": "Sortér efter {0}",
    "Standard": "Standard",
    "StatsForNerds": "Stats for nørder",
    "SubtitleAppearanceSettingsAlsoPassedToCastDevices": "Disse indstilinger bliver aktiveret på enhver Chromecast afspilning på denne enhed.",
    "SubtitleAppearanceSettingsDisclaimer": "Disse indstillinger bliver ikke aktiveret på grafiske undertekster (PGS, DVD, etc) eller ASS/SSA undertekster der har deres egen indbyggede stil.",
    "SubtitleCodecNotSupported": "Undertekst format ikke understøttet",
    "SubtitleSettings": "Undertekst indstillinger",
    "SubtitleSettingsIntro": "For at konfigurere standard undertekst udseende og sprog indstillinger, stop video afspilning, herefter klik på dit bruger ikon i øverste højre sektion af denne app.",
    "Suggestions": "Forslag",
    "SyncUnwatchedVideosOnly": "Hent kun usete videoer",
    "SyncUnwatchedVideosOnlyHelp": "Kun usete videoer vil blive hentet, og videoer vil bliver slettet fra enheden når de er set.",
    "SyncingDots": "Synkroniserer...",
    "TV": "TV",
    "TabAlbums": "Albummer",
    "TabCodecs": "Codeks",
    "TabDLNA": "DLNA",
    "TabGuide": "Vejledning",
    "TabInfo": "Information",
    "TabLiveTV": "Live TV",
    "TabLogs": "Log",
    "TabMetadata": "Metadata",
    "TabNavigation": "Navigering",
    "TabPlaylist": "Afspilningsliste",
    "TabServer": "Server",
    "TabStreaming": "Streamer",
    "TabSync": "Sync",
    "TabTV": "TV",
    "Tags": "Mærker",
    "TagsValue": "Mærker: {0}",
    "ThemeSongs": "Tema sange",
    "ThemeVideos": "Tema videoer",
    "TheseSettingsAffectSubtitlesOnThisDevice": "Disse indstillinger påvirker undertekster på denne enhed",
    "Thumb": "Tommel",
    "TitleLiveTV": "Live TV",
    "TitleServer": "Server",
    "TitleSupport": "Support",
    "TitleSync": "Sync",
    "Trailer": "Forfilm",
    "Trailers": "Forfilm",
    "Transcoding": "Omkodning",
    "Uniform": "Ensformig",
    "Unplayed": "Uafspillet",
    "Up": "Op",
    "Upload": "Upload",
    "ValueCodec": "Codek: {0}",
    "ValueLinks": "Link: {0}",
    "ValueMinutes": "{0} minutter",
    "ValueOneAlbum": "1 album",
    "ValueOneEpisode": "1 afsnit",
    "ValueOneTrailer": "1 forfilm",
    "ValueSeconds": "{0} sekunder",
    "ValueSpecialEpisodeName": "Special - {0}",
    "ValueStatus": "Status: {0}",
    "ValueVideoCodec": "Video Codek: {0}",
    "VersionNumber": "Version {0}",
    "Vertical": "Vertikal",
    "VideoBitDepthNotSupported": "Video bit dybde ikke understøttet",
    "VideoCodecNotSupported": "Video codek ikke understøttet",
    "VideoFramerateNotSupported": "Video billedrate ikke understøttet",
    "VideoLevelNotSupported": "Video level ikke understøttet",
    "VideoProfileNotSupported": "Video profil ikke understøttet",
    "VideoRange": "Video rækkevidde",
    "VideoResolutionNotSupported": "Video opløsning ikke understøttet",
    "ViewTypeTvShows": "TV",
    "Watched": "Set",
    "Whitelist": "Hvidliste",
    "WifiRequiredToDownload": "En Wifi forbindelse er påkrævet for at forsætte hentning.",
    "Yes": "Ja",
    "HeaderFavoriteMovies": "Favoritfilm",
    "HeaderFavoriteShows": "Favoritserier",
    "HeaderFavoriteEpisodes": "Favoritepisoder",
    "HeaderFavoriteAlbums": "Favoritalbummer",
    "HeaderFavoriteArtists": "Favoritkunstnere",
    "HeaderFavoriteSongs": "Favoritsange",
    "HeaderFavoriteVideos": "Favoritvideoer",
    "HeaderHome": "Hjem",
    "LabelServerName": "Server navn:",
    "LabelUserLoginAttemptsBeforeLockout": "Fejlede loginforsøg før bruger lukkes ude:",
    "HeaderRestartingServer": "Genstarter Server"
}
