{
    "AccessRestrictedTryAgainLater": "El acceso está restringido actualmente. Por favor, inténtalo más tarde.",
    "Add": "Añadir",
    "AddItemToCollectionHelp": "Agregue elementos a las colecciones buscando en ellos y utilizando sus menús con el botón derecho del ratón o pulsando en los menús para agregarlos a una colección.",
    "AddToCollection": "Añadir a la colección",
    "AddToPlaylist": "Añadir a la lista de reproducción",
    "AddedOnValue": "Añadido {0}",
    "AdditionalNotificationServices": "Visite el catálogo de complementos para instalar servicios de notificación adicionales.",
    "Albums": "Álbumes",
    "Alerts": "Alertas",
    "All": "Todo",
    "AllChannels": "Todos los canales",
    "AllComplexFormats": "Todos los formatos complejos (ASS, SSA, VOBSUB, PGS, SUB/IDX, etc.)",
    "AllEpisodes": "Todos los episodios",
    "AllLanguages": "Todos los idiomas",
    "AllLibraries": "Todas las bibliotecas",
    "AllowHWTranscodingHelp": "Permite al sintonizador transcodificar secuencias en vivo. Esto puede ayudar a reducir la transcodificación requerida por el servidor.",
    "AllowMediaConversion": "Permitir convertir los medios",
    "AllowMediaConversionHelp": "Concede o deniega el acceso a la función de conversión de medios.",
    "AllowOnTheFlySubtitleExtraction": "Permitir la extracción de subtítulos sobre la marcha",
    "AllowOnTheFlySubtitleExtractionHelp": "Los subtítulos incrustados pueden extraerse de los vídeos y enviarse en texto sin formato para ayudar a evitar la transcodificación del vídeo. En algunos sistemas, esto puede llevar mucho tiempo y hacer que la reproducción de vídeo se bloquee durante el proceso de extracción. Deshabilite esta opción para tener subtítulos incrustados grabados con transcodificación de video cuando no sean compatibles de forma nativa con el cliente.",
    "AllowRemoteAccess": "Permitir conexiones remotas a este servidor Jellyfin.",
    "AllowRemoteAccessHelp": "Si no está activado, todas las conexiones remotas serán bloqueadas.",
    "AllowedRemoteAddressesHelp": "Lista separada por comas de direcciones IP o entradas de IP / máscara de red para redes a las que se les permitirá conectarse de forma remota. Si se deja en blanco, se permitirán todas las direcciones remotas.",
    "AlwaysPlaySubtitles": "Mostrar subtítulos siempre",
    "AlwaysPlaySubtitlesHelp": "Los subtítulos que concuerden con la preferencia de idioma se cargarán independientemente del idioma de audio.",
    "Art": "Arte",
    "Artists": "Artistas",
    "AsManyAsPossible": "Tantos como sea posible",
    "AspectRatio": "Relación de aspecto",
    "AttributeNew": "Nuevo",
    "Backdrop": "Imagen de fondo",
    "Backdrops": "Imágenes de fondo",
    "BirthDateValue": "Nacido: {0}",
    "BirthLocation": "Lugar de nacimiento",
    "BirthPlaceValue": "Lugar de nacimiento: {0}",
    "Blacklist": "Lista negra",
    "BookLibraryHelp": "Los libros de audio y de texto son compatibles. Revisa la {0} guía de nombres {1}.",
    "Books": "Libros",
    "Box": "Caja",
    "BoxRear": "Caja (trasera)",
    "Browse": "Explorar",
    "BrowsePluginCatalogMessage": "Navegar el catalogo de complementos para ver los complementos disponibles.",
    "ButtonAdd": "Añadir",
    "ButtonAddMediaLibrary": "Añadir biblioteca de medios",
    "ButtonAddScheduledTaskTrigger": "Agregar Activador",
    "ButtonAddServer": "Añadir servidor",
    "ButtonAddUser": "Agregar Usuario",
    "ButtonArrowDown": "Abajo",
    "ButtonArrowLeft": "Izquierda",
    "ButtonArrowRight": "Derecha",
    "ButtonArrowUp": "Arriba",
    "ButtonAudioTracks": "Pistas de audio",
    "ButtonBack": "Atrás",
    "ButtonCancel": "Cancelar",
    "ButtonChangeServer": "Cambiar servidor",
    "ButtonConnect": "Conectar",
    "ButtonDelete": "Borrar",
    "ButtonDeleteImage": "Borrar imagen",
    "ButtonDown": "Abajo",
    "ButtonDownload": "Descargar",
    "ButtonEdit": "Editar",
    "ButtonEditImages": "Editar imágenes",
    "ButtonEditOtherUserPreferences": "Editar este perfil, la imagen y los ajustes personales.",
    "ButtonFilter": "Filtro",
    "ButtonForgotPassword": "Contraseña olvidada",
    "ButtonFullscreen": "Pantalla completa",
    "ButtonGotIt": "Entendido",
    "ButtonGuide": "Guía",
    "ButtonHelp": "Ayuda",
    "ButtonHome": "Inicio",
    "ButtonLearnMore": "Aprende más",
    "ButtonLibraryAccess": "Acceso a la biblioteca",
    "ButtonManualLogin": "Acceder manualmente",
    "ButtonMore": "Más",
    "ButtonNetwork": "Red",
    "ButtonNew": "Nuevo",
    "ButtonNextTrack": "Pista siguiente",
    "ButtonOff": "Apagado",
    "ButtonOk": "OK",
    "ButtonOpen": "Abrir",
    "ButtonParentalControl": "Control parental",
    "ButtonPause": "Pausa",
    "ButtonPlay": "Reproducir",
    "ButtonPreviousTrack": "Pista anterior",
    "ButtonProfile": "Perfil",
    "ButtonQuickStartGuide": "Guía de inicio rápido",
    "ButtonRefresh": "Refrescar",
    "ButtonRefreshGuideData": "Actualizar datos de la guía",
    "ButtonRemove": "Quitar",
    "ButtonRename": "Renombrar",
    "ButtonRepeat": "Repetir",
    "ButtonResetEasyPassword": "Restablecer código PIN",
    "ButtonResetPassword": "Reiniciar Contraseña",
    "ButtonRestart": "Reiniciar",
    "ButtonResume": "Continuar",
    "ButtonRevoke": "Revocar",
    "ButtonSave": "Grabar",
    "ButtonScanAllLibraries": "Escanear todas las bibliotecas",
    "ButtonSearch": "Buscar",
    "ButtonSelectDirectory": "Seleccionar directorio",
    "ButtonSelectServer": "Elegir servidor",
    "ButtonSelectView": "Seleccionar vista",
    "ButtonSend": "Enviar",
    "ButtonSettings": "Opciones",
    "ButtonShuffle": "Mezclar",
    "ButtonShutdown": "Apagar",
    "ButtonSignIn": "Iniciar sesión",
    "ButtonSignOut": "Desconectarse",
    "ButtonSort": "Ordenar",
    "ButtonStart": "Inicio",
    "ButtonStop": "Detener",
    "ButtonSubmit": "Enviar",
    "ButtonSubtitles": "Subtítulos",
    "ButtonTrailer": "Tráiler",
    "ButtonUninstall": "Desinstalar",
    "ButtonUp": "Arriba",
    "ButtonViewWebsite": "Ver sitio web",
    "ButtonWebsite": "Sitio web",
    "CancelRecording": "Cancelar grabación",
    "CancelSeries": "Cancelar series",
    "Categories": "Categorías",
    "ChannelAccessHelp": "Seleccione los canales para compartir con este usuario. Los administradores podrán editar todos los canales mediante el gestor de metadatos.",
    "ChannelNameOnly": "Canal {0} solo",
    "ChannelNumber": "Número de canal",
    "Channels": "Canales",
    "CinemaModeConfigurationHelp": "El modo cine proporciona la experiencia del cine directamente en su sala con la capacidad de reproducir tráilers e introducciones personalizadas antes de la función principal.",
    "Collections": "Colecciones",
    "Composer": "Compositor",
    "ConfigureDateAdded": "Configura como la fecha añadida se determina en el Panel de Control del servidor Jellyfin en los ajustes de la biblioteca",
    "ConfirmDeleteImage": "¿Borrar imagen?",
    "ConfirmDeleteItem": "Al borrar este elemento se borrará del sistema de archivos y de la biblioteca. ¿Quieres continuar?",
    "ConfirmDeleteItems": "Al borrar este elemento se borrará del sistema de archivos y de la biblioteca. ¿Quieres continuar?",
    "ConfirmDeletion": "Confirmar borrado",
    "ConfirmEndPlayerSession": "¿Quieres cerrar Jellyfin en el dispositivo?",
    "Connect": "Conectar",
    "Continuing": "Continuando",
    "CustomDlnaProfilesHelp": "Crear un perfil personalizado para un nuevo dispositivo o reemplazar un perfil del sistema.",
    "DeathDateValue": "Murió: {0}",
    "Default": "Por defecto",
    "DefaultErrorMessage": "Ha habido un error procesando la solicitud. Por favor inténtalo más tarde.",
    "DefaultMetadataLangaugeDescription": "Estos son tus ajustes y se pueden personalizar para cada librería.",
    "DefaultSubtitlesHelp": "Los subtítulos se activan en función de los ajustes por defecto y etiquetas en los metadatos integrados. Los ajustes de idioma se tienen en cuenta cuando hay varias opciones disponibles.",
    "Delete": "Borrar",
    "DeleteDeviceConfirmation": "¿Estás seguro de que quieres borrar este dispositivo? Volverá a aparecer la próxima vez que un usuario inicie sesión en él.",
    "DeleteImage": "Borrar imagen",
    "DeleteImageConfirmation": "Está seguro que desea borrar esta imagen?",
    "DeleteMedia": "Eliminar medios",
    "DeleteUser": "Borrar usuario",
    "DeleteUserConfirmation": "¿Estás seguro de que quieres borrar este usuario?",
    "Desktop": "Escritorio",
    "DetectingDevices": "Detectando dispositvos",
    "DeviceAccessHelp": "Esto solo aplica a equipos que puedan ser singularmente identificados y no prevendrá acceso al navegador. Filtrar el acceso de equipos del usuario les prevendrá que usen nuevos equipos hasta que sean aprobados aquí.",
    "DirectPlaying": "Reproducción directa",
    "DirectStreaming": "Streaming directo",
    "Disabled": "Desactivado",
    "Disc": "Disco",
    "Disconnect": "Desconectar",
    "Dislike": "No me gusta",
    "DisplayModeHelp": "Seleccione el tipo de pantalla que está ejecutando Jellyfin.",
    "DoNotRecord": "No grabar",
    "Down": "Abajo",
    "Download": "Descargar",
    "DownloadsValue": "Descargas: {0}",
    "DrmChannelsNotImported": "Los canales con DRM no se importarán.",
    "EasyPasswordHelp": "Su código PIN es usado para el acceso sin conexión en los clientes soportados y puede también ser usado para iniciar sesión más cómodamente.",
    "Edit": "Editar",
    "EditImages": "Editar imágenes",
    "EditSubtitles": "Editar subtítulos",
    "EnableCinemaMode": "Modo cine",
    "EnableDisplayMirroring": "Mirroring de la pantalla",
    "EnableExternalVideoPlayers": "Reproductores externos",
    "EnableHardwareEncoding": "Activar codificación por hardware",
    "EnableNextVideoInfoOverlay": "Muestra la información del siguiente video durante la reproducción",
    "EnablePhotos": "Mostrar fotos",
    "EnablePhotosHelp": "Las imágenes se detectarán y se mostrarán junto con otros archivos multimedia.",
    "EnableStreamLooping": "Bucle automático de las emisiones en directo",
    "EnableStreamLoopingHelp": "Habilite esto si las emisiones en directo sólo contienen unos pocos segundos de datos y necesitan ser solicitados continuamente.",
    "EnableThemeVideos": "Vídeos temáticos",
    "Ended": "Finalizado",
    "EndsAtValue": "Termina a las {0}",
    "Episodes": "Episodios",
    "ErrorAddingListingsToSchedulesDirect": "Ha habido un error añadiendo la alineación a tu cuenta de Schedules Direct. Schedules Direct solo permite un determinado número de alineaciones por cuenta. Necesitarás iniciar sesión en la web de Schedules Direct y quitar otras listas de tu cuenta antes de proceder.",
    "ErrorAddingMediaPathToVirtualFolder": "Ha habido un error añadiendo la ruta de los medios. Por favor, asegúrate de que la ruta es válida y que el proceso del servidor Jellyfin tiene acceso a esa ubicación.",
    "ErrorAddingTunerDevice": "Ha habido un error añadiendo el dispositivo sintonizador. Por favor, asegúrate de que es accesible e inténtalo otra vez.",
    "ErrorAddingXmlTvFile": "Ha habido un error accediendo al archivo XML. Por favor, asegúrate de que existe e inténtalo de nuevo.",
    "ErrorGettingTvLineups": "Ha habido un error descargando la programación de TV. Por favor, asegúrese que la información es correcta e inténtalo de nuevo.",
    "ErrorMessageStartHourGreaterThanEnd": "La hora de finalización tiene que ser mayor que la de inicio.",
    "ErrorPleaseSelectLineup": "Por favor selecciona una alineación e inténtalo otra vez. Si no hay alineaciones disponibles, revisa que tu nombre de usuario, contraseña y código postal son correctos.",
    "ErrorSavingTvProvider": "Ha habido un error guardando el proveedor de TV. Por favor, asegúrate de que es accesible e inténtalo otra vez.",
    "EveryNDays": "Cada {0} días",
    "ExitFullscreen": "Quitar pantalla completa",
    "ExtraLarge": "Extragrande",
    "ExtractChapterImagesHelp": "La extracción de imágenes de capítulos permitirá a los clientes mostrar gráficamente la selección de escenas. El proceso puede ser lento, intensivo en recursos y requerir varios gigabytes de espacio. Se ejecuta cuando se añaden vídeos y también como tarea programable por la noche. El horario es configurable en el área de tareas programadas. No se recomienda ejecutar esta tarea durante las horas pico de uso.",
    "FFmpegSavePathNotFound": "No podemos localizar FFmpeg usando la ruta que has ingresado. FFprobe también es necesario y debe existir en la misma carpeta. Estos componentes normalmente se agrupan juntos en la misma descarga. Compruebe la ruta y vuelva a intentarlo.",
    "FastForward": "Avanzar rápido",
    "Favorite": "Favorito",
    "Favorites": "Favoritos",
    "File": "Archivo",
    "FileNotFound": "Archivo no encontrado.",
    "FileReadCancelled": "La lectura del archivo se ha cancelado.",
    "FileReadError": "Se encontró un error al leer el archivo.",
    "FolderTypeBooks": "Libros",
    "FolderTypeMovies": "Películas",
    "FolderTypeMusic": "Música",
    "FolderTypeMusicVideos": "Vídeos Musicales",
    "FolderTypeTvShows": "Programas de TV",
    "FolderTypeUnset": "Contenido Mixto",
    "FormatValue": "Formato: {0}",
    "Friday": "Viernes",
    "Fullscreen": "Pantalla completa",
    "Genres": "Géneros",
    "GroupVersions": "Agrupar versiones",
    "GuestStar": "Estrella invitada",
    "Guide": "Guía",
    "GuideProviderSelectListings": "Seleccionar listados",
    "H264CrfHelp": "El factor de velocidad constante (CRF) es el ajuste de calidad predeterminado para el codificador x264. Puede establecer los valores entre 0 y 51, donde valores más bajos resultarían en una mejor calidad (a expensas de tamaños de archivo más altos). Los valores sanos están entre 18 y 28. El valor predeterminado para x264 es 23, por lo que puede utilizar esto como punto de partida.",
    "H264EncodingPresetHelp": "Elija un valor más rápido para mejorar el rendimiento o un valor más lento para mejorar la calidad.",
    "HDPrograms": "Programas en HD",
    "HandledByProxy": "Gestionado por proxy inverso",
    "HardwareAccelerationWarning": "Activar la aceleración por hardware puede producir inestabilidades en algunos ambientes. Asegúrate de que tu sistema operativo y tus controladores de vídeo están actualizados. Si tienes dificultades para reproducir los vídeos después de activar esto, tendrás que volver a poner este ajuste en Auto.",
    "HeaderAccessSchedule": "Horario de acceso",
    "HeaderAccessScheduleHelp": "Crea un horario de acceso para limitar el acceso a determinadas horas.",
    "HeaderActiveDevices": "Dispositivos activos",
    "HeaderActiveRecordings": "Grabaciones activas",
    "HeaderActivity": "Actividad",
    "HeaderAddScheduledTaskTrigger": "Agregar Activador",
    "HeaderAddToCollection": "Agregar a la colección",
    "HeaderAddToPlaylist": "Añadir a la lista de reproducción",
    "HeaderAddUpdateImage": "Añadir/Actualizar imagen",
    "HeaderAddUser": "Agregar usuario",
    "HeaderAdditionalParts": "Partes adicionales",
    "HeaderAdmin": "Administrador",
    "HeaderAlert": "Alerta",
    "HeaderAllowMediaDeletionFrom": "Permitir borrar contenido desde",
    "HeaderApiKey": "Clave API",
    "HeaderApiKeys": "Claves API",
    "HeaderApiKeysHelp": "Las aplicaciones externas requieren de una clave API para comunicarse con el servidor Jellyfin. Las claves se facilitan iniciando sesión con una cuenta de Jellyfin, u otorgando manualmente una clave a la aplicación.",
    "HeaderAudioBooks": "Audiolibros",
    "HeaderAudioSettings": "Ajustes de audio",
    "HeaderAutomaticUpdates": "Actualizaciones automáticas",
    "HeaderBlockItemsWithNoRating": "Bloquear artículos sin valoraciones o si son desconocidas:",
    "HeaderBooks": "Libros",
    "HeaderCancelRecording": "Cancelar grabación",
    "HeaderCancelSeries": "Cancelar series",
    "HeaderCastAndCrew": "Reparto y equipo",
    "HeaderCastCrew": "Reparto y equipo técnico",
    "HeaderChannelAccess": "Acceso a los canales",
    "HeaderChannels": "Canales",
    "HeaderChapterImages": "Imágenes de capítulos",
    "HeaderCodecProfile": "Perfil de códec",
    "HeaderCodecProfileHelp": "Perfiles de códec indican las limitaciones de un dispositivo cuando se reproducen códecs específicos. Si se aplica una limitación entonces el medio se transcodificará, incluso si el códec está configurado para reproducción directa.",
    "HeaderConfigureRemoteAccess": "Configurar acceso remoto",
    "HeaderConfirmPluginInstallation": "Confirmar la instalación del complemento",
    "HeaderConfirmProfileDeletion": "Confirmar borrado del perfil",
    "HeaderConfirmRevokeApiKey": "Revocar clave API",
    "HeaderConnectToServer": "Conectar al servidor",
    "HeaderConnectionFailure": "Fallo de conexión",
    "HeaderContainerProfile": "Perfil de contenedor",
    "HeaderContainerProfileHelp": "Perfiles de códec indican las limitaciones de un dispositivo mientras reproduce formatos específicos. Si se aplica una limitación entonces el medio se transcodificará, incluso si el formato está configurado para reproducción directa.",
    "HeaderContinueListening": "Continuar escuchando",
    "HeaderContinueWatching": "Continuar viendo",
    "HeaderCustomDlnaProfiles": "Perfiles personalizados",
    "HeaderDateIssued": "Fecha de emisión",
    "HeaderDefaultRecordingSettings": "Configuración predeterminada de grabación",
    "HeaderDeleteDevice": "Borrar dispositivo",
    "HeaderDeleteItem": "Borrar elemento",
    "HeaderDeleteItems": "Borrar elementos",
    "HeaderDeleteProvider": "Borrar proveedor",
    "HeaderDeleteTaskTrigger": "Eliminar tarea de activación",
    "HeaderDetectMyDevices": "Detectar mis dispositivos",
    "HeaderDeveloperInfo": "Información del desarrollador",
    "HeaderDeviceAccess": "Acceso de equipo",
    "HeaderDevices": "Dispositivos",
    "HeaderDirectPlayProfile": "Perfil de reproducción directa",
    "HeaderDirectPlayProfileHelp": "Añadir perfiles de reproducción directa para indicar qué formatos puede utilizar el dispositivo de forma nativa.",
    "HeaderDisplay": "Mostrar",
    "HeaderDownloadSync": "Descargar y sincronizar",
    "HeaderEasyPinCode": "Código PIN",
    "HeaderEditImages": "Editar imágenes",
    "HeaderEnabledFields": "Campos activados",
    "HeaderEnabledFieldsHelp": "Desmarca un campo para bloquearlo y evitar que se cambie su contenido.",
    "HeaderEpisodes": "Episodios",
    "HeaderExternalIds": "IDs externos:",
    "HeaderFeatureAccess": "Permisos de acceso",
    "HeaderFeatures": "Características",
    "HeaderFetchImages": "Buscar imágenes:",
    "HeaderFetcherSettings": "Ajustes del capturador",
    "HeaderFilters": "Filtros",
    "HeaderForKids": "Para niños",
    "HeaderForgotPassword": "Contraseña olvidada",
    "HeaderFrequentlyPlayed": "Reproducido frecuentemente",
    "HeaderGenres": "Géneros",
    "HeaderGuideProviders": "Proveedores de guías",
    "HeaderHttpHeaders": "Cabeceras HTTP",
    "HeaderIdentification": "Identificación",
    "HeaderIdentificationCriteriaHelp": "Introduce al menos un criterio de identificación.",
    "HeaderIdentificationHeader": "Cabecera de identificación",
    "HeaderIdentifyItemHelp": "Introduce uno o más parámetros de búsqueda. Borra parámetros para aumentar el número de resultados de la búsqueda.",
    "HeaderImageOptions": "Opciones de imagen",
    "HeaderImageSettings": "Ajustes de imagen",
    "HeaderInstall": "Instalar",
    "HeaderInstantMix": "Mezcla instantánea",
    "HeaderItems": "Elementos",
    "HeaderKeepRecording": "Mantener grabación",
    "HeaderKeepSeries": "Mantener series",
    "HeaderKodiMetadataHelp": "Para habilitar o deshabilitar metadatos NFO, edite una biblioteca en la configuración de la biblioteca Jellyfin y localice la sección de metadatos.",
    "HeaderLatestEpisodes": "Últimos episodios",
    "HeaderLatestMedia": "Últimos medios",
    "HeaderLatestMovies": "Últimas películas",
    "HeaderLatestMusic": "Última música",
    "HeaderLatestRecordings": "Últimas grabaciones",
    "HeaderLibraries": "Blibliotecas",
    "HeaderLibraryAccess": "Acceso a la biblioteca",
    "HeaderLibraryFolders": "Carpetas de la biblioteca",
    "HeaderLibraryOrder": "Orden de la biblioteca",
    "HeaderLibrarySettings": "Ajustes de la biblioteca",
    "HeaderLiveTV": "Televisión en directo",
    "HeaderLiveTv": "Televisión en directo",
    "HeaderLiveTvTunerSetup": "Ajustes del sintonizador de televisión",
    "HeaderLoginFailure": "Fallo de inicio de sesión",
    "HeaderMedia": "Medios",
    "HeaderMediaFolders": "Carpetas de medios",
    "HeaderMediaInfo": "Información multimedia",
    "HeaderMetadataSettings": "Ajustes de metadatos",
    "HeaderMoreLikeThis": "Más como este",
    "HeaderMovies": "Películas",
    "HeaderMusicVideos": "Vídeos musicales",
    "HeaderMyDevice": "Mi dispositivo",
    "HeaderMyMedia": "Mis contenidos",
    "HeaderMyMediaSmall": "Mis contenidos (pequeño)",
    "HeaderNewApiKey": "Nueva clave API",
    "HeaderNewDevices": "Nuevos dispositivos",
    "HeaderNextEpisodePlayingInValue": "Siguiente episodio empezará en {0}",
    "HeaderNextUp": "Siguiente",
    "HeaderNextVideoPlayingInValue": "Siguiente vídeo empezará en {0}",
    "HeaderOnNow": "Transmitiendo ahora",
    "HeaderOtherItems": "Otros elementos",
    "HeaderParentalRatings": "Clasificación parental",
    "HeaderPassword": "Contraseña",
    "HeaderPasswordReset": "Reestablecer contraseña",
    "HeaderPaths": "Ruta",
    "HeaderPendingInvitations": "Invitaciones pendientes",
    "HeaderPeople": "Gente",
    "HeaderPinCodeReset": "Restablecer código PIN",
    "HeaderPlayAll": "Reproducir todo",
    "HeaderPlayOn": "Reproducir en",
    "HeaderPlayback": "Reproducción de contenido",
    "HeaderPlaybackError": "Error de reproducción",
    "HeaderPleaseSignIn": "Por favor, inicie sesión",
    "HeaderPluginInstallation": "Instalación del complemento",
    "HeaderPreferredMetadataLanguage": "Idioma preferido para los metadatos",
    "HeaderProfile": "Perfil",
    "HeaderProfileInformation": "Información del perfil",
    "HeaderProfileServerSettingsHelp": "Estos valores controlan como el servidor Jellyfin se presenta al dispositivo.",
    "HeaderRecentlyPlayed": "Reproducido recientemente",
    "HeaderRecordingOptions": "Ajustes de grabación",
    "HeaderRecordingPostProcessing": "Grabación post procesamiento",
    "HeaderRemoteControl": "Control remoto",
    "HeaderRemoveMediaFolder": "Quitar carpeta de medios",
    "HeaderRemoveMediaLocation": "Quitar ubicación de medios",
    "HeaderResponseProfile": "Perfil de respuesta",
    "HeaderResponseProfileHelp": "Perfiles de respuesta proporcionan una forma de personalizar la información que se envía al dispositivo cuando se reproducen ciertos tipos de medios.",
    "HeaderRestart": "Reiniciar",
    "HeaderRevisionHistory": "Histórico de revisiones",
    "HeaderRunningTasks": "Tareas en ejecución",
    "HeaderScenes": "Escenas",
    "HeaderSchedule": "Horario",
    "HeaderSeasons": "Temporadas",
    "HeaderSecondsValue": "{0} segundos",
    "HeaderSelectCertificatePath": "Elige la ruta del certificado",
    "HeaderSelectMetadataPath": "Seleccione la ruta para Metadatos",
    "HeaderSelectMetadataPathHelp": "Busque o escriba la ruta donde desea almacenar los metadatos. La carpeta debe tener permiso de escritura.",
    "HeaderSelectPath": "Elige ruta",
    "HeaderSelectServer": "Selecionar servidor",
    "HeaderSelectServerCachePath": "Seleccione la ruta para el caché del servidor",
    "HeaderSelectServerCachePathHelp": "Navega o introduce la ruta para alojar los archivos caché del servidor. Tienes que tener permisos de escritura en esa carpeta.",
    "HeaderSelectTranscodingPath": "Seleccione la ruta temporal del transcodificador",
    "HeaderSelectTranscodingPathHelp": "Busque o escriba la ruta de acceso que se utilizará para la transcodificación de archivos temporales. La carpeta debe tener permiso de escritura.",
    "HeaderSendMessage": "Enviar mensaje",
    "HeaderSeries": "Series",
    "HeaderSeriesOptions": "Opciones de series",
    "HeaderServerSettings": "Ajustes del servidor",
    "HeaderSettings": "Ajustes",
    "HeaderSetupLibrary": "Configure sus bibliotecas de medios",
    "HeaderShutdown": "Apagar",
    "HeaderSortBy": "Ordenar por",
    "HeaderSortOrder": "Orden",
    "HeaderSpecialEpisodeInfo": "Información del episodio especial",
    "HeaderSpecialFeatures": "Características especiales",
    "HeaderStartNow": "Empezar ahora",
    "HeaderStatus": "Estado",
    "HeaderSubtitleAppearance": "Apariencia de los subtítulos",
    "HeaderSubtitleDownloads": "Descargas de subtítulos",
    "HeaderSubtitleProfile": "Perfil del subtítulo",
    "HeaderSubtitleProfiles": "Perfil de los subtítulos",
    "HeaderSubtitleProfilesHelp": "El perfil de los subtítulos describe el formato soportado por el dispositivo.",
    "HeaderSystemDlnaProfiles": "Perfiles del sistema",
    "HeaderTags": "Etiquetas",
    "HeaderTaskTriggers": "Tareas de activación",
    "HeaderThisUserIsCurrentlyDisabled": "Este usuario está desactivado",
    "HeaderTranscodingProfile": "Perfil de transcodificación",
    "HeaderTranscodingProfileHelp": "Añadir perfiles de transcodificación para indicar qué formatos se deben utilizar cuando se requiera transcodificación.",
    "HeaderTunerDevices": "Sintonizadores",
    "HeaderTuners": "Sintonizadores",
    "HeaderTypeImageFetchers": "{0} capturadores de imágenes",
    "HeaderTypeText": "Entrar texto",
    "HeaderUpcomingOnTV": "Próximamente en la televisión",
    "HeaderUploadImage": "Subir imagen",
    "HeaderUser": "Usuario",
    "HeaderUsers": "Usuarios",
    "HeaderVideoQuality": "Calidad de vídeo",
    "HeaderVideoTypes": "Tipos de vídeos",
    "HeaderVideos": "Vídeos",
    "HeaderXmlDocumentAttribute": "Atributos del documento xml",
    "HeaderXmlDocumentAttributes": "Atributos del documento xml",
    "HeaderXmlSettings": "Ajustes xml",
    "HeaderYears": "Años",
    "HeadersFolders": "Carpetas",
    "Help": "Ayuda",
    "Hide": "Ocultar",
    "HideWatchedContentFromLatestMedia": "Esconder medios vistos de los medios más recientes",
    "HttpsRequiresCert": "Para requerir HTTPS para las conexiones externas, deberás proporcionar un certificado SSL de confianza, como los de Lets Encrypt.",
    "Identify": "Identificar",
    "Images": "Imágenes",
    "ImportFavoriteChannelsHelp": "Si está activado, sólo los canales guardados como favoritos en el sintonizador se importarán.",
    "ImportMissingEpisodesHelp": "Si está activada, la información sobre los episodios que faltan se importará en su base de datos Jellyfin y se mostrará en temporadas y series. Esto puede causar exploraciones de bibliotecas significativamente más largas.",
    "InstallingPackage": "Instalando {0}",
    "InstantMix": "Mix instantáneo",
    "ItemCount": "Elementos {0}",
    "Items": "Elemento",
    "Kids": "Infantil",
    "Label3DFormat": "Formato 3D:",
    "LabelAbortedByServerShutdown": "(Abortado por cierre del servidor)",
    "LabelAccessDay": "Día de la semana:",
    "LabelAccessEnd": "Hora de finalización:",
    "LabelAccessStart": "Hora de inicio:",
    "LabelAirDays": "Días de emisión:",
    "LabelAirTime": "Tiempo de emisión:",
    "LabelAirsAfterSeason": "Se emite después de la temporada:",
    "LabelAirsBeforeEpisode": "Se emite antes del episodio:",
    "LabelAirsBeforeSeason": "Se emite antes de la temporada:",
    "LabelAlbum": "Álbum:",
    "LabelAlbumArtHelp": "PN utilizado para la carátula del álbum, dentro del atributo dlna: profileID en upnp: albumArtURI. Algunos dispositivos requieren un valor específico, independientemente del tamaño de la imagen.",
    "LabelAlbumArtMaxHeight": "Altura máxima de la carátula del album:",
    "LabelAlbumArtMaxHeightHelp": "Resolución máxima de la carátula del álbum expuesta a través de upnp: albumArtURI.",
    "LabelAlbumArtMaxWidth": "Anchura máxima de la carátula del album:",
    "LabelAlbumArtMaxWidthHelp": "Resolución máxima de la carátula del álbum expuesta a través de upnp: albumArtURI.",
    "LabelAlbumArtPN": "Carátula del album PN:",
    "LabelAlbumArtists": "Artistas de los álbumes:",
    "LabelAll": "Todo",
    "LabelAllowHWTranscoding": "Permitir transcodificación por hardware",
    "LabelAllowServerAutoRestart": "Permitir al servidor reiniciarse automáticamente para aplicar las actualizaciones",
    "LabelAllowServerAutoRestartHelp": "El servidor solo se reiniciará durante periodos de reposo, cuando no haya usuarios activos.",
    "LabelAllowedRemoteAddresses": "Filtro de dirección IP remota:",
    "LabelAllowedRemoteAddressesMode": "Modo de filtro de dirección IP remota:",
    "LabelAppName": "Nombre de la aplicación",
    "LabelAppNameExample": "Ejemplo: Sickbeard, NzbDrone",
    "LabelArtists": "Artistas:",
    "LabelArtistsHelp": "Separar múltiples artistas usando ;",
    "LabelAudioLanguagePreference": "Idioma de audio preferido:",
    "LabelAutomaticallyRefreshInternetMetadataEvery": "Actualizar los metadatos automáticamente de internet:",
    "LabelBindToLocalNetworkAddress": "Vincular a la dirección de red local:",
    "LabelBindToLocalNetworkAddressHelp": "Opcional. Anule la dirección IP local para enlazar el servidor HTTP. Si se deja vacío, el servidor se enlazará a todas las direcciones disponibles. Para cambiar este valor, debe reiniciar el servidor Jellyfin.",
    "LabelBirthDate": "Fecha de nacimiento:",
    "LabelBirthYear": "Año de nacimiento:",
    "LabelBlastMessageInterval": "Intervalo para mensajes en vivo (segundos)",
    "LabelBlastMessageIntervalHelp": "Determina la duración en segundos entre los mensajes en vivo.",
    "LabelBlockContentWithTags": "Bloquear artículos sin etiquetas:",
    "LabelCache": "Caché:",
    "LabelCachePath": "Ruta del caché:",
    "LabelCachePathHelp": "Especifica una ruta personalizada para los archivos del caché del servidor, como las imágenes. Si se deja vacío se usa la ruta por defecto.",
    "LabelCancelled": "Cancelado",
    "LabelCertificatePassword": "Contraseña del certificado:",
    "LabelCertificatePasswordHelp": "Si tu certificado requiere una contraseña, por favor, introdúcela aquí.",
    "LabelChannels": "Canales:",
    "LabelCollection": "Colección:",
    "LabelCommunityRating": "Puntuación de la comunidad:",
    "LabelContentType": "Tipo de contenido:",
    "LabelCountry": "País:",
    "LabelCriticRating": "Valoración de la crítica:",
    "LabelCurrentPassword": "Contraseña actual:",
    "LabelCustomCertificatePath": "Ruta del certificado SSL personalizado:",
    "LabelCustomCertificatePathHelp": "Ruta a un archivo PKCS # 12 que contiene un certificado y una clave privada para habilitar el soporte de TLS en un dominio personalizado.",
    "LabelCustomCss": "CSS personalizado:",
    "LabelCustomCssHelp": "Aplicar su propio CSS personalizado a la interfaz de la web.",
    "LabelCustomDeviceDisplayName": "Nombre para mostrar:",
    "LabelCustomDeviceDisplayNameHelp": "Proporcione un nombre para mostrar o déjelo vacío para usar el nombre proporcionado por el dispositivo.",
    "LabelCustomRating": "Valoración pesonalizada:",
    "LabelDateAdded": "Fecha de añadido:",
    "LabelDateAddedBehavior": "Comportamiento de la fecha añadida para contenido nuevo:",
    "LabelDateAddedBehaviorHelp": "Si un valor de metadato está disponible su usará siempre antes que ninguna de esas opciones.",
    "LabelDay": "Día:",
    "LabelDeathDate": "Fecha de muerte:",
    "LabelDefaultUser": "Usuario por defecto:",
    "LabelDefaultUserHelp": "Determina de qúe usuario se utilizará su biblioteca de medios para mostrarla por defecto en los dipositivos conectados. Esto puede cambiarse para cada dispositivo mediante el uso de perfiles.",
    "LabelDeviceDescription": "Descripción del dispositivo",
    "LabelDidlMode": "Modo DIDL:",
    "LabelDiscNumber": "Número de disco:",
    "LabelDisplayMissingEpisodesWithinSeasons": "Mostar episodios no disponibles en temporadas",
    "LabelDisplayMode": "Modo de visualización:",
    "LabelDisplayName": "Mostrar nombre:",
    "LabelDisplayOrder": "Mostrar orden:",
    "LabelDisplaySpecialsWithinSeasons": "Mostrar episodios especiales con las temporadas que han sido emitidos",
    "LabelDownMixAudioScale": "Audio boost (potenciador de sonido) en downmixing:",
    "LabelDownMixAudioScaleHelp": "Incrementar audio en downmixing. El valor uno preservará el volumen original.",
    "LabelDownloadLanguages": "Idiomas de descarga:",
    "LabelDropImageHere": "Soltar imagen aquí, o pulsar para navegar.",
    "LabelDynamicExternalId": "{0} id:",
    "LabelEasyPinCode": "Código PIN:",
    "LabelEmbedAlbumArtDidl": "Incorporar la carátula del álbum en didl",
    "LabelEmbedAlbumArtDidlHelp": "Algunos dispositivos prefieren este método para obtener la carátula del álbum. Otros pueden fallar al reproducir con esta opción habilitada.",
    "LabelEnableAutomaticPortMap": "Habilitar asignación de puertos automático",
    "LabelEnableAutomaticPortMapHelp": "UPnP permite la configuración del router para acceso externo de forma fácil y automática. Esto puede no funcionar en algunos modelos de routers.",
    "LabelEnableBlastAliveMessages": "Explotar mensajes en vivo",
    "LabelEnableBlastAliveMessagesHelp": "Active aquí si el servidor no es detectado correctamente por otros dispositivos UPnP en su red.",
    "LabelEnableDlnaClientDiscoveryInterval": "Intervalo de detección de cliente (segundos)",
    "LabelEnableDlnaClientDiscoveryIntervalHelp": "Determina la duración en segundos entre la búsqueda SSDP hechas por Jellyfin.",
    "LabelEnableDlnaDebugLogging": "Activar el registro de depuración de DLNA",
    "LabelEnableDlnaDebugLoggingHelp": "Crear archivos de registro de gran tamaño. Solo debe ser utilizado cuando sea necesario para solucionar problemas.",
    "LabelEnableDlnaPlayTo": "Activar la reproducción en DLNAi",
    "LabelEnableDlnaPlayToHelp": "Detectar equipos dentro de su red y ofrecer la posibilidad de controlarlos remotamente.",
    "LabelEnableDlnaServer": "Habilitar el servidor DLNA",
    "LabelEnableDlnaServerHelp": "Permite a los dispositivos UPnP en su red local explorar y reproducir contenidos.",
    "LabelEnableHardwareDecodingFor": "Activar decodificación por hardware para:",
    "LabelEnableRealtimeMonitor": "Activar la monitorización en tiempo real",
    "LabelEnableRealtimeMonitorHelp": "Los cambios se procesarán inmediatamente, en sistemas de archivo que lo soporten.",
    "LabelEnableSingleImageInDidlLimit": "Limitar a una imagen integrada",
    "LabelEnableSingleImageInDidlLimitHelp": "Algunos dispositivos no renderizan correctamente si hay muchas imágenes integradas en Didl.",
    "LabelEndDate": "Fecha de fin:",
    "LabelEpisodeNumber": "Episodio número:",
    "LabelEvent": "Evento:",
    "LabelEveryXMinutes": "Cada:",
    "LabelExtractChaptersDuringLibraryScan": "Extraer imágenes de los capítulos durante el escaneo de la biblioteca",
    "LabelExtractChaptersDuringLibraryScanHelp": "Genera imágenes de capítulos cuando se importen vídeos durante el escaneo de las bibliotecas. Desmarcado, las imágenes se descargarán cuando se ejecute la tarea programada para ello, permitiendo un escaneo de la biblioteca más rápido.",
    "LabelFailed": "Error",
    "LabelFileOrUrl": "Archivo o URL:",
    "LabelFinish": "Terminar",
    "LabelFont": "Fuente:",
    "LabelForgotPasswordUsernameHelp": "Introduce tu nombre de usuario, si te acuerdas.",
    "LabelFormat": "Formato:",
    "LabelFriendlyName": "Nombre amigable:",
    "LabelServerNameHelp": "Este nombre se utilizará para identificar el servidor,  por defecto será el nombre del ordenador.",
    "LabelGroupMoviesIntoCollections": "Agrupar películas en colecciones",
    "LabelGroupMoviesIntoCollectionsHelp": "Cuando se muestran las listas de películas, las películas pertenecientes a una colección se mostrarán como un elemento agrupado.",
    "LabelH264Crf": "H264 que codifica CRF:",
    "LabelH264EncodingPreset": "Configuración de codificación H264:",
    "LabelHardwareAccelerationType": "Aceleración por hardware:",
    "LabelHardwareAccelerationTypeHelp": "Esto es una función experimental disponible sólo en los sistemas soportados.",
    "LabelHomeScreenSectionValue": "Sección de la pantalla de inicio {0}:",
    "LabelHttpsPort": "Puerto local HTTPS:",
    "LabelHttpsPortHelp": "Puerto TCP al que el servidor HTTPS de Jellyfin debe de ser enlazado.",
    "LabelIconMaxHeight": "Altura máxima de icono:",
    "LabelIconMaxHeightHelp": "Resolución máxima de los iconos expuestos vía upnp:icon.",
    "LabelIconMaxWidth": "Anchura máxima de icono:",
    "LabelIconMaxWidthHelp": "Resolución máxima de los iconos expuestos vía upnp:icon.",
    "LabelIdentificationFieldHelp": "Una subcadena insensible a mayúsculas o minúsculas o una expresión regex.",
    "LabelImageFetchersHelp": "Activa y ordena tus buscadores de imágenes en orden de prioridad.",
    "LabelImageType": "Tipo de imagen:",
    "LabelImportOnlyFavoriteChannels": "Reestringir a los canales marcados como favoritos",
    "LabelInNetworkSignInWithEasyPassword": "Activar inicio de sesión en línea con código PIN",
    "LabelInNetworkSignInWithEasyPasswordHelp": "Usar código PIN para iniciar sesión en los clientes desde tu red local. Sólo necesitarás tu contraseña desde fuera de casa. Si dejas el código PIN en blanco, no necesitarás contraseña en tu red local.",
    "LabelInternetQuality": "Calidad en internet:",
    "LabelKeepUpTo": "Mantener hasta:",
    "LabelKidsCategories": "Categorías de niños:",
    "LabelKodiMetadataDateFormat": "Formato de fecha de lanzamiento:",
    "LabelKodiMetadataDateFormatHelp": "Todas las fechas en los ficheros NFO se procesarán usando este formato.",
    "LabelKodiMetadataEnableExtraThumbs": "Copiar extrafanart a vistas previas extras",
    "LabelKodiMetadataEnableExtraThumbsHelp": "Cuando se descarguen imágenes pueden ser guardadas tanto en extrafanart como en extrathumbs para maximizar la compatibilidad con los temas de Kodi.",
    "LabelKodiMetadataEnablePathSubstitution": "Habilitar rutas de sustitución",
    "LabelKodiMetadataEnablePathSubstitutionHelp": "Permite la sustitución de las rutas de imágenes utilizando la configuración de rutas de sustitución en las opciones del servidor.",
    "LabelKodiMetadataSaveImagePaths": "Guardar la ruta de las imágenes en los archivos NFO",
    "LabelKodiMetadataSaveImagePathsHelp": "Esto se recomienda si tienes imágenes que no se ajustan a las directrices de Kodi.",
    "LabelKodiMetadataUser": "Guardar los datos de reproducciones del usuario a los archivos NFO para:",
    "LabelKodiMetadataUserHelp": "Guardar los datos de visualización a archivos NFO para que otras aplicaciones los puedan utilizar.",
    "LabelLanNetworks": "Redes locales:",
    "LabelLanguage": "Idioma:",
    "LabelLineup": "Reparto:",
    "LabelLocalHttpServerPortNumber": "Puerto local HTTP:",
    "LabelLocalHttpServerPortNumberHelp": "Puerto TCP al que el servidor de HTTP de Jellyfin debe de ser enlazado.",
    "LabelLockItemToPreventChanges": "Bloquear este elemento para evitar futuros cambios",
    "LabelLoginDisclaimer": "Descargo de responsabilidad de inicio de sesión:",
    "LabelLoginDisclaimerHelp": "Mensaje que se mostrará en la parte inferior de la página de inicio de sesión.",
    "LabelLogs": "Registros:",
    "LabelManufacturer": "Fabricante",
    "LabelManufacturerUrl": "URL del fabricante",
    "LabelMatchType": "Tipo de emparejamiento:",
    "LabelMaxBackdropsPerItem": "Máximo número de imágenes de fondo por elemento:",
    "LabelMaxChromecastBitrate": "Bitrate de reproducción Chromecast:",
    "LabelMaxParentalRating": "Máxima clasificación permitida:",
    "LabelMaxResumePercentage": "Porcentaje máximo para reanudación:",
    "LabelMaxResumePercentageHelp": "Los títulos se asumirán como reproducidos si se paran después de este momento.",
    "LabelMaxScreenshotsPerItem": "Máximo número de capturas de pantalla por elemento:",
    "LabelMaxStreamingBitrate": "Calidad de transmisión máxima:",
    "LabelMaxStreamingBitrateHelp": "Especifica la tasa de bits máxima de la transmisión.",
    "LabelMessageText": "Mensaje de texto:",
    "LabelMessageTitle": "Título del mensaje:",
    "LabelMetadata": "Metadatos:",
    "LabelMetadataDownloadLanguage": "Idioma preferido de visualizado:",
    "LabelMetadataDownloadersHelp": "Activa y ordena tus descargadores de metadatos por prioridad. Los que tengan menor prioridad se sólo se utilizarán para llenar la información faltante.",
    "LabelMetadataPath": "Ruta de los metadatos:",
    "LabelMetadataPathHelp": "Especifica una ruta para los pósteres y metadatos.",
    "LabelMetadataReaders": "Lectores de metadatos:",
    "LabelMetadataReadersHelp": "Ordena tus fuentes de metadatos locales por prioridad. Se leerá el primer archivo encontrado.",
    "LabelMetadataSavers": "Almacenadores de metadatos:",
    "LabelMetadataSaversHelp": "Elige el formato de archivo para guardar tus metadatos.",
    "LabelMethod": "Método:",
    "LabelMinBackdropDownloadWidth": "Anchura mínima de descarga de imágenes de fondo:",
    "LabelMinResumeDuration": "Duración mínima de reanudación:",
    "LabelMinResumeDurationHelp": "La duración de video mínima en segundos que guardará la ubicación de reproducción y le permitirá reanudar.",
    "LabelMinResumePercentage": "Porcentaje mínimo para reanudación:",
    "LabelMinResumePercentageHelp": "Los títulos se asumirán como no reproducidos si se paran antes de este momento.",
    "LabelMinScreenshotDownloadWidth": "Anchura mínima de descarga de capturas de pantalla:",
    "LabelModelDescription": "Descripción de modelo",
    "LabelModelName": "Nombre de modelo",
    "LabelModelNumber": "Número de modelo",
    "LabelModelUrl": "URL del modelo",
    "LabelMonitorUsers": "Supervisar la actividad de:",
    "LabelMovieCategories": "Categorías de películas:",
    "LabelMoviePrefix": "Prefijo de película:",
    "LabelMoviePrefixHelp": "Si se aplica un prefijo a títulos de películas, escríbalo para que el servidor pueda manejarlo correctamente.",
    "LabelMovieRecordingPath": "Ruta de grabaciones de películas (opcional):",
    "LabelMusicStreamingTranscodingBitrate": "Tasa de bits de transcodificación de música:",
    "LabelMusicStreamingTranscodingBitrateHelp": "Especificar la tasa de bits cuando se transmita música",
    "LabelName": "Nombre:",
    "LabelNewName": "Nuevo nombre:",
    "LabelNewPassword": "Nueva contraseña:",
    "LabelNewPasswordConfirm": "Confirmación de la nueva contraseña:",
    "LabelNewsCategories": "Categorías de noticias:",
    "LabelNext": "Siguiente",
    "LabelNotificationEnabled": "Activar esta notificación",
    "LabelNumber": "Número:",
    "LabelNumberOfGuideDays": "Número de días a descargar de la guía:",
    "LabelNumberOfGuideDaysHelp": "Descargar más días de la guía ofrece la posibilidad de programar grabaciones con mayor antelación y ver más listas, pero también tarda más en descargarse. Auto elegirá en función del número de canales.",
    "LabelOptionalNetworkPath": "(Opcional) Carpeta de red compartida:",
    "LabelOptionalNetworkPathHelp": "Si esta carpeta se comparte en la red, el suministro de la ruta de acceso compartido de red puede permitir a las aplicaciones Jellyfin de otros dispositivos acceder directamente a los archivos multimedia.",
    "LabelOriginalAspectRatio": "Relación de aspecto original:",
    "LabelOriginalTitle": "Título original:",
    "LabelOverview": "Resumen:",
    "LabelParentalRating": "Clasificación parental:",
    "LabelPassword": "Contraseña:",
    "LabelPasswordConfirm": "Contraseña (Confirmar):",
    "LabelPasswordRecoveryPinCode": "Código PIN:",
    "LabelPath": "Ruta:",
    "LabelPersonRole": "Rol:",
    "LabelPlaceOfBirth": "Lugar de nacimiento:",
    "LabelPlayDefaultAudioTrack": "Reproducir pista de audio predeterminado, independientemente del idioma",
    "LabelPlaylist": "Lista de reproducción:",
    "LabelPostProcessor": "Aplicación de post-procesamiento:",
    "LabelPostProcessorArguments": "Argumentos de línea de comandos posprocesador:",
    "LabelPostProcessorArgumentsHelp": "Utilice {path} como ruta del archivo de grabación.",
    "LabelPreferredDisplayLanguage": "Idioma preferido visualizado:",
    "LabelPreferredDisplayLanguageHelp": "La traducción de Jellyfin es un proyecto en marcha.",
    "LabelPreferredSubtitleLanguage": "Idioma de subtítulos preferido:",
    "LabelPrevious": "Anterior",
    "LabelProfileAudioCodecs": "Códecs de audio:",
    "LabelProfileCodecs": "Códecs:",
    "LabelProfileCodecsHelp": "Separados por comas. Esto se puede dejar vacío para aplicar a todos los códecs.",
    "LabelProfileContainer": "Contenedor:",
    "LabelProfileContainersHelp": "Separados por comas. Esto se puede dejar vacío para aplicar a todos los contenedores.",
    "LabelProfileVideoCodecs": "Códecs de video:",
    "LabelProtocol": "Protocolo:",
    "LabelProtocolInfo": "Información de protocolo:",
    "LabelProtocolInfoHelp": "El valor que se utilizará cuando se responde a una solicitud GetProtocolInfo desde el dispositivo.",
    "LabelPublicHttpPort": "Número de puerto público HTTP:",
    "LabelPublicHttpPortHelp": "Número de puerto público que debe ser enlazado al puerto HTTP local.",
    "LabelPublicHttpsPort": "Puerto público HTTPS:",
    "LabelPublicHttpsPortHelp": "Puerto público que debe ser enlazado al puerto local HTTPS.",
    "LabelReadHowYouCanContribute": "Aprenda cómo contribuir.",
    "LabelReasonForTranscoding": "Motivo de la transcodificación:",
    "LabelRecord": "Grabar:",
    "LabelRecordingPath": "Ruta de grabaciones por defecto:",
    "LabelRecordingPathHelp": "Especifica la ubicación por defecto para guardar las grabaciones. Si lo dejas vacío se usará la carpeta de datos del servidor.",
    "LabelRefreshMode": "Modo de refresco:",
    "LabelReleaseDate": "Fecha de lanzamiento:",
    "LabelRemoteClientBitrateLimit": "Límite de la transmisión de tasa de bits por internet (Mbps):",
    "LabelRemoteClientBitrateLimitHelp": "Un límite opcional de tasa de bits para todos los dispositivos fuera de la red. Esto es útil para evitar que los dispositivos soliciten una tasa de bits más alta que la que su conexión a Internet puede manejar. Esto puede ocasionar una mayor carga de la CPU en su servidor para transcodificar vídeos sobre la marcha a una tasa de bits más baja.",
    "LabelRuntimeMinutes": "Tiempo de ejecución (minutos):",
    "LabelSaveLocalMetadata": "Guardar imágenes y metadatos en las carpetas de medios",
    "LabelSaveLocalMetadataHelp": "Guardar imágenes y metadatos directamente en las carpetas de medios, permitirá colocarlas en un lugar donde se pueden editar fácilmente.",
    "LabelScheduledTaskLastRan": "Última ejecución {0}, tardando {1}.",
    "LabelScreensaver": "Salvapantallas:",
    "LabelSeasonNumber": "Número de temporada:",
    "LabelSecureConnectionsMode": "Modo de conexión segura:",
    "LabelSelectFolderGroups": "Agrupar contenido automáticamente desde las siguientes carpetas en vistas como Películas, Música y Series:",
    "LabelSelectFolderGroupsHelp": "Las carpetas sin seleccionar se mostrarán ellas mismas en su propia vista.",
    "LabelSelectUsers": "Seleccionar usuarios:",
    "LabelSelectVersionToInstall": "Seleccionar versión a instalar:",
    "LabelSendNotificationToUsers": "Enviar la notificación a:",
    "LabelSerialNumber": "Número de serie",
    "LabelSeriesRecordingPath": "Ruta de grabaciones de series (opcional):",
    "LabelServerHostHelp": "192.168.1.100:8096 o https://miservidor.com",
    "LabelSimultaneousConnectionLimit": "Límite de transmisiones simultáneas:",
    "LabelSkipIfAudioTrackPresent": "Omitir si la pista de audio por defecto coincide con el idioma de descarga",
    "LabelSkipIfAudioTrackPresentHelp": "Desactive esta opción para asegurar que todos los vídeos tienen subtítulos, sin importar el idioma de audio.",
    "LabelSkipIfGraphicalSubsPresent": "Saltar si el vídeo tiene subtítulos integrados",
    "LabelSkipIfGraphicalSubsPresentHelp": "Mantener versiones de texto de subtítulos dará lugar a una entrega más eficiente y a disminuir la probabilidad de transcodificación de vídeo.",
    "LabelSonyAggregationFlags": "Agregación de banderas Sony:",
    "LabelSonyAggregationFlagsHelp": "Determina el contenido del elemento aggregationFlags en el espacio de nombre urn:schemas-sonycom:av.",
    "LabelSortTitle": "Clasificar por título:",
    "LabelSource": "Fuente:",
    "LabelSpecialSeasonsDisplayName": "Nombre para mostrar la temporada especial:",
    "LabelSportsCategories": "Categorías de deportes:",
    "LabelStartWhenPossible": "Empezar cuando sea posible:",
    "LabelStatus": "Estado:",
    "LabelStopWhenPossible": "Parar cuando sea posible:",
    "LabelStopping": "Deteniendo",
    "LabelSubtitleDownloaders": "Descargadores de subtítulos:",
    "LabelSubtitleFormatHelp": "Ejemplo: .srt",
    "LabelSubtitlePlaybackMode": "Modo de subtítulo:",
    "LabelSupportedMediaTypes": "Tipos de medio soportados:",
    "LabelTag": "Etiqueta:",
    "LabelTagline": "Lema:",
    "LabelTextBackgroundColor": "Color de fondo del texto:",
    "LabelTextColor": "Color del texto:",
    "LabelTextSize": "Tamaño del texto:",
    "LabelTheme": "Tema:",
    "LabelTime": "Hora:",
    "LabelTimeLimitHours": "Límite de tiempo (horas):",
    "LabelTitle": "Título:",
    "LabelTrackNumber": "Número de pista:",
    "LabelTranscodingAudioCodec": "Códec de audio:",
    "LabelTranscodingContainer": "Contenedor:",
    "LabelTranscodingTempPathHelp": "Establece la ruta personaliza para la transcodificación de archivos servidos a los clientes. Dejar en blanco para usar la ruta por defecto del servidor.",
    "LabelTranscodingThreadCount": "Cantidad de instancias de transcodificación:",
    "LabelTranscodingThreadCountHelp": "Selecciona el número máximo de instancias de transcodificación. Reducirlas disminuirá el uso del procesador pero puede no convertirá lo suficientemente rápido para una reproducción fluida.",
    "LabelTranscodingVideoCodec": "Códec de video:",
    "LabelTriggerType": "Tipo de evento:",
    "LabelTunerIpAddress": "IP del sintonizador:",
    "LabelTunerType": "Tipo de sintonizador:",
    "LabelType": "Tipo:",
    "LabelTypeMetadataDownloaders": "{0} descargadores de metadatos:",
    "LabelTypeText": "Texto",
    "LabelUseNotificationServices": "Usar los siguientes servicios:",
    "LabelUser": "Usuario:",
    "LabelUserAgent": "Agente de usuario:",
    "LabelUserLibrary": "Librería de usuario:",
    "LabelUserLibraryHelp": "Seleccione de qué usuario se utilizará la librería en el dispositivo. Déjelo vacío para utilizar la configuración por defecto.",
    "LabelUserRemoteClientBitrateLimitHelp": "Anular el valor global predeterminado establecido en la configuración de reproducción del servidor.",
    "LabelUsername": "Nombre de usuario:",
    "LabelVaapiDevice": "Dispositivo VAAPI:",
    "LabelVaapiDeviceHelp": "Este es el nodo de procesamiento que se utiliza para la aceleración de hardware.",
    "LabelValue": "Valor:",
    "LabelVersionInstalled": "{0} instalado",
    "LabelVersionNumber": "Versión {0}",
    "LabelXDlnaCapHelp": "Determina el contenido del elemento X_DLNACAP en el espacio de nombre urn:schemas-dlna-org:device-1-0.",
    "LabelXDlnaDocHelp": "Determina el contenido del elemento X_DLNADOC en el espacio de nombreurn:schemas-dlna-org:device-1-0.",
    "LabelYear": "Año:",
    "LabelYourFirstName": "Tu nombre:",
    "LabelYoureDone": "¡Ya está!",
    "LabelZipCode": "Código postal:",
    "LabelffmpegPath": "Ruta de FFmpeg:",
    "LabelffmpegPathHelp": "a ruta de acceso al archivo de la aplicación FFmpeg o la carpeta que contiene FFmpeg.",
    "LanNetworksHelp": "Lista de direcciones IP separadas por comas o entradas de dirección IP / máscara de red para redes que se considerarán en la red local al imponer restricciones de ancho de banda. Si se establece, todas las demás direcciones IP se considerarán en la red externa y estarán sujetas a las restricciones de ancho de banda externo. Si se deja en blanco, solo se considera que la subred del servidor está en la red local.",
    "Large": "Grande",
    "LatestFromLibrary": "Reciente en {0}",
    "LibraryAccessHelp": "Seleccione las bibliotecas a compartir con este usuario. Los administradores podrán editar todas las carpetas usando el gestor de metadatos.",
    "Like": "Me gusta",
    "Live": "Directo",
    "LiveBroadcasts": "Emisiones en vivo",
    "LiveTV": "Televisión en vivo",
    "ManageLibrary": "Gestionar biblioteca",
    "ManageRecording": "Gestionar grabación",
    "MapChannels": "Asignar canales",
    "MarkPlayed": "Marcar como reproducido",
    "MarkUnplayed": "Marcar como no reproducido",
    "MaxParentalRatingHelp": "El contenido con clasificación parental superior se ocultará para este usuario.",
    "MediaInfoAnamorphic": "Anamórfico",
    "MediaInfoAspectRatio": "Relación de aspecto",
    "MediaInfoBitDepth": "Profundidad de bits",
    "MediaInfoBitrate": "Tasa de bits",
    "MediaInfoChannels": "Canales",
    "MediaInfoCodec": "Códec",
    "MediaInfoCodecTag": "Etiqueta de códec",
    "MediaInfoContainer": "Contenedor",
    "MediaInfoDefault": "Por defecto",
    "MediaInfoExternal": "Externo",
    "MediaInfoForced": "Forzado",
    "MediaInfoFramerate": "Fotogramas por segundo",
    "MediaInfoInterlaced": "Entrelazado",
    "MediaInfoLanguage": "Idioma",
    "MediaInfoLayout": "Diseño",
    "MediaInfoLevel": "Nivel",
    "MediaInfoPath": "Ruta",
    "MediaInfoPixelFormat": "Formato del píxel",
    "MediaInfoProfile": "Perfil",
    "MediaInfoRefFrames": "Cuadros de referencia",
    "MediaInfoResolution": "Resolución",
    "MediaInfoSampleRate": "Frecuencia de muestreo",
    "MediaInfoSize": "Tamaño",
    "MediaInfoTimestamp": "Fecha y hora",
    "Menu": "Menú",
    "MessageAlreadyInstalled": "Esta versión ya está instalada.",
    "MessageAreYouSureDeleteSubtitles": "¿Está seguro que desea eliminar este archivo de subtítulos?",
    "MessageAreYouSureYouWishToRemoveMediaFolder": "¿Está seguro de que quieres quitar esta carpeta de medios?",
    "MessageConfirmDeleteGuideProvider": "¿Está seguro de que quieres borrar este proveedor de guía?",
    "MessageConfirmDeleteTunerDevice": "¿Está seguro de que quieres borrar este dispositivo?",
    "MessageConfirmProfileDeletion": "¿Está seguro que desea eliminar este perfil?",
    "MessageConfirmRecordingCancellation": "¿Está seguro que desea cancelar esta grabación?",
    "MessageConfirmRemoveMediaLocation": "¿Estás seguro que quieres quitar esta ubicación?",
    "MessageConfirmRestart": "¿Está seguro de que quieres reiniciar el servidor?",
    "MessageConfirmRevokeApiKey": "¿Está seguro de que quieres revocar esta clave API? Las conexiones de aplicaciones que usen la API se terminarán.",
    "MessageConfirmShutdown": "¿Está seguro que quiere apagar el servidor?",
    "MessageContactAdminToResetPassword": "Por favor, contacta con el administrador del sistema para restablecer tu contraseña.",
    "MessageCreateAccountAt": "Crear una cuenta en {0}",
    "MessageDeleteTaskTrigger": "¿Está seguro que desea eliminar esta tarea de activación?",
    "MessageDirectoryPickerBSDInstruction": "Para BSD, necesitarás configurar el almacenamiento del \"FreeNAS Jail\" para poder permitir a Jellyfin acceder a él.",
    "MessageDirectoryPickerInstruction": "Rutas de red pueden ser introducidas manualmente en el caso de que el botón de la red no pueda localizar sus dispositivos. Por ejemplo, {0} o {1}.",
    "MessageDirectoryPickerLinuxInstruction": "Para Linux sobre Arch Linux, CentOS, Debian, Fedora, OpenSuse, or Ubuntu, debe conceder al usuario del servicio permiso de lectura en las rutas de almacenamiento.",
    "MessageDownloadQueued": "Descarga en cola.",
    "MessageEnablingOptionLongerScans": "Activar esta opción implicará escaneos de la biblioteca más largos.",
    "MessageFileReadError": "Ha habido un error leyendo el fichero. Por favor, inténtalo más tarde.",
    "MessageForgotPasswordFileCreated": "Se ha creado el siguiente archivo en tu servidor y contiene instrucciones de cómo proceder:",
    "MessageForgotPasswordInNetworkRequired": "Por favor, inténtalo de nuevo desde tu red de casa para iniciar el proceso de restablecimiento de la contraseña.",
    "MessageInstallPluginFromApp": "Este complemento debe instalarse desde la aplicación en la que lo vayas a usar.",
    "MessageInvalidForgotPasswordPin": "Ha introducido un código PIN inválido o expirado. Por favor, inténtelo de nuevo.",
    "MessageInvalidUser": "Usuario o contraseña inválidos. Por favor, inténtalo otra vez.",
    "MessageItemSaved": "Elemento grabado.",
    "MessageItemsAdded": "Ítems añadidos.",
    "MessageLeaveEmptyToInherit": "Dejar en blanco para heredar la configuración del elemento padre, o el valor global por defecto.",
    "MessageNoAvailablePlugins": "No hay complementos disponibles.",
    "MessageNoMovieSuggestionsAvailable": "No hay sugerencias de películas disponibles. Comience ver y calificar sus películas y vuelva para ver las recomendaciones.",
    "MessageNoPluginsInstalled": "No tiene complementos instalados.",
    "MessageNoTrailersFound": "No se han encontrado tráilers. Instala el canal de tráilers para mejorar su experiencia añadiendo una biblioteca de tráilers por internet.",
    "MessageNothingHere": "Nada aquí.",
    "MessagePasswordResetForUsers": "Se ha restablecido las contraseñas a los siguientes usuarios. Ahora pueden iniciar sesión con los códigos PIN que usaron para el restablecimiento.",
    "MessagePleaseEnsureInternetMetadata": "Por favor, asegúrese que la descarga de metadatos de internet está habilitada.",
    "MessagePleaseWait": "Por favor, espere.",
    "MessagePluginConfigurationRequiresLocalAccess": "Para configurar este complemento inicia sesión en tu servidor local directamente.",
    "MessagePluginInstallDisclaimer": "Los complementos creados por los miembros de la comunidad de Jellyfin son una buena forma de mejorar tu experiencia Jellyfin con características adicionales y otros beneficios. Antes de instalarlos considera los efectos que pueden tener en tu servidor Jellyfin, como escaneos de la biblioteca más largos, procesado en segundo plano adicional y una reducción de la estabilidad del sistema.",
    "MessageReenableUser": "Mira abajo para reactivarlo",
    "MessageSettingsSaved": "Ajustes guardados.",
    "MessageTheFollowingLocationWillBeRemovedFromLibrary": "Se eliminarán las siguientes ubicaciones de medios de tu biblioteca:",
    "MessageUnableToConnectToServer": "No podemos conectar con el servidor seleccionado ahora mismo. Por favor, asegúrate de que esta funcionando e inténtalo otra vez.",
    "MessageUnsetContentHelp": "El contenido se mostrará como carpetas planas. Para tener mejores resultados utiliza el gestor de metadatos para establecer los tipos de contenidos de las sub-carpetas.",
    "MessageYouHaveVersionInstalled": "Actualmente tienes la versión {0} instalada.",
    "Metadata": "Metadatos",
    "MetadataManager": "Administrador de metadatos",
    "MetadataSettingChangeHelp": "El cambio de la configuración de metadatos afectará al nuevo contenido que se añada en el futuro. Para actualizar el contenido existente, abra la pantalla de detalles y haga clic en el botón Actualizar o realice actualizaciones masivas utilizando el administrador de metadatos.",
    "MinutesAfter": "minutos después",
    "MinutesBefore": "minutos antes",
    "Mobile": "Móvil",
    "Monday": "Lunes",
    "MoreFromValue": "Más de {0}",
    "MoreUsersCanBeAddedLater": "Puedes agregar más usuarios más tarde desde el panel de control.",
    "MoveLeft": "Mover a la izquierda",
    "MoveRight": "Mover a la derecha",
    "MovieLibraryHelp": "Revisar la {0}guía de nombres de películas{1}.",
    "Movies": "Películas",
    "Mute": "Silencio",
    "MySubtitles": "Mis subtítulos",
    "Name": "Nombre",
    "Never": "Nunca",
    "NewCollection": "Nueva colección",
    "NewCollectionNameExample": "Ejemplo: Colección de Star Wars",
    "NewEpisodes": "Nuevos episodios",
    "NewEpisodesOnly": "Solo nuevos episodios",
    "News": "Noticias",
    "Next": "Siguiente",
    "NextUp": "Seguidamente",
    "NoNewDevicesFound": "No se han encontrado nuevos dispositivos. Para añadir un sintonizador cierra este diálogo e introduce la información del dispositivo manualmente.",
    "NoNextUpItemsMessage": "Nada encontrado. ¡Comienza a ver tus programas!",
    "NoPluginConfigurationMessage": "Este complemento no tiene opciones que configurar.",
    "NoSubtitleSearchResultsFound": "No se han encontrado resultados.",
    "NoSubtitles": "Sin subtítulos",
    "NoSubtitlesHelp": "Los subtítulos no se cargarán de forma predeterminada. Tienen que ser activados manualmente durante la reproducción.",
    "None": "Nada",
    "NumLocationsValue": "{0} carpetas",
    "OneChannel": "Un canal",
    "OnlyForcedSubtitles": "Solo subtítulos forzados",
    "OnlyForcedSubtitlesHelp": "Solo se cargarán los subtítulos marcados como forzados.",
    "OnlyImageFormats": "Solo formatos de imagen (VOBSUB, PGS, SUB, etc.)",
    "OptionAdminUsers": "Administradores",
    "OptionAlbum": "Álbum",
    "OptionAlbumArtist": "Artista de álbum",
    "OptionAllUsers": "Todos los usuarios",
    "OptionAllowAudioPlaybackTranscoding": "Permitir reproducción de audio que requiere transcodificación",
    "OptionAllowBrowsingLiveTv": "Permitir acceso a la televisión en directo",
    "OptionAllowContentDownloading": "Permitir la descarga de medios",
    "OptionAllowLinkSharing": "Permitir compartir los medios en redes sociales",
    "OptionAllowLinkSharingHelp": "Sólo se comparten las páginas web con información de medios. Los archivos nunca se comparten públicamente. Lo compartido expirará después de {0} días.",
    "OptionAllowManageLiveTv": "Habilitar la administración de grabación de la televisión en directo",
    "OptionAllowMediaPlayback": "Permitir la reproducción de medios",
    "OptionAllowMediaPlaybackTranscodingHelp": "Restringir el acceso a la transcodificación puede causar fallos de reproducción en aplicaciones Jellyfin debido a formatos de medios no compatibles.",
    "OptionAllowRemoteControlOthers": "Habilitar el control remoto de otros usuarios",
    "OptionAllowRemoteSharedDevices": "Habilitar el control remoto de otros equipos compartidos",
    "OptionAllowRemoteSharedDevicesHelp": "Los equipos DLNA son considerados compartidos hasta que un usuario empiece a controlarlos.",
    "OptionAllowSyncTranscoding": "Permitir la descarga que requiera transcodificación",
    "OptionAllowUserToManageServer": "Permite a este usuario administrar el servidor",
    "OptionAllowVideoPlaybackRemuxing": "Permitir la reproducción de vídeo que requiere conversión sin necesidad de volver a codificar",
    "OptionAllowVideoPlaybackTranscoding": "Permitir reproducción de vídeo que requiere transcodificación",
    "OptionArtist": "Artista",
    "OptionAscending": "Ascendente",
    "OptionAutomaticallyGroupSeries": "Combinar automáticamente series que se distribuyen en varias carpetas",
    "OptionAutomaticallyGroupSeriesHelp": "Si está activada, las series que se distribuyen entre varias carpetas dentro de esta biblioteca se fusionarán automáticamente en una sola serie.",
    "OptionBlockBooks": "Libros",
    "OptionBlockChannelContent": "Contenido de canales de Internet",
    "OptionBlockLiveTvChannels": "Canales de televisión en directo",
    "OptionBlockMovies": "Películas",
    "OptionBlockMusic": "Música",
    "OptionBlockTvShows": "Programas de televisión",
    "OptionCommunityRating": "Valoración de la comunidad",
    "OptionContinuing": "Continuando",
    "OptionCriticRating": "Valoración de la crítica",
    "OptionCustomUsers": "A medida",
    "OptionDaily": "Diario",
    "OptionDateAdded": "Añadido el",
    "OptionDateAddedFileTime": "Usar fecha de creación del archivo",
    "OptionDateAddedImportTime": "Usar fecha escaneada de la biblioteca",
    "OptionDatePlayed": "Fecha de reproducción",
    "OptionDescending": "Descendente",
    "OptionDisableUser": "Deshabilitar este usuario",
    "OptionDisableUserHelp": "Si está deshabilitado, el servidor no aceptará conexiones de este usuario. Si existen conexiones de este usuario, finalizarán inmediatamente.",
    "OptionDislikes": "No me gusta",
    "OptionDisplayFolderView": "Mostrar una vista de carpeta para ver las carpetas de medios en plano",
    "OptionDisplayFolderViewHelp": "Mostrar carpetas junto con tus otras bibliotecas de medios. Esto es útil si te gustar tener una vista plana de carpetas.",
    "OptionDownloadArtImage": "Arte",
    "OptionDownloadBackImage": "Atrás",
    "OptionDownloadBannerImage": "Pancarta",
    "OptionDownloadBoxImage": "Caja",
    "OptionDownloadDiscImage": "Disco",
    "OptionDownloadImagesInAdvance": "Descargar imágenes con antelación",
    "OptionDownloadImagesInAdvanceHelp": "Por defecto, la mayoría de las imágenes solo se descargan cuando lo solicita una aplicación Jellyfin. Activa esta opción para descargar todas las imágenes por adelantado, a medida que se importan nuevos medios. Esto puede causar escaneos de biblioteca significativamente más largos.",
    "OptionDownloadMenuImage": "Menú",
    "OptionDownloadPrimaryImage": "Principal",
    "OptionDownloadThumbImage": "Miniatura",
    "OptionEmbedSubtitles": "Integrado con el contenedor",
    "OptionEnableAccessFromAllDevices": "Habilitar acceso desde todos los equipos",
    "OptionEnableAccessToAllChannels": "Habilitar acceso a todos los canales",
    "OptionEnableAccessToAllLibraries": "Habilitar acceso a todas las bibliotecas",
    "OptionEnableAutomaticServerUpdates": "Activar actualizaciones automáticas del servidor",
    "OptionEnableExternalContentInSuggestions": "Habilitar contenido externo en sugerencias",
    "OptionEnableExternalContentInSuggestionsHelp": "Permite incluir los tráilers de Internet y los programas de TV en vivo en el contenido sugerido.",
    "OptionEnableForAllTuners": "Activar para todos los dispositivos sintonizadores",
    "OptionEnableM2tsMode": "Activar modo M2TS",
    "OptionEnableM2tsModeHelp": "Activar modo M2TS cuando se codifique a MPEGTS.",
    "OptionEnded": "Finalizado",
    "OptionEquals": "Igual",
    "OptionEstimateContentLength": "Estimar la longitud del contenido al transcodificar",
    "OptionEveryday": "Todos los días",
    "OptionExternallyDownloaded": "Descarga externa",
    "OptionExtractChapterImage": "Habilitar la extracción de imágenes de los capítulos",
    "OptionFavorite": "Favoritos",
    "OptionFriday": "Viernes",
    "OptionHasSpecialFeatures": "Características especiales",
    "OptionHasSubtitles": "Subtítulos",
    "OptionHasThemeSong": "Banda sonora",
    "OptionHasThemeVideo": "Vídeo temático",
    "OptionHideUser": "Ocultar este usuario en las pantallas de inicio de sesión",
    "OptionHideUserFromLoginHelp": "Útil para privado o cuentas de administradores escondidos. El usuario tendrá que acceder entrando su nombre de usuario y contraseña manualmente.",
    "OptionHlsSegmentedSubtitles": "Subtítulos segmentados HLS",
    "OptionHomeVideos": "Fotos",
    "OptionIgnoreTranscodeByteRangeRequests": "Ignorar las solicitudes de intervalo de bytes de transcodificación",
    "OptionIgnoreTranscodeByteRangeRequestsHelp": "Si está activado, estas solicitudes serán atendidas pero ignorarán el encabezado de intervalo de bytes.",
    "OptionImdbRating": "Valoración IMDb",
    "OptionLikes": "Me gusta",
    "OptionMax": "Máximo",
    "OptionMissingEpisode": "Episodios que faltan",
    "OptionMonday": "Lunes",
    "OptionNameSort": "Nombre",
    "OptionNew": "Nuevo...",
    "OptionNone": "Nada",
    "OptionOnAppStartup": "Al iniciar la aplicación",
    "OptionOnInterval": "En un intervalo",
    "OptionParentalRating": "Clasificación parental",
    "OptionPlainStorageFolders": "Ver todas las carpetas como carpetas de almacenamiento sin formato",
    "OptionPlainStorageFoldersHelp": "Si está activado, todas las carpetas se representan en DIDL como \"object.container.storageFolder\" en lugar de un tipo más específico, como por ejemplo \"object.container.person.musicArtist\".",
    "OptionPlainVideoItems": "Mostrar todos los videos como elementos de video sin formato",
    "OptionPlainVideoItemsHelp": "Si está habilitado, todos los vídeos están representados en DIDL como \"object.item.videoItem\" en lugar de un tipo más específico, como por ejemplo \"object.item.videoItem.movie\".",
    "OptionPlayCount": "Número de reproducciones",
    "OptionPlayed": "Reproducido",
    "OptionPremiereDate": "Fecha de estreno",
    "OptionProfilePhoto": "Foto",
    "OptionProfileVideoAudio": "Vídeo y audio",
    "OptionProtocolHls": "Emisión HTTP en directo",
    "OptionReleaseDate": "Fecha de lanzamiento",
    "OptionReportByteRangeSeekingWhenTranscoding": "Indicar que el servidor soporta la búsqueda de byte al transcodificar",
    "OptionReportByteRangeSeekingWhenTranscodingHelp": "Esto es necesario para algunos dispositivos que no buscan el tiempo muy bien.",
    "OptionRequirePerfectSubtitleMatch": "Sólo descargar subtítulos que son una combinación perfecta para mis archivos de vídeo",
    "OptionRequirePerfectSubtitleMatchHelp": "Requerir una coincidencia perfecta filtra los subtítulos para incluir sólo aquellos que coinciden con el archivo de vídeo. Desmarcando esta opción, aumentará la probabilidad de que los subtítulos se descarguen, pero puede que el texto del subtítulo no coincida con el vídeo.",
    "OptionResElement": "Elemento res",
    "OptionResumable": "Se puede continuar",
    "OptionRuntime": "Tiempo",
    "OptionSaturday": "Sábado",
    "OptionSaveMetadataAsHidden": "Guardar los metadatos e imágenes como archivos ocultos",
    "OptionSaveMetadataAsHiddenHelp": "Cambiar esto se aplicará a los nuevos metadatos guardados en el futuro. Los archivos de metadatos existentes se actualizarán la próxima vez que sean guardados por el servidor Jellyfin.",
    "OptionSpecialEpisode": "Especiales",
    "OptionSunday": "Domingo",
    "OptionThursday": "Jueves",
    "OptionTrackName": "Nombre de pista",
    "OptionTuesday": "Martes",
    "OptionTvdbRating": "Valoración tvdb",
    "OptionUnairedEpisode": "Episodios no emitidos",
    "OptionUnplayed": "No reproducido",
    "OptionWakeFromSleep": "Despertar",
    "OptionWednesday": "Miércoles",
    "OptionWeekdays": "Días de la semana",
    "OptionWeekends": "Fines de semana",
    "OptionWeekly": "Semanal",
    "OriginalAirDateValue": "Fecha de emisión original: {0}",
    "Overview": "Sinopsis",
    "PackageInstallCancelled": "{0} instalación cancelada.",
    "PackageInstallCompleted": "{0} instalación completada.",
    "PackageInstallFailed": "{0} instalación fallida.",
    "ParentalRating": "Calificación de los padres",
    "PasswordMatchError": "La contraseña y la confirmación de la contraseña deben de ser iguales.",
    "PasswordResetComplete": "La contraseña se ha restablecido.",
    "PasswordResetConfirmation": "¿Esta seguro de que desea restablecer la contraseña?",
    "PasswordResetHeader": "Restablecer contraseña",
    "PasswordSaved": "Contraseña guardada.",
    "People": "Gente",
    "PinCodeResetComplete": "El código PIN se ha restablecido.",
    "PinCodeResetConfirmation": "¿Está seguro de que desea restablecer el código PIN?",
    "PlaceFavoriteChannelsAtBeginning": "Situar los canales favoritos al principio",
    "Play": "Reproducir",
    "PlayAllFromHere": "Reproducir todos desde aquí",
    "PlayFromBeginning": "Reproducir desde el principio",
    "PlayNext": "Reproducir siguiente",
    "PlayNextEpisodeAutomatically": "Reproducir siguiente episodio automáticamente",
    "Played": "Reproducido",
    "PleaseAddAtLeastOneFolder": "Por favor añade al menos una carpeta a esta biblioteca haciendo clic en el botón Añadir.",
    "PleaseConfirmPluginInstallation": "Por favor haz clic en OK para confirmar que has leído lo de arriba y quieres proceder con la instalación del complemento.",
    "PleaseEnterNameOrId": "Introduzca un nombre o un identificador externo.",
    "PleaseRestartServerName": "Por favor, reinicie el Servidor de Jellyfin - {0}.",
    "PleaseSelectTwoItems": "Seleccione al menos dos elementos.",
    "PluginInstalledMessage": "El complemento se ha instalado correctamente. El servidor Jellyfin deberá reiniciarse para que los cambios surjan efecto.",
    "PreferEmbeddedTitlesOverFileNames": "Preferir títulos incrustados sobre los nombres de archivo",
    "PreferEmbeddedTitlesOverFileNamesHelp": "Esto determina el título por defecto cuando no hay ningún metadato de internet o local.",
    "PreferredNotRequired": "Preferido, pero no requerido",
    "Premieres": "Estrenos",
    "Previous": "Anterior",
    "Primary": "Principal",
    "Producer": "Productor",
    "ProductionLocations": "Localizaciones de producción",
    "Programs": "Programas",
    "Quality": "Calidad",
    "QueueAllFromHere": "En cola todos desde aquí",
    "Rate": "Califica",
    "RecentlyWatched": "Vistos recientemente",
    "RecommendationBecauseYouLike": "Ya que te ha gustado {0}, quizá te pueda interesar",
    "RecommendationBecauseYouWatched": "Ya que has visto {0}, quizá te pueda interesar",
    "RecommendationDirectedBy": "Dirigida por {0}",
    "RecommendationStarring": "Protagonizada por {0}",
    "Record": "Grabar",
    "RecordSeries": "Grabar serie",
    "RecordingCancelled": "Grabación cancelada.",
    "RecordingPathChangeMessage": "Cambiar la carpeta de grabación no migrará las grabaciones existentes de la ubicación antigua a la nueva. Tendrá que moverlos manualmente si lo desea.",
    "RecordingScheduled": "Grabación programada.",
    "Recordings": "Grabaciones",
    "Refresh": "Refrescar",
    "RefreshMetadata": "Actualizar metadatos",
    "RefreshQueued": "Actualización programada.",
    "ReleaseDate": "Fecha de lanzamiento",
    "RememberMe": "Recuérdame",
    "RemoveFromCollection": "Quitar de la colección",
    "RemoveFromPlaylist": "Quitar de la lista de reproducción",
    "Repeat": "Repetir",
    "RepeatAll": "Repetir todo",
    "RepeatEpisodes": "Repetir episodios",
    "RepeatMode": "Modo de repetición",
    "RepeatOne": "Repetir uno",
    "ReplaceAllMetadata": "Reemplazar todos los metadatos",
    "ReplaceExistingImages": "Reemplazar imágenes existentes",
    "RequiredForAllRemoteConnections": "Requerido para todas las conexiones remotas",
    "ResumeAt": "Continuar desde {0}",
    "Rewind": "Rebobinar",
    "Runtime": "Tiempo de ejecución",
    "Saturday": "Sábado",
    "Save": "Grabar",
    "SaveSubtitlesIntoMediaFolders": "Guarda los subtítulos en las carpetas de medios",
    "SaveSubtitlesIntoMediaFoldersHelp": "Almacenar los subtítulos junto a los archivos de vídeo te permitirá administrarlos más fácilmente.",
    "ScanForNewAndUpdatedFiles": "Buscar archivos nuevos y actualizados",
    "ScanLibrary": "Escanear biblioteca",
    "Schedule": "Horario",
    "Screenshot": "Captura de pantalla",
    "Screenshots": "Capturas de pantalla",
    "Search": "Buscar",
    "SearchForCollectionInternetMetadata": "Buscar en internet ilustraciones y metadatos",
    "SearchForMissingMetadata": "Buscar metadatos faltantes",
    "SearchForSubtitles": "Búsqueda de subtítulos",
    "SearchResults": "Resultados de la búsqueda",
    "SendMessage": "Enviar mensaje",
    "SeriesCancelled": "Serie cancelada.",
    "SeriesRecordingScheduled": "Grabación de series programada.",
    "SeriesSettings": "Ajustes de series",
    "SeriesYearToPresent": "{0} - Actualidad",
    "ServerNameIsRestarting": "El servidor Jellyfin - {0} se esta reiniciando.",
    "ServerNameIsShuttingDown": "El servidor Jellyfin - {0} se esta apagando.",
    "ServerRestartNeededAfterPluginInstall": "El servidor Jellyfin necesitará ser reiniciado tras instalarse un complemento.",
    "ServerUpdateNeeded": "El servidor necesita actualizarse. Para descargar la última versión visita {0}",
    "Settings": "Ajustes",
    "SettingsSaved": "Configuración guardada.",
    "SettingsWarning": "Cambiar estos valores puede causar inestabilidad o fallos de conectividad. Si experimenta algún problema, le recomendamos que cambie de nuevo a su valor predeterminado.",
    "Share": "Compartir",
    "ShowAdvancedSettings": "Mostrar opciones avanzadas",
    "ShowIndicatorsFor": "Mostrar indicaciones para:",
    "Shows": "Series",
    "Shuffle": "Mezclar",
    "SimultaneousConnectionLimitHelp": "Número máximo de transmisiones simultáneas permitidas. Pon 0 para no tener límite.",
    "SkipEpisodesAlreadyInMyLibrary": "No grabar episodios que ya están en mi librería",
    "SkipEpisodesAlreadyInMyLibraryHelp": "Los episodios serán comparados usando el número de temporada y de episodio, cuando estén disponibles.",
    "Small": "Pequeño",
    "Smart": "Inteligente",
    "SmartSubtitlesHelp": "Los subtítulos que coincidan con el idioma preferido se activarán cuando el audio esté en otro idioma.",
    "Songs": "Canciones",
    "SortChannelsBy": "Ordenar canales por:",
    "SortName": "Ordenar por nombre",
    "Sports": "Deportes",
    "StopRecording": "Parar grabación",
    "Studios": "Estudios",
    "SubtitleDownloadersHelp": "Habilita y clasifica tus descargadores de subtítulos preferidos por orden de prioridad.",
    "Subtitles": "Subtítulos",
    "Suggestions": "Sugerencias",
    "Sunday": "Domingo",
    "Sync": "Sincronizar",
    "SystemDlnaProfilesHelp": "El perfil del sistema es solo lectura. Cambios al perfil del sistema seran guardados en un perfil nuevo modificado.",
    "TabAccess": "Acceso",
    "TabAdvanced": "Avanzado",
    "TabAlbumArtists": "Artistas de los álbumes",
    "TabAlbums": "Álbumes",
    "TabArtists": "Artistas",
    "TabCatalog": "Catálogo",
    "TabChannels": "Canales",
    "TabCodecs": "Códecs",
    "TabCollections": "Colecciones",
    "TabContainers": "Contenedores",
    "TabDashboard": "Panel de control",
    "TabDevices": "Dispositivos",
    "TabDirectPlay": "Reproducción directa",
    "TabDisplay": "Pantalla",
    "TabEpisodes": "Episodios",
    "TabFavorites": "Favoritos",
    "TabGenres": "Géneros",
    "TabGuide": "Guía",
    "TabLatest": "Novedades",
    "TabLibrary": "Biblioteca",
    "TabLiveTV": "Televisión en directo",
    "TabMetadata": "Metadatos",
    "TabMovies": "Películas",
    "TabMusic": "Música",
    "TabMusicVideos": "Videos musicales",
    "TabMyPlugins": "Mis complementos",
    "TabNetworks": "redes",
    "TabNfoSettings": "Ajustes de NFO",
    "TabNotifications": "Notificaciones",
    "TabOther": "Otros",
    "TabParentalControl": "Control parental",
    "TabPassword": "Contraseña",
    "TabPlayback": "Reproducción",
    "TabPlaylist": "Lista de reproducción",
    "TabPlaylists": "Listas de reproducción",
    "TabProfile": "Perfil",
    "TabProfiles": "Perfiles",
    "TabRecordings": "Grabaciones",
    "TabResponses": "Respuestas",
    "TabResumeSettings": "Reanudación",
    "TabScheduledTasks": "Tareas programadas",
    "TabServer": "Servidor",
    "TabSettings": "Opciones",
    "TabShows": "Programas",
    "TabSongs": "Canciones",
    "TabStreaming": "Transmisión",
    "TabSuggestions": "Sugerencias",
    "TabTranscoding": "Transcodificación",
    "TabUpcoming": "Próximos",
    "TabUsers": "Usuarios",
    "Tags": "Etiquetas",
    "TellUsAboutYourself": "Háblenos acerca de usted",
    "TheseSettingsAffectSubtitlesOnThisDevice": "Estas opciones afectan a los subtítulos en este dispositivo",
    "ThisWizardWillGuideYou": "Este asistente lo guiará en el proceso de instalación. Para comenzar, seleccione su idioma preferido.",
    "Thumb": "Miniatura",
    "Thursday": "Jueves",
    "TitleHardwareAcceleration": "Aceleración por Hardware",
    "TitleHostingSettings": "Configuración del alojamiento",
    "TitlePlayback": "Reproducción",
    "TrackCount": "{0} pistas",
    "Transcoding": "Transcodificación",
    "Tuesday": "Martes",
    "TvLibraryHelp": "Revisar la {0}guía de nombres de los programas de TV{1}.",
    "UninstallPluginConfirmation": "¿Esta seguro que desea desinstalar {0}?",
    "UninstallPluginHeader": "Desinstalar complemento",
    "Unmute": "Activar audio",
    "Unrated": "Sin clasificar",
    "Up": "Arriba",
    "Upload": "Subir",
    "UserAgentHelp": "Proporciona una cabecera personalizada de agente-usuario HTTP.",
    "UserProfilesIntro": "Jellyfin incluye soporte para perfiles de usuarios, permitiendo que cada usuario tenga sus propios ajustes, estado de reproducción y control parental.",
    "ValueAlbumCount": "{0} álbumes",
    "ValueAudioCodec": "Códec de audio: {0}",
    "ValueConditions": "Condiciones: {0}",
    "ValueContainer": "Contenedor: {0}",
    "ValueDiscNumber": "Disco {0}",
    "ValueEpisodeCount": "{0} episodios",
    "ValueMovieCount": "{0} películas",
    "ValueMusicVideoCount": "{0} vídeos musicales",
    "ValueOneAlbum": "1 álbum",
    "ValueOneEpisode": "1 episodio",
    "ValueOneMovie": "1 película",
    "ValueOneMusicVideo": "1 vídeo musical",
    "ValueOneSeries": "1 serie",
    "ValueOneSong": "1 canción",
    "ValueSeconds": "{0} segundos",
    "ValueSongCount": "{0} canciones",
    "ValueSpecialEpisodeName": "Especial - {0}",
    "ValueTimeLimitMultiHour": "Tiempo límite: {0} hora",
    "ValueTimeLimitSingleHour": "Tiempo límite: 1 hora",
    "ValueVideoCodec": "Códec de video: {0}",
    "ViewAlbum": "Ver album",
    "ViewArtist": "Ver artista",
    "ViewPlaybackInfo": "Ver información de la reproducción",
    "Watched": "Visto",
    "Wednesday": "Miércoles",
    "WelcomeToProject": "¡Bienvenido a Jellyfin!",
    "Whitelist": "Lista blanca",
    "WizardCompleted": "Eso es todo lo que necesitamos por ahora. Jellyfin a empezado a recolectar información de su biblioteca. Échale un vistazo a nuestras aplicaciones, y después presione <b>Finalizar</b> para ver el <b>Panel de control</b>.",
    "Writer": "Escritor",
    "XmlDocumentAttributeListHelp": "Estos atributos se aplican al elemento raíz de cada respuesta XML.",
    "XmlTvKidsCategoriesHelp": "Los programas con estas categorías se mostrarán como programas para niños. Separe el múltiplo con '|'.",
    "XmlTvMovieCategoriesHelp": "Los programas con estas categorías se mostrarán como películas. Separe el múltiplo con '|'.",
    "XmlTvNewsCategoriesHelp": "Los programas con estas categorías se mostrarán como programas de noticias. Separe el múltiplo con '|'.",
    "XmlTvPathHelp": "Ruta al archivo XML de TV. Jellyfin leerá este archivo y comprobará periódicamente si hay actualizaciones. Usted es responsable de crear y actualizar el archivo.",
    "XmlTvSportsCategoriesHelp": "Los programas con estas categorías se mostrarán como programas deportivos. Separe el múltiplo con '|'.",
    "Yes": "Sí",
    "Yesterday": "Ayer",
    "Absolute": "Absoluto",
    "Actor": "Actor",
    "AddToPlayQueue": "Añadir a la cola de reproducción",
    "AirDate": "Fecha de emisión",
    "Aired": "Emitido",
    "AnyLanguage": "Cualquier idioma",
    "Anytime": "En cualquier momento",
    "AroundTime": "Aproximadamente {0}",
    "Ascending": "Ascendente",
    "Audio": "Audio",
    "Auto": "Automático",
    "AutoBasedOnLanguageSetting": "Automático (basado en la configuración de idioma)",
    "Banner": "Pancarta",
    "BurnSubtitlesHelp": "Determina si el servidor debería incrustar los subtítulos al convertir el vídeo dependiendo del formato de los subtítulos. Evitar incrustar los subtítulos mejorará el rendimiento del servidor. Selecciona Auto para incrustar subtítulos basados en imágenes (VOBSUB, PGS, SUB/IDX, etc.) y algunos subtítulos de tipo ASS/SSA.",
    "ButtonInfo": "Información",
    "ChangingMetadataImageSettingsNewContent": "Los cambios a la configuración de descarga de metadatos o arte sólo se aplicará al nuevo contenido añadido a la biblioteca. Para aplicar los cambios a los títulos existentes, necesitarás actualizar los metadatos manualmente.",
    "ColorPrimaries": "Colores primarios",
    "ColorSpace": "Espacio de color",
    "ColorTransfer": "Transferencia de color",
    "CommunityRating": "Puntuación de la comunidad",
    "ContinueWatching": "Continuar viendo",
    "CriticRating": "Puntuación de la crítica",
    "DateAdded": "Añadido el",
    "DatePlayed": "Reproducido el",
    "Descending": "Descendiente",
    "DirectStreamHelp1": "El tipo de archivo (H.264, AC3, etc.) y la resolución son compatibles con el dispositivo, pero no el contenedor (mkv, avi, wmv, etc.). El vídeo será re-empaquetado al vuelo antes de transmitirlo al dispositivo.",
    "DirectStreamHelp2": "La transmisión directa del archivo usa muy poco procesamiento sin ninguna pérdida de calidad en el vídeo.",
    "Director": "Director",
    "DirectorValue": "Director: {0}",
    "DirectorsValue": "Directores: {0}",
    "Display": "Mostrar",
    "DisplayInMyMedia": "Mostrar en la pantalla de inicio",
    "DisplayInOtherHomeScreenSections": "Mostrar en las secciones de la pantalla de inicio al igual que \"últimos\" y \"continuar viendo\"",
    "DisplayMissingEpisodesWithinSeasons": "Mostrar episodios ausentes en las temporadas",
    "DisplayMissingEpisodesWithinSeasonsHelp": "Esto también debe ser habilitado para la biblioteca de TV en la configuración del servidor.",
    "DropShadow": "Sombra",
    "EditMetadata": "Editar metadatos",
    "EnableBackdrops": "Imágenes de fondo",
    "EnableBackdropsHelp": "Mostrar imágenes de fondo en algunas páginas mientras se explora la biblioteca.",
    "EnableColorCodedBackgrounds": "Fondos  con código de colores",
    "EnableExternalVideoPlayersHelp": "Se mostrará un menú para reproductor externo cuando comience la reproducción del vídeo.",
    "EnableNextVideoInfoOverlayHelp": "Al finalizar un vídeo, mostrar información sobre el siguiente de la lista de reproducción actual.",
    "EnableThemeSongs": "Canciones temáticas",
    "EnableThemeSongsHelp": "Reproducir las canciones temáticas de fondo mientras se explora la biblioteca.",
    "EnableThemeVideosHelp": "Reproducir vídeos temáticos de fondo mientras se explora la biblioteca.",
    "ErrorDeletingItem": "Se ha producido un error eliminando el elemento del servidor Jellyfin. Por favor, comprueba que el servidor Jellyfin tiene permisos de escritura y prueba de nuevo.",
    "Extras": "Extras",
    "Features": "Características",
    "Filters": "Filtros",
    "Folders": "Carpetas",
    "General": "General",
    "GenreValue": "Género: {0}",
    "GenresValue": "Géneros: {0}",
    "GroupBySeries": "Agrupar por series",
    "GuideProviderLogin": "Credenciales",
    "HeaderAlbumArtists": "Artistas del álbum",
    "HeaderAlbums": "Álbumes",
    "HeaderApp": "Aplicación",
    "HeaderAppearsOn": "Aparece en",
    "HeaderBranding": "Remarcado",
    "HeaderError": "Error",
    "HeaderMusicQuality": "Calidad de sonido",
    "HeaderPhotoAlbums": "Álbum de fotos",
    "HeaderSeriesStatus": "Estado de las series",
    "HeaderStopRecording": "Parar grabación",
    "HeaderTracks": "Pistas",
    "HeaderVideoType": "Tipo de vídeo",
    "Home": "Inicio",
    "Horizontal": "Horizontal",
    "LabelAudio": "Audio:",
    "LabelBurnSubtitles": "Incrustar subtítulos:",
    "LabelDashboardTheme": "Tema para la interfaz del servidor:",
    "LabelDateTimeLocale": "Fecha y hora local:",
    "LabelDefaultScreen": "Pantalla por defecto:",
    "LabelDisplayLanguage": "Mostrar idioma:",
    "LabelDisplayLanguageHelp": "Traducir Jellyfin es un proyecto en curso.",
    "LabelDropShadow": "Sombra paralela:",
    "LabelHomeNetworkQuality": "Calidad en red local:",
    "LabelParentNumber": "Número del elemento padre:",
    "LabelPersonRoleHelp": "Ejemplo: Conductor de camión de helados",
    "LabelServerHost": "Host:",
    "LabelSkin": "Tema:",
    "LabelSkipBackLength": "Tiempo de retroceso:",
    "LabelSkipForwardLength": "Tiempo de avance:",
    "LabelSortBy": "Ordenar por:",
    "LabelSortOrder": "Orden:",
    "LabelSoundEffects": "Efectos de sonido:",
    "LabelSubtitles": "Subtítulos:",
    "LabelTVHomeScreen": "Modo televisión en pantalla de inicio:",
    "LabelVersion": "Versión:",
    "LabelVideo": "Vídeo:",
    "LabelXDlnaCap": "X-DNLA cap:",
    "LabelXDlnaDoc": "X-DLNA doc:",
    "LearnHowYouCanContribute": "Descubre cómo puedes contribuir.",
    "LeaveBlankToNotSetAPassword": "Puedes dejarlo en blanco para no configurar una contraseña.",
    "LinksValue": "Enlaces: {0}",
    "List": "Lista",
    "Logo": "Logo",
    "MediaIsBeingConverted": "El medio está siendo convertido en un formato compatible con el dispositivo que lo está reproduciendo.",
    "MessageImageFileTypeAllowed": "Soportados solamente archivos JPEG y PNG.",
    "MessageImageTypeNotSelected": "Por favor, selecciona un tipo de imagen del menú desplegable.",
    "Photos": "Fotos",
    "Playlists": "Listas de reproducción",
    "Depressed": "Deprimido",
    "MessagePlayAccessRestricted": "La reproducción de este contenido está restringida. Para más información, por favor, contacta al administrador de este servidor.",
    "NewCollectionHelp": "Las colecciones te permiten crear grupos personalizados de películas y otros tipos de contenidos.",
    "No": "No",
    "Normal": "Normal",
    "Off": "Apagado",
    "Option2Player": "2+",
    "Option3D": "3D",
    "Option3Player": "3+",
    "Option4Player": "4+",
    "OptionActor": "Actor",
    "OptionAuto": "Automático",
    "OptionAutomatic": "Automático",
    "OptionBanner": "Cabecera",
    "OptionBeta": "Beta",
    "OptionBlockTrailers": "Tráilers",
    "OptionBluray": "Blu-ray",
    "OptionDirector": "Director",
    "OptionDownloadLogoImage": "Logo",
    "OptionDvd": "DVD",
    "OptionHasTrailer": "Tráiler",
    "OptionIsHD": "HD",
    "OptionIsSD": "SD",
    "AuthProviderHelp": "Selecciona un proveedor de autenticación a utilizar para autenticar la contraseña de este usuario.",
    "HeaderFavoriteMovies": "Películas favoritas",
    "HeaderFavoriteShows": "Series favoritas",
    "HeaderFavoriteEpisodes": "Episodios favoritos",
    "HeaderFavoriteAlbums": "Álbumes favoritos",
    "HeaderFavoriteArtists": "Artistas favoritos",
    "HeaderFavoriteSongs": "Canciones favoritas",
    "HeaderFavoriteVideos": "Vídeos favoritos",
    "HeaderHome": "Inicio",
    "HeaderRestartingServer": "Reiniciando servidor",
    "LabelAuthProvider": "Proveedor de autenticación:",
    "LabelPasswordResetProvider": "Proveedor de restablecimiento de contraseña:",
    "LabelServerName": "Nombre del servidor:",
    "LabelTranscodePath": "Ruta de transcodificación:",
    "LabelTranscodes": "Transcodificaciones:",
    "LabelUserLoginAttemptsBeforeLockout": "Intentos fallidos de inicio de sesión antes de que el usuario sea bloqueado:",
    "DashboardVersionNumber": "Versión: {0}",
    "DashboardServerName": "Servidor: {0}",
    "DashboardOperatingSystem": "Sistema operativo: {0}",
    "DashboardArchitecture": "Arquitectura: {0}",
    "LabelWeb": "Web: ",
    "LaunchWebAppOnStartup": "Iniciar la aplicación web al iniciar el servidor",
    "LaunchWebAppOnStartupHelp": "Abrir el cliente web en el navegador por defecto al iniciar el servidor. Esto no ocurrirá al utilizar la función de reinicio del servidor.",
    "MediaInfoSoftware": "Software",
    "MediaInfoStreamTypeAudio": "Audio",
    "MediaInfoStreamTypeData": "Datos",
    "MediaInfoStreamTypeEmbeddedImage": "Imagen incrustada",
    "MediaInfoStreamTypeSubtitle": "Subtítulo",
    "MediaInfoStreamTypeVideo": "Vídeo",
    "MessageNoCollectionsAvailable": "Las colecciones te permiten disfrutar de grupos personalizados de películas, series y álbumes. Haz clic en el botón + para empezar a crear colecciones.",
    "MessageNoServersAvailable": "No se ha encontrado ningún servidor usando la detección automática de servidores.",
    "MusicAlbum": "Álbum de música",
    "MusicArtist": "Artista musical",
    "MusicVideo": "Vídeo musical",
    "OptionCaptionInfoExSamsung": "CaptionInfoEx (Samsung)",
    "OptionList": "Lista",
    "OptionLoginAttemptsBeforeLockout": "Determina cuántos intentos de inicio de sesión fallidos se pueden realizar antes de que se produzca el bloqueo.",
    "OptionLoginAttemptsBeforeLockoutHelp": "El valor cero implica heredar el valor por defecto de tres intentos para usuarios y cinco intentos para administradores. El valor -1  desactiva esta funcionalidad.",
    "OptionPoster": "Póster",
    "OptionPosterCard": "Cartelera",
    "OptionProfileAudio": "Audio",
    "OptionProfileVideo": "Vídeo",
    "OptionProtocolHttp": "HTTP",
    "OptionRegex": "Regex (expresión regular)",
    "OptionSubstring": "Subcadena",
    "OptionThumb": "Miniatura",
    "OptionThumbCard": "Miniatura pequeña",
    "PasswordResetProviderHelp": "Elige un proveedor de restablecimiento de contraseña que se utilizará cuando este usuario solicite un restablecimiento de contraseña",
    "PerfectMatch": "Coincidencia perfecta",
    "PictureInPicture": "Imagen sobre imagen",
    "PlaybackData": "Datos de reproducción",
    "PlayCount": "Reproducciones",
    "Premiere": "Estreno",
    "Raised": "Elevación",
    "RefreshDialogHelp": "Los metadatos se actualizan basados en las configuraciones y los servicios de internet habilitados en el panel del servidor Jellyfin.",
    "RestartPleaseWaitMessage": "Por favor, espera mientras el servidor Jellyfin se reinicia. Esto puede tardar un minuto o dos.",
    "RunAtStartup": "Ejecutar al iniciar",
    "Series": "Series",
    "SeriesDisplayOrderHelp": "Ordena los episodios por fecha de emisión, orden de DVD o número absoluto.",
    "ShowTitle": "Título del show",
    "ShowYear": "Año del show",
    "SmallCaps": "Letras minúsculas",
    "Smaller": "Más pequeño",
    "Sort": "Ordenar",
    "SortByValue": "Ordenar por {0}",
    "SubtitleAppearanceSettingsAlsoPassedToCastDevices": "Estos ajustes también se aplican a cualquier reproducción en Chromecast iniciada por este dispositivo.",
    "SubtitleAppearanceSettingsDisclaimer": "Estos ajustes no se aplicarán a los subtítulos gráficos (PGS, DVD, etc.), ni a ASS/SSA que tengan incluidos sus propios estilos.",
    "SubtitleOffset": "Desplazamiento de subtítulos",
    "TV": "Televisión",
    "TabInfo": "Info",
    "TabLogs": "Registros",
    "TabPlugins": "Complementos",
    "TabSeries": "Series",
    "TabTrailers": "Tráilers",
    "TagsValue": "Etiquetas: {0}",
    "ThemeSongs": "Banda sonora",
    "Trailers": "Tráilers",
    "Uniform": "Uniforme",
    "Unplayed": "No reproducido",
    "ValueCodec": "Códec: {0}",
    "ValueMinutes": "{0} min",
    "ValueSeriesCount": "{0} series",
    "Vertical": "Vertical",
    "VideoRange": "Rango de vídeo",
    "ThemeVideos": "Vídeos de tema",
    "TabNetworking": "Redes",
    "CopyStreamURL": "Copiar URL de Stream",
    "MoreMediaInfo": "Información del archivo",
    "LabelVideoCodec": "Codec de video:",
    "LabelVideoBitrate": "Bitrade de video:",
    "LabelTranscodingProgress": "Progreso de la transcodificación:",
    "LabelTranscodingFramerate": "Velocidad de fotogramas de la transcodificación:",
    "LabelSize": "Tamaño:",
    "LabelPleaseRestart": "Los cambios surtirán efecto tras recargar manualmente el cliente web.",
    "LabelPlayMethod": "Método de reproducción:",
    "LabelPlayer": "Reproductor:",
    "LabelFolder": "Carpeta:",
    "LabelBaseUrlHelp": "Puede agregar un subdirectorio personalizado aquí para acceder al servidor desde una URL única.",
    "LabelBaseUrl": "URL base:",
    "LabelBitrate": "Bitrate:",
    "LabelAudioSampleRate": "Frecuencia de muestreo de audio:",
    "LabelAudioCodec": "Codec de audio:",
    "LabelAudioChannels": "Canales de audio:",
    "LabelAudioBitrate": "Bitrate de audio:",
    "LabelAudioBitDepth": "Profundidad de bits de audio:",
    "HeaderFavoriteBooks": "Libros Favoritos",
    "CopyStreamURLSuccess": "URL copiada correctamente.",
    "MusicLibraryHelp": "Revisar la {0}guía de nombres de música{1}.",
    "FetchingData": "Obteniendo datos adicionales",
    "ButtonAddImage": "Añadir imagen"
}
