{
    "Absolute": "Absolu",
    "AccessRestrictedTryAgainLater": "L'accès est actuellement restreint. Veuillez réessayer plus tard.",
    "Actor": "Acteur(trice)",
    "Add": "Ajouter",
    "AddItemToCollectionHelp": "Ajoutez des éléments à des collections en les recherchant et en utilisant leurs menus contextuels (clic droit ou appuyer longtemps).",
    "AddToCollection": "Ajouter à la collection",
    "AddToPlayQueue": "Ajouter à la file d'attente",
    "AddToPlaylist": "Ajouter à la liste de lecture",
    "AddedOnValue": "Ajouté le {0}",
    "AdditionalNotificationServices": "Visitez le catalogue d'extensions pour installer des services de notifications supplémentaires.",
    "AirDate": "Date de diffusion",
    "Aired": "Diffusé",
    "Alerts": "Alertes",
    "All": "Tout",
    "AllChannels": "Toutes les chaînes",
    "AllComplexFormats": "Tous les formats complexes (ASS, SSA, VOBSUB, PGS, SUB/IDX, etc…)",
    "AllEpisodes": "Tous les épisodes",
    "AllLanguages": "Toutes les langues",
    "AllLibraries": "Toutes les médiathèques",
    "AllowDeletionFromAll": "Autoriser la suppression de média depuis toutes les médiathèques",
    "AllowHWTranscodingHelp": "Si l'option est activée, permet au tuner TV de transcoder les flux à la volée. Cela peut aider à réduire le transcodage requis par le serveur Jellyfin.",
    "AllowMediaConversion": "Autoriser la conversion des médias",
    "AllowMediaConversionHelp": "Autoriser ou refuser l'accès à la fonctionnalité de conversion des médias.",
    "AllowOnTheFlySubtitleExtraction": "Autoriser l'extraction des sous-titres à la volée",
    "AllowOnTheFlySubtitleExtractionHelp": "Les sous-titres intégrés peuvent être extraits des vidéos et distribués aux applications Jellyfin au format texte pour éviter le transcodage. Sur certains systèmes, cela peut prendre du temps et arrêter la lecture de la vidéo pendant le processus d'extraction. Désactivez cette option pour graver les sous-titres avec un transcodage quand l'appareil ne les prend pas en charge nativement.",
    "AllowRemoteAccess": "Autoriser les connexions distantes à ce serveur Jellyfin.",
    "AllowRemoteAccessHelp": "Si l'option est désactivée, toutes les connexions distantes seront bloquées.",
    "AllowedRemoteAddressesHelp": "Liste d'adresses IP ou d'IP/masque de sous-réseau séparées par des virgules qui seront autorisées à se connecter à distance. Si la liste est vide, toutes les adresses distantes seront autorisées.",
    "AlwaysPlaySubtitles": "Toujours lancer les sous-titres",
    "AlwaysPlaySubtitlesHelp": "Les sous-titres correspondant à la préférence linguistique seront chargés indépendamment de la langue de l'audio.",
    "AnyLanguage": "N'importe quel langage",
    "Anytime": "N'importe quand",
    "AroundTime": "Aux environs de {0}",
    "Artists": "Artistes",
    "AsManyAsPossible": "Autant que possible",
    "Ascending": "Croissant",
    "AspectRatio": "Format d'image",
    "AttributeNew": "Nouveau",
    "AutoBasedOnLanguageSetting": "Auto (basé sur le réglage de la langue)",
    "Backdrop": "Arrière-plan",
    "Backdrops": "Arrière-plans",
    "Banner": "Bannière",
    "BirthDateValue": "Né(e) le {0}",
    "BirthLocation": "Lieu de naissance",
    "BirthPlaceValue": "Lieu de naissance : {0}",
    "Blacklist": "Liste noire",
    "BookLibraryHelp": "Les livres audios et numériques sont supportés. Consultez le {0}Guide de nommage pour livre de Jellyfin{1}.",
    "Books": "Livres",
    "Box": "Boîtier",
    "BoxRear": "Dos de boîtier",
    "Browse": "Parcourir",
    "BrowsePluginCatalogMessage": "Explorer notre catalogue des plugins pour voir les plugins disponibles.",
    "BurnSubtitlesHelp": "Détermine si le serveur doit graver les sous-titres lors de la conversion vidéo en fonction du format des sous-titres. Éviter la gravure des sous-titres améliorera les performances du serveur. Sélectionnez Auto pour graver les formats basés sur l'image (par exemple, VOBSUB, PGS, SUB/IDX etc) ainsi que certains sous-titres ASS/SSA.",
    "ButtonAdd": "Ajouter",
    "ButtonAddMediaLibrary": "Ajouter une médiathèque",
    "ButtonAddScheduledTaskTrigger": "Ajouter un déclencheur",
    "ButtonAddServer": "Ajouter un serveur",
    "ButtonAddUser": "Ajouter un utilisateur",
    "ButtonArrowDown": "Bas",
    "ButtonArrowLeft": "Gauche",
    "ButtonArrowRight": "Droite",
    "ButtonArrowUp": "Haut",
    "ButtonAudioTracks": "Pistes Audio",
    "ButtonBack": "Retour arrière",
    "ButtonCancel": "Annuler",
    "ButtonChangeServer": "Changer de serveur",
    "ButtonConnect": "Connexion",
    "ButtonDelete": "Supprimer",
    "ButtonDeleteImage": "Supprimer l'image",
    "ButtonDown": "Bas",
    "ButtonDownload": "Téléchargement",
    "ButtonEdit": "Modifier",
    "ButtonEditImages": "Modifier les images",
    "ButtonEditOtherUserPreferences": "Modifier ce profil utilisateur, son avatar et ses préférences personnelles.",
    "ButtonFilter": "Filtre",
    "ButtonForgotPassword": "Mot de passe oublié",
    "ButtonFullscreen": "Plein écran",
    "ButtonGotIt": "Compris",
    "ButtonHelp": "Aide",
    "ButtonHome": "Accueil",
    "ButtonInfo": "Informations",
    "ButtonLearnMore": "En savoir plus",
    "ButtonLibraryAccess": "Accès à la médiathèque",
    "ButtonManualLogin": "Connexion manuelle",
    "ButtonMore": "Plus",
    "ButtonNetwork": "Réseau",
    "ButtonNew": "Nouveau",
    "ButtonNextTrack": "Piste suivante",
    "ButtonOff": "Arrêt",
    "ButtonOk": "OK",
    "ButtonOpen": "Ouvrir",
    "ButtonParentalControl": "Contrôle parental",
    "ButtonPlay": "Lire",
    "ButtonPreviousTrack": "Piste précédente",
    "ButtonProfile": "Profil",
    "ButtonQuickStartGuide": "Guide de démarrage rapide",
    "ButtonRefresh": "Actualiser",
    "ButtonRefreshGuideData": "Actualiser les données du guide",
    "ButtonRemove": "Supprimer",
    "ButtonRename": "Renommer",
    "ButtonRepeat": "Répéter",
    "ButtonResetEasyPassword": "Réinitialiser le code Easy PIN",
    "ButtonResetPassword": "Réinitialiser le mot de passe",
    "ButtonRestart": "Redémarrer",
    "ButtonResume": "Reprendre",
    "ButtonRevoke": "Révoquer",
    "ButtonSave": "Enregistrer",
    "ButtonScanAllLibraries": "Actualiser toutes les médiathèques",
    "ButtonSearch": "Recherche",
    "ButtonSelectDirectory": "Sélectionner le répertoire",
    "ButtonSelectServer": "Sélectionner le serveur",
    "ButtonSelectView": "Sélectionnez une vue",
    "ButtonSend": "Envoyer",
    "ButtonSettings": "Paramètres",
    "ButtonShuffle": "Aléatoire",
    "ButtonShutdown": "Éteindre",
    "ButtonSignIn": "Se connecter",
    "ButtonSignOut": "Déconnexion",
    "ButtonSort": "Tri",
    "ButtonStart": "Commencer",
    "ButtonStop": "Arrêt",
    "ButtonSubmit": "Soumettre",
    "ButtonSubtitles": "Sous-titres",
    "ButtonTrailer": "Bande-annonce",
    "ButtonUninstall": "Désinstaller",
    "ButtonUp": "Haut",
    "ButtonViewWebsite": "Voir le site",
    "ButtonWebsite": "Site Web",
    "CancelRecording": "Annuler l'enregistrement",
    "CancelSeries": "Annuler la série",
    "Categories": "Catégories",
    "ChangingMetadataImageSettingsNewContent": "Les modifications des réglages de téléchargement des métadonnées et des visuels ne seront appliquées qu'au nouveau contenu ajouté à votre médiathèque. Pour appliquer ces changements aux titres existants, vous devrez actualiser leurs métadonnées manuellement.",
    "ChannelAccessHelp": "Sélectionnez les chaînes à partager avec cet utilisateur. Les administrateurs pourront modifier toutes les chaînes en utilisant le gestionnaire de métadonnées.",
    "ChannelNameOnly": "Seulement la chaîne {0}",
    "ChannelNumber": "Numéro de chaîne",
    "Channels": "Chaînes",
    "CinemaModeConfigurationHelp": "Le mode cinéma apporte l'expérience du cinéma directement dans votre salon grâce à la possibilité de lire des bandes-annonces et des introductions personnalisées avant le film principal.",
    "ColorPrimaries": "Couleurs primaires",
    "ColorSpace": "Espace colorimétrique",
    "ColorTransfer": "Transfert de couleur",
    "CommunityRating": "Note de la communauté",
    "Composer": "Compositeur(trice)",
    "ConfigureDateAdded": "Configurez comment la date d'ajout est déterminée dans le tableau de bord du serveur Jellyfin, dans Médiathèque, Avancé",
    "ConfirmDeleteImage": "Supprimer l'image ?",
    "ConfirmDeleteItem": "Supprimer cet élément l'effacera à la fois du système de fichiers et de votre médiathèque. Voulez-vous vraiment continuer ?",
    "ConfirmDeleteItems": "Supprimer ces éléments les effacera à la fois du système de fichiers et de votre médiathèque. Voulez-vous vraiment continuer ?",
    "ConfirmDeletion": "Confirmer la suppression",
    "ConfirmEndPlayerSession": "Voulez-vous arrêter Jellyfin sur {0} ?",
    "Connect": "Se connecter",
    "ContinueWatching": "Continuez à regarder",
    "Continuing": "En cours",
    "CriticRating": "Note de la critique",
    "CustomDlnaProfilesHelp": "Créez un profil personnalisé pour cibler un nouvel appareil ou remplacer un profil système.",
    "DateAdded": "Date d'ajout",
    "DatePlayed": "Date de lecture",
    "DeathDateValue": "Décédé(e) le {0}",
    "Default": "Par défaut",
    "DefaultErrorMessage": "Il y a eu une erreur lors de l'exécution de la requête. Veuillez réessayer plus tard.",
    "DefaultMetadataLangaugeDescription": "Ce sont vos réglages par défaut. Ils peuvent être personnalisés pour chaque médiathèque.",
    "DefaultSubtitlesHelp": "Les sous-titres seront chargés selon les marqueurs par défaut et forcé dans les métadonnées intégrées. Les langues préférées seront utilisées quand plusieurs options seront disponibles.",
    "Delete": "Supprimer",
    "DeleteDeviceConfirmation": "Voulez-vous vraiment supprimer cet appareil ? La prochaine fois qu'un utilisateur se connecte depuis cet appareil, il sera ajouté à nouveau.",
    "DeleteImage": "Supprimer l'image",
    "DeleteImageConfirmation": "Êtes-vous sûr de vouloir supprimer l'image ?",
    "DeleteMedia": "Supprimer le média",
    "DeleteUser": "Supprimer l'utilisateur",
    "DeleteUserConfirmation": "Voulez-vous vraiment supprimer cet utilisateur ?",
    "Depressed": "Diminuer",
    "Descending": "Décroissant",
    "Desktop": "Bureau",
    "DetectingDevices": "Détection des appareils",
    "DeviceAccessHelp": "Ceci ne s'applique qu'aux appareils qui peuvent être identifiés de manière unique et n'empêchera pas l'accès par navigateur. Le filtrage de l'accès aux appareil par utilisateur empêchera l'utilisation de nouveaux appareils jusqu'à ce qu'ils soient approuvés ici.",
    "DirectPlaying": "Lecture directe",
    "DirectStreamHelp1": "Le média est compatible avec l'appareil en ce qui concerne la résolution et le type de média (H.264, AC3 etc), mais se trouve dans un conteneur de fichiers incompatible (.mkv, .avi, .wmv etc). La vidéo sera rempaquetée à la volée avant d'être diffusée à l'appareil.",
    "DirectStreamHelp2": "Le streaming en direct d'un fichier utilise très peu de puissance de traitement sans perte de qualité vidéo.",
    "DirectStreaming": "Streaming direct",
    "Director": "Réalisateur(trice)",
    "DirectorValue": "Réalisateur: {0}",
    "DirectorsValue": "Réalisateurs: {0}",
    "Disabled": "Désactivé",
    "Disc": "Disque",
    "Disconnect": "Déconnecter",
    "Dislike": "Je n'aime pas",
    "Display": "Affichage",
    "DisplayInMyMedia": "Afficher sur l’écran d’accueil",
    "DisplayInOtherHomeScreenSections": "Afficher dans les sections de l’écran d’accueil comme Ajouts récents et Reprendre",
    "DisplayMissingEpisodesWithinSeasons": "Afficher les épisodes manquants dans les saisons",
    "DisplayMissingEpisodesWithinSeasonsHelp": "Cette option doit aussi être activée pour les  médiathèques TV dans les paramètres du serveur Jellyfin.",
    "DisplayModeHelp": "Sélectionner le type d'écran sur lequel vous utilisez Jellyfin.",
    "DoNotRecord": "Ne pas enregistrer",
    "Down": "Bas",
    "Download": "Téléchargement",
    "DownloadsValue": "{0} téléchargements",
    "DrmChannelsNotImported": "Les chaînes avec DRM ne seront pas importées.",
    "DropShadow": "Ombre portée",
    "EasyPasswordHelp": "Votre code Easy PIN est utilisé pour l'accès hors ligne par les applications Jellyfin compatibles. Il peut également servir à simplifier votre connexion depuis votre réseau local.",
    "Edit": "Modifier",
    "EditImages": "Modifier les images",
    "EditMetadata": "Éditer les métadonnées",
    "EditSubtitles": "Modifier les sous-titres",
    "EnableBackdrops": "Activer les images d'arrière-plans",
    "EnableBackdropsHelp": "Si activé, les images d'arrière-plan seront affichées sur certaines pages pendant la navigation dans la médiathèque.",
    "EnableCinemaMode": "Activer le mode cinéma",
    "EnableColorCodedBackgrounds": "Activer les fonds avec code couleur",
    "EnableDisplayMirroring": "Activer le partage d'écran",
    "EnableExternalVideoPlayers": "Activer les lecteurs vidéo externes",
    "EnableExternalVideoPlayersHelp": "Une liste des lecteurs externes sera affichée au lancement de la lecture d'une vidéo.",
    "EnableHardwareEncoding": "Activer l'encodage matériel",
    "EnableNextVideoInfoOverlay": "Activer les informations de la vidéo suivante pendant la lecture",
    "EnableNextVideoInfoOverlayHelp": "À la fin d'une vidéo, afficher les informations sur la vidéo suivante dans la file d'attente.",
    "EnablePhotos": "Activer les photos",
    "EnablePhotosHelp": "Les photos seront détectées et affichées avec les autres fichiers multimédia.",
    "EnableStreamLooping": "Reboucler les streaming en direct",
    "EnableStreamLoopingHelp": "Activez cette option si les streaming en direct ne contiennent que quelques secondes de données et doivent être redemandés continuellement. N'activez pas cette option sans raison car elle peut causer des problèmes.",
    "EnableThemeSongs": "Activer les thèmes musicaux",
    "EnableThemeSongsHelp": "Si activé, les thèmes musicaux seront lus en arrière-plan pendant la navigation dans la médiathèque.",
    "EnableThemeVideos": "Activer les thèmes vidéos",
    "EnableThemeVideosHelp": "Si activé, les thèmes vidéos seront lus en arrière-plan tout en parcourant la médiathèque.",
    "Ended": "Terminé",
    "EndsAtValue": "Se termine à {0}",
    "Episodes": "Épisodes",
    "ErrorAddingListingsToSchedulesDirect": "Une erreur est survenue pendant l'ajout de la programmation avec votre compte Schedules Direct. Schedules Direct autorise uniquement un nombre limité de programmations par compte. Vous devez vous connecter au site Schedules Direct et supprimer d'autres programmations depuis votre compte avant de pouvoir réessayer.",
    "ErrorAddingMediaPathToVirtualFolder": "Une erreur est survenue pendant l'ajout du chemin des médias. Veuillez vérifier que le chemin est valide et que le processus du serveur Jellyfin peut y accéder.",
    "ErrorAddingTunerDevice": "Une erreur est survenue lors de l'ajout du tuner. Assurez-vous qu'il est accessible et réessayez.",
    "ErrorAddingXmlTvFile": "Une erreur est survenue lors de l'accès au fichier XMLTV. Assurez-vous qu'il existe et réessayez.",
    "ErrorDeletingItem": "Une erreur s'est produite lors de la suppression de l'élément du serveur Jellyfin. Vérifiez que le serveur Jellyfin a un accès en écriture au dossier multimédia et réessayez.",
    "ErrorGettingTvLineups": "Une erreur est survenue pendant le téléchargement des programmes TV. Assurez-vous que vos informations sont correctes et réessayez.",
    "ErrorMessageStartHourGreaterThanEnd": "La date de fin doit être postérieure à la date de début.",
    "ErrorPleaseSelectLineup": "Veuillez sélectionner une programmation et réessayer. Si aucune programmation n'est disponible, veuillez vérifier que vos identifiant, mot de passe et code postal sont corrects.",
    "ErrorSavingTvProvider": "Une erreur est survenue lors de la sauvegarde du fournisseur TV. Assurez-vous qu'il est accessible et réessayez.",
    "EveryNDays": "Tous les {0} jours",
    "ExitFullscreen": "Sortir du plein écran",
    "ExtraLarge": "Très grand",
    "ExtractChapterImagesHelp": "L'extraction d'images de chapitre permettra aux applications Jellyfin d'afficher des menus visuels pour la sélection des scènes. Le processus peut être long et consommateur de ressources processeur et peut nécessiter de nombreux gigaoctets de stockage. Il s'exécute quand des vidéos sont découvertes et également comme tâche planifiée. La planification peut être modifiée dans les options du planificateur de tache. Il n'est pas conseillé d'exécuter cette tâche pendant les heures d'usage intensif.",
    "FFmpegSavePathNotFound": "Nous ne pouvons pas localiser FFmpeg en utilisant le chemin que vous avez saisi. FFprobe est également nécessaire et doit exister dans le même dossier. Ces composants sont généralement regroupés dans le même téléchargement. Veuillez vérifier le chemin et essayer à nouveau.",
    "FastForward": "Avance rapide",
    "Favorite": "Favori",
    "Favorites": "Favoris",
    "Features": "Longs métrages",
    "File": "Fichier",
    "FileNotFound": "Fichier introuvable.",
    "FileReadCancelled": "La lecture du fichier a été annulée.",
    "FileReadError": "Une erreur est survenue pendant la lecture du fichier.",
    "Filters": "Filtres",
    "FolderTypeBooks": "Livres",
    "FolderTypeMovies": "Films",
    "FolderTypeMusic": "Musique",
    "FolderTypeMusicVideos": "Vidéos musicales",
    "FolderTypeTvShows": "TV",
    "FolderTypeUnset": "Contenu mixte",
    "Folders": "Dossiers",
    "FormatValue": "Format : {0}",
    "Friday": "Vendredi",
    "Fullscreen": "Plein écran",
    "General": "Général",
    "GroupBySeries": "Grouper par séries",
    "GroupVersions": "Grouper les versions",
    "GuideProviderLogin": "Connexion",
    "GuideProviderSelectListings": "Sélectionner les listings",
    "H264CrfHelp": "Le facteur de débit constant (CRF) est le paramètre de qualité par défaut pour l'encodeur x264. Vous pouvez régler les valeurs entre 0 et 51, où des valeurs plus faibles se traduiraient par une meilleure qualité (en augmentant le taille des fichiers). De bonne valeurs se situent entre 18 et 28. La valeur par défaut pour le x264 est 23, vous pouvez l'utiliser comme point de départ.",
    "H264EncodingPresetHelp": "Choisissez une valeur plus rapide pour améliorer la performance, ou plus lente pour améliorer la qualité.",
    "HDPrograms": "Programmes HD",
    "HandledByProxy": "Gérée par un proxy inverse",
    "HardwareAccelerationWarning": "L'activation de l'accélération matérielle peut provoquer une instabilité dans certains environnements. Assurez-vous que votre système d'exploitation et vos pilotes vidéo sont complètement à jour. Si vous avez des difficultés pour lire des vidéos après l'activation, vous devrez remettre ce paramètre sur Auto.",
    "HeaderAccessSchedule": "Programme d'Accès",
    "HeaderAccessScheduleHelp": "Créez un programme d'accès pour limiter l'accès à certaines heures.",
    "HeaderActiveDevices": "Appareils actifs",
    "HeaderActiveRecordings": "Enregistrements actifs",
    "HeaderActivity": "Activité",
    "HeaderAddScheduledTaskTrigger": "Ajouter un déclencheur",
    "HeaderAddToCollection": "Ajouter à la collection",
    "HeaderAddToPlaylist": "Ajouter à la liste de lecture",
    "HeaderAddUpdateImage": "Ajouter/Mettre à jour une image",
    "HeaderAddUser": "Ajouter un utilisateur",
    "HeaderAdditionalParts": "Parties additionelles",
    "HeaderAdmin": "Administrateur",
    "HeaderAlbumArtists": "Artistes de l'album",
    "HeaderAlert": "Alerte",
    "HeaderAllowMediaDeletionFrom": "Autoriser la suppression de médias à partir de",
    "HeaderApiKey": "Clé API",
    "HeaderApiKeys": "Clés API",
    "HeaderApiKeysHelp": "Les applications externes ont besoin d'une clé d'API pour communiquer avec le serveur Jellyfin. Les clés sont distribuées lors d'une connexion avec un compte Jellyfin, ou bien en accordant manuellement une clé à une application.",
    "HeaderApp": "Application",
    "HeaderAppearsOn": "Apparait dans",
    "HeaderAudioBooks": "Livres audios",
    "HeaderAudioSettings": "Réglages audio",
    "HeaderAutomaticUpdates": "Mises à jour automatiques",
    "HeaderBlockItemsWithNoRating": "Bloquer les éléments avec des informations de classification inconnues ou n'en disposant pas :",
    "HeaderBooks": "Livres",
    "HeaderBranding": "Slogan",
    "HeaderCancelRecording": "Annuler l'enregistrement",
    "HeaderCancelSeries": "Annuler la série",
    "HeaderCastAndCrew": "Distribution & équipe",
    "HeaderCastCrew": "Distribution & équipe",
    "HeaderChannelAccess": "Accès aux chaînes",
    "HeaderChannels": "Chaînes",
    "HeaderChapterImages": "Images des chapitres",
    "HeaderCodecProfile": "Profil de codec",
    "HeaderCodecProfileHelp": "Les profils de codec indiquent les limites d'un appareil lors de la lecture de codecs spécifiques. Si la limite s'applique au média, ce dernier sera transcodé, même si le codec est configuré pour la lecture directe.",
    "HeaderConfigureRemoteAccess": "Configurer l'accès distant",
    "HeaderConfirmPluginInstallation": "Confirmer l'installation de l'extension",
    "HeaderConfirmProfileDeletion": "Confirmer la suppression de profil",
    "HeaderConfirmRevokeApiKey": "Révoquer la clé API",
    "HeaderConnectToServer": "Connexion au serveur",
    "HeaderConnectionFailure": "Échec de connexion",
    "HeaderContainerProfile": "Profil de conteneur",
    "HeaderContainerProfileHelp": "Les profils de conteneur indiquent les limites d'un appareil lors de la lecture de formats spécifiques. Si la limite s'applique au média, ce dernier sera transcodé, même si le format est configuré pour la lecture directe.",
    "HeaderContinueListening": "Reprendre l'écoute",
    "HeaderContinueWatching": "Continuer à regarder",
    "HeaderCustomDlnaProfiles": "Profils personnalisés",
    "HeaderDateIssued": "Date de publication",
    "HeaderDefaultRecordingSettings": "Paramètres d'enregistrement par défaut",
    "HeaderDeleteDevice": "Supprimer l'appareil",
    "HeaderDeleteItem": "Supprimer l'élément",
    "HeaderDeleteItems": "Supprimer les éléments",
    "HeaderDeleteProvider": "Supprimer le fournisseur",
    "HeaderDeleteTaskTrigger": "Supprimer le déclencheur de tâche",
    "HeaderDetectMyDevices": "Détecter mes appareils",
    "HeaderDeveloperInfo": "Informations du développeur",
    "HeaderDeviceAccess": "Accès à l'appareil",
    "HeaderDevices": "Appareils",
    "HeaderDirectPlayProfile": "Profil de lecture directe :",
    "HeaderDirectPlayProfileHelp": "Ajoutez des profils de lecture directe pour indiquer quels formats l'appareil peut lire de façon native.",
    "HeaderDisplay": "Affichage",
    "HeaderDownloadSync": "Télécharger et synchroniser",
    "HeaderEasyPinCode": "Code Easy PIN",
    "HeaderEditImages": "Modifier les images",
    "HeaderEnabledFields": "Activer les champs",
    "HeaderEnabledFieldsHelp": "Décocher un champ pour le verrouiller et empêcher ses données d'être modifiées.",
    "HeaderEpisodes": "Épisodes",
    "HeaderError": "Erreur",
    "HeaderExternalIds": "Identifiants externes :",
    "HeaderFeatureAccess": "Accès aux fonctionnalités",
    "HeaderFeatures": "Fonctionnalités",
    "HeaderFetchImages": "Télécharger les images :",
    "HeaderFetcherSettings": "Paramètres du récupérateur",
    "HeaderFilters": "Filtres",
    "HeaderForKids": "Jeunesse",
    "HeaderForgotPassword": "Mot de passe oublié",
    "HeaderFrequentlyPlayed": "Fréquemment lus",
    "HeaderGuideProviders": "Fournisseurs de données de guides TV",
    "HeaderHttpHeaders": "En-têtes HTTP",
    "HeaderIdentificationCriteriaHelp": "Saisissez au moins un critère d'identification.",
    "HeaderIdentificationHeader": "En-tête d'identification",
    "HeaderIdentifyItemHelp": "Entrez un ou plusieurs critères de recherche. Retirez des critères pour élargir les résultats de la recherche.",
    "HeaderImageOptions": "Options d'image",
    "HeaderImageSettings": "Paramètres d'image",
    "HeaderInstall": "Installer",
    "HeaderInstantMix": "Mix instantané",
    "HeaderItems": "Éléments",
    "HeaderKeepRecording": "Garder l'enregistrement",
    "HeaderKeepSeries": "Garder la série",
    "HeaderKodiMetadataHelp": "Pour activer ou désactiver les métadonnées NFO, utilisez l'onglet Métadonnées pour configurer les options pour vos types de médias.",
    "HeaderLatestEpisodes": "Derniers Épisodes",
    "HeaderLatestMedia": "Derniers médias",
    "HeaderLatestMovies": "Derniers films",
    "HeaderLatestMusic": "Dernières Musiques",
    "HeaderLatestRecordings": "Derniers enregistrements",
    "HeaderLibraries": "Médiathèques",
    "HeaderLibraryAccess": "Accès à la médiathèque",
    "HeaderLibraryFolders": "Dossiers de la médiathèque",
    "HeaderLibraryOrder": "Ordre de la médiathèque",
    "HeaderLibrarySettings": "Paramètres de médiathèque",
    "HeaderLiveTV": "TV en direct",
    "HeaderLiveTv": "TV en direct",
    "HeaderLiveTvTunerSetup": "Configuration du Tuner TV en direct",
    "HeaderLoginFailure": "Échec de la connexion",
    "HeaderMedia": "Média",
    "HeaderMediaFolders": "Dossiers multimédias",
    "HeaderMediaInfo": "Informations du média",
    "HeaderMetadataSettings": "Paramètres des métadonnées",
    "HeaderMoreLikeThis": "Similaires",
    "HeaderMovies": "Films",
    "HeaderMusicQuality": "Qualité de la musique :",
    "HeaderMusicVideos": "Vidéos musicales",
    "HeaderMyDevice": "Cet appareil",
    "HeaderMyMedia": "Mes Médias",
    "HeaderMyMediaSmall": "Mes médias (Petit)",
    "HeaderNewApiKey": "Nouvelle clé API",
    "HeaderNewDevices": "Nouveaux appareils",
    "HeaderNextEpisodePlayingInValue": "Lecture du prochain épisode dans {0}",
    "HeaderNextUp": "À suivre",
    "HeaderNextVideoPlayingInValue": "Lecture de la prochaine vidéo dans {0}",
    "HeaderOnNow": "En ce moment",
    "HeaderOtherItems": "Autres éléments",
    "HeaderParentalRatings": "Classifications parentales",
    "HeaderPassword": "Mot de passe",
    "HeaderPasswordReset": "Mot de passe réinitialisé",
    "HeaderPaths": "Chemins",
    "HeaderPendingInvitations": "Invitations en attente",
    "HeaderPeople": "Personnes",
    "HeaderPhotoAlbums": "Albums photo",
    "HeaderPinCodeReset": "Réinitialiser le code PIN",
    "HeaderPlayAll": "Tout lire",
    "HeaderPlayOn": "Jouer sur",
    "HeaderPlayback": "Lecture du média",
    "HeaderPlaybackError": "Erreur de lecture",
    "HeaderPleaseSignIn": "Merci de vous identifier",
    "HeaderPluginInstallation": "Installation de l'extension",
    "HeaderPreferredMetadataLanguage": "Langue de métadonnées préférée",
    "HeaderProfile": "Profil",
    "HeaderProfileInformation": "Information de profil",
    "HeaderProfileServerSettingsHelp": "Ces valeurs contrôlent la façon dont le serveur Jellyfin se présentera aux appareils.",
    "HeaderRecentlyPlayed": "Lus récemment",
    "HeaderRecordingOptions": "Options d'enregistrement",
    "HeaderRecordingPostProcessing": "Traitement des enregistrements",
    "HeaderRemoteControl": "Contrôle à distance",
    "HeaderRemoveMediaFolder": "Supprimer le dossier multimédia",
    "HeaderRemoveMediaLocation": "Supprimer l'emplacement de média",
    "HeaderResponseProfile": "Profil de réponse",
    "HeaderResponseProfileHelp": "Les profils de réponse permettent de personnaliser l'information envoyée à l'appareil lors de la lecture de certains types de média.",
    "HeaderRestart": "Redémarrer",
    "HeaderRevisionHistory": "Historique des révisions",
    "HeaderRunningTasks": "Tâches en cours d'exécution",
    "HeaderScenes": "Scènes",
    "HeaderSchedule": "Planning",
    "HeaderSeasons": "Saisons",
    "HeaderSecondsValue": "{0} secondes",
    "HeaderSelectCertificatePath": "Sélectionnez le chemin du certificat",
    "HeaderSelectMetadataPath": "Sélectionner le chemin d'accès des métadonnées",
    "HeaderSelectMetadataPathHelp": "Parcourir ou saisir le chemin d'accès où vous aimeriez stocker les métadonnées. Le dossier doit être accessible en écriture.",
    "HeaderSelectPath": "Sélectionnez un chemin",
    "HeaderSelectServer": "Sélectionner le serveur",
    "HeaderSelectServerCachePath": "Sélectionner le chemin d'accès du cache de serveur",
    "HeaderSelectServerCachePathHelp": "Parcourir ou saisir le chemin d'accès à utiliser pour les fichiers cache du serveur. Le dossier doit être accessible en écriture.",
    "HeaderSelectTranscodingPath": "Sélectionner le chemin d'accès du dossier temporaire de transcodage",
    "HeaderSelectTranscodingPathHelp": "Parcourir ou saisir le chemin d'accès à utiliser pour les fichiers de transcodage temporaires. Le dossier doit être accessible en écriture.",
    "HeaderSendMessage": "Envoyer un message",
    "HeaderSeries": "Séries",
    "HeaderSeriesOptions": "Options de la série",
    "HeaderSeriesStatus": "Statut de la série",
    "HeaderServerSettings": "Paramètres du serveur",
    "HeaderSettings": "Paramètres",
    "HeaderSetupLibrary": "Configurer vos médiathèques",
    "HeaderShutdown": "Éteindre",
    "HeaderSortBy": "Trier par",
    "HeaderSortOrder": "Ordre de tri",
    "HeaderSpecialEpisodeInfo": "Informations de l'épisode spécial",
    "HeaderSpecialFeatures": "Bonus",
    "HeaderStartNow": "Commencer maintenant",
    "HeaderStatus": "État",
    "HeaderStopRecording": "Arrêter l'enregistrement",
    "HeaderSubtitleAppearance": "Apparence des sous-titres",
    "HeaderSubtitleDownloads": "Téléchargements des sous-titres",
    "HeaderSubtitleProfile": "Profil de sous-titre",
    "HeaderSubtitleProfiles": "Profils de sous-titre",
    "HeaderSubtitleProfilesHelp": "Les profils de sous-titre décrivent les formats de sous-titre supportés par l'appareil.",
    "HeaderSystemDlnaProfiles": "Profils système",
    "HeaderTags": "Étiquettes",
    "HeaderTaskTriggers": "Déclencheurs de tâches",
    "HeaderThisUserIsCurrentlyDisabled": "Cet utilisateur est actuellement désactivé",
    "HeaderTracks": "Pistes",
    "HeaderTranscodingProfile": "Profil de transcodage",
    "HeaderTranscodingProfileHelp": "Ajoutez des profils de transcodage pour indiquer quels formats utiliser quand le transcodage est nécessaire.",
    "HeaderTunerDevices": "Appareils tuner",
    "HeaderTypeImageFetchers": "{0} chercheurs d'image",
    "HeaderTypeText": "Entrer texte",
    "HeaderUpcomingOnTV": "Prochainement à la TV",
    "HeaderUploadImage": "Envoyer une image",
    "HeaderUser": "Utilisateur",
    "HeaderUsers": "Utilisateurs",
    "HeaderVideoQuality": "Qualité vidéo",
    "HeaderVideoType": "Type de vidéo",
    "HeaderVideoTypes": "Types de vidéo",
    "HeaderVideos": "Vidéos",
    "HeaderXmlDocumentAttribute": "Attribut des documents XML",
    "HeaderXmlDocumentAttributes": "Attributs des documents XML",
    "HeaderXmlSettings": "Paramètres XML",
    "HeaderYears": "Années",
    "HeadersFolders": "Dossiers",
    "Help": "Aide",
    "Hide": "Cacher",
    "HideWatchedContentFromLatestMedia": "Masquer le contenu déjà vu dans les derniers médias",
    "Home": "Accueil",
    "HttpsRequiresCert": "Pour activer les connexions sécurisées, vous devrez fournir un certificat SSL vérifié, comme ceux fournis par Let's Encrypt. Veuillez fournir un certificat ou désactiver les connexions sécurisées.",
    "Identify": "Identifier",
    "ImportFavoriteChannelsHelp": "Activez cette option pour n'importer que les chaînes ajoutées aux favoris sur le tuner.",
    "ImportMissingEpisodesHelp": "Les informations à propos des épisodes manquants seront importées dans votre base de donnée Jellyfin et affichées dans les saisons et séries. Cela peut accroître significativement la durée d'actualisation de la médiathèque.",
    "InstallingPackage": "Installation de {0}",
    "InstantMix": "Mix instantané",
    "ItemCount": "{0} éléments",
    "Items": "Éléments",
    "Kids": "Jeunesse",
    "Label3DFormat": "Format 3D :",
    "LabelAbortedByServerShutdown": "(Annulé par l'extinction du serveur)",
    "LabelAccessDay": "Jour de la semaine :",
    "LabelAccessEnd": "Heure de fin :",
    "LabelAccessStart": "Heure de début :",
    "LabelAirDays": "Jours de diffusion :",
    "LabelAirTime": "Heure de diffusion :",
    "LabelAirsAfterSeason": "Diffusion après la saison :",
    "LabelAirsBeforeEpisode": "Diffusion avant l'épisode :",
    "LabelAirsBeforeSeason": "Diffusion avant la saison :",
    "LabelAlbum": "Album :",
    "LabelAlbumArtHelp": "PN utilisé pour les images d'album, dans l’attribut dlna:profileID de upnp:albumArtURi. Certains appareils nécessitent une valeur spécifique, peu importe la taille de l'image.",
    "LabelAlbumArtMaxHeight": "Hauteur maximum des images d'album :",
    "LabelAlbumArtMaxHeightHelp": "Résolution maximum des images d'album exposée par upnp:albumArtURI.",
    "LabelAlbumArtMaxWidth": "Largeur maximum des images d'album :",
    "LabelAlbumArtMaxWidthHelp": "Résolution maximum des images d'album exposée par upnp:albumArtURI.",
    "LabelAlbumArtPN": "PN d'images d'album :",
    "LabelAlbumArtists": "Artistes de l'album :",
    "LabelAll": "Tout",
    "LabelAllowHWTranscoding": "Autoriser le transcodage matériel",
    "LabelAllowServerAutoRestart": "Autoriser le redémarrage automatique du serveur pour appliquer les mises à jour",
    "LabelAllowServerAutoRestartHelp": "Le serveur ne redémarrera que pendant les périodes d'inactivité, quand aucun utilisateur n'est connecté.",
    "LabelAllowedRemoteAddresses": "Filtre d'adresse IP distante :",
    "LabelAllowedRemoteAddressesMode": "Type de filtre des adresses IP distantes :",
    "LabelAppName": "Nom de l'application",
    "LabelAppNameExample": "Exemple: Sickbeard, NzbDrone",
    "LabelArtists": "Artistes :",
    "LabelArtistsHelp": "Séparer les différents éléments par ;",
    "LabelAudioLanguagePreference": "Langue audio préférée :",
    "LabelAutomaticallyRefreshInternetMetadataEvery": "Actualiser automatiquement les métadonnées depuis internet :",
    "LabelBindToLocalNetworkAddress": "Lier à l'adresse de réseau local :",
    "LabelBindToLocalNetworkAddressHelp": "Optionnel. Remplace l'adresse IP locale à laquelle se lie le serveur HTTP. Sans paramètre, le serveur va se lier à toutes les adresses disponibles. La modification de cette valeur nécessite le redémarrage du serveur Jellyfin.",
    "LabelBirthDate": "Date de naissance :",
    "LabelBirthYear": "Année de naissance :",
    "LabelBlastMessageInterval": "Intervalle des messages de présence (secondes)",
    "LabelBlastMessageIntervalHelp": "Détermine la durée en secondes entre les messages de présence du serveur.",
    "LabelBlockContentWithTags": "Bloquer les éléments avec les étiquettes :",
    "LabelBurnSubtitles": "Graver les sous-titres :",
    "LabelCache": "Cache :",
    "LabelCachePath": "Chemin du cache :",
    "LabelCachePathHelp": "Spécifiez un emplacement personnalisé pour les fichiers temporaires du serveur, comme par exemple les images. Laissez vide pour utiliser la valeur par défaut.",
    "LabelCancelled": "Annulé",
    "LabelCertificatePassword": "Mot de passe du certificat :",
    "LabelCertificatePasswordHelp": "Si votre certificat nécessite un mot de passe, veuillez le renseigner ici.",
    "LabelChannels": "Chaînes :",
    "LabelCollection": "Collection :",
    "LabelCommunityRating": "Note de la communauté :",
    "LabelContentType": "Type de contenu :",
    "LabelCountry": "Pays :",
    "LabelCriticRating": "Note des critiques :",
    "LabelCurrentPassword": "Mot de passe actuel :",
    "LabelCustomCertificatePath": "Chemin vers le certificat SSL personnalisé :",
    "LabelCustomCertificatePathHelp": "Chemin vers un fichier PKCS #12 contenant un certificat et une clé privée pour activer le support TLS sur un domaine utilisateur.",
    "LabelCustomCss": "CSS personnalisée :",
    "LabelCustomCssHelp": "Appliquez votre propre feuille de styles CSS personnalisée à l'interface web.",
    "LabelCustomDeviceDisplayName": "Nom d'affichage :",
    "LabelCustomDeviceDisplayNameHelp": "Entrez un nom d'affichage personnalisé ou laissez vide pour utiliser le nom rapporté par l'appareil.",
    "LabelCustomRating": "Note personnalisée :",
    "LabelDashboardTheme": "Thème du tableau de bord du serveur :",
    "LabelDateAdded": "Date d'ajout :",
    "LabelDateAddedBehavior": "Choix de la date d'ajout pour le nouveau contenu :",
    "LabelDateAddedBehaviorHelp": "Si une métadonnée est présente, elle sera toujours utilisée avant ces options.",
    "LabelDateTimeLocale": "Date et heure locale :",
    "LabelDay": "Jour :",
    "LabelDeathDate": "Date de décès :",
    "LabelDefaultScreen": "Écran par défaut :",
    "LabelDefaultUser": "Utilisateur par défaut :",
    "LabelDefaultUserHelp": "Détermine quelle médiathèque d'utilisateur doit être affichée sur les appareils connectés. Ces paramètres peuvent être remplacés pour chaque appareil par les configurations de profils.",
    "LabelDeviceDescription": "Description de l'appareil",
    "LabelDidlMode": "Mode DIDL :",
    "LabelDiscNumber": "Numéro de disque :",
    "LabelDisplayLanguage": "Langue d'affichage :",
    "LabelDisplayLanguageHelp": "La traduction de Jellyfin est un projet en cours.",
    "LabelDisplayMissingEpisodesWithinSeasons": "Afficher les épisodes manquants dans les saisons",
    "LabelDisplayMode": "Mode d'affichage :",
    "LabelDisplayName": "Nom d'affichage :",
    "LabelDisplayOrder": "Ordre d'affichage :",
    "LabelDisplaySpecialsWithinSeasons": "Afficher les épisodes spéciaux avec leur saison de diffusion",
    "LabelDownMixAudioScale": "Booster l'audio lors du downmix :",
    "LabelDownMixAudioScaleHelp": "Augmente le volume de l'audio quand on diminue le nombre de canaux. Mettre à 1 pour préserver la valeur originale du volume.",
    "LabelDownloadLanguages": "Téléchargement des langues :",
    "LabelDropImageHere": "Faites glisser l'image ici, ou cliquez pour parcourir vos fichiers.",
    "LabelDropShadow": "Ombre portée :",
    "LabelDynamicExternalId": "ID {0} :",
    "LabelEasyPinCode": "Code Easy PIN :",
    "LabelEmbedAlbumArtDidl": "Intégrer les images d'album dans le DIDL",
    "LabelEmbedAlbumArtDidlHelp": "Certains appareils préfèrent cette méthode pour obtenir les images d'album. D'autres peuvent échouer à lire avec cette option activée.",
    "LabelEnableAutomaticPortMap": "Autoriser le mapping automatique de port",
    "LabelEnableAutomaticPortMapHelp": "Essayer de mapper automatiquement le port public au port local via UPnP. Cela peut ne pas fonctionner avec certains modèles de routeurs.",
    "LabelEnableBlastAliveMessages": "Diffuser des message de présence",
    "LabelEnableBlastAliveMessagesHelp": "Activer cette option si le serveur n'est pas détecté de manière fiable par les autres appareils UPnP sur votre réseau.",
    "LabelEnableDlnaClientDiscoveryInterval": "Intervalle de découverte des clients (secondes)",
    "LabelEnableDlnaClientDiscoveryIntervalHelp": "Détermine la durée en secondes entre les recherches SSDP exécutées par Jellyfin.",
    "LabelEnableDlnaDebugLogging": "Activer le débogage DLNA dans le journal d'événements",
    "LabelEnableDlnaDebugLoggingHelp": "Ceci va générer de gros fichiers de journal d'événements et ne devrait être utiliser que pour des diagnostics d'erreur.",
    "LabelEnableDlnaPlayTo": "Activer la lecture en DLNA",
    "LabelEnableDlnaPlayToHelp": "Jellyfin peut détecter les appareils de votre réseau et offre la possibilité de les contrôler à distance.",
    "LabelEnableDlnaServer": "Activer le serveur DLNA",
    "LabelEnableDlnaServerHelp": "Autorise les appareils UPnP de votre réseau à parcourir et à lire le contenu d'Jellyfin.",
    "LabelEnableHardwareDecodingFor": "Activer le décodage matériel pour :",
    "LabelEnableRealtimeMonitor": "Activer la surveillance en temps réel",
    "LabelEnableRealtimeMonitorHelp": "Les modifications des fichiers seront traitées immédiatement, sur les systèmes de fichiers qui le permettent.",
    "LabelEnableSingleImageInDidlLimit": "Limiter à une seule image intégrée",
    "LabelEnableSingleImageInDidlLimitHelp": "Quelques périphériques ne fourniront pas un rendu correct si plusieurs images sont intégrées dans Didl.",
    "LabelEndDate": "Date de fin :",
    "LabelEpisodeNumber": "Numéro d'épisode :",
    "LabelEvent": "Évènement :",
    "LabelEveryXMinutes": "Tous les :",
    "LabelExtractChaptersDuringLibraryScan": "Extraire les images des chapitres pendant l'actualisation de la médiathèque",
    "LabelExtractChaptersDuringLibraryScanHelp": "Si l'option est activée, les images des chapitres seront extraites lors de l'importation de vidéos pendant l'actualisation de la médiathèque. Sinon elles seront extraites pendant la tâche planifiée des images des chapitres, permettant de terminer plus rapidement les actualisations de la médiathèque.",
    "LabelFailed": "Échoué",
    "LabelFileOrUrl": "Fichier ou URL :",
    "LabelFinish": "Terminer",
    "LabelFont": "Police :",
    "LabelForgotPasswordUsernameHelp": "Saisissez votre nom d'utilisateur, si vous vous en souvenez.",
    "LabelFormat": "Format :",
    "LabelFriendlyName": "Nom d'affichage :",
    "LabelServerNameHelp": "Ce nom sera utilisé pour identifier le serveur. Sinon le nom d'ordinateur sera utilisé.",
    "LabelGroupMoviesIntoCollections": "Grouper les films en collections",
    "LabelGroupMoviesIntoCollectionsHelp": "Dans l'affichage des listes de films, les films faisant partie d'une collection seront affichés comme un élément groupé.",
    "LabelH264Crf": "CRF d'encodage H264 :",
    "LabelH264EncodingPreset": "Profil d'encodage H264 :",
    "LabelHardwareAccelerationType": "Accélération matérielle :",
    "LabelHardwareAccelerationTypeHelp": "Disponible uniquement sur les systèmes supportés.",
    "LabelHomeNetworkQuality": "Qualité du réseau local :",
    "LabelHomeScreenSectionValue": "Section {0} de l'accueil :",
    "LabelHttpsPort": "Numéro de port https local :",
    "LabelHttpsPortHelp": "Le port TCP que le serveur https d'Jellyfin doit utiliser.",
    "LabelIconMaxHeight": "Hauteur maximum des icônes :",
    "LabelIconMaxHeightHelp": "Résolution maximum des icônes exposée par upnp:icon.",
    "LabelIconMaxWidth": "Largeur maximum des icônes :",
    "LabelIconMaxWidthHelp": "Résolution maximum des icônes exposée par upnp:icon.",
    "LabelIdentificationFieldHelp": "Une sous-chaîne ou expression régulière insensible à la casse.",
    "LabelImageFetchersHelp": "Activez cette option pour classer vos récupérateurs d'images par ordre de priorité.",
    "LabelImageType": "Type d'image :",
    "LabelImportOnlyFavoriteChannels": "Restreindre aux chaînes ajoutées aux favoris",
    "LabelInNetworkSignInWithEasyPassword": "Activer l'authentification simplifiée dans les réseaux domestiques avec mon code Easy PIN",
    "LabelInNetworkSignInWithEasyPasswordHelp": "Si vous activez cette option, vous pourrez utiliser votre code Easy PIN pour vous connecter aux applications Jellyfin depuis l'intérieur de votre réseau local. Votre mot de passe habituel ne sera requis que depuis l'extérieur. Si le code PIN n'est pas défini, vous n'aurez pas besoin de mot de passe depuis l'intérieur de votre réseau local.",
    "LabelInternetQuality": "Qualité d'internet :",
    "LabelKeepUpTo": "Garder jusqu'à :",
    "LabelKidsCategories": "Catégories jeunesse :",
    "LabelKodiMetadataDateFormat": "Format de la date de sortie :",
    "LabelKodiMetadataDateFormatHelp": "Toutes les dates des NFO seront lues et écrites en utilisant ce format.",
    "LabelKodiMetadataEnableExtraThumbs": "Copier les extrafanart dans les extrathumbs",
    "LabelKodiMetadataEnableExtraThumbsHelp": "Pendant le téléchargement, les images peuvent être enregistrées en tant qu'extrafanart et extrathumbs pour améliorer la compatibilité avec le skin Kodi.",
    "LabelKodiMetadataEnablePathSubstitution": "Activer la substitution des chemins",
    "LabelKodiMetadataEnablePathSubstitutionHelp": "Active la substitution du chemin des images en utilisant les paramètres de substitution des chemins du serveur.",
    "LabelKodiMetadataSaveImagePaths": "Enregistrer le chemin des images dans les fichiers NFO",
    "LabelKodiMetadataSaveImagePathsHelp": "Ceci est recommandé si les noms des fichiers d'images ne sont pas conformes aux recommandations de Kodi.",
    "LabelKodiMetadataUser": "Enregistrer les données de visionnage utilisateur dans les NFO pour :",
    "LabelKodiMetadataUserHelp": "Activez cette option pour enregistrer les données de lecture dans des fichiers NFO afin que d'autres applications les utilisent.",
    "LabelLanNetworks": "Réseaux LAN :",
    "LabelLanguage": "Langue :",
    "LabelLineup": "Programmation :",
    "LabelLocalHttpServerPortNumber": "Numéro de port http local :",
    "LabelLocalHttpServerPortNumberHelp": "Le port TCP que le serveur http d'Jellyfin doit utiliser.",
    "LabelLockItemToPreventChanges": "Verrouiller cet élément pour éviter de futures modifications",
    "LabelLoginDisclaimer": "Avertissement sur la page d'accueil :",
    "LabelLoginDisclaimerHelp": "Le slogan sera affiché en bas de la page de connexion.",
    "LabelLogs": "Journaux :",
    "LabelManufacturer": "Constructeur",
    "LabelManufacturerUrl": "URL du constructeur",
    "LabelMatchType": "Type recherché :",
    "LabelMaxBackdropsPerItem": "Nombre maximum d'images d'arrière-plan par élément :",
    "LabelMaxChromecastBitrate": "Qualité maximum pour Chromecast :",
    "LabelMaxParentalRating": "Classification parentale maximale :",
    "LabelMaxResumePercentage": "Pourcentage maximum pour reprendre :",
    "LabelMaxResumePercentageHelp": "Les médias sont considérés comme lus si arrêtés après ce temps",
    "LabelMaxScreenshotsPerItem": "Nombre maximum de captures d'écran par élément :",
    "LabelMaxStreamingBitrate": "Qualité maximum de streaming :",
    "LabelMaxStreamingBitrateHelp": "Spécifiez le débit maximum lors du streaming.",
    "LabelMessageText": "Texte du message :",
    "LabelMessageTitle": "Titre du message :",
    "LabelMetadata": "Métadonnées :",
    "LabelMetadataDownloadLanguage": "Langue de téléchargement préférée :",
    "LabelMetadataDownloadersHelp": "Activez et classez vos sources de téléchargement de métadonnées préférées dans l'ordre de priorité. Les plus basses seront utilisées uniquement pour remplir les informations manquantes.",
    "LabelMetadataPath": "Chemin des métadonnées :",
    "LabelMetadataPathHelp": "Veuillez spécifier un emplacement personnalisé pour les images et les métadonnées téléchargées.",
    "LabelMetadataReaders": "Lecteurs de métadonnées :",
    "LabelMetadataReadersHelp": "Classez vos sources locales de métadonnées préférées dans l'ordre de priorité. Le premier fichier trouvé sera lu.",
    "LabelMetadataSavers": "Enregistreurs de métadonnées :",
    "LabelMetadataSaversHelp": "Sélectionnez un format de fichier pour l'enregistrement des métadonnées.",
    "LabelMethod": "Méthode :",
    "LabelMinBackdropDownloadWidth": "Largeur minimum d'image d'arrière-plan à télécharger :",
    "LabelMinResumeDuration": "Temps de reprise minimum :",
    "LabelMinResumeDurationHelp": "La plus courte durée de vidéo vous permettant d'enregistrer la progression et d'en reprendre la lecture",
    "LabelMinResumePercentage": "Pourcentage minimum pour reprendre :",
    "LabelMinResumePercentageHelp": "Les médias seront considérés comme non lus si arrêtés avant ce temps",
    "LabelMinScreenshotDownloadWidth": "Largeur minimum de capture d'écran à télécharger :",
    "LabelModelDescription": "Description de modèle",
    "LabelModelName": "Nom de modèle",
    "LabelModelNumber": "Numéro de modèle",
    "LabelModelUrl": "URL de modèle",
    "LabelMonitorUsers": "Surveiller les activités de :",
    "LabelMovieCategories": "Catégories de films :",
    "LabelMoviePrefix": "Préfixe de film :",
    "LabelMoviePrefixHelp": "Si un préfixe est appliqué aux titres de film, précisez-le ici afin qu'Jellyfin puisse le gérer convenablement.",
    "LabelMovieRecordingPath": "Chemin d'enregistrement des films (optionnel) :",
    "LabelMusicStreamingTranscodingBitrate": "Débit du transcodage de la musique :",
    "LabelMusicStreamingTranscodingBitrateHelp": "Spécifiez le débit maximum pendant la diffusion de musique",
    "LabelName": "Nom :",
    "LabelNewName": "Nouveau nom :",
    "LabelNewPassword": "Nouveau mot de passe :",
    "LabelNewPasswordConfirm": "Confirmer le nouveau mot de passe :",
    "LabelNewsCategories": "Catégories des informations :",
    "LabelNext": "Suivant",
    "LabelNotificationEnabled": "Activer cette notification",
    "LabelNumber": "Numéro :",
    "LabelNumberOfGuideDays": "Nombre de jours de données du guide à télécharger :",
    "LabelNumberOfGuideDaysHelp": "Télécharger plus de journées du guide permet de programmer des enregistrements plus longtemps à l'avance et de visualiser plus de contenus, mais prendra également plus de temps. Automatique permettra une sélection automatique basée sur le nombre de chaînes.",
    "LabelOptionalNetworkPath": "(Optionnel) Dossier réseau partagé :",
    "LabelOptionalNetworkPathHelp": "Si le dossier est partagé sur votre réseau, donner accès au chemin du dossier réseau peut autoriser les applications Jellyfin sur d'autres appareils à avoir accès à ses fichiers directement.",
    "LabelOriginalAspectRatio": "Ratio d'aspect original :",
    "LabelOriginalTitle": "Titre original :",
    "LabelOverview": "Synopsis :",
    "LabelParentNumber": "Numéro du parent :",
    "LabelParentalRating": "Classification parentale :",
    "LabelPassword": "Mot de passe :",
    "LabelPasswordConfirm": "Mot de passe (confirmation) :",
    "LabelPasswordRecoveryPinCode": "Code PIN :",
    "LabelPath": "Chemin :",
    "LabelPersonRole": "Rôle :",
    "LabelPersonRoleHelp": "Exemple : Chauffeur de camion de crème glacée",
    "LabelPlaceOfBirth": "Lieu de naissance :",
    "LabelPlayDefaultAudioTrack": "Utiliser le flux audio par défaut quelle que soit la langue",
    "LabelPlaylist": "Liste de lecture :",
    "LabelPostProcessor": "Application post-processeur :",
    "LabelPostProcessorArguments": "Arguments en ligne de commande du post-processeur :",
    "LabelPostProcessorArgumentsHelp": "Utiliser {path} comme chemin d'accès au fichier d'enregistrement.",
    "LabelPreferredDisplayLanguage": "Langue d'affichage préférée :",
    "LabelPreferredDisplayLanguageHelp": "La traduction d'Jellyfin est un projet en cours.",
    "LabelPreferredSubtitleLanguage": "Langue de sous-titrage préférée :",
    "LabelPrevious": "Précédent",
    "LabelProfileAudioCodecs": "Codecs audio :",
    "LabelProfileCodecs": "Codecs :",
    "LabelProfileCodecsHelp": "Séparés par des virgules. Peut être laissé vide pour s'appliquer à tous les codecs.",
    "LabelProfileContainer": "Conteneur :",
    "LabelProfileContainersHelp": "Séparés par des virgules. Peut être laissé vide pour s'appliquer à tous les conteneurs.",
    "LabelProfileVideoCodecs": "Codecs vidéo :",
    "LabelProtocol": "Protocole :",
    "LabelProtocolInfo": "Informations sur le protocole :",
    "LabelProtocolInfoHelp": "La valeur qui sera utilisée pour répondre aux requêtes GetProtocolInfo de l'appareil.",
    "LabelPublicHttpPort": "Numéro de port http public :",
    "LabelPublicHttpPortHelp": "Le numéro de port public à mapper sur le port http local.",
    "LabelPublicHttpsPort": "Numéro de port https public :",
    "LabelPublicHttpsPortHelp": "Le numéro de port public à mapper sur le port https local.",
    "LabelReadHowYouCanContribute": "Voir comment vous pouvez contribuer.",
    "LabelReasonForTranscoding": "Raison du transcodage :",
    "LabelRecord": "Enregistrer :",
    "LabelRecordingPath": "Chemin d'enregistrement par défaut :",
    "LabelRecordingPathHelp": "Spécifiez l'emplacement par défaut où sauvegarder les enregistrements. Sinon le dossier de données programme du serveur sera utilisé.",
    "LabelRefreshMode": "Mode d'actualisation :",
    "LabelReleaseDate": "Date de sortie :",
    "LabelRemoteClientBitrateLimit": "Limite de débit de streaming Internet (Mbps) :",
    "LabelRemoteClientBitrateLimitHelp": "Une limite de débit optionnelle par streaming pour les connexions hors du réseau local. Utile pour éviter que les appareils ne demandent un débit supérieur à ce que votre connexion internet peu fournir. Cela peut augmenter la charge du processeur de votre serveur pour transcoder les vidéos à la volée à un débit plus faible.",
    "LabelRuntimeMinutes": "Durée (minutes) :",
    "LabelSaveLocalMetadata": "Enregistrer les images dans les dossiers multimédia",
    "LabelSaveLocalMetadataHelp": "L'enregistrement des images dans les dossiers multimédia les placera à un endroit où elles seront facilement modifiables.",
    "LabelScheduledTaskLastRan": "Dernière exécution {0}, durée {1}.",
    "LabelScreensaver": "Économiseur d'écran :",
    "LabelSeasonNumber": "Numéro de saison :",
    "LabelSecureConnectionsMode": "Mode de connexion sécurisée :",
    "LabelSelectFolderGroups": "Grouper automatiquement le contenu des dossiers suivants dans des catégories telles que Films, Musique et TV :",
    "LabelSelectFolderGroupsHelp": "Les dossiers qui ne sont pas cochés seront affichés tels quels, avec leur propre vue.",
    "LabelSelectUsers": "Sélectionner des utilisateurs :",
    "LabelSelectVersionToInstall": "Sélectionner la version à installer :",
    "LabelSendNotificationToUsers": "Envoyer la notification à :",
    "LabelSerialNumber": "Numéro de série",
    "LabelSeriesRecordingPath": "Chemin d'enregistrement des séries (optionnel) :",
    "LabelServerHost": "Nom d'hôte :",
    "LabelServerHostHelp": "192.168.1.1 ou https://monserveur.com",
    "LabelSimultaneousConnectionLimit": "Limite de flux simultanée :",
    "LabelSkin": "Habillage :",
    "LabelSkipBackLength": "Durée des sauts en arrière :",
    "LabelSkipForwardLength": "Durée des sauts en avant :",
    "LabelSkipIfAudioTrackPresent": "Sauter si la piste audio correspond à la langue de téléchargement",
    "LabelSkipIfAudioTrackPresentHelp": "Décocher cette option va s'assurer que toutes les vidéos ont des sous-titres, quelle que soit la langue de la piste audio.",
    "LabelSkipIfGraphicalSubsPresent": "Sauter si la vidéo contient déjà des sous-titres",
    "LabelSkipIfGraphicalSubsPresentHelp": "Conserver les versions textes des sous-titres permettra une diffusion plus efficace et diminuera la probabilité d'un transcodage de la vidéo.",
    "LabelSonyAggregationFlags": "Marqueurs d’agrégation Sony :",
    "LabelSonyAggregationFlagsHelp": "Détermine le contenu de l'élément aggregationFlags dans l'espace de nom urn:schemas-sonycom:av .",
    "LabelSortBy": "Trier par :",
    "LabelSortOrder": "Ordre de tri :",
    "LabelSortTitle": "Titre de tri :",
    "LabelSoundEffects": "Effets sonores :",
    "LabelSource": "Source :",
    "LabelSpecialSeasonsDisplayName": "Nom d'affichage de la saison spécial :",
    "LabelSportsCategories": "Catégories des sports :",
    "LabelStartWhenPossible": "Commencer si possible :",
    "LabelStatus": "État :",
    "LabelStopWhenPossible": "Arrêter si possible :",
    "LabelStopping": "En cours d'arrêt",
    "LabelSubtitleDownloaders": "Outils de téléchargement de sous-titres :",
    "LabelSubtitleFormatHelp": "Exemple : srt",
    "LabelSubtitlePlaybackMode": "Mode des sous-titres :",
    "LabelSubtitles": "Sous-titres :",
    "LabelSupportedMediaTypes": "Types de médias supportés :",
    "LabelTVHomeScreen": "Écran d'accueil du mode TV :",
    "LabelTag": "Étiquette :",
    "LabelTagline": "Slogan :",
    "LabelTextBackgroundColor": "Couleur de fond du texte :",
    "LabelTextColor": "Couleur du texte :",
    "LabelTextSize": "Taille du texte :",
    "LabelTheme": "Thème :",
    "LabelTime": "Heure :",
    "LabelTimeLimitHours": "Limite de temps (heures) :",
    "LabelTitle": "Titre :",
    "LabelTrackNumber": "Numéro de piste :",
    "LabelTranscodingAudioCodec": "Codec audio :",
    "LabelTranscodingContainer": "Conteneur :",
    "LabelTranscodingTempPathHelp": "Ce dossier contient les fichiers temporaires utilisés par le transcodeur. Spécifiez un chemin personnalisé ou laissez vide pour utiliser le chemin par défaut dans le dossier de données du serveur.",
    "LabelTranscodingThreadCount": "Nombre de threads de transcodage :",
    "LabelTranscodingThreadCountHelp": "Sélectionnez le nombre maximum de threads à utiliser pour le transcodage. La réduction de cette valeur réduira l'utilisation du processeur mais pourrait ne pas suffire pour maintenir une lecture fluide.",
    "LabelTranscodingVideoCodec": "Codec vidéo :",
    "LabelTriggerType": "Type de déclencheur :",
    "LabelTunerIpAddress": "Adresse IP du tuner :",
    "LabelTunerType": "Type de tuner :",
    "LabelType": "Type :",
    "LabelTypeMetadataDownloaders": "{0} téléchargeurs de métadonnées :",
    "LabelTypeText": "Texte",
    "LabelUseNotificationServices": "Utiliser les services suivants :",
    "LabelUser": "Utilisateur :",
    "LabelUserAgent": "User agent :",
    "LabelUserLibrary": "Médiathèque de l'utilisateur :",
    "LabelUserLibraryHelp": "Sélectionnez quelle médiathèque afficher sur l'appareil. Laissez vide pour hériter des paramètres par défaut.",
    "LabelUserRemoteClientBitrateLimitHelp": "Cela va écraser les valeurs globales par défaut configurés dans les paramètres de lecture vidéo du serveur.",
    "LabelUsername": "Nom d'utilisateur :",
    "LabelVaapiDevice": "Appareil VA API :",
    "LabelVaapiDeviceHelp": "Ceci est le nœud de rendu qui est utilisé pour l'accélération matérielle.",
    "LabelValue": "Valeur :",
    "LabelVersion": "Version :",
    "LabelVersionInstalled": "{0} installé(s)",
    "LabelVideo": "Vidéo :",
    "LabelXDlnaCap": "Cap X-Dlna :",
    "LabelXDlnaCapHelp": "Détermine le contenu de l'élément X_DLNACAP dans l'espace de nom urn:schemas-dlna-org:device-1-0.",
    "LabelXDlnaDoc": "Doc X-Dlna :",
    "LabelXDlnaDocHelp": "Détermine le contenu de l'élément X_DLNADOC dans l'espace de nom urn:schemas-dlna-org:device-1-0.",
    "LabelYear": "Année :",
    "LabelYourFirstName": "Votre prénom :",
    "LabelYoureDone": "Vous avez terminé !",
    "LabelZipCode": "Code postal :",
    "LabelffmpegPath": "Chemin vers FFmpeg :",
    "LabelffmpegPathHelp": "Le chemin d'accès vers l'application FFmpeg, ou un dossier contenant FFmpeg.",
    "LanNetworksHelp": "Liste des adresses IP ou des entrées IP/masque de réseau séparées par des virgules pour les réseaux qui seront considérés comme locaux lors de l'application des restrictions de bande passante. Si elle est définie, toutes les autres adresses IP seront considérées sur le réseau externe et seront soumises aux restrictions de bande passante externe. Si elle est vide, seul le sous-réseau du serveur est considéré comme se trouvant sur le réseau local.",
    "Large": "Grand",
    "LatestFromLibrary": "{0},  ajouts récents",
    "LearnHowYouCanContribute": "Voir comment vous pouvez contribuer.",
    "LibraryAccessHelp": "Sélectionnez les dossiers multimédia à partager avec cet utilisateur. Les administrateurs pourront modifier tous les dossiers en utilisant le gestionnaire de métadonnées.",
    "Like": "J'aime",
    "LinksValue": "Liens: {0}",
    "List": "Liste",
    "Live": "En direct",
    "LiveBroadcasts": "Diffusions en direct",
    "LiveTV": "TV en direct",
    "ManageLibrary": "Gérer la librairie",
    "ManageRecording": "Gérer l'enregistrement",
    "MapChannels": "Carte des chaînes",
    "MarkPlayed": "Marquer comme lu",
    "MarkUnplayed": "Marquer comme non lu",
    "MaxParentalRatingHelp": "Le contenu ayant une classification parentale plus élevée ne sera pas visible par cet utilisateur.",
    "MediaInfoAnamorphic": "Anamorphique",
    "MediaInfoAspectRatio": "Ratio d'aspect original",
    "MediaInfoBitDepth": "Profondeur en Bit",
    "MediaInfoBitrate": "Débit",
    "MediaInfoChannels": "Chaînes",
    "MediaInfoCodecTag": "Étiquette du codec",
    "MediaInfoContainer": "Conteneur",
    "MediaInfoDefault": "Défaut",
    "MediaInfoExternal": "Externe",
    "MediaInfoForced": "Forcé",
    "MediaInfoFramerate": "Images par seconde",
    "MediaInfoInterlaced": "Entrelacé",
    "MediaInfoLanguage": "Langue",
    "MediaInfoLayout": "Répartition",
    "MediaInfoLevel": "Niveau",
    "MediaInfoPath": "Chemin",
    "MediaInfoPixelFormat": "Format de pixel",
    "MediaInfoProfile": "Profil",
    "MediaInfoRefFrames": "Images de référence",
    "MediaInfoResolution": "Résolution",
    "MediaInfoSampleRate": "Débit échantillon",
    "MediaInfoSize": "Taille",
    "MediaInfoTimestamp": "Horodatage",
    "MediaIsBeingConverted": "Le média est converti en un format compatible avec l'appareil qui lit le média.",
    "MessageAlreadyInstalled": "Cette version est déjà installée.",
    "MessageAreYouSureDeleteSubtitles": "Voulez-vous vraiment supprimer ce fichier de sous-titres ?",
    "MessageAreYouSureYouWishToRemoveMediaFolder": "Voulez-vous vraiment supprimer ce dossier multimédia ?",
    "MessageConfirmDeleteGuideProvider": "Voulez-vous vraiment supprimer ce fournisseur de guide d'information ?",
    "MessageConfirmDeleteTunerDevice": "Voulez-vous vraiment supprimer cet appareil ?",
    "MessageConfirmProfileDeletion": "Voulez-vous vraiment supprimer ce profil ?",
    "MessageConfirmRecordingCancellation": "Annuler l'enregistrement ?",
    "MessageConfirmRemoveMediaLocation": "Voulez-vous vraiment supprimer cet emplacement ?",
    "MessageConfirmRestart": "Voulez-vous vraiment redémarrer le serveur Jellyfin ?",
    "MessageConfirmRevokeApiKey": "Voulez-vous vraiment révoquer cette clé API ? La connexion de l'application au serveur Jellyfin sera brutalement interrompue.",
    "MessageConfirmShutdown": "Voulez-vous vraiment éteindre le serveur Jellyfin ?",
    "MessageContactAdminToResetPassword": "Veuillez contacter votre administrateur système pour réinitialiser votre mot de passe.",
    "MessageCreateAccountAt": "Créer un compte sur {0}",
    "MessageDeleteTaskTrigger": "Voulez-vous vraiment supprimer ce déclencheur de tâche ?",
    "MessageDirectoryPickerBSDInstruction": "Sur BSD, vous devrez peut-être configurer le stockage de votre jail FreeNAS pour autoriser Jellyfin à y accéder.",
    "MessageDirectoryPickerInstruction": "Les chemins réseaux peuvent être saisis manuellement dans le cas où l'utilisation du bouton Réseau ne parvient pas à localiser vos appareils. Par exemple, {0} ou {1}.",
    "MessageDirectoryPickerLinuxInstruction": "Pour Linux sur Arch Linux, CentOS, Debian, Fedora, OpenSuse ou Ubuntu, vous devez au moins autoriser l'accès en lecture à vos répertoires de stockage pour l'utilisateur Jellyfin .",
    "MessageDownloadQueued": "Téléchargement mis en file d'attente.",
    "MessageEnablingOptionLongerScans": "Activer cette option peut accroître la durée d'actualisation de la médiathèque.",
    "MessageFileReadError": "Une erreur est survenue lors de la lecture du fichier. Veuillez réessayer.",
    "MessageForgotPasswordFileCreated": "Le fichier suivant a été créé sur votre serveur et contient les instructions sur la procédure à suivre :",
    "MessageForgotPasswordInNetworkRequired": "Veuillez réessayer à partir de votre réseau local pour démarrer la procédure de réinitialisation du mot de passe.",
    "MessageInstallPluginFromApp": "Cette extension doit-être installée depuis l'application dans laquelle vous voulez l'utiliser.",
    "MessageInvalidForgotPasswordPin": "Le code PIN saisi est invalide ou a expiré. Veuillez réessayer.",
    "MessageInvalidUser": "Nom d'utilisateur ou mot de passe incorrect. Réessayez.",
    "MessageItemSaved": "Élément enregistré.",
    "MessageItemsAdded": "Éléments ajoutés.",
    "MessageLeaveEmptyToInherit": "Laisser vide pour hériter des paramètres de l'élément parent, ou de la valeur globale par défaut.",
    "MessageNoAvailablePlugins": "Aucune extension disponible.",
    "MessageNoMovieSuggestionsAvailable": "Aucune suggestion de film n'est actuellement disponible. Commencez à regarder et à noter vos films pour avoir des suggestions.",
    "MessageNoPluginsInstalled": "Vous n'avez aucune extension installée.",
    "MessageNoTrailersFound": "Aucune bande-annonce trouvée. Installez la chaîne Trailers pour améliorer votre expérience, par l'ajout d'une médiathèque de bandes-annonces disponibles sur Internet.",
    "MessageNothingHere": "Il n'y a rien ici.",
    "MessagePasswordResetForUsers": "Les mot de passes de ces utilisateurs ont été réinitialisés. Ils peuvent maintenant se connecter avec le code PIN utilisé pour la réinitialisation.",
    "MessagePlayAccessRestricted": "La lecture de ce contenu est actuellement restreinte. Contactez l'administrateur de votre serveur Jellyfin pour plus d'informations.",
    "MessagePleaseEnsureInternetMetadata": "Veuillez vous assurer que le téléchargement des métadonnées depuis Internet est activé.",
    "MessagePleaseWait": "Veuillez patienter. Ceci peut prendre quelques minutes.",
    "MessagePluginConfigurationRequiresLocalAccess": "Pour configurer cette extension, veuillez vous connecter directement à votre serveur local.",
    "MessagePluginInstallDisclaimer": "Les extensions développées par les membres de la communauté Jellyfin sont une excellente manière d'améliorer votre expérience Jellyfin avec de nouvelles fonctionnalités. Avant toute installation, veuillez prendre connaissance de l'impact qu'elles peuvent avoir sur le serveur Jellyfin, comme l'augmentation de la durée d'actualisation de la médiathèque, de nouvelles tâches de fond, ou un système moins stable.",
    "MessageReenableUser": "Voir ci-dessous pour le réactiver",
    "MessageSettingsSaved": "Paramètres enregistrés.",
    "MessageTheFollowingLocationWillBeRemovedFromLibrary": "Ces emplacements de média vont être supprimés de votre médiathèque Jellyfin :",
    "MessageUnableToConnectToServer": "Nous sommes dans l'impossibilité de nous connecter au serveur sélectionné. Veuillez vérifier qu'il est opérationnel et réessayez.",
    "MessageUnsetContentHelp": "Le contenu sera affiché sous forme de dossiers. Pour un résultat optimal, utilisez le gestionnaire de métadonnées pour définir le type de contenu des sous-dossiers.",
    "MessageYouHaveVersionInstalled": "Actuellement , vous avez la version {0} installée.",
    "Metadata": "Métadonnées",
    "MetadataManager": "Gestionnaire de métadonnées",
    "MetadataSettingChangeHelp": "Les modifications des paramètres des métadonnées auront une incidence sur le nouveau contenu ajouté. Pour actualiser le contenu existant, ouvrez l'écran des détails et cliquez sur le bouton Actualiser, ou effectuez des actualisations en masse en utilisant le gestionnaire de métadonnées.",
    "MinutesAfter": "minutes après",
    "MinutesBefore": "minutes avant",
    "Mobile": "Mobile / Tablette",
    "Monday": "Lundi",
    "MoreFromValue": "Plus de {0}",
    "MoreUsersCanBeAddedLater": "D'autres utilisateurs pourront être ajoutés ultérieurement à partir du tableau de bord.",
    "MoveLeft": "Déplacer à gauche",
    "MoveRight": "Déplacer à droite",
    "MovieLibraryHelp": "Consultez le {0}guide Jellyfin pour nommer les films{1}.",
    "Movies": "Films",
    "Mute": "Couper le son",
    "MySubtitles": "Mes sous-titres",
    "Name": "Nom",
    "Never": "Jamais",
    "NewCollection": "Nouvelle collection",
    "NewCollectionHelp": "Les collections vous permettent de créer des groupes personnalisés de films et d'autres contenus.",
    "NewCollectionNameExample": "Exemple : Collection Star Wars",
    "NewEpisodes": "Nouveaux épisodes",
    "NewEpisodesOnly": "Uniquement les nouveaux épisodes",
    "News": "Actualités",
    "Next": "Prochain",
    "NextUp": "A Suivre",
    "No": "Non",
    "NoNewDevicesFound": "Aucun nouvel appareil détecté. Pour en ajouter un, fermez cette fenêtre et saisissez les informations de l'appareil manuellement.",
    "NoNextUpItemsMessage": "Aucun élément trouvé. Commencez à regarder vos émissions !",
    "NoPluginConfigurationMessage": "Cette extension n'a aucun paramètre à configurer.",
    "NoSubtitleSearchResultsFound": "Aucun résultat trouvé.",
    "NoSubtitles": "Pas de sous-titres",
    "NoSubtitlesHelp": "Les sous-titres ne seront pas chargés par défaut. Ils peuvent toujours être activés manuellement pendant la lecture.",
    "None": "Aucun",
    "NumLocationsValue": "{0} dossiers",
    "Off": "Désactivés",
    "OneChannel": "Une chaîne",
    "OnlyForcedSubtitles": "Seulement les sous-titres forcés",
    "OnlyForcedSubtitlesHelp": "Seuls les sous-titres marqués comme forcés seront chargés.",
    "OnlyImageFormats": "Seulement les formats image (VOBSUB, PGS, SUB/IDX etc)",
    "OptionAdminUsers": "Administrateurs",
    "OptionAlbumArtist": "Artiste de l'album",
    "OptionAllUsers": "Tous les utilisateurs",
    "OptionAllowAudioPlaybackTranscoding": "Permettre la lecture audio nécessitant un transcodage",
    "OptionAllowBrowsingLiveTv": "Autoriser l'accès à la TV en direct",
    "OptionAllowContentDownloading": "Autoriser le téléchargement et la synchronisation des médias",
    "OptionAllowLinkSharing": "Autoriser le partage de média sur les réseaux sociaux",
    "OptionAllowLinkSharingHelp": "Seules les pages Web contenant des informations de médias sont partagés. Les fichiers multimédias ne sont jamais partagés publiquement. Les partages sont limités dans le temps et expirent après {0} jours.",
    "OptionAllowManageLiveTv": "Autoriser la gestion des enregistrements de TV en direct",
    "OptionAllowMediaPlayback": "Autoriser la lecture de média",
    "OptionAllowMediaPlaybackTranscodingHelp": "Limiter l'accès au transcodage peut entraîner des échecs de lecture dans les applications Jellyfin en raison de formats de média non pris en charge.",
    "OptionAllowRemoteControlOthers": "Autoriser le contrôle à distance des autres utilisateurs",
    "OptionAllowRemoteSharedDevices": "Autoriser le contrôle à distance des appareils partagés",
    "OptionAllowRemoteSharedDevicesHelp": "Les appareils DLNA sont considérés comme partagés tant qu'un utilisateur ne commence pas à les contrôler.",
    "OptionAllowSyncTranscoding": "Autoriser le téléchargement et la synchronisation des médias qui demandent un transcodage",
    "OptionAllowUserToManageServer": "Autoriser la gestion du serveur à cet utilisateur",
    "OptionAllowVideoPlaybackRemuxing": "Autoriser la lecture de vidéos nécessitant une conversion sans réencodage",
    "OptionAllowVideoPlaybackTranscoding": "Autoriser la lecture de vidéos nécessitant un transcodage",
    "OptionArtist": "Artiste",
    "OptionAscending": "Croissant",
    "OptionAuto": "Automatique",
    "OptionAutomatic": "Automatique",
    "OptionAutomaticallyGroupSeries": "Fusionner automatiquement les séries qui sont réparties en plusieurs dossiers",
    "OptionAutomaticallyGroupSeriesHelp": "Les séries qui sont réparties en plusieurs dossiers dans la médiathèque seront automatiquement fusionnées en une seule série.",
    "OptionBlockBooks": "Livres",
    "OptionBlockChannelContent": "Chaînes Internet",
    "OptionBlockLiveTvChannels": "Chaînes TV en direct",
    "OptionBlockMovies": "Films",
    "OptionBlockMusic": "Musique",
    "OptionBlockTrailers": "Bandes-annonces",
    "OptionBlockTvShows": "Émissions TV",
    "OptionCommunityRating": "Note de la communauté",
    "OptionContinuing": "En cours",
    "OptionCriticRating": "Note des critiques",
    "OptionCustomUsers": "Personnalisé",
    "OptionDaily": "Quotidien",
    "OptionDateAdded": "Date d'ajout",
    "OptionDateAddedFileTime": "Utiliser la date de création du fichier",
    "OptionDateAddedImportTime": "Utiliser la date d'ajout dans la médiathèque",
    "OptionDatePlayed": "Date de lecture",
    "OptionDescending": "Décroissant",
    "OptionDisableUser": "Désactiver cet utilisateur",
    "OptionDisableUserHelp": "Si désactivé, le serveur n'autorisera pas de connexion de cet utilisateur. Les connexions existantes seront interrompues.",
    "OptionDislikes": "Pas aimés",
    "OptionDisplayFolderView": "Afficher une vue de dossiers pour montrer les dossiers multimédia en intégralité",
    "OptionDisplayFolderViewHelp": "Les applications Jellyfin vont afficher une catégorie Dossiers à côté de votre médiathèque. C'est utile si vous souhaitez avoir une vue complète des dossiers.",
    "OptionDownloadBackImage": "Dos",
    "OptionDownloadBannerImage": "Bannière",
    "OptionDownloadBoxImage": "Boîtier",
    "OptionDownloadDiscImage": "Disque",
    "OptionDownloadImagesInAdvance": "Télécharger les images en avance",
    "OptionDownloadImagesInAdvanceHelp": "Par défaut, la plupart des images sont téléchargées seulement lorsqu'une application Jellyfin le demande. Sélectionnez cette option pour télécharger toutes les images à l'avance, lorsqu'un nouveau média est importé. Cela peut allonger significativement la durée d'actualisation de la médiathèque.",
    "OptionDownloadPrimaryImage": "Principal",
    "OptionDownloadThumbImage": "Vignette",
    "OptionDvd": "DVD",
    "OptionEmbedSubtitles": "Inclure dans le conteneur",
    "OptionEnableAccessFromAllDevices": "Autoriser l'accès depuis tous les appareils",
    "OptionEnableAccessToAllChannels": "Activer l'accès à toutes les chaînes",
    "OptionEnableAccessToAllLibraries": "Activer l'accès à toutes les librairies",
    "OptionEnableAutomaticServerUpdates": "Activer les mises à jour automatiques du serveur",
    "OptionEnableExternalContentInSuggestions": "Activer le contenu externe dans les suggestions",
    "OptionEnableExternalContentInSuggestionsHelp": "Autoriser les bandes-annonces sur internet et les programmes TV en direct à être inclus dans le contenu suggéré.",
    "OptionEnableForAllTuners": "Autoriser pour tous les tuners",
    "OptionEnableM2tsMode": "Activer le mode M2TS",
    "OptionEnableM2tsModeHelp": "Active le mode M2TS lors d'encodage en MPEGTS.",
    "OptionEnded": "Terminé",
    "OptionEquals": "Égal",
    "OptionEstimateContentLength": "Estimer la taille du contenu lors d'encodage",
    "OptionEveryday": "Tous les jours",
    "OptionExternallyDownloaded": "Téléchargement externe",
    "OptionExtractChapterImage": "Activer l'extraction des images de chapitres",
    "OptionFavorite": "Favoris",
    "OptionFriday": "Vendredi",
    "OptionHasSpecialFeatures": "Bonus",
    "OptionHasSubtitles": "Sous-titres",
    "OptionHasThemeSong": "Chanson thème",
    "OptionHasThemeVideo": "Vidéo du générique",
    "OptionHasTrailer": "Bande-annonce",
    "OptionHideUser": "Ne pas afficher cet utilisateur dans les écrans de connexion",
    "OptionHideUserFromLoginHelp": "Recommandé pour les comptes administrateurs privés ou cachés. L'utilisateur devra s'authentifier manuellement en saisissant son nom d'utilisateur et son mot de passe.",
    "OptionHlsSegmentedSubtitles": "Sous-titres segmentés HIs",
    "OptionHomeVideos": "Vidéos et photos personnelles",
    "OptionIgnoreTranscodeByteRangeRequests": "Ignore les requêtes de transcodage de plage d'octets",
    "OptionIgnoreTranscodeByteRangeRequestsHelp": "Si l'option est activée, ces requêtes seront honorées mais l'en-tête de plage d'octets sera ignoré.",
    "OptionImdbRating": "Note IMDb",
    "OptionLikes": "Aimés",
    "OptionMax": "Maximum",
    "OptionMissingEpisode": "Épisodes manquantes",
    "OptionMonday": "Lundi",
    "OptionNameSort": "Nom",
    "OptionNew": "Nouveau...",
    "OptionNone": "Aucun",
    "OptionOnAppStartup": "Au démarrage de l'application",
    "OptionOnInterval": "Par intervalle",
    "OptionParentalRating": "Classification parentale",
    "OptionPlainStorageFolders": "Afficher tous les dossiers en tant que simples dossiers de stockage",
    "OptionPlainStorageFoldersHelp": "Tous les répertoires seront affichés dans le DIDL en tant que  \"object.container.storageFolder\" au lieu de formats plus spécifiques comme, par exemple \"object.container.person.musicArtist\".",
    "OptionPlainVideoItems": "Afficher les vidéos en tant que simples éléments vidéos",
    "OptionPlainVideoItemsHelp": "Si activé, toutes les vidéos seront affichées dans le DIDL en tant que \"object.item.videoItem\" au lieu de formats plus spécifiques comme, par exemple \"object.item.videoItem.movie\".",
    "OptionPlayCount": "Nombre de lectures",
    "OptionPlayed": "Lu",
    "OptionPremiereDate": "Date de la première",
    "OptionProfileVideo": "Vidéo",
    "OptionProfileVideoAudio": "Vidéo Audio",
    "OptionProtocolHls": "Streaming Http en direct",
    "OptionReleaseDate": "Date de sortie",
    "OptionReportByteRangeSeekingWhenTranscoding": "Signaler que le serveur prend en charge la recherche d'octets lors du transcodage",
    "OptionReportByteRangeSeekingWhenTranscodingHelp": "Nécessaire pour certains appareils qui ne sont pas capables d'effectuer une recherche dans le temps correctement.",
    "OptionRequirePerfectSubtitleMatch": "Télécharger uniquement les sous-titres qui correspondent parfaitement à mes fichiers vidéo",
    "OptionRequirePerfectSubtitleMatchHelp": "En activant cette option, seuls les sous-titres ayant été testés et vérifiés avec votre fichier vidéo seront téléchargés. En désactivant cette option, vous aurez plus de chance que des sous-titres soient téléchargés, mais ils risquent d'être décalés ou incorrects.",
    "OptionResElement": "Résolution d'élément",
    "OptionResumable": "Reprise possible",
    "OptionRuntime": "Durée",
    "OptionSaturday": "Samedi",
    "OptionSaveMetadataAsHidden": "Enregistrer les métadonnées et les images en tant que fichier cachés",
    "OptionSaveMetadataAsHiddenHelp": "La modification s'appliquera aux nouvelles métadonnées enregistrées à l'avenir. Les fichiers de métadonnées existants seront mis à jour la prochaine fois qu'ils seront enregistrés par le serveur Jellyfin.",
    "OptionSpecialEpisode": "Spéciaux",
    "OptionSubstring": "Sous-chaîne",
    "OptionSunday": "Dimanche",
    "OptionThursday": "Jeudi",
    "OptionTrackName": "Titre",
    "OptionTuesday": "Mardi",
    "OptionTvdbRating": "Note d'évaluation TVDb",
    "OptionUnairedEpisode": "Épisodes non diffusés",
    "OptionUnplayed": "Non lu",
    "OptionWakeFromSleep": "Sortie de veille",
    "OptionWednesday": "Mercredi",
    "OptionWeekdays": "Jours de la semaine",
    "OptionWeekends": "Week-ends",
    "OptionWeekly": "Hebdomadaire",
    "OriginalAirDateValue": "Date de diffusion originale : {0}",
    "Overview": "Synopsis",
    "PackageInstallCancelled": "L'installation de {0} a été annulée.",
    "PackageInstallCompleted": "L'installation de {0} est terminée.",
    "PackageInstallFailed": "L'installation de {0} a échoué.",
    "ParentalRating": "Classification parentale",
    "PasswordMatchError": "Le mot de passe et sa confirmation doivent correspondre.",
    "PasswordResetComplete": "Le mot de passe a été réinitialisé.",
    "PasswordResetConfirmation": "Êtes-vous sûr de vouloir réinitialiser le mot de passe ?",
    "PasswordResetHeader": "Réinitialiser le mot de passe",
    "PasswordSaved": "Mot de passe sauvegardé.",
    "People": "Personnes",
    "PerfectMatch": "Correspondance parfaite",
    "PictureInPicture": "Picture in Picture",
    "PinCodeResetComplete": "Le code PIN a été réinitialisé.",
    "PinCodeResetConfirmation": "Voulez-vous vraiment réinitialiser le code PIN ?",
    "PlaceFavoriteChannelsAtBeginning": "Mettre vos chaînes favorites au début",
    "Play": "Lire",
    "PlayAllFromHere": "Tout lire à partir d'ici",
    "PlayCount": "Nombre de lectures",
    "PlayFromBeginning": "Lire depuis le début",
    "PlayNext": "Lire le suivant",
    "PlayNextEpisodeAutomatically": "Lancer l'épisode suivant automatiquement",
    "Played": "Lu",
    "Playlists": "Listes de lecture",
    "PleaseAddAtLeastOneFolder": "Veuillez ajouter au moins un dossier à cette médiathèque en cliquant sur le bouton Ajouter.",
    "PleaseConfirmPluginInstallation": "Merci de cliquer sur OK pour confirmer que vous avez lu ce qui précède et que vous souhaitez poursuivre l'installation de l'extension.",
    "PleaseEnterNameOrId": "Veuillez saisir un nom ou un identifiant externe.",
    "PleaseRestartServerName": "Veuillez redémarrer le serveur Jellyfin - {0}.",
    "PleaseSelectTwoItems": "Veuillez sélectionner au moins deux éléments.",
    "PluginInstalledMessage": "Cette extension a été installée avec succès. Le serveur Jellyfin doit être redémarré afin que les modifications soient prises en compte.",
    "PreferEmbeddedTitlesOverFileNames": "Préférer les titres intégrés aux médias aux noms des fichiers",
    "PreferEmbeddedTitlesOverFileNamesHelp": "Cela détermine le titre affiché par défaut quand il n'y a pas de métadonnées en ligne ou locales disponibles.",
    "PreferredNotRequired": "Préférée, mais pas obligatoire",
    "Premieres": "Inédits",
    "Previous": "Précédent",
    "Primary": "Principal",
    "Producer": "Producteur(trice)",
    "ProductionLocations": "Sites de production",
    "Programs": "Programmes",
    "Quality": "Qualité",
    "QueueAllFromHere": "Tout mettre en file d'attente à partir d'ici",
    "Raised": "Augmenter",
    "Rate": "Débit",
    "RecentlyWatched": "Lu récemment",
    "RecommendationBecauseYouLike": "Parce que vous aimez {0}",
    "RecommendationBecauseYouWatched": "Parce que vous avez regardé {0}",
    "RecommendationDirectedBy": "Réalisé par {0}",
    "RecommendationStarring": "Avec {0}",
    "Record": "Enregistrer",
    "RecordSeries": "Enregistrer la série",
    "RecordingCancelled": "Enregistrement annulé.",
    "RecordingPathChangeMessage": "Modifier votre dossier d'enregistrement ne déplacera pas les enregistrements existants de l'ancien emplacement vers le nouveau. Vous devrez les déplacer manuellement si vous le souhaitez.",
    "RecordingScheduled": "Enregistrement planifié.",
    "Recordings": "Enregistrements",
    "Refresh": "Actualiser",
    "RefreshDialogHelp": "Les métadonnées sont actualisées en fonction des paramètres et des services Internet qui sont activés dans le tableau de bord du serveur Jellyfin.",
    "RefreshMetadata": "Actualiser les métadonnées",
    "RefreshQueued": "Actualisation mise en file d'attente.",
    "ReleaseDate": "Date de sortie",
    "RememberMe": "Se souvenir de moi",
    "RemoveFromCollection": "Supprimer de la collection",
    "RemoveFromPlaylist": "Supprimer de la liste de lecture",
    "Repeat": "Répéter",
    "RepeatAll": "Tout répéter",
    "RepeatEpisodes": "Rediffusions",
    "RepeatMode": "Mode de répétition",
    "RepeatOne": "Répéter un média",
    "ReplaceAllMetadata": "Remplacer toutes les métadonnées",
    "ReplaceExistingImages": "Remplacer les images existantes",
    "RequiredForAllRemoteConnections": "Obligatoire pour toutes les connexions externes",
    "RestartPleaseWaitMessage": "Veuillez patienter pendant que le serveur Jellyfin s'arrête et redémarre. Cela peut prendre une minute ou deux.",
    "ResumeAt": "Reprendre à {0}",
    "Rewind": "Rembobiner",
    "RunAtStartup": "Exécuter au démarrage",
    "Runtime": "Durée",
    "Saturday": "Samedi",
    "Save": "Sauvegarder",
    "SaveSubtitlesIntoMediaFolders": "Enregistrer les sous-titres dans les dossiers des médias",
    "SaveSubtitlesIntoMediaFoldersHelp": "Conserver les sous-titres avec les fichiers vidéo permettra de les gérer plus facilement.",
    "ScanForNewAndUpdatedFiles": "Actualiser pour détecter les nouveaux fichiers et les modifications",
    "ScanLibrary": "Actualiser la médiathèque",
    "Schedule": "Planning",
    "Screenshot": "Capture d'écran",
    "Screenshots": "Captures d'écran",
    "Search": "Recherche",
    "SearchForCollectionInternetMetadata": "Rechercher sur Internet les images et les métadonnées",
    "SearchForMissingMetadata": "Rechercher les métadonnées manquantes",
    "SearchForSubtitles": "Rechercher des sous-titres",
    "SearchResults": "Résultats de la recherche",
    "SendMessage": "Envoyer un message",
    "Series": "Séries",
    "SeriesCancelled": "Série annulée.",
    "SeriesDisplayOrderHelp": "Ranger les épisodes par date de diffusion, par ordre de DVD ou par numéro absolu.",
    "SeriesRecordingScheduled": "Enregistrement de la série planifié.",
    "SeriesSettings": "Paramètres de la série",
    "SeriesYearToPresent": "{0} - Présent",
    "ServerNameIsRestarting": "Serveur Jellyfin - {0} redémarre.",
    "ServerNameIsShuttingDown": "Serveur Jellyfin - {0} s'arrête.",
    "ServerRestartNeededAfterPluginInstall": "Le serveur Jellyfin devra être redémarré après l'installation d'une extension.",
    "ServerUpdateNeeded": "Le serveur Jellyfin doit être mis à jour. Pour télécharger la dernière version, veuillez visiter {0}",
    "Settings": "Paramètres",
    "SettingsSaved": "Paramètres enregistrés.",
    "SettingsWarning": "La modification de ces valeurs peut provoquer des défaillances de stabilité ou de connectivité. Si vous rencontrez des problèmes, nous vous recommandons de les remettre aux valeurs par défaut.",
    "Share": "Partager",
    "ShowAdvancedSettings": "Configuration avancée",
    "ShowIndicatorsFor": "Montrer les indicateurs pour :",
    "ShowTitle": "Montrer le titre",
    "ShowYear": "Voir l'année",
    "Shows": "Émissions",
    "Shuffle": "Aléatoire",
    "SimultaneousConnectionLimitHelp": "Le nombre maximal de flux simultanés autorisés. Entrez 0 pour aucune limite.",
    "SkipEpisodesAlreadyInMyLibrary": "Ne pas enregistrer les épisodes déjà présents dans ma médiathèque",
    "SkipEpisodesAlreadyInMyLibraryHelp": "Les épisodes seront comparés en utilisant le numéro de saison et le numéro d'épisode, s'ils sont disponibles.",
    "Small": "Petit",
    "SmallCaps": "Petites majuscules",
    "Smaller": "Plus petit",
    "Smart": "Intelligent",
    "SmartSubtitlesHelp": "Les sous-titres correspondant à la langue préférée seront chargés lorsque l'audio est dans une langue étrangère.",
    "Songs": "Chansons",
    "Sort": "Tri",
    "SortByValue": "Trier par {0}",
    "SortChannelsBy": "Trier les chaînes par :",
    "SortName": "Trier par nom",
    "StopRecording": "Arrêter l'enregistrement",
    "SubtitleAppearanceSettingsAlsoPassedToCastDevices": "Ces paramètres s'appliquent également à toute lecture Chromecast démarrée par cet appareil.",
    "SubtitleAppearanceSettingsDisclaimer": "Ces paramètres ne s'appliqueront pas aux sous-titres graphiques (PGS, DVD etc) ou aux sous-titres qui ont leurs propres styles incorporés (ASS/SSA).",
    "SubtitleDownloadersHelp": "Activer et ranger vos outils de téléchargement de sous-titres favoris par ordre de priorité.",
    "Subtitles": "Sous-titres",
    "Sunday": "Dimanche",
    "Sync": "Synchroniser",
    "SystemDlnaProfilesHelp": "Les profils système sont en lecture seule. Les modifications apportées à un profil système seront enregistrées sous un nouveau profil personnalisé.",
    "TabAccess": "Accès",
    "TabAdvanced": "Avancé",
    "TabAlbumArtists": "Artistes sur l'album",
    "TabArtists": "Artistes",
    "TabCatalog": "Catalogue",
    "TabChannels": "Chaînes",
    "TabContainers": "Conteneurs",
    "TabDashboard": "Tableau de bord",
    "TabDevices": "Appareils",
    "TabDirectPlay": "Lecture directe",
    "TabDisplay": "Affichage",
    "TabEpisodes": "Épisodes",
    "TabFavorites": "Favoris",
    "TabLatest": "Derniers",
    "TabLiveTV": "TV en direct",
    "TabLogs": "Journaux",
    "TabMetadata": "Métadonnées",
    "TabMovies": "Films",
    "TabMusic": "Musique",
    "TabMusicVideos": "Vidéos musicales",
    "TabMyPlugins": "Mes extensions",
    "TabNetworks": "Réseaux",
    "TabNfoSettings": "Paramètres NFO",
    "TabOther": "Autre",
    "TabParentalControl": "Contrôle Parental",
    "TabPassword": "Mot de passe",
    "TabPlayback": "Lecture",
    "TabPlaylist": "Liste de lecture",
    "TabPlaylists": "Listes de lecture",
    "TabProfile": "Profil",
    "TabProfiles": "Profils",
    "TabRecordings": "Enregistrements",
    "TabResponses": "Réponses",
    "TabResumeSettings": "Reprise",
    "TabScheduledTasks": "Tâches planifiées",
    "TabSeries": "Séries",
    "TabServer": "Serveur",
    "TabSettings": "Paramètres",
    "TabShows": "Séries",
    "TabSongs": "Chansons",
    "TabTrailers": "Bandes-annonces",
    "TabTranscoding": "Transcodage",
    "TabUpcoming": "À venir",
    "TabUsers": "Utilisateurs",
    "Tags": "Étiquettes",
    "TagsValue": "Mots clés: {0}",
    "TellUsAboutYourself": "Parlez-nous de vous",
    "ThemeSongs": "Chansons thématiques",
    "ThemeVideos": "Vidéos thématiques",
    "TheseSettingsAffectSubtitlesOnThisDevice": "Ces paramètres affectent les sous-titres de cet appareil",
    "ThisWizardWillGuideYou": "Cet assistant vous guidera dans le processus de configuration. Pour commencer, merci de sélectionner votre langue préférée.",
    "Thumb": "Vignette",
    "Thursday": "Jeudi",
    "TitleHardwareAcceleration": "Accélération matérielle",
    "TitleHostingSettings": "Paramètres d'hébergement",
    "TitlePlayback": "Lecture",
    "TrackCount": "{0} pistes",
    "Trailers": "Bandes-annonces",
    "Transcoding": "Transcodage",
    "Tuesday": "Mardi",
    "TvLibraryHelp": "Consultez le {0}guide Jellyfin pour nommer les émissions{1}.",
    "Uniform": "Uniforme",
    "UninstallPluginConfirmation": "Êtes-vous sûr de vouloir désinstaller {0} ?",
    "UninstallPluginHeader": "Désinstaller Plug-in",
    "Unmute": "Rétablir le son",
    "Unplayed": "Non lu",
    "Unrated": "Non noté",
    "Up": "Haut",
    "Upload": "Envoyer",
    "UserAgentHelp": "Fournissez un en-tête http user agent personnalisé, si nécessaire.",
    "UserProfilesIntro": "Jellyfin supporte nativement les profils utilisateurs, permettant à chaque utilisateur d'avoir ses propres préférences d'affichage, sauvegarde de l'état de lecture et contrôle parental.",
    "ValueAudioCodec": "Codec Audio : {0}",
    "ValueCodec": "Codec : {0}",
    "ValueConditions": "Conditions : {0}",
    "ValueContainer": "Conteneur : {0}",
    "ValueDiscNumber": "Disque {0}",
    "ValueEpisodeCount": "{0} épisodes",
    "ValueMovieCount": "{0} films",
    "ValueMusicVideoCount": "{0} vidéos musicales",
    "ValueOneEpisode": "1 épisode",
    "ValueOneMovie": "1 film",
    "ValueOneMusicVideo": "1 vidéo musicale",
    "ValueOneSeries": "1 série",
    "ValueOneSong": "1 chanson",
    "ValueSeconds": "{0} secondes",
    "ValueSeriesCount": "{0} séries",
    "ValueSongCount": "{0} chansons",
    "ValueSpecialEpisodeName": "Spécial - {0}",
    "ValueTimeLimitMultiHour": "Limite de temps : {0} heures",
    "ValueTimeLimitSingleHour": "Limite de temps : 1 heure",
    "ValueVideoCodec": "Codec Vidéo : {0}",
    "Vertical": "Verticale",
    "VideoRange": "Gamme vidéo",
    "ViewAlbum": "Voir l'album",
    "ViewArtist": "Voir l'artiste",
    "ViewPlaybackInfo": "Voir les informations de lecture",
    "Watched": "Lu",
    "Wednesday": "Mercredi",
    "WelcomeToProject": "Bienvenue dans Jellyfin !",
    "Whitelist": "Liste blanche",
    "WizardCompleted": "C'est tout ce dont nous avons besoin pour l'instant. Jellyfin a commencé à collecter les informations de votre médiathèque. Jetez un coup d'œil à quelques-unes de nos applications, puis cliquez sur <b>Terminer</b> pour consulter le <b>Tableau de bord du serveur</b>.",
    "Writer": "Scénariste",
    "XmlDocumentAttributeListHelp": "Ces attributs sont appliqués à l'élément racine de chaque réponse XML.",
    "XmlTvKidsCategoriesHelp": "Les programmes avec ces catégories seront affichés en tant que programmes jeunesse. S'il y en a plusieurs, séparez-les avec '|'.",
    "XmlTvMovieCategoriesHelp": "Les programmes avec ces catégories seront affichés en tant que films. S'il y en a plusieurs, séparez-les avec '|'.",
    "XmlTvNewsCategoriesHelp": "Les programmes avec ces catégories seront affichés en tant que programmes d'information. S'il y en a plusieurs, séparez-les avec '|'.",
    "XmlTvPathHelp": "Un chemin d'accès à un fichier XML TV. Jellyfin lira ce fichier et en vérifiera périodiquement les mises à jour. Vous êtes responsable de la création et de la mise à jour du fichier.",
    "XmlTvSportsCategoriesHelp": "Les programmes avec ces catégories seront affichés en tant que programmes sportifs. S'il y en a plusieurs, séparez-les avec '|'.",
    "Yes": "Oui",
    "Yesterday": "Hier",
    "Albums": "Albums",
    "Art": "Illustration",
    "Audio": "Audio",
    "Auto": "Auto",
    "ButtonGuide": "Guide",
    "ButtonPause": "Pause",
    "Collections": "Collections",
    "Extras": "Extras",
    "GenreValue": "Genre: {0}",
    "Genres": "Genres",
    "GenresValue": "Genres: {0}",
    "Guide": "Guide",
    "GuestStar": "Guest star",
    "Photos": "Photos",
    "HeaderAlbums": "Albums",
    "HeaderGenres": "Genres",
    "HeaderIdentification": "Identification",
    "HeaderTuners": "Égaliseur",
    "Horizontal": "Horizontal",
    "Images": "Images",
    "LabelAudio": "Audio :",
    "LabelVersionNumber": "Version {0}",
    "LeaveBlankToNotSetAPassword": "Facultatif - laissez vide pour ne pas définir de mot de passe",
    "Logo": "Logo",
    "MediaInfoCodec": "Codec",
    "Menu": "Menu",
    "MessageImageFileTypeAllowed": "Seuls les fichiers JPEG et PNG sont pris en charge.",
    "MessageImageTypeNotSelected": "Veuillez sélectionner un type d'image dans le menu déroulant.",
    "Normal": "Normal",
    "Option3D": "3D",
    "OptionAlbum": "Album",
    "OptionBluray": "Blu-ray",
    "OptionDownloadArtImage": "Illustration",
    "OptionDownloadLogoImage": "Logo",
    "OptionDownloadMenuImage": "Menu",
    "OptionIsHD": "HD",
    "OptionIsSD": "SD",
    "OptionProfileAudio": "Audio",
    "OptionProfilePhoto": "Photo",
    "OptionProtocolHttp": "HTTP",
    "OptionRegex": "Expression régulière",
    "Premiere": "Première",
    "Sports": "Sports",
    "Studios": "Studios",
    "Suggestions": "Suggestions",
    "TV": "Tv",
    "TabAlbums": "Albums",
    "TabCodecs": "Codecs",
    "TabCollections": "Collections",
    "TabGenres": "Genres",
    "TabGuide": "Guide",
    "TabInfo": "Informations",
    "TabNotifications": "Notifications",
    "TabPlugins": "Extensions",
    "TabStreaming": "Streaming",
    "TabSuggestions": "Suggestions",
    "ValueAlbumCount": "{0} albums",
    "ValueMinutes": "{0} min",
    "ValueOneAlbum": "1 album",
    "OptionCaptionInfoExSamsung": "CaptionInfoEx (Samsung)",
    "HeaderFavoriteMovies": "Films favoris",
    "HeaderFavoriteShows": "Séries favorites",
    "HeaderFavoriteEpisodes": "Épisodes favoris",
    "HeaderFavoriteAlbums": "Albums favoris",
    "HeaderFavoriteArtists": "Artistes favoris",
    "HeaderFavoriteSongs": "Chansons favorites",
    "HeaderFavoriteVideos": "Vidéos favorites",
    "HeaderRestartingServer": "Redémarrage du serveur",
    "LabelServerName": "Nom du serveur :",
    "DashboardVersionNumber": "Version : {0}",
    "DashboardServerName": "Serveur : {0}",
    "LabelWeb": "Web : ",
    "MediaInfoSoftware": "Logiciel",
    "MediaInfoStreamTypeAudio": "Audio",
    "MediaInfoStreamTypeData": "Données",
    "MediaInfoStreamTypeSubtitle": "Sous-titres",
    "MediaInfoStreamTypeVideo": "Video",
    "AuthProviderHelp": "Sélectionner un fournisseur d'authentification pour authentifier le mot de passe de cet utilisateur",
    "PasswordResetProviderHelp": "Choisissez un Fournisseur de réinitialisation de mot de passe à utiliser lorsqu'un utilisateur demande la réinitialisation de son mot de passe",
    "HeaderHome": "Accueil",
    "LabelUserLoginAttemptsBeforeLockout": "Tentatives de connexion erronées avant blocage de l'utilisateur :",
    "DashboardOperatingSystem": "Système d'Exploitation: {0}",
    "DashboardArchitecture": "Architecture: {0}",
    "LaunchWebAppOnStartup": "Démarrer Jellyfin dans mon navigateur quand le serveur Jellyfin est lancé",
    "LaunchWebAppOnStartupHelp": "Cette fonction ouvrira l'application Jellyfin dans votre navigateur internet quand le serveur Jellyfin sera démarré la première fois. Cela ne se produira pas quand le serveur redémarre.",
    "MediaInfoStreamTypeEmbeddedImage": "Image intégrée",
    "MessageNoCollectionsAvailable": "Les collections vous permettent de profiter de groupes personnalisés de Films, de Séries et d'Albums. Cliquer sur le bouton + pour démarrer la création de collections.",
    "MessageNoServersAvailable": "Aucun serveur n'a été trouvé en utilisant la recherche automatique de serveur.",
    "OptionBanner": "Bannière",
    "OptionList": "Liste",
    "OptionLoginAttemptsBeforeLockout": "Détermine le nombre de tentative de connexion infructueuse avant le blocage d'accès.",
    "OptionPoster": "Affiche",
    "OptionPosterCard": "Affichette",
    "OptionThumb": "Vignette",
    "LabelAuthProvider": "Fournisseur d'authentification :",
    "LabelPasswordResetProvider": "Fournisseur de réinitialisation de mot de passe :",
    "LabelTranscodePath": "Chemin pour le transcodage :",
    "LabelTranscodes": "Transcodages :",
    "MusicAlbum": "Album de musique",
    "MusicArtist": "Artiste musical",
    "MusicVideo": "Clip musical",
    "OptionLoginAttemptsBeforeLockoutHelp": "0 signifie la règle par défaut soit 5 pour les admin et 3 pour les autres. -1 désactive le blocage",
    "TabNetworking": "Réseau",
    "PlaybackData": "Données de lecture",
    "OptionThumbCard": "Vignette (cadre)",
    "SubtitleOffset": "Décalage des sous-titres"
}
