{
    "ButtonQuickStartGuide": "Panduan cepat",
    "ButtonSignOut": "Sign out",
    "FolderTypeTvShows": "TV",
    "HeaderAddUser": "Tambah User",
    "HeaderEasyPinCode": "Kode Pin Mudah",
    "HeaderSeries": "Series",
    "HeaderSetupLibrary": "Atur pustaka media Anda",
    "LabelContentType": "Tipe konten:",
    "LabelCountry": "Negara:",
    "LabelFinish": "Selesai",
    "LabelLanguage": "Bahasa:",
    "LabelNext": "Berikutnya",
    "LabelPrevious": "Sebelumnya",
    "LabelSaveLocalMetadata": "Simpan artwork dan metadata ke dalam folder media",
    "LabelSaveLocalMetadataHelp": "Menyimpan artwork dan metadata langsung ke folder media akan meletakkan mereka di tempat yang mudah diedit.",
    "LabelTimeLimitHours": "Batas waktu (jam):",
    "LabelYourFirstName": "Nama depan anda:",
    "LabelYoureDone": "Kamu sudah selesai!",
    "MessageNothingHere": "Tidak ada disini.",
    "MessagePleaseEnsureInternetMetadata": "Pastikan unduh metadata dari internet diaktifkan.",
    "MoreUsersCanBeAddedLater": "Pengguna lainnya dapat ditambahkan di Dashboard.",
    "OptionEnableAccessFromAllDevices": "Aktifkan akses dari semua perangkat",
    "OptionEnableAccessToAllChannels": "Aktifkan akses ke semua channel",
    "OptionEnableAccessToAllLibraries": "Aktifkan akses ke semua pustaka",
    "ParentalRating": "Parental Rating",
    "TabAccess": "Akses",
    "TabPlaylist": "Daftar Putar",
    "TabProfile": "Profil",
    "TellUsAboutYourself": "Beritahu kami tentang anda",
    "ThisWizardWillGuideYou": "Panduan ini akan memandu Anda melalui proses setup. Untuk memulai, silahkan pilih bahasa yang Anda gunakan.",
    "UserProfilesIntro": "Jellyfin mendukung profil pengguna, memungkinkan setiap pengguna memiliki tampilan mereka sendiri, kondisi pemutaran dan pengawasan orang tua.",
    "WelcomeToProject": "Selamat datang di Jellyfin!",
    "WizardCompleted": "Itu semua yang kami butuhkan saat ini. Jellyfin sudah memulai mengkoleksi informasi pustaka media. Lihatlah beberapa aplikasi kami, kemudian klik <b>Selesai</b> untuk menuju ke <b>Dashboard Server</b>"
}
