{
    "Absolute": "Assoluto",
    "AccessRestrictedTryAgainLater": "L'accesso è attualmente limitato. Si prega di riprovare più tardi.",
    "Actor": "Attore",
    "Add": "Aggiungi",
    "AddItemToCollectionHelp": "Aggiungi elementi alle collezioni ricercandoli e utilizzando il pulsante destro del mouse o toccare i menu per aggiungerli a una raccolta.",
    "AddToCollection": "Aggiunto alla collezione",
    "AddToPlayQueue": "Aggiungi alla coda di riproduzione",
    "AddToPlaylist": "Aggiungi alla playlist",
    "AddedOnValue": "Aggiunto {0}",
    "AdditionalNotificationServices": "Sfoglia il catalogo plugin per installare i servizi di notifica aggiuntivi.",
    "AirDate": "Data messa in Onda",
    "Aired": "In onda",
    "Albums": "Album",
    "All": "Tutto",
    "AllChannels": "Tutti i canali",
    "AllComplexFormats": "Tutti i formati complessi (ASS, SSA, VOBSUB, PGS, SUB / IDX, ecc.)",
    "AllEpisodes": "Tutti gli episodi",
    "AllLanguages": "Tutte le lingue",
    "AllLibraries": "Tutte le librerie",
    "AllowHWTranscodingHelp": "Se abilitato, abilita il sintonizzatore per codificare i flussi al volo. Ciò potrebbe contribuire a ridurre la transcodifica richiesta da Jellyfin Server.",
    "AllowOnTheFlySubtitleExtraction": "Consenti l'estrazione sottotitoli al volo",
    "AllowOnTheFlySubtitleExtractionHelp": "I sottotitoli incorporati possono essere estratti dai video e consegnati ad applicazioni Jellyfin in testo semplice per evitare la transcodifica dei video. In alcuni sistemi questo può richiedere molto tempo e causare un rallentamento della riproduzione video durante il processo di estrazione. Disattivare questa opzione per avere i sottotitoli incorporati con la transcodifica video quando non sono supportati nativamente dal dispositivo client.",
    "AllowRemoteAccess": "Abilità connessioni remote a questo Server Jellyfin.",
    "AllowRemoteAccessHelp": "Se deselezionato, tutte le connessioni remote saranno bloccate.",
    "AllowedRemoteAddressesHelp": "Elenco separato da virgola di indirizzi IP o voci IP / maschera di rete per reti che potranno connettersi da remoto. Se lasciato vuoto, saranno consentiti tutti gli indirizzi remoti.",
    "AlwaysPlaySubtitles": "Visualizza sempre i sottotitoli",
    "AlwaysPlaySubtitlesHelp": "I sottotitoli corrispondenti alla lingua preferita saranno caricati a prescindere dalla lingua dell'audio.",
    "AnyLanguage": "Qualsiasi lingua",
    "Anytime": "In qualsiasi momento",
    "AroundTime": "Circa {0}",
    "Artists": "Artisti",
    "AsManyAsPossible": "Tutto il possibile",
    "Ascending": "Crescente",
    "AspectRatio": "Rapporto d'aspetto",
    "AttributeNew": "Nuovo",
    "AutoBasedOnLanguageSetting": "Auto (basato sull'impostazione della lingua)",
    "Backdrop": "Sfondo",
    "Backdrops": "Sfondi",
    "BirthDateValue": "Nato il: {0}",
    "BirthLocation": "Luogo di nascita",
    "BirthPlaceValue": "nato a: {0}",
    "BookLibraryHelp": "Libri e audiolibri sono supportati. Rivedere {0} la guida ai nomi dei libri di Jellyfin {1}",
    "Books": "Libri",
    "BoxRear": "Box (retro)",
    "Browse": "Esplora",
    "BrowsePluginCatalogMessage": "Sfoglia il catalogo dei Plugins.",
    "BurnSubtitlesHelp": "Determina se il server deve applicare i sottotitoli quando si converte i video in base al formato dei sottotitoli. Evitando di applicare i sottotitoli migliorerà le prestazioni del server. Selezionare Auto per applicare formati basati sull'immagine (ad esempio VOBSUB, PGS, SUB / IDX, ecc.) così come alcuni sottotitoli ASS / SSA",
    "ButtonAdd": "Aggiungi",
    "ButtonAddMediaLibrary": "Aggiungi raccolta multimediale",
    "ButtonAddScheduledTaskTrigger": "Aggiungi operazione",
    "ButtonAddServer": "Aggiungi server",
    "ButtonAddUser": "Aggiungi Utente",
    "ButtonArrowDown": "Giù",
    "ButtonArrowLeft": "Sinistra",
    "ButtonArrowRight": "Destra",
    "ButtonArrowUp": "Su",
    "ButtonAudioTracks": "Tracce Audio",
    "ButtonBack": "Indietro",
    "ButtonCancel": "Annulla",
    "ButtonChangeServer": "Cambia Server",
    "ButtonConnect": "Connetti",
    "ButtonDelete": "Elimina",
    "ButtonDeleteImage": "Elimina immagine",
    "ButtonDown": "Giu",
    "ButtonEdit": "Modifica",
    "ButtonEditImages": "Modifica Immagini",
    "ButtonEditOtherUserPreferences": "Modifica questo utente di profilo, l'immagine e le preferenze personali.",
    "ButtonFilter": "Filtro",
    "ButtonForgotPassword": "Password Dimenticata",
    "ButtonFullscreen": "Schermo Intero",
    "ButtonGotIt": "Ho capito",
    "ButtonGuide": "Guida",
    "ButtonHelp": "Aiuto",
    "ButtonLearnMore": "saperne di più",
    "ButtonLibraryAccess": "Accesso biblioteca",
    "ButtonManualLogin": "Accesso Manuale",
    "ButtonMore": "Altro",
    "ButtonNetwork": "Rete",
    "ButtonNew": "Nuovo",
    "ButtonNextTrack": "Traccia Successiva",
    "ButtonOff": "Spento",
    "ButtonOpen": "Apri",
    "ButtonParentalControl": "Controllo parentale",
    "ButtonPause": "Pausa",
    "ButtonPlay": "Riproduci",
    "ButtonPreviousTrack": "Traccia Precedente",
    "ButtonProfile": "Profilo",
    "ButtonQuickStartGuide": "Guida rapida",
    "ButtonRefresh": "Aggiorna",
    "ButtonRefreshGuideData": "Aggiorna la guida",
    "ButtonRemove": "Rimuovi",
    "ButtonRename": "Rinomina",
    "ButtonRepeat": "Ripeti",
    "ButtonResetEasyPassword": "Resetta codice PIN",
    "ButtonResetPassword": "Ripristina Password",
    "ButtonRestart": "Riavvia",
    "ButtonResume": "Riprendi",
    "ButtonRevoke": "Revocare",
    "ButtonSave": "Salva",
    "ButtonScanAllLibraries": "Scansiona Tutte le Librerie",
    "ButtonSearch": "Cerca",
    "ButtonSelectDirectory": "Seleziona cartella",
    "ButtonSelectServer": "Scegli Server",
    "ButtonSelectView": "Seleziona vista",
    "ButtonSend": "Invia",
    "ButtonSettings": "Impostazioni",
    "ButtonShuffle": "Casuale",
    "ButtonShutdown": "Arresta Server",
    "ButtonSignIn": "Accedi",
    "ButtonSignOut": "Esci",
    "ButtonSort": "Ordina",
    "ButtonStart": "Avvio",
    "ButtonSubmit": "Invia",
    "ButtonSubtitles": "Sottotitoli",
    "ButtonUninstall": "Disinstalla",
    "ButtonUp": "Su",
    "ButtonViewWebsite": "Visualizza sito web",
    "ButtonWebsite": "Web",
    "CancelRecording": "Annulla la registrazione",
    "CancelSeries": "Annulla Serie TV",
    "Categories": "Categorie",
    "ChannelAccessHelp": "Seleziona i canali da condividere con questo utente. Gli amministratori saranno in grado di modificare tutti i canali usando il gestore dei metadati.",
    "ChannelNameOnly": "Solo il canale {0}",
    "ChannelNumber": "Numero canale",
    "CinemaModeConfigurationHelp": "La modalità Cinema porta l'esperienza del teatro direttamente nel tuo salotto con la possibilità di vedere trailer e intro personalizzati",
    "Collections": "Collezioni",
    "ColorPrimaries": "Colori primari",
    "ColorSpace": "Spazio Colore",
    "ColorTransfer": "Trasferimento Colore",
    "CommunityRating": "Voto del pubblico",
    "Composer": "Compositore",
    "ConfigureDateAdded": "Scegli come determinare la data di aggiunta dal Pannello di Controllo del Server Jellyfin, nelle impostazioni della Libreria.",
    "ConfirmDeleteImage": "Elimina immagine?",
    "ConfirmDeleteItem": "L'eliminazione di questo elemento lo cancellerà sia dal disco che dalla libreria multimediale. Sei sicuro di voler continuare?",
    "ConfirmDeleteItems": "L'eliminazione di questi elementi li cancellerà sia dal disco che dalla tua libreria multimediale. Sei sicuro di voler continuare?",
    "ConfirmDeletion": "Conferma Eliminazione",
    "ConfirmEndPlayerSession": "Vuoi chiudere Jellyfin su {0}?",
    "Connect": "Connetti",
    "ContinueWatching": "Continua a guardare",
    "Continuing": "In corso",
    "CriticRating": "Voto della critica",
    "CustomDlnaProfilesHelp": "Crea un profilo personalizzato per un nuovo dispositivo o sovrascrivi quello di sistema",
    "DateAdded": "Aggiunto il",
    "DatePlayed": "Visto il",
    "DeathDateValue": "Morto: {0}",
    "Default": "Predefinito",
    "DefaultErrorMessage": "Si è verificato un errore durante l'elaborazione della richiesta. Si prega di riprovare più tardi.",
    "DefaultMetadataLangaugeDescription": "Queste sono le tue impostazioni predefinite e possono essere personalizzate per ogni libreria.",
    "DefaultSubtitlesHelp": "I sottotitoli vengono letti in base agli attributi predefiniti e forzati dai metadati integrati. Le preferenze di lingua sono prese in considerazione quando sono disponibili più opzioni.",
    "Delete": "Elimina",
    "DeleteDeviceConfirmation": "Sei sicuro di voler cancellare questo dispositivo? Esso riapparirà la prossima volta che un utente accede con esso.",
    "DeleteImage": "Elimina immagine",
    "DeleteImageConfirmation": "Sei sicuro di voler eliminare questa immagine?",
    "DeleteMedia": "Elimina media",
    "DeleteUser": "Elimina utente",
    "DeleteUserConfirmation": "Sei sicuro di voler eliminare questo utente?",
    "Depressed": "Depresso",
    "Descending": "Decrescente",
    "Desktop": "PC Fisso",
    "DetectingDevices": "Rilevamento dispositivi",
    "DeviceAccessHelp": "Si applica solo ai dispositivi che possono essere identificati univocamente e non impedirà l'accesso dal browser. Filtrare l'accesso ai dispositivi dell'utente impedirà di usare nuovi dispositivi fino a quando non saranno stati approvati qui.",
    "DirectPlaying": "Riproduzione Diretta",
    "DirectStreamHelp1": "Il file multimediale è compatibile con il dispositivo per quanto riguarda la risoluzione e il tipo di supporto (H. 264, AC3, etc.), ma è in un contenitore file incompatibile (.mkv, .avi, .wmv, etc.). Il video sarà ri-confezionato al volo prima di streammarlo sul dispositivo.",
    "DirectStreamHelp2": "Lo Streaming in Diretta di un file utilizza poco il processore senza alcuna perdita di qualità video",
    "DirectStreaming": "Streaming Diretto",
    "Director": "Regista",
    "DirectorValue": "Regista: {0}",
    "DirectorsValue": "Registi: {0}",
    "Disabled": "Disabilitato",
    "Disc": "Disco",
    "Disconnect": "Disconnetti",
    "Dislike": "Non mi piace",
    "Display": "Schermo",
    "DisplayInMyMedia": "Visualizza nella schermata di home",
    "DisplayInOtherHomeScreenSections": "Mostra le sezioni della schermata home come gli ultimi media e continua a guardare",
    "DisplayMissingEpisodesWithinSeasons": "Visualizza gli episodi mancanti nelle stagioni",
    "DisplayMissingEpisodesWithinSeasonsHelp": "Questo deve anche essere abilitato per le librerie TV nella configurazione del Server Jellyfin.",
    "DisplayModeHelp": "Scegli il tipo di schermo su cui stai utilizzando Jellyfin.",
    "DoNotRecord": "Non registrare",
    "Down": "Giù",
    "Download": "Scarica",
    "DrmChannelsNotImported": "I canali con DRM non saranno importati.",
    "DropShadow": "Ombreggiato",
    "EasyPasswordHelp": "Il codice pin facile viene utilizzato per l'accesso offline con le app Jellyfin supportate, e può essere utilizzato anche per una facile accesso in rete.",
    "Edit": "Modifica",
    "EditImages": "Modifica immagini",
    "EditMetadata": "Modifica metadati",
    "EditSubtitles": "Modifica i sottotitoli",
    "EnableBackdrops": "Abilita gli sfondi",
    "EnableBackdropsHelp": "Se abilitato gli sfondi verranno riprodotti mentre visualizzi la tua libreria.",
    "EnableCinemaMode": "Attiva modalità cinema",
    "EnableColorCodedBackgrounds": "Abilita sfondi a colori",
    "EnableDisplayMirroring": "Abilita visualizzazione remota",
    "EnableExternalVideoPlayers": "Abilita lettori video esterni",
    "EnableExternalVideoPlayersHelp": "Quando viene avviata la riproduzione video, verrà visualizzato un menu del riproduttore esterno .",
    "EnableHardwareEncoding": "Abilita la codifica hardware",
    "EnableNextVideoInfoOverlay": "Abilita le informazioni del prossimo video durante la riproduzione",
    "EnableNextVideoInfoOverlayHelp": "Alla fine di un video, visualizza informazioni sul video successivo che compare nella playlist corrente.",
    "EnablePhotos": "Abilita foto",
    "EnablePhotosHelp": "Le foto saranno rilevate e visualizzate accanto a altri file multimediali.",
    "EnableStreamLooping": "Auto-loop streaming in diretta",
    "EnableStreamLoopingHelp": "Abilita questo se gli streaming in diretta contengono solo pochi secondi di dati e devono essere costantemente richiesti. L'abilitazione di questa funzione quando non è servita può causare problemi",
    "EnableThemeSongs": "Abilita tema canzoni",
    "EnableThemeSongsHelp": "Se abiltato le canzoni a tema saranno riprodotte mentre visualizzi la tua libreria.",
    "EnableThemeVideos": "Abilita tema video",
    "EnableThemeVideosHelp": "Se abiltato, i video a tema saranno riprodotti mentre visualizzi la tua libreria",
    "Ended": "Finito",
    "EndsAtValue": "Finirà alle {0}",
    "Episodes": "Episodi",
    "ErrorAddingListingsToSchedulesDirect": "C'è stato un errore nell'aggiunta della tua lista all'account Schedules Direct.\nSchedules Direct permette solo un numero limitato di selezioni per account. Potresti aver bisogno di accedere al sito Schedules Direct e rimuoverne alcune prima di procedere.",
    "ErrorAddingMediaPathToVirtualFolder": "C'è stato un errore durante l'aggiunta del percorso. Per favore controlla che sia valido, e che Jellyfin Server abbia l'accesso alla posizione indicata.",
    "ErrorAddingTunerDevice": "Si è verificato un errore durante l'aggiunta del sintonizzatore. Si prega di assicurarsi che sia accessibile e riprovare.",
    "ErrorAddingXmlTvFile": "Si è verificato un errore durante l'accesso al file XmlTV. Si prega di assicurarsi che il file esista e riprovare.",
    "ErrorDeletingItem": "Si è verificato un errore durante l'eliminazione dell'elemento da Jellyfin Server. Verifica che Jellyfin Server abbia accesso in scrittura sulla cartella multimediale e riprova.",
    "ErrorGettingTvLineups": "Si è verificato un errore durante il download formazioni tv. Assicurarsi vostre informazioni sono corrette e riprovare.",
    "ErrorMessageStartHourGreaterThanEnd": "Ora di fine deve essere maggiore del tempo di avvio.",
    "ErrorPleaseSelectLineup": "Si prega di selezionare una scaletta e riprova. Se non formazioni sono disponibili, quindi si prega di verificare che il vostro nome utente, password, e il codice postale è corretto.",
    "ErrorSavingTvProvider": "Si è verificato un errore durante il salvataggio del fornitore di TV. Si prega di assicurarsi che sia accessibile e riprovare.",
    "EveryNDays": "Ogni {0} giorni",
    "ExitFullscreen": "Esci da Schermo Intero",
    "ExtraLarge": "Molto Grande",
    "ExtractChapterImagesHelp": "L'estrazione delle immagini dai capitoli permetterà ai client Jellyfin di avere un menù grafico per la selezione delle scene. Il processo potrebbe essere lento, con uso intensivo della CPU e potrebbe richiedere diversi gigabyte di spazio. Viene avviato quando vengono trovati nuovi video, e anche durante la notte. La pianificazione è configurabile nella sezione azioni pianificate. Non è raccomandato l'avvio di questo processo durante le ore di massimo utilizzo.",
    "Extras": "Extra",
    "FFmpegSavePathNotFound": "Impossibile individuare FFmpeg utilizzando il percorso che hai inserito. FFprobe è inoltre obbligatorio e deve esistere nella stessa cartella. Questi componenti sono normalmente insieme nello stesso download. Controllare il percorso e riprovare.",
    "FastForward": "Avanti veloce",
    "Favorite": "Preferito",
    "Favorites": "Preferiti",
    "Features": "Caratteristiche",
    "FileNotFound": "File non trovato.",
    "FileReadCancelled": "Il file letto è stato cancellato.",
    "FileReadError": "Errore durante la lettura del file.",
    "Filters": "Filtri",
    "FolderTypeBooks": "Libri",
    "FolderTypeMovies": "Film",
    "FolderTypeMusic": "Musica",
    "FolderTypeMusicVideos": "Video musicali",
    "FolderTypeUnset": "Contenuto Misto",
    "Folders": "Cartelle",
    "FormatValue": "Formato: {0}",
    "Friday": "Venerdì",
    "Fullscreen": "Schermo Intero",
    "GenreValue": "Genere: {0}",
    "Genres": "Generi",
    "GenresValue": "Generi: {0}",
    "GroupBySeries": "Raggruppa per serie",
    "GroupVersions": "Raggruppa versioni",
    "GuestStar": "Personaggio famoso",
    "Guide": "Guida",
    "GuideProviderLogin": "Accedi",
    "GuideProviderSelectListings": "selezionare Annunci",
    "H264CrfHelp": "Il fattore di frequenza costante (CRF) è l'impostazione di qualità predefinita per l'encoder x264. È possibile impostare i valori compresi tra 0 e 51, in cui valori inferiori potrebbero determinare una migliore qualità (a discapito delle dimensioni superiori dei file). I valori normali sono compresi tra 18 e 28. L'impostazione predefinita per x264 è 23, quindi è possibile utilizzare questo come punto di partenza.",
    "H264EncodingPresetHelp": "Scegli una velocità maggiore per migliorare le performance, o minore per incrementare la qualità.",
    "HDPrograms": "Programmi HD",
    "HandledByProxy": "Gestito dal reverse proxy",
    "HardwareAccelerationWarning": "L'attivazione dell'accelerazione hardware potrebbe causare instabilità in qualche sistema. Assicurarsi che il sistema operativo e i driver video siano completamente aggiornati. Se hai difficoltà a riprodurre video dopo aver abilitato questa operazione, dovrai cambiare l'impostazione in Auto.",
    "HeaderAccessSchedule": "Orario di accesso",
    "HeaderAccessScheduleHelp": "Creare un programma di accesso per limitare l'accesso a determinate ore.",
    "HeaderActiveDevices": "Dispositivi Connessi",
    "HeaderActiveRecordings": "Registrazioni Attive",
    "HeaderActivity": "Attività",
    "HeaderAddScheduledTaskTrigger": "Aggiungi operazione",
    "HeaderAddToCollection": "Aggiungi ad una Collezione",
    "HeaderAddToPlaylist": "Aggiungi alla Playlist",
    "HeaderAddUpdateImage": "Aggiungi/aggiorna Immagine",
    "HeaderAddUser": "Aggiungi utente",
    "HeaderAdditionalParts": "Parti addizionali",
    "HeaderAdmin": "Ammin.",
    "HeaderAlbumArtists": "Artisti Album",
    "HeaderAlbums": "Album",
    "HeaderAlert": "Avviso",
    "HeaderAllowMediaDeletionFrom": "Abilita Eliminazione Media Da",
    "HeaderApiKey": "Chiave Api",
    "HeaderApiKeys": "Chiavi Api",
    "HeaderApiKeysHelp": "Le Applicazioni esterne devono avere una chiave API per comunicare con il Server Jellyfin. Le chiavi sono emesse accedendo con un account Jellyfin, o fornendo manualmente una chiave all'applicazione.",
    "HeaderAudioBooks": "Audiolibri",
    "HeaderAudioSettings": "Impostazioni audio",
    "HeaderAutomaticUpdates": "Aggiornamenti Automatici",
    "HeaderBlockItemsWithNoRating": "Blocca elementi sconosciuti o senza informazione",
    "HeaderBooks": "Libri",
    "HeaderBranding": "Personalizza",
    "HeaderCancelRecording": "Annulla la Registrazione",
    "HeaderCancelSeries": "Annulla Serie TV",
    "HeaderChannelAccess": "Accesso canali",
    "HeaderChannels": "Canali",
    "HeaderChapterImages": "Immagini Capitolo",
    "HeaderCodecProfile": "Profilo Codec",
    "HeaderCodecProfileHelp": "I Profili Codec indicano i limiti di un dispositivo durante la riproduzione di codec specifici. Se una limitazione corrisponde i media saranno sottoposti a transcodifica, anche se il codec è configurato per la riproduzione diretta.",
    "HeaderConfigureRemoteAccess": "Configura Accesso Remoto",
    "HeaderConfirmPluginInstallation": "Conferma Installazione Plugin",
    "HeaderConfirmProfileDeletion": "Conferma eliminazione profilo",
    "HeaderConfirmRevokeApiKey": "Revocare Chiave Api",
    "HeaderConnectToServer": "Connettersi al Server",
    "HeaderConnectionFailure": "Errore di connessione",
    "HeaderContainerProfile": "Profilo Contenitore",
    "HeaderContainerProfileHelp": "i Profili indicano i limiti di un dispositivo quando si riproducono formati specifici. Se una limitazione corrisponde i media verranno sottoposti a transcodifica, anche se il formato è configurato per la riproduzione diretta.",
    "HeaderContinueListening": "Continua ad ascoltare",
    "HeaderContinueWatching": "Continua a guardare",
    "HeaderCustomDlnaProfiles": "Profili personalizzati",
    "HeaderDateIssued": "data di pubblicazione",
    "HeaderDefaultRecordingSettings": "Impostazioni di Registrazione Predefinite",
    "HeaderDeleteDevice": "Elimina dispositivo",
    "HeaderDeleteItem": "Elimina Elemento",
    "HeaderDeleteItems": "Elimina Elementi",
    "HeaderDeleteProvider": "eliminare Provider",
    "HeaderDeleteTaskTrigger": "Elimina Operazione pianificata",
    "HeaderDetectMyDevices": "Rileva i miei dispositivi",
    "HeaderDeveloperInfo": "Info sviluppatore",
    "HeaderDeviceAccess": "Accesso al dispositivo",
    "HeaderDevices": "Dispositivi",
    "HeaderDirectPlayProfile": "Profilo Direct Play",
    "HeaderDirectPlayProfileHelp": "Aggiungere \"profili riproduzione diretta\" per indicare i formati che il dispositivo è in grado di gestire in modo nativo.",
    "HeaderDisplay": "Schermo",
    "HeaderDownloadSync": "Scarica & Sincronizza",
    "HeaderEasyPinCode": "Codice pin semplificato",
    "HeaderEditImages": "Modifica Immagini",
    "HeaderEnabledFields": "Campi Abilitati",
    "HeaderEnabledFieldsHelp": "Deseleziona un campo per bloccarlo ed impedire che venga modificato.",
    "HeaderEpisodes": "Episodi",
    "HeaderError": "Errore",
    "HeaderExternalIds": "Id esterni:",
    "HeaderFeatureAccess": "Accesso alle funzionalità",
    "HeaderFeatures": "Caratteristiche",
    "HeaderFetchImages": "Identifica Immagini:",
    "HeaderFilters": "Filtri",
    "HeaderForKids": "Per Bambini",
    "HeaderForgotPassword": "Password dimenticata",
    "HeaderFrequentlyPlayed": "Visti di frequente",
    "HeaderGenres": "Generi",
    "HeaderGuideProviders": "Provider Guida",
    "HeaderHttpHeaders": "Intestazioni Http",
    "HeaderIdentification": "Identificazione",
    "HeaderIdentificationCriteriaHelp": "Inserire almeno un criterio di identificazione.",
    "HeaderIdentifyItemHelp": "Inserisci uno o più criteri di ricerca. Rimuovi criteri per ottenere più risultati.",
    "HeaderImageSettings": "Impostazioni Immagini",
    "HeaderInstall": "Installa",
    "HeaderInstantMix": "Mix Istantaneo",
    "HeaderItems": "Elementi",
    "HeaderKeepRecording": "Mantieni la registrazione",
    "HeaderKeepSeries": "Mantieni Serie TV",
    "HeaderKodiMetadataHelp": "Jellyfin include il supporto nativo per i file metadati Nfo. Per attivare o disattivare i metadati Nfo, utilizzare la scheda Metadati per configurare le opzioni per i tipi di supporto.",
    "HeaderLatestEpisodes": "Ultimi Episodi Aggiunti",
    "HeaderLatestMedia": "Ultimi Media",
    "HeaderLatestMovies": "Ultimi Film Aggiunti",
    "HeaderLatestMusic": "Musica Recente",
    "HeaderLatestRecordings": "Ultime registrazioni",
    "HeaderLibraries": "Librerie",
    "HeaderLibraryAccess": "Accesso libreria",
    "HeaderLibraryFolders": "Cartelle Libreria",
    "HeaderLibraryOrder": "Ordine Libreria",
    "HeaderLibrarySettings": "Impostazioni della Libreria",
    "HeaderLiveTV": "Tv in Diretta",
    "HeaderLiveTv": "Diretta TV",
    "HeaderLiveTvTunerSetup": "Configura Ricevitore TV",
    "HeaderLoginFailure": "Errore di accesso",
    "HeaderMediaFolders": "Cartelle dei media",
    "HeaderMediaInfo": "Informazioni Media",
    "HeaderMetadataSettings": "Impostazioni Metadati",
    "HeaderMoreLikeThis": "Simili a questo",
    "HeaderMovies": "Film",
    "HeaderMusicQuality": "Qualità Musica",
    "HeaderMusicVideos": "Video Musicali",
    "HeaderMyDevice": "Il Mio Dispositivo",
    "HeaderMyMedia": "I miei media",
    "HeaderMyMediaSmall": "I miei media (piccolo)",
    "HeaderNewApiKey": "Nuova Chiave Api",
    "HeaderNewDevices": "Nuovi Dispositivi",
    "HeaderNextEpisodePlayingInValue": "Il prossimo Episodio verrà riprodotto in {0}",
    "HeaderNextUp": "Prossimo",
    "HeaderNextVideoPlayingInValue": "Il prossimo Video verrà riprodotto in {0}",
    "HeaderOnNow": "In onda ora",
    "HeaderOtherItems": "Altri elmenti",
    "HeaderParentalRatings": "Valutazioni genitori",
    "HeaderPasswordReset": "Reset della Password",
    "HeaderPaths": "Percorsi",
    "HeaderPendingInvitations": "Inviti in sospeso",
    "HeaderPeople": "Persone",
    "HeaderPhotoAlbums": "Album foto",
    "HeaderPinCodeReset": "Resetta il codice PIN",
    "HeaderPlayAll": "Riproduci Tutti",
    "HeaderPlayOn": "Riproduci Su",
    "HeaderPlayback": "Riproduzione",
    "HeaderPlaybackError": "Errore di riproduzione",
    "HeaderPleaseSignIn": "Per favore accedi",
    "HeaderPluginInstallation": "Installazione Plugin",
    "HeaderPreferredMetadataLanguage": "Lingua Preferita per i Metadati",
    "HeaderProfile": "Profilo",
    "HeaderProfileInformation": "Informazioni sul profilo",
    "HeaderProfileServerSettingsHelp": "Questi valori controllano come il Server Jellyfin si presenterà ad un dispositivo.",
    "HeaderRecentlyPlayed": "Visti di recente",
    "HeaderRecordingOptions": "Opzioni di Registrazione",
    "HeaderRecordingPostProcessing": "Post-processing Registrazione",
    "HeaderRemoteControl": "Telecomando",
    "HeaderRemoveMediaFolder": "Rimuovi cartella",
    "HeaderRemoveMediaLocation": "Rimuovi percorso media",
    "HeaderResponseProfile": "Risposta Profilo",
    "HeaderResponseProfileHelp": "Profili di risposta forniscono un modo per personalizzare le informazioni inviate al dispositivo durante la riproduzione di alcuni tipi di media.",
    "HeaderRestart": "Riavvia",
    "HeaderRevisionHistory": "Cronologia delle revisioni",
    "HeaderRunningTasks": "Operazioni in corso",
    "HeaderScenes": "Scene",
    "HeaderSchedule": "Programmazione",
    "HeaderSeasons": "Stagioni",
    "HeaderSecondsValue": "{0} Secondi",
    "HeaderSelectCertificatePath": "Seleziona il percorso del Certificato",
    "HeaderSelectMetadataPath": "Selezionare Percorso Metadati",
    "HeaderSelectMetadataPathHelp": "Sfoglia o inserire il percorso in cui vuoi archiviare i metadati. La cartella deve essere scrivibile.",
    "HeaderSelectPath": "Seleziona Percorso",
    "HeaderSelectServer": "Scegli Server",
    "HeaderSelectServerCachePath": "Seleziona percorso Cache Server",
    "HeaderSelectServerCachePathHelp": "Sfoglia o immetti il percorso da utilizzare per i file di cache server. La cartella deve essere scrivibile",
    "HeaderSelectTranscodingPath": "Selezionare Percorso Temporaneo Transcodifica",
    "HeaderSelectTranscodingPathHelp": "Sfoglia o immettere il percorso da utilizzare per la transcodifica dei file temporanei. La cartella deve essere scrivibile.",
    "HeaderSendMessage": "Invia un messaggio",
    "HeaderSeries": "Serie:",
    "HeaderSeriesOptions": "Impostazioni Serie TV",
    "HeaderSeriesStatus": "Stato Serie TV",
    "HeaderServerSettings": "Impostazioni server",
    "HeaderSettings": "Impostazioni",
    "HeaderSetupLibrary": "Imposta le tue librerie multimediali.",
    "HeaderShutdown": "Spegni",
    "HeaderSortBy": "Ordina per",
    "HeaderSortOrder": "Ordinamento",
    "HeaderSpecialEpisodeInfo": "Informazioni Episodio Speciale",
    "HeaderSpecialFeatures": "Contenuti Speciali",
    "HeaderStartNow": "Inizia Ora",
    "HeaderStatus": "Stato",
    "HeaderStopRecording": "Ferma registrazione",
    "HeaderSubtitleAppearance": "Visualizzazione Sottotitoli",
    "HeaderSubtitleDownloads": "Download sottotitoli",
    "HeaderSubtitleProfile": "Profilo sottotitolo",
    "HeaderSubtitleProfiles": "Profili sottotitoli",
    "HeaderSubtitleProfilesHelp": "Profili sottotitoli descrivono i formati di sottotitoli supportati dal dispositivo.",
    "HeaderSystemDlnaProfiles": "Profili di sistema",
    "HeaderTags": "Tag",
    "HeaderTaskTriggers": "Operazioni Pianificate",
    "HeaderThisUserIsCurrentlyDisabled": "Questo utente è al momento disabilitato",
    "HeaderTracks": "Traccia",
    "HeaderTranscodingProfile": "Profilo Transcodifica",
    "HeaderTranscodingProfileHelp": "Aggiungere i profili di transcodifica per indicare quali formati  utilizzare quando è richiesta la transcodifica.",
    "HeaderTunerDevices": "Dispositivi Tuner",
    "HeaderTuners": "Sinton. TV",
    "HeaderTypeText": "Inserisci il testo",
    "HeaderUpcomingOnTV": "In onda a breve",
    "HeaderUploadImage": "Carica immagine",
    "HeaderUser": "Utente",
    "HeaderUsers": "Utenti",
    "HeaderVideoQuality": "Qualità Video",
    "HeaderVideoType": "Tipo di Video",
    "HeaderVideoTypes": "Tipi Video",
    "HeaderVideos": "Video",
    "HeaderXmlDocumentAttribute": "Attributo Documento Xml",
    "HeaderXmlDocumentAttributes": "Attributi Documento Xml",
    "HeaderXmlSettings": "Impostazioni Xml",
    "HeaderYears": "Anni",
    "HeadersFolders": "Cartella",
    "Help": "Aiuto",
    "Hide": "Nascondi",
    "HideWatchedContentFromLatestMedia": "Nascondi i contenuti già visti dagli Ultimi Media",
    "Horizontal": "Orizzontale",
    "HttpsRequiresCert": "Per richiedere https come indirizzo esterno, sarà necessario fornire un certificato SSL attendibile, ad esempio Lets Encrypt.",
    "Identify": "Identifica",
    "Images": "Immagini",
    "ImportFavoriteChannelsHelp": "Se abilitata, solo i canali che sono contrassegnati come preferiti sul dispositivo di sintonizzazione verranno importati.",
    "ImportMissingEpisodesHelp": "Se abilitato, le informazioni relative agli episodi mancanti saranno importate nel database di Jellyfin e mostrate all'interno di Serie e  Stagioni. Questo può causare scansioni della libreria più lente.",
    "InstallingPackage": "Installazione di {0}",
    "InstantMix": "Mix istantaneo",
    "ItemCount": "{0} elementi",
    "Items": "Elementi",
    "Kids": "Bambini",
    "Label3DFormat": "Formato 3D:",
    "LabelAbortedByServerShutdown": "(Interrotto dallo spegnimento del server)",
    "LabelAccessDay": "Giorno della settimana:",
    "LabelAccessEnd": "Ora di fine:",
    "LabelAccessStart": "Ora di inizio:",
    "LabelAirDays": "In onda da (gg):",
    "LabelAirTime": "In onda da:",
    "LabelAirsAfterSeason": "In onda dopo la stagione:",
    "LabelAirsBeforeEpisode": "In onda prima dell'episodio:",
    "LabelAirsBeforeSeason": "In onda prima della stagione:",
    "LabelAlbumArtHelp": "PN utilizzato per le copertine degli album, all'interno dell'attributo dlna:profileID su upnp:albumArtURI. Alcuni dispositivi richiedono un valore specifico, indipendentemente dalla dimensione dell'immagine.",
    "LabelAlbumArtMaxHeight": "Altezza massima copertina Album:",
    "LabelAlbumArtMaxHeightHelp": "Risoluzione massima copertina Album inviata tramite upnp:albumArtURI",
    "LabelAlbumArtMaxWidth": "Larghezza massima copertina Album:",
    "LabelAlbumArtMaxWidthHelp": "Risoluzione massima copertina Album inviata  tramite upnp:albumArtURI",
    "LabelAlbumArtPN": "Copertine Album PN:",
    "LabelAlbumArtists": "Artisti album:",
    "LabelAll": "Tutti",
    "LabelAllowHWTranscoding": "Consenti transcodifica hardware",
    "LabelAllowServerAutoRestart": "Consenti al server di Riavviarsi automaticamente per applicare gli aggiornamenti",
    "LabelAllowServerAutoRestartHelp": "Il server si Riavvierà solamente quando nessun utente è connesso.",
    "LabelAllowedRemoteAddresses": "Filtro indirizzo IP Remoto:",
    "LabelAllowedRemoteAddressesMode": "Modalità filtro indirizzo IP remoto:",
    "LabelAppName": "Nome app",
    "LabelAppNameExample": "Esempio: Sickbeard, NzbDrone",
    "LabelArtists": "Artisti:",
    "LabelArtistsHelp": "Separa valori multipli usando ;",
    "LabelAudioLanguagePreference": "Lingua audio preferita:",
    "LabelAutomaticallyRefreshInternetMetadataEvery": "Aggiorna automaticamente i metadati da Internet:",
    "LabelBindToLocalNetworkAddress": "Assegna ad indirizzo di rete locale:",
    "LabelBindToLocalNetworkAddressHelp": "Opzionale. Sovrascrivere l'indirizzo IP locale per associare il server http a. Se lasciato vuoto, il server verrà associato a tutti gli indirizzi disponibili. Modificare questo valore richiede di riavviare Jellyfin Server.",
    "LabelBirthDate": "Data di nascita:",
    "LabelBirthYear": "Anno di nascita:",
    "LabelBlastMessageInterval": "Intervallo messaggi di presenza (secondi)",
    "LabelBlastMessageIntervalHelp": "Determina la durata in secondi tra i messaggi di presenza del server.",
    "LabelBlockContentWithTags": "Blocco degli elementi con le etichette:",
    "LabelBurnSubtitles": "Applica sottotitoli:",
    "LabelCachePath": "Percorso cache:",
    "LabelCachePathHelp": "Specificare un percorso personalizzato per i file della cache del server, ad esempio immagini. Lasciare vuoto per usare il server predefinito.",
    "LabelCancelled": "Annullato",
    "LabelCertificatePassword": "Password Certificato:",
    "LabelCertificatePasswordHelp": "Se il tuo certificato richiede una password, per favore inseriscila qui",
    "LabelChannels": "Canali:",
    "LabelCollection": "Collezione:",
    "LabelCommunityRating": "Voto del pubblico:",
    "LabelContentType": "Tipo di contenuto:",
    "LabelCountry": "Nazione:",
    "LabelCriticRating": "Voto della critica:",
    "LabelCurrentPassword": "Password corrente:",
    "LabelCustomCertificatePath": "Percorso certificato personalizzato ssl:",
    "LabelCustomCertificatePathHelp": "Percorso del file PKCS #12 contenente il certificato e la chiave private per abilitare il supporto TLS in un dominio personalizzato.",
    "LabelCustomCss": "CSS Personalizzato",
    "LabelCustomCssHelp": "Applica il tuo CSS personale all'interfaccia web",
    "LabelCustomDeviceDisplayName": "Nome da visualizzare:",
    "LabelCustomDeviceDisplayNameHelp": "Fornire un nome di visualizzazione personalizzato o lasciare vuoto per utilizzare il nome riportato dal dispositivo.",
    "LabelCustomRating": "Voto personalizzato:",
    "LabelDashboardTheme": "Tema dashboard del server:",
    "LabelDateAdded": "Aggiunto il:",
    "LabelDateAddedBehavior": "Data di comportamento per i nuovi contenuti:",
    "LabelDateAddedBehaviorHelp": "Se un valore di metadati è presente sarà sempre utilizzato prima una di queste opzioni.",
    "LabelDateTimeLocale": "Data locale:",
    "LabelDay": "Giorno:",
    "LabelDeathDate": "Anno di morte:",
    "LabelDefaultScreen": "Schermo predefinito:",
    "LabelDefaultUser": "Utente Predefinito:",
    "LabelDefaultUserHelp": "Determina quale libreria utente deve essere visualizzato sui dispositivi collegati. Questo può essere disattivata tramite un profilo di dispositivo.",
    "LabelDeviceDescription": "Descrizione dispositivo",
    "LabelDidlMode": "Modalità didl:",
    "LabelDiscNumber": "Numero disco:",
    "LabelDisplayLanguage": "Lingua di visualizzazione:",
    "LabelDisplayLanguageHelp": "La traduzione di Jellyfin è un progetto attivo.",
    "LabelDisplayMissingEpisodesWithinSeasons": "Visualizza gli episodi mancanti nelle stagioni",
    "LabelDisplayMode": "Modalità di visualizzazione:",
    "LabelDisplayName": "Nome visualizzato:",
    "LabelDisplayOrder": "Ordine di visualizzazione:",
    "LabelDisplaySpecialsWithinSeasons": "Mostra gli Special all'interno delle stagioni in cui sono stati trasmessi",
    "LabelDownMixAudioScale": "Boost audio durante il downmix:",
    "LabelDownMixAudioScaleHelp": "Aumenta il volume durante il downmix. Impostalo su 1 per mantenere il volume originale",
    "LabelDownloadLanguages": "Scarica lingue:",
    "LabelDropImageHere": "Rilasciare l'immagine qui, oppure clicca per sfogliare.",
    "LabelDropShadow": "Ombreggiatura:",
    "LabelEasyPinCode": "Codice Pin",
    "LabelEmbedAlbumArtDidl": "Inserisci le copertine degli Album in Didl",
    "LabelEmbedAlbumArtDidlHelp": "Alcuni dispositivi preferiscono questo metodo per ottenere le copertine degli album. Altri possono non riuscire a riprodurli con questa opzione abilitata.",
    "LabelEnableAutomaticPortMap": "Abilita mappatura automatica delle porte",
    "LabelEnableAutomaticPortMapHelp": "Tenta di mappare automaticamente la porta pubblica sulla porta locale tramite UPnP. Questo potrebbe non funzionare con alcuni modelli di router.",
    "LabelEnableBlastAliveMessages": "Invia segnale di presenza",
    "LabelEnableBlastAliveMessagesHelp": "Attivare questa opzione se il server non viene rilevato in modo affidabile da altri dispositivi UPnP in rete.",
    "LabelEnableDlnaClientDiscoveryInterval": "Intervallo di ricerca dispositivi (secondi)",
    "LabelEnableDlnaClientDiscoveryIntervalHelp": "Determina la durata in secondi tra le ricerche SSDP effettuate da Jellyfin",
    "LabelEnableDlnaDebugLogging": "Abilita il debug del DLNA",
    "LabelEnableDlnaDebugLoggingHelp": "Questo creerà file di log di notevoli dimensioni e deve essere abilitato solo per risolvere eventuali problemi",
    "LabelEnableDlnaPlayTo": "Abilita DLNA su",
    "LabelEnableDlnaPlayToHelp": "Jellyfin può individuare i dispositivi attivi in rete  e offrire la possibilità di controllarli da remoto",
    "LabelEnableDlnaServer": "Abilita server DLNA",
    "LabelEnableDlnaServerHelp": "Consente ai dispositivi UPnP nella tua rete di sfogliare i contenuti di Jellyfin e riprodurli",
    "LabelEnableHardwareDecodingFor": "Abilita la decodifica hardware per:",
    "LabelEnableRealtimeMonitor": "Abilita monitoraggio in tempo reale",
    "LabelEnableRealtimeMonitorHelp": "Le modifiche saranno applicate immediatamente, sui file system supportati.",
    "LabelEnableSingleImageInDidlLimit": "Limitato a singola immagine incorporata",
    "LabelEnableSingleImageInDidlLimitHelp": "Alcuni dispositivi non renderanno correttamente se più immagini sono incorporati all'interno didl.",
    "LabelEndDate": "Data di fine:",
    "LabelEpisodeNumber": "Numero espisodio:",
    "LabelEvent": "Evento:",
    "LabelEveryXMinutes": "Tutti:",
    "LabelExtractChaptersDuringLibraryScan": "Estrarre immagini capitolo durante la scansione della libreria",
    "LabelExtractChaptersDuringLibraryScanHelp": "Se abilitata, le immagini capitolo verranno estratti quando i video vengono importati durante la scansione della libreria. Se disabilitata verranno estratti durante l'operazione pianificata di estrazione delle immagini capitolo, permettendo la scansione della libreria più velocemente.",
    "LabelFailed": "Fallito",
    "LabelFileOrUrl": "File o URL:",
    "LabelFinish": "Finito",
    "LabelForgotPasswordUsernameHelp": "Inserisci il tuo nome utente, se te lo ricordi.",
    "LabelFormat": "Formato:",
    "LabelFriendlyName": "Nome Condiviso:",
    "LabelServerNameHelp": "Questo nome è usato per identificare il server sulla rete.Se lasciato vuoto verra usato il nome del pc",
    "LabelGroupMoviesIntoCollections": "Raggruppa i film nelle collezioni",
    "LabelGroupMoviesIntoCollectionsHelp": "Quando si visualizzano le liste di film, quelli appartenenti ad una collezione saranno visualizzati come un elemento raggruppato.",
    "LabelH264Crf": "CRF di codifica H264:",
    "LabelH264EncodingPreset": "Preset di codifica H264:",
    "LabelHardwareAccelerationType": "Accelerazione Hardware:",
    "LabelHardwareAccelerationTypeHelp": "Disponibile solo su sistemi supportati.",
    "LabelHomeNetworkQuality": "Qualità della rete domestica:",
    "LabelHomeScreenSectionValue": "Pagina iniziale Sezione {0}:",
    "LabelHttpsPort": "Porta HTTPS locale",
    "LabelHttpsPortHelp": "Numero di porta TCP da associare al server https di Jellyfin",
    "LabelIconMaxHeight": "Altezza Icona massima:",
    "LabelIconMaxHeightHelp": "Risoluzione massima delle icone inviate tramite upnp:icon.",
    "LabelIconMaxWidth": "Larghezza massima Icona:",
    "LabelIconMaxWidthHelp": "Risoluzione massima delle icone inviate tramite upnp:icon.",
    "LabelIdentificationFieldHelp": "Una stringa o espressione regex sensibile a maiuscole e minuscole.",
    "LabelImageFetchersHelp": "Abilitare e classificare i tuoi Fetchers immagini preferite in ordine di priorità.",
    "LabelImageType": "Tipo immagine:",
    "LabelImportOnlyFavoriteChannels": "Limitare ai canali segnato come",
    "LabelInNetworkSignInWithEasyPassword": "Abilita l'accesso da rete locale tramite codice PIN.",
    "LabelInNetworkSignInWithEasyPasswordHelp": "Se attivata, sarai in grado di utilizzare il tuo codice pin facile per accedere alle app di Jellyfin all'interno della tua rete domestica. La tua password usuale sarà necessaria solo per accedere alle app quando sei fuori casa. Se il codice PIN viene lasciato vuoto, non avrai bisogno di una password quando sei all'interno della tua rete domestica.",
    "LabelInternetQuality": "Qualità Internet:",
    "LabelKeepUpTo": "Conservane fino a:",
    "LabelKidsCategories": "Categorie bambini:",
    "LabelKodiMetadataDateFormat": "Data di uscita Formato:",
    "LabelKodiMetadataDateFormatHelp": "Tutte le date all'interno del nfo verranno letti e scritti utilizzando questo formato.",
    "LabelKodiMetadataEnableExtraThumbs": "Copia extrafanart in extrathumbs",
    "LabelKodiMetadataEnableExtraThumbsHelp": "Copia extrafanart in extrathumbs",
    "LabelKodiMetadataEnablePathSubstitution": "Abilita sostituzione di percorso",
    "LabelKodiMetadataEnablePathSubstitutionHelp": "Consente percorso sostituzione dei percorsi delle immagini utilizzando le impostazioni di sostituzione percorso del server.",
    "LabelKodiMetadataSaveImagePaths": "Salva percorsi delle immagini all'interno dei file NFO",
    "LabelKodiMetadataSaveImagePathsHelp": "Questo è consigliato se si dispone di nomi di file immagine che non sono conformi alle linee guida Kodi.",
    "LabelKodiMetadataUser": "Salva dati utente in file nfo per:",
    "LabelKodiMetadataUserHelp": "Abilita questa opzione per salvare i dati in file Nfo per usarli in altre applicazioni",
    "LabelLanNetworks": "Reti LAN:",
    "LabelLanguage": "Lingua:",
    "LabelLineup": "Allineare:",
    "LabelLocalHttpServerPortNumber": "Porta HTTP locale",
    "LabelLocalHttpServerPortNumberHelp": "Numero di porta TCP da associare al server http di Jellyfin",
    "LabelLockItemToPreventChanges": "Blocca questo elemento per impedire modifiche future",
    "LabelLoginDisclaimer": "Avviso Login:",
    "LabelLoginDisclaimerHelp": "Questo verrà visualizzato nella parte inferiore della pagina di accesso.",
    "LabelLogs": "Log:",
    "LabelManufacturer": "Produttore",
    "LabelManufacturerUrl": "Url Produttore",
    "LabelMaxBackdropsPerItem": "Massimo numero di sfondi per oggetto:",
    "LabelMaxChromecastBitrate": "Qualità streaming su Chromecast:",
    "LabelMaxParentalRating": "Massima classificazione per genitori consentita:",
    "LabelMaxResumePercentage": "Percentuale massima per il riprendi",
    "LabelMaxResumePercentageHelp": "I film sono considerati visti se fermati dopo questo tempo",
    "LabelMaxScreenshotsPerItem": "Massimo numero di foto per oggetto:",
    "LabelMaxStreamingBitrate": "Massima qualità streaming:",
    "LabelMaxStreamingBitrateHelp": "Specifica il bitrate massimo per lo streaming",
    "LabelMessageText": "Testo del messaggio:",
    "LabelMessageTitle": "Titolo messaggio:",
    "LabelMetadata": "Metadati:",
    "LabelMetadataDownloadLanguage": "Lingua preferita per lo scaricamento:",
    "LabelMetadataDownloadersHelp": "Abilitare e classificare i tuoi downloader metadati preferite in ordine di priorità. Downloader di priorità inferiori saranno utilizzati solo per riempire le informazioni mancanti.",
    "LabelMetadataPath": "Percorso per i metadati:",
    "LabelMetadataPathHelp": "Specificare un percorso personalizzato per le immagini e i metadati scaricati.",
    "LabelMetadataReaders": "Lettori Metadati:",
    "LabelMetadataReadersHelp": "Classificare le origini metadati locali preferite in ordine di priorità. Il primo file trovato verrà letto.",
    "LabelMetadataSaversHelp": "Scegliere i formati di file per salvare i metadati",
    "LabelMethod": "Metodo:",
    "LabelMinBackdropDownloadWidth": "Massima larghezza sfondo:",
    "LabelMinResumeDuration": "Durata minima per il riprendi (secondi)",
    "LabelMinResumeDurationHelp": "I film più corti non saranno riprendibili",
    "LabelMinResumePercentage": "Percentuale minima per il riprendi",
    "LabelMinResumePercentageHelp": "I film Sono considerati non visti se fermati prima di questo tempo",
    "LabelMinScreenshotDownloadWidth": "Larghezza minima screenshot scaricati:",
    "LabelModelDescription": "Descrizione Modello",
    "LabelModelName": "Nome Modello",
    "LabelModelNumber": "Numero Modello",
    "LabelModelUrl": "Url Modello",
    "LabelMonitorUsers": "Monitora l'attività da:",
    "LabelMovieCategories": "Categorie film:",
    "LabelMoviePrefix": "Prefisso film:",
    "LabelMoviePrefixHelp": "Se un prefisso viene applicato ai titoli di film, inseriscilo qui in modo che Jellyfin possa gestirlo correttamente.",
    "LabelMovieRecordingPath": "Percorso di registrazione film (opzionale):",
    "LabelMusicStreamingTranscodingBitrate": "Musica trascodifica bitrate:",
    "LabelMusicStreamingTranscodingBitrateHelp": "Specifica il max Bitrate per lo streaming musica",
    "LabelName": "Nome:",
    "LabelNewName": "Nuovo nome:",
    "LabelNewPassword": "Nuova password:",
    "LabelNewPasswordConfirm": "Conferma nuova password:",
    "LabelNewsCategories": "Categorie notizie:",
    "LabelNext": "Prossimo",
    "LabelNotificationEnabled": "Abilita questa notifica",
    "LabelNumber": "Numero:",
    "LabelNumberOfGuideDays": "Numero di giorni per i quali scaricare i dati della guida:",
    "LabelNumberOfGuideDaysHelp": "Scaricando più giorni si avrà la possibilità di pianificare in anticipo più programmi e vedere più liste, ma il tempo di download si allungherà. 'Auto': MB sceglierà automaticamente in base al numero di canali.",
    "LabelOptionalNetworkPath": "Cartella condivisa (Opzionale):",
    "LabelOptionalNetworkPathHelp": "Se questa cartella è condivisa sulla rete, fornendo il percorso di condivisione di rete si può consentire alle applicazioni Jellyfin su altri dispositivi di accedere direttamente ai file multimediali.",
    "LabelOriginalAspectRatio": "Aspetto originale:",
    "LabelOriginalTitle": "Titolo originale:",
    "LabelOverview": "Trama:",
    "LabelParentNumber": "Numero precursore:",
    "LabelParentalRating": "Classificazione per genitori:",
    "LabelPasswordConfirm": "Conferma la password:",
    "LabelPasswordRecoveryPinCode": "Codice Pin:",
    "LabelPath": "Percorso:",
    "LabelPersonRole": "Ruolo:",
    "LabelPersonRoleHelp": "Esempio: Autista di chiosco dei gelati",
    "LabelPlaceOfBirth": "Luogo di nascita:",
    "LabelPlayDefaultAudioTrack": "Riprodurre la traccia audio di default indipendentemente dalla lingua",
    "LabelPostProcessor": "Applicazione Post-processing:",
    "LabelPostProcessorArguments": "Argomenti linea di comando del Post-processor",
    "LabelPostProcessorArgumentsHelp": "Usa {path} come percorso al file di registrazione.",
    "LabelPreferredDisplayLanguage": "Lingua preferita visualizzata",
    "LabelPreferredDisplayLanguageHelp": "La traduzione di Jellyfin è un progetto attivo.",
    "LabelPreferredSubtitleLanguage": "Lingua dei sottotitoli preferita:",
    "LabelPrevious": "Precedente",
    "LabelProfileAudioCodecs": "Codec Audio:",
    "LabelProfileCodecs": "Codec:",
    "LabelProfileCodecsHelp": "Separati da virgola. Questo può essere lasciato vuoto da applicare a tutti i codec.",
    "LabelProfileContainer": "Contenitore:",
    "LabelProfileContainersHelp": "Separati da virgola. Questo può essere lasciato vuoto da applicare a tutti i contenitori.",
    "LabelProfileVideoCodecs": "Codec Video:",
    "LabelProtocol": "Protocollo:",
    "LabelProtocolInfo": "Info protocollo:",
    "LabelProtocolInfoHelp": "Il valore che verrà utilizzato quando si risponde a richieste GetProtocolInfo dal dispositivo.",
    "LabelPublicHttpPort": "Porta HTTP pubblica",
    "LabelPublicHttpPortHelp": "Numero di porta pubblica che dovrebbe essere mappato sulla porta HTTP locale.",
    "LabelPublicHttpsPort": "Numero porta HTTPS pubblica",
    "LabelPublicHttpsPortHelp": "Numero della porta pubblica che dovrebbe essere mappato sulla porta HTTPS locale.",
    "LabelReadHowYouCanContribute": "Scopri come puoi contribuire.",
    "LabelReasonForTranscoding": "Motivo per la transcodifica:",
    "LabelRecord": "Registra:",
    "LabelRecordingPath": "Percorso di registrazione predefinito:",
    "LabelRecordingPathHelp": "Indica la posizione predefinita in cui salvare le registrazioni. Se lasciata vuota, sarà usata la cartella dei dati del server.",
    "LabelRefreshMode": "Modalità di aggiornamento:",
    "LabelReleaseDate": "Data di uscita:",
    "LabelRemoteClientBitrateLimit": "Bitrate limite per lo streaming via internet (Mbps):",
    "LabelRemoteClientBitrateLimitHelp": "Un limite bitrate per-stream opzionale per tutti i dispositivi di rete. Ciò è utile per impedire ai dispositivi di richiedere un bitrate superiore a quello in grado di gestire la connessione a Internet. Questo può provocare un aumento del carico della CPU sul server per transcodificare i video in volo ad un bitrate inferiore.",
    "LabelRuntimeMinutes": "Durata (minuti):",
    "LabelSaveLocalMetadata": "Salva immagini nelle cartelle multimediali",
    "LabelSaveLocalMetadataHelp": "Il salvataggio di immagini direttamente nelle cartelle multimediali consentirà di tenerle in un posto dove possono essere facilmente modificati.",
    "LabelScheduledTaskLastRan": "Ultima esecuzione  {0}, taking {1}.",
    "LabelScreensaver": "Salvaschermo:",
    "LabelSeasonNumber": "Numero stagione:",
    "LabelSecureConnectionsMode": "Modalità connessione sicura:",
    "LabelSelectFolderGroups": "Raggruppa i contenuti delle seguenti cartelle in viste come Film, Musica e Serie TV",
    "LabelSelectFolderGroupsHelp": "Le cartelle non selezionate verranno mostrate come se stesse nelle proprie viste",
    "LabelSelectUsers": "Seleziona Utenti:",
    "LabelSelectVersionToInstall": "Selezionare la versione da installare:",
    "LabelSendNotificationToUsers": "Invia notifiche a:",
    "LabelSerialNumber": "Numero di serie",
    "LabelSeriesRecordingPath": "Percorso di registrazione serie TV (opzionale):",
    "LabelSimultaneousConnectionLimit": "Limite stream simultanei:",
    "LabelSkipBackLength": "Durata salta indietro:",
    "LabelSkipForwardLength": "Durata salta avanti:",
    "LabelSkipIfAudioTrackPresent": "Ignora se la traccia audio di default corrisponde alla lingua di download",
    "LabelSkipIfAudioTrackPresentHelp": "Deselezionare questa opzione per assicurare che tutti i video abbiano i sottotitoli, a prescindere dalla lingua audio.",
    "LabelSkipIfGraphicalSubsPresent": "Ignora se il video integra già dei sottotitoli",
    "LabelSkipIfGraphicalSubsPresentHelp": "Mantenere le versioni testuali dei sottotitoli si tradurrà in una riproduzione più efficiente e diminuirà la probabilità che sia necessaria la transcodifica video",
    "LabelSonyAggregationFlagsHelp": "Determina il contenuto dell'elemento aggregationFlags in urn:schemas-sonycom: namespace av.",
    "LabelSortBy": "Ordina per:",
    "LabelSortOrder": "Ordinato per:",
    "LabelSortTitle": "Titolo per ordinamento:",
    "LabelSoundEffects": "Effetti sonori:",
    "LabelSource": "Origine:",
    "LabelSpecialSeasonsDisplayName": "Nome della stagione speciale:",
    "LabelSportsCategories": "Categorie sport:",
    "LabelStartWhenPossible": "Avvia appena possibile:",
    "LabelStatus": "Stato:",
    "LabelStopWhenPossible": "Ferma appena possibile:",
    "LabelStopping": "Sto fermando",
    "LabelSubtitleDownloaders": "Downloader sottotitoli:",
    "LabelSubtitleFormatHelp": "Esempio: srt",
    "LabelSubtitlePlaybackMode": "Modalità Sottotitolo:",
    "LabelSubtitles": "Sottotitoli:",
    "LabelSupportedMediaTypes": "Tipi di media supportati:",
    "LabelTVHomeScreen": "Schermata iniziale della modalità TV:",
    "LabelTagline": "Slogan:",
    "LabelTextBackgroundColor": "Colore di sfondo del testo:",
    "LabelTextColor": "Colore testo:",
    "LabelTextSize": "Dimensione testo:",
    "LabelTheme": "Tema:",
    "LabelTime": "Ora:",
    "LabelTimeLimitHours": "Tempo limite (ore):",
    "LabelTitle": "Titolo:",
    "LabelTrackNumber": "Numero traccia:",
    "LabelTranscodingAudioCodec": "Codec Audio:",
    "LabelTranscodingContainer": "contenitore:",
    "LabelTranscodingTempPathHelp": "Questa cartella contiene i file di lavoro utilizzati dal transcoder. Specificare un percorso personalizzato, oppure lasciare vuoto per utilizzare l'impostazione predefinita all'interno della cartella dei dati del server.",
    "LabelTranscodingThreadCount": "Transcodifica numero di thread:",
    "LabelTranscodingThreadCountHelp": "Selezionare il numero massimo di thread da utilizzare durante la transcodifica. Ridurre il numero di thread si abbasserà l'utilizzo della CPU, ma non può convertire abbastanza veloce per un'esperienza di riproduzione fluida.",
    "LabelTranscodingVideoCodec": "Codec Video:",
    "LabelTriggerType": "Tipo Evento:",
    "LabelTunerIpAddress": "Tuner Indirizzo IP:",
    "LabelTunerType": "Tipo sintonizzatore:",
    "LabelType": "Tipo:",
    "LabelTypeText": "Testo",
    "LabelUseNotificationServices": "Utilizzare i seguenti servizi:",
    "LabelUser": "Utente:",
    "LabelUserAgent": "Agente utente:",
    "LabelUserLibrary": "Libreria utente:",
    "LabelUserLibraryHelp": "Selezionare la libreria utente da visualizzare sul dispositivo. Lasciare vuoto per ereditare l'impostazione predefinita.",
    "LabelUserRemoteClientBitrateLimitHelp": "Questo sovrascriverà il valore globale predefinito impostato nelle impostazioni di riproduzione del server.",
    "LabelUsername": "Nome utente",
    "LabelVaapiDevice": "Dispositivo VA API:",
    "LabelVaapiDeviceHelp": "Questo è il nodo rendering usato dall'accelerazione hardware.",
    "LabelValue": "valore:",
    "LabelVersion": "Versione:",
    "LabelVersionInstalled": "{0} installato",
    "LabelVersionNumber": "Versione {0}",
    "LabelXDlnaCapHelp": "Determina il contenuto dell'elemento X_DLNACAP in urn:schemas-dlna-org:device-1-0",
    "LabelXDlnaDocHelp": "Determina il contenuto dell'elemento X_DLNACAP nella urn: schemas-DLNA-org: dispositivo 1-0 namespace.",
    "LabelYear": "Anno:",
    "LabelYourFirstName": "Il tuo nome:",
    "LabelYoureDone": "Hai Finito!",
    "LabelZipCode": "Cap:",
    "LabelffmpegPath": "Percorso FFmpeg:",
    "LabelffmpegPathHelp": "Il percorso all'applicazione ffmpeg, o alla cartella che la contiene.",
    "LanNetworksHelp": "Elenco separato da virgola di indirizzi IP o voci IP / maschera di rete per reti che saranno considerate sulla rete locale quando si applicano restrizioni di larghezza di banda. Se impostato, tutti gli altri indirizzi IP verranno considerati nella rete esterna e saranno soggetti alle limitazioni della larghezza di banda esterna. Se lasciato vuoto, solo la sottorete del server viene considerata nella rete locale.",
    "Large": "Grande",
    "LatestFromLibrary": "Ultimi {0}",
    "LearnHowYouCanContribute": "Scopri come puoi contribuire.",
    "LibraryAccessHelp": "Seleziona le cartelle multimediali da condividere con questo utente. Gli amministratori saranno in grado di modificare tutte le cartelle utilizzando il gestore dei metadati.",
    "Like": "Mi piace",
    "List": "Lista",
    "Live": "In diretta",
    "LiveBroadcasts": "Tramissioni in diretta",
    "LiveTV": "Diretta TV",
    "ManageRecording": "Gestisci registrazione",
    "MapChannels": "Mappa Canali",
    "MarkPlayed": "Segna visto",
    "MarkUnplayed": "Segna non visto",
    "MaxParentalRatingHelp": "I contenuti con classificazione più elevata saranno nascosti a questo utente.",
    "MediaInfoAnamorphic": "Anamorfico",
    "MediaInfoAspectRatio": "Formato",
    "MediaInfoBitDepth": "Profondità Bit",
    "MediaInfoChannels": "Canali",
    "MediaInfoCodecTag": "Tag codec",
    "MediaInfoContainer": "Contenitore",
    "MediaInfoDefault": "Predefinito",
    "MediaInfoExternal": "Esterno",
    "MediaInfoForced": "Forzato",
    "MediaInfoInterlaced": "Interlacciato",
    "MediaInfoLanguage": "Lingua",
    "MediaInfoLayout": "disposizione",
    "MediaInfoLevel": "Livello",
    "MediaInfoPath": "Percorso",
    "MediaInfoPixelFormat": "Formato Pixel",
    "MediaInfoProfile": "Profilo",
    "MediaInfoRefFrames": "Ref frame",
    "MediaInfoResolution": "Risoluzione",
    "MediaInfoSampleRate": "frequenza di campion.",
    "MediaInfoSize": "Dimensione",
    "MediaIsBeingConverted": "Il file multimediale viene convertito in un formato che è compatibile con il dispositivo che sta riproducendo il file multimediale.",
    "Menu": "Menù",
    "MessageAlreadyInstalled": "Questa versione è già installata.",
    "MessageAreYouSureDeleteSubtitles": "Sei sicuro di voler eliminare questo file di sottotitoli?",
    "MessageAreYouSureYouWishToRemoveMediaFolder": "Sei sicuro di voler rimuovere questa posizione?",
    "MessageConfirmDeleteGuideProvider": "Sei sicuro di voler cancellare questo fornitore di guida?",
    "MessageConfirmDeleteTunerDevice": "Sei sicuro di voler cancellare questo dispositivo?",
    "MessageConfirmProfileDeletion": "Sei sicuro di voler cancellare questo profilo?",
    "MessageConfirmRecordingCancellation": "Cancellare la registrazione?",
    "MessageConfirmRemoveMediaLocation": "Sei sicuro di voler rimuovere questa posizione?",
    "MessageConfirmRestart": "Sei sicuro di voler riavviare il Server Jellyfin?",
    "MessageConfirmRevokeApiKey": "Sei sicuro di voler revocare questa chiave api? La connessione dell'applicazione al Server Jellyfin terminerà immediatamente",
    "MessageConfirmShutdown": "Sei sicuro di voler spegnere il Server Jellyfin?",
    "MessageContactAdminToResetPassword": "Si prega di contattare l'amministratore di sistema per reimpostare la password.",
    "MessageCreateAccountAt": "Crea un account a {0}",
    "MessageDeleteTaskTrigger": "Sei sicuro di voler cancellare questo evento?",
    "MessageDirectoryPickerBSDInstruction": "Per BSD, potrebbe essere necessario per configurare le unità all'interno della vostra prigione FreeNAS al fine di permettere ricamato accedervi.",
    "MessageDirectoryPickerInstruction": "Percorsi di rete possono essere inseriti manualmente nel caso in cui il pulsante Rete non riesce a individuare i vostri dispositivi. Ad esempio, {0} o {1}",
    "MessageDirectoryPickerLinuxInstruction": "Per Linux su Arch Linux, CentOS, Debian, Fedora, OpenSuse o Ubuntu, è necessario concedere all'utente del sistema Jellyfin almeno l'accesso alle posizioni di archiviazione.",
    "MessageDownloadQueued": "Scaricamento programmato.",
    "MessageEnablingOptionLongerScans": "L'abilitazione di questa opzione può rallentare significativamente le scansioni della libreria.",
    "MessageFileReadError": "Si è verificato un errore durante la lettura del file. Si prega di riprovare.",
    "MessageForgotPasswordFileCreated": "Il seguente file è stato creato sul server e contiene le istruzioni su come procedere:",
    "MessageForgotPasswordInNetworkRequired": "Riprova all'interno della rete domestica per avviare il processo di reimpostazione della password.",
    "MessageInstallPluginFromApp": "Questo Plugin deve essere installato dall'app in cui vuoi farlo funzionare",
    "MessageInvalidForgotPasswordPin": "Un pin Invalido o scaduto è stato inserito. Riprova.",
    "MessageInvalidUser": "Utente o password errato. Riprova",
    "MessageItemSaved": "Elemento salvato.",
    "MessageItemsAdded": "Elementi aggiunti.",
    "MessageLeaveEmptyToInherit": "Lascia vuoto per ereditare le impostazioni dall'elemento principale, o il valore predefinito globale.",
    "MessageNoAvailablePlugins": "Nessun plugin disponibile.",
    "MessageNoMovieSuggestionsAvailable": "Nessun suggerimento di film attualmente disponibile. Iniziare a guardare e valutare i vostri film, e poi tornare per i suggerimenti.",
    "MessageNoPluginsInstalled": "Non hai plugin installati",
    "MessageNoTrailersFound": "Nessun Trailer trovato.Installa Il plug in dei trailer per importare la libreria dei trailer da internet",
    "MessageNothingHere": "Non c'è niente qui.",
    "MessagePasswordResetForUsers": "Le password sono state rimosse dai seguenti utenti. Per accedere lasciare vuoto il campo password.",
    "MessagePlayAccessRestricted": "Le riproduzione di questi contenuti è bloccata. Per favore contatta il tuo amministratore Jellyfin Server per maggiori informazioni.",
    "MessagePleaseEnsureInternetMetadata": "Assicurarsi che il download dei metadati Internet sia abilitato.",
    "MessagePleaseWait": "Per favore attendi. La procedura potrebbe impiegare qualche minuto.",
    "MessagePluginConfigurationRequiresLocalAccess": "Per configurare questo plugin si prega di accedere al proprio server locale direttamente.",
    "MessagePluginInstallDisclaimer": "I plugin creati dai membri della comunità Jellyfin sono un ottimo modo per migliorare l'esperienza di Jellyfin con funzionalità e vantaggi aggiuntivi. Prima di installare, si prega di notare gli effetti che possono avere sul tuo server Jellyfin, come le scansioni più lunghe della libreria, l'elaborazione di sfondo aggiuntiva e la stabilità del sistema diminuita.",
    "MessageReenableUser": "Guarda in basso per ri-abilitare",
    "MessageSettingsSaved": "Settaggi salvati.",
    "MessageTheFollowingLocationWillBeRemovedFromLibrary": "I seguenti percorsi ai file multimediali saranno rimossi dalla tua libreria Jellyfin:",
    "MessageUnableToConnectToServer": "Non siamo in grado di connettersi al server selezionato al momento. Per favore assicurati che sia in esecuzione e riprova.",
    "MessageUnsetContentHelp": "Il contenuto verrà visualizzato come pianura cartelle. Per ottenere i migliori risultati utilizzare il gestore di metadati per impostare i tipi di contenuto di sottocartelle.",
    "MessageYouHaveVersionInstalled": "Attualmente hai la versione {0} installato.",
    "MetadataManager": "Gestisci Metadati",
    "MetadataSettingChangeHelp": "Modificare le impostazioni dei metadati influenzerà il nuovo contenuto aggiunto in avanti. Per aggiornare i contenuti esistenti, aprire la schermata dei dettagli e fare click sul pulsante di aggiornamento oppure eseguire aggiornamenti di massa utilizzando il gestore di metadati.",
    "MinutesAfter": "minuti dopo",
    "MinutesBefore": "minuti prima",
    "Monday": "Lunedì",
    "MoreFromValue": "Altro di {0}",
    "MoreUsersCanBeAddedLater": "Altri utenti possono essere aggiunti in un secondo momento dal Pannello di Controllo.",
    "MoveLeft": "Sposta a sinistra",
    "MoveRight": "Sposta a destra",
    "MovieLibraryHelp": "Rivedere la {0} guida di denominazione del film Jellyfin {1}.",
    "Movies": "Film",
    "Mute": "Muto",
    "MySubtitles": "I miei Sottotitoli",
    "Name": "Nome",
    "Never": "Mai",
    "NewCollection": "Nuova Collezione",
    "NewCollectionHelp": "Le collezioni ti permettono di creare raccolte personalizzate di film ed altri contenuti della libreria.",
    "NewCollectionNameExample": "Esempio: Collezione Star wars",
    "NewEpisodes": "Nuovi episodi",
    "NewEpisodesOnly": "Solo i nuovi episodi",
    "News": "Notizie",
    "Next": "Prossimo",
    "NoNewDevicesFound": "Non sono stati trovati nuovi dispositivi. Per aggiungere un nuovo sintonizzatore, chiudere questa finestra di dialogo e immettere manualmente le informazioni sul dispositivo.",
    "NoNextUpItemsMessage": "Trovato niente. Inizia a guardare i tuoi programmi!",
    "NoPluginConfigurationMessage": "Questo Plugin non ha impostazioni da configurare.",
    "NoSubtitleSearchResultsFound": "Nessun risultato.",
    "NoSubtitles": "Nessun Sottotitolo",
    "NoSubtitlesHelp": "I sottotitoli non verranno caricati per impostazione predefinita.Possono essere ancora caricati manualmente durante la riproduzione.",
    "None": "Nessuno",
    "Normal": "Normale",
    "NumLocationsValue": "{0} cartelle",
    "Off": "Spento",
    "OneChannel": "Un canale",
    "OnlyForcedSubtitles": "Solo i sottotitoli forzati",
    "OnlyForcedSubtitlesHelp": "Solo i sottotitoli contrassegnati come forzati saranno caricati.",
    "OnlyImageFormats": "Solo formati immagine (VOBSUB, PGS, SUB / IDX, ecc.)",
    "OptionAdminUsers": "Amministratori",
    "OptionAlbumArtist": "Artista Album",
    "OptionAllUsers": "Tutti gli utenti",
    "OptionAllowAudioPlaybackTranscoding": "Abilita la riproduzione di audio che necessita di transcodifica",
    "OptionAllowBrowsingLiveTv": "Consenti accesso alla TV in Diretta",
    "OptionAllowContentDownloading": "Consenti media download",
    "OptionAllowLinkSharing": "Consenti la condivisione dei media",
    "OptionAllowLinkSharingHelp": "Solo le pagine web contenente informazioni sui media sono condivise. I file media non vengono mai condivisi pubblicamente. Le condivisioni scadono dopo {0} giorni.",
    "OptionAllowManageLiveTv": "Consenti la gestione delle registrazioni TV",
    "OptionAllowMediaPlayback": "Consenti la riproduzione dei media",
    "OptionAllowMediaPlaybackTranscodingHelp": "Limitare l'accesso alla transcodifica può causare errori di riproduzione nelle applicazioni Jellyfin a causa di formati multimediali non supportati.",
    "OptionAllowRemoteControlOthers": "Consenti il controllo remoto di altri utenti",
    "OptionAllowRemoteSharedDevices": "Consenti il controllo remoto dei dispositivi condivisi",
    "OptionAllowRemoteSharedDevicesHelp": "I dispositivi DLNA sono considerati condivisi fino a quando un utente non inizia a controllarli.",
    "OptionAllowSyncTranscoding": "Abilita download che necessitano di transcodifica",
    "OptionAllowUserToManageServer": "Consenti a questo utente di accedere alle impostazioni del server",
    "OptionAllowVideoPlaybackRemuxing": "Consenti la riproduzione di video che necessitano di conversione ma non di ricodifica",
    "OptionAllowVideoPlaybackTranscoding": "Abilita la riproduzione di video che necessita di transcodifica",
    "OptionArtist": "Artista",
    "OptionAscending": "Crescente",
    "OptionAuto": "Automatico",
    "OptionAutomaticallyGroupSeries": "Fondi automaticamente le serie sparse su più cartelle",
    "OptionAutomaticallyGroupSeriesHelp": "Se abilitato, le serie distribuite in più cartelle di questa libreria saranno automaticamente combinate in un'unica serie.",
    "OptionBlockBooks": "Libri",
    "OptionBlockChannelContent": "Contenuto di Canali Internet",
    "OptionBlockLiveTvChannels": "Canali TV in onda",
    "OptionBlockMovies": "Film",
    "OptionBlockMusic": "Musica",
    "OptionBlockTrailers": "Trailer",
    "OptionBlockTvShows": "Serie TV",
    "OptionCommunityRating": "Voto del pubblico",
    "OptionContinuing": "In corso",
    "OptionCriticRating": "Voto della critica",
    "OptionCustomUsers": "Personalizza",
    "OptionDaily": "Giornaliero",
    "OptionDateAdded": "Aggiunto il",
    "OptionDateAddedFileTime": "Utilizzare file di data di creazione",
    "OptionDateAddedImportTime": "Utilizza la data scansionato in biblioteca",
    "OptionDatePlayed": "Visto il",
    "OptionDescending": "Decrescente",
    "OptionDisableUser": "Disabilita questo utente",
    "OptionDisableUserHelp": "Se disabilitato, il server non sarà disponibile per questo utente. Le connessioni esistenti verranno terminate.",
    "OptionDislikes": "Non mi piace",
    "OptionDisplayFolderView": "Visualizza cartelle come normali cartelle dei media",
    "OptionDisplayFolderViewHelp": "Se abilitato, le applicazioni Jellyfin visualizzeranno una categoria Cartelle accanto alla libreria multimediale. Ciò è utile se si desidera avere viste di cartelle semplici.",
    "OptionDownloadBackImage": "Indietro",
    "OptionDownloadDiscImage": "Disco",
    "OptionDownloadImagesInAdvance": "Scarica preventivamente le immagini",
    "OptionDownloadImagesInAdvanceHelp": "Di default, la maggior parte delle immagini vengono scaricate solo quando richieste da un'applicazione Jellyfin. Abilita questa opzione per scaricare tutte le immagini in anticipo, quando nuovi file multimediali vengono importati. Ciò può causare scansioni librarie molto più lunghe.",
    "OptionDownloadMenuImage": "Menù",
    "OptionDownloadPrimaryImage": "Locandina",
    "OptionDownloadThumbImage": "Foto",
    "OptionEmbedSubtitles": "Incorpora all'interno del contenitore",
    "OptionEnableAccessFromAllDevices": "Abilita l'accesso da tutti i dispositivi",
    "OptionEnableAccessToAllChannels": "Abilita l'accesso a tutti i canali",
    "OptionEnableAccessToAllLibraries": "Abilita l'accesso a tutte le librerie",
    "OptionEnableAutomaticServerUpdates": "Attiva aggiornamenti automatici del server",
    "OptionEnableExternalContentInSuggestions": "Abilita contenuto remoto nei suggerimenti",
    "OptionEnableExternalContentInSuggestionsHelp": "Consenti l'inclusione di trailer Internet e programmi TV tra i contenuti suggeriti.",
    "OptionEnableForAllTuners": "Abilita per tutti i sintonizzatori",
    "OptionEnableM2tsMode": "Attiva modalità M2TS",
    "OptionEnableM2tsModeHelp": "Attivare la modalità m2ts durante la codifica di mpegts.",
    "OptionEnded": "Finito",
    "OptionEquals": "Uguale",
    "OptionEstimateContentLength": "Stimare la lunghezza contenuto durante la transcodifica",
    "OptionEveryday": "Tutti i giorni",
    "OptionExternallyDownloaded": "Download Esterno",
    "OptionExtractChapterImage": "Abilita estrazione dell'immagine dei capitoli",
    "OptionFavorite": "Preferiti",
    "OptionFriday": "Venerdì",
    "OptionHasSpecialFeatures": "Contenuti speciali",
    "OptionHasSubtitles": "Sottotitoli",
    "OptionHasThemeSong": "Sigla",
    "OptionHasThemeVideo": "Video Sigla",
    "OptionHideUser": "Nascondi questo utente dalla schermata di accesso",
    "OptionHideUserFromLoginHelp": "Utile per account nascosti o amministratore. L'utente avrà bisogno di accedere manualmente utilizzando la propria username e password",
    "OptionHlsSegmentedSubtitles": "Hls segmentato sottotitoli",
    "OptionHomeVideos": "Video e foto personali",
    "OptionIgnoreTranscodeByteRangeRequests": "Ignorare le richieste di intervallo di byte di trascodifica",
    "OptionIgnoreTranscodeByteRangeRequestsHelp": "Se abilitata, queste richieste saranno onorate, ma ignorano l'intervallo di byte.",
    "OptionImdbRating": "Voto IMDB",
    "OptionLikes": "Mi piace",
    "OptionMissingEpisode": "Episodi mancanti",
    "OptionMonday": "Lunedì",
    "OptionNameSort": "Nome",
    "OptionNew": "Nuovo...",
    "OptionNone": "Nessuno",
    "OptionOnAppStartup": "All'avvio",
    "OptionOnInterval": "Su intervallo",
    "OptionParentalRating": "Classificazione per genitori",
    "OptionPlainStorageFolders": "Visualizzare tutte le cartelle come normali cartelle di archiviazione",
    "OptionPlainStorageFoldersHelp": "Se abilitato, tutte le cartelle sono rappresentate in DIDL come \"object.container.storageFolder\" invece che di tipo più specifico, come \"object.container.person.musicArtist\".",
    "OptionPlainVideoItems": "Mostra tutti i video come normali file video",
    "OptionPlainVideoItemsHelp": "Se attivato, tutti i video sono rappresentati in DIDL come \"object.item.videoItem\" invece che di tipo più specifico, come \"object.item.videoItem.movie\".",
    "OptionPlayCount": "Riproduzioni",
    "OptionPlayed": "Visto",
    "OptionPremiereDate": "Data della prima",
    "OptionProfilePhoto": "Foto",
    "OptionReleaseDate": "Data di Uscita",
    "OptionReportByteRangeSeekingWhenTranscoding": "Segnala che il server supporta la ricerca di byte durante la transcodifica",
    "OptionReportByteRangeSeekingWhenTranscodingHelp": "Questo è necessario per alcuni dispositivi che non hanno l'avanzamento rapido che funziona bene.",
    "OptionRequirePerfectSubtitleMatch": "Scarica solo i sottotitoli che corrispondono perfettamente ai miei file video",
    "OptionRequirePerfectSubtitleMatchHelp": "La richiesta di una corrispondenza perfetta filtrerà i sottotitoli per includere solo quelli che sono stati testati e verificati con il file video esatto. Deselezionando questo aumenterà la probabilità che i sottotitoli vengono scaricati, ma aumenteranno le probabilità di testo sottotitolato impreciso o errato.",
    "OptionResElement": "elemento res",
    "OptionResumable": "Interrotto",
    "OptionRuntime": "Durata",
    "OptionSaturday": "Sabato",
    "OptionSaveMetadataAsHidden": "Salvare i metadati e le immagini come file nascosti",
    "OptionSaveMetadataAsHiddenHelp": "La modifica di questo si applicherà ai nuovi metadati che verranno salvati in avanti. I file di metadati esistenti verranno aggiornati la prossima volta che vengono salvati da Jellyfin Server.",
    "OptionSpecialEpisode": "Speciali",
    "OptionSubstring": "Sottostringa",
    "OptionSunday": "Domenica",
    "OptionThursday": "Giovedì",
    "OptionTrackName": "Titolo Traccia",
    "OptionTuesday": "Martedì",
    "OptionTvdbRating": "Voto Tvdb",
    "OptionUnairedEpisode": "Episodi mai andati in onda",
    "OptionUnplayed": "Non visto",
    "OptionWakeFromSleep": "Risveglio:",
    "OptionWednesday": "Mercoledì",
    "OptionWeekdays": "Feriali",
    "OptionWeekends": "Il Weekend",
    "OptionWeekly": "Settimanale",
    "OriginalAirDateValue": "Prima messa in onda (originale): {0}",
    "Overview": "Trama",
    "PackageInstallCancelled": "Installazione di {0} annullata.",
    "PackageInstallCompleted": "Installazione di {0} completa.",
    "PackageInstallFailed": "Installazione di {0} fallita.",
    "ParentalRating": "Classificazione per genitori",
    "PasswordMatchError": "Le password non coincidono.",
    "PasswordResetComplete": "la password è stata ripristinata.",
    "PasswordResetConfirmation": "Sei sicuro di voler ripristinare la password?",
    "PasswordResetHeader": "Ripristina Password",
    "PasswordSaved": "Password salvata.",
    "People": "Attori",
    "PerfectMatch": "Corrispondenza perfetta",
    "Photos": "Foto",
    "PinCodeResetComplete": "Il codice PIN è stato resettato",
    "PinCodeResetConfirmation": "Sei sicuro di voler resettare il codice PIN?",
    "PlaceFavoriteChannelsAtBeginning": "Mostra prima i canali preferiti",
    "Play": "Riproduci",
    "PlayAllFromHere": "Riproduci tutto da qui in poi",
    "PlayCount": "Riproduzioni",
    "PlayFromBeginning": "Riproduci dall'inizio",
    "PlayNext": "Riproduci prossimo",
    "PlayNextEpisodeAutomatically": "Riproduci automaticamente l'episodio successivo",
    "Played": "Visto",
    "Playlists": "Playlist",
    "PleaseAddAtLeastOneFolder": "Per favore aggiungi almeno una cartella alla raccolta cliccando sul pulsante Aggiungi.",
    "PleaseConfirmPluginInstallation": "Per favore premi OK per confermare che hai letto quanto precede e che vuoi procedere all'installazione del plug-in.",
    "PleaseEnterNameOrId": "Per favore inserisci un nome o un id esterno.",
    "PleaseRestartServerName": "Per favore riavvia Jellyfin Server - {0}.",
    "PleaseSelectTwoItems": "Seleziona almeno due elementi.",
    "PluginInstalledMessage": "Il plugin è stato installato correttamente. Il server Jellyfin dovrà essere riavviato affinché le modifiche abbiano effetto.",
    "PreferEmbeddedTitlesOverFileNames": "Preferisci titoli integrati ai nomi dei file",
    "PreferEmbeddedTitlesOverFileNamesHelp": "Determina il titolo predefinito usato quando non sono disponibili metadati locali o da Internet.",
    "PreferredNotRequired": "Preferito, ma non richiesto",
    "Premiere": "Prima visione",
    "Premieres": "Prime Visioni",
    "Previous": "Precedente",
    "Primary": "Locandina",
    "Producer": "Produttore",
    "ProductionLocations": "Sedi di produzione",
    "Programs": "Programmi",
    "Quality": "Qualità",
    "QueueAllFromHere": "In coda tutto da qui in poi",
    "Raised": "Sospeso",
    "Rate": "Vota",
    "RecentlyWatched": "Visti di recente",
    "RecommendationBecauseYouLike": "Perché ti piace {0}",
    "RecommendationBecauseYouWatched": "Perché hai visto {0}",
    "RecommendationDirectedBy": "Diretto da {0}",
    "RecommendationStarring": "Protagonisti {0}",
    "Record": "Registra",
    "RecordSeries": "Registra serie TV",
    "RecordingCancelled": "Registrazione annullata.",
    "RecordingPathChangeMessage": "La modifica della cartella di registrazione non migrerà le registrazioni esistenti dalla vecchia posizione al nuovo. Sarà necessario spostarli manualmente, se lo si desidera.",
    "RecordingScheduled": "Registrazione pianificata.",
    "Recordings": "Registrazioni",
    "Refresh": "Aggiorna",
    "RefreshDialogHelp": "I Metadati sono aggiornati in base alle impostazioni ed ai servizi Internet abilitati nel Pannello di Controllo del Server Jellyfin.",
    "RefreshMetadata": "Aggiorna metadati",
    "RefreshQueued": "Aggiornamento programmato.",
    "ReleaseDate": "Data di uscita",
    "RememberMe": "Ricordami",
    "RemoveFromCollection": "Rimuovi dalla collezione",
    "RemoveFromPlaylist": "Rimuovi dalla playlist",
    "Repeat": "Ripeti",
    "RepeatAll": "Ripeti tutti",
    "RepeatEpisodes": "Ripeti episodi",
    "RepeatMode": "Modalità Ripeti",
    "RepeatOne": "Ripeti uno",
    "ReplaceAllMetadata": "Sostituisci tutti i metadati",
    "ReplaceExistingImages": "Sovrascrivi immagini esistenti",
    "RequiredForAllRemoteConnections": "Richiesto per tutte le connessioni remote",
    "RestartPleaseWaitMessage": "Per piacere aspetta mentre Jellyfin Server si arresta e riavvia. Questo può richiedere un minuto o due.",
    "ResumeAt": "Riprendi da {0}",
    "Rewind": "Riavvolgi",
    "RunAtStartup": "Esegui all'avvio",
    "Runtime": "Durata",
    "Saturday": "Sabato",
    "Save": "Salva",
    "SaveSubtitlesIntoMediaFolders": "Salva i sottotitoli nella cartella multimediale",
    "SaveSubtitlesIntoMediaFoldersHelp": "Memorizzare i sottotitoli accanto ai file video consentirà di gestirli più facilmente.",
    "ScanForNewAndUpdatedFiles": "Scansiona per file nuovi e aggiornati",
    "ScanLibrary": "Scansione libreria",
    "Schedule": "Programmazione",
    "Screenshot": "Immagine",
    "Screenshots": "Screenshot",
    "Search": "Cerca",
    "SearchForCollectionInternetMetadata": "Cerca su internet le immagini ed i metadati",
    "SearchForMissingMetadata": "Cerca metadati mancanti",
    "SearchForSubtitles": "Cerca Sottotitoli",
    "SearchResults": "Risultati della Ricerca",
    "SendMessage": "Invio messaggio",
    "Series": "Serie TV",
    "SeriesCancelled": "Serie TV annullate.",
    "SeriesDisplayOrderHelp": "Ordina gli episodi per data messa in onda, ordine dvd o numerazione assoluta.",
    "SeriesRecordingScheduled": "Registrazione serie TV pianificata.",
    "SeriesSettings": "Impostazioni Serie TV",
    "SeriesYearToPresent": "{0} - Oggi",
    "ServerNameIsRestarting": "Jellyfin Server - {0} si sta riavviando.",
    "ServerNameIsShuttingDown": "Jellyfin Server - {0} si sta arrestando.",
    "ServerRestartNeededAfterPluginInstall": "Il server Jellyfin dovrà essere riavviato dopo l'installazione di un plugin.",
    "ServerUpdateNeeded": "Questo server Jellyfin deve essere aggiornato. Per scaricare l'ultima versione vai su {0}",
    "Settings": "Impostazioni",
    "SettingsSaved": "Settaggi salvati.",
    "SettingsWarning": "La modifica di questi valori può causare problemi di instabilità o di connettività. Se si verificano problemi, si consiglia di modificarli all'impostazione predefinita.",
    "Share": "Condividi",
    "ShowIndicatorsFor": "Mostra indicatori per:",
    "ShowTitle": "Mostra titolo",
    "ShowYear": "Mostra anno",
    "Shows": "Programmi",
    "Shuffle": "Casuale",
    "SimultaneousConnectionLimitHelp": "Numero massimo di streaming simultanei permessi. Inserisci 0 per nessun limite.",
    "SkipEpisodesAlreadyInMyLibrary": "Non registrare gli espisodi che sono già in libreria",
    "SkipEpisodesAlreadyInMyLibraryHelp": "Gli episodi verranno confrontati usando la stagione ed il numero dell'episodio, quando disponibili.",
    "Small": "Piccolo",
    "SmallCaps": "Maiuscoletto",
    "Smart": "Intelligente",
    "SmartSubtitlesHelp": "I sottotitoli che coincidono con la lingua nelle preferenze verranno caricati quando l'audio sarà in una lingua straniera.",
    "Songs": "Canzoni",
    "Sort": "Ordina",
    "SortByValue": "Ordina per {0}",
    "SortChannelsBy": "Ordina canali per:",
    "SortName": "Nome ordinamento",
    "Sports": "Sport",
    "StopRecording": "Ferma registrazione",
    "SubtitleAppearanceSettingsAlsoPassedToCastDevices": "Queste impostazioni si applicano anche a qualsiasi riproduzione di Chromecast avviata da questo dispositivo.",
    "SubtitleAppearanceSettingsDisclaimer": "Queste impostazioni non si applicano a sottotitoli grafici (PGS, DVD, ecc.), o sottotitoli che hanno i propri stili incorporati (ASS / SSA).",
    "SubtitleDownloadersHelp": "Abilita e classifica i tuoi downloader di sottotitoli preferiti in ordine di priorità.",
    "Subtitles": "Sottotitoli",
    "Suggestions": "Suggerimenti",
    "Sunday": "Domenica",
    "Sync": "Sincronizza",
    "SystemDlnaProfilesHelp": "I profili di sistema sono in sola lettura. Le modifiche ad un profilo di sistema verranno salvate in un nuovo profilo personalizzato.",
    "TabAccess": "Accesso",
    "TabAdvanced": "Avanzato",
    "TabAlbumArtists": "Artisti degli album",
    "TabAlbums": "Album",
    "TabArtists": "Artisti",
    "TabCatalog": "Catalogo",
    "TabChannels": "Canali",
    "TabCodecs": "Codec",
    "TabCollections": "Collezioni",
    "TabContainers": "Contenitori",
    "TabDashboard": "Pannello Controllo",
    "TabDevices": "Dispositivi",
    "TabDirectPlay": "Riproduzione Diretta",
    "TabDisplay": "Schermo",
    "TabEpisodes": "Episodi",
    "TabFavorites": "Preferiti",
    "TabGenres": "Generi",
    "TabGuide": "Guida",
    "TabLatest": "Novità",
    "TabLiveTV": "Tv in Diretta",
    "TabMetadata": "Metadati",
    "TabMovies": "Film",
    "TabMusic": "Musica",
    "TabMusicVideos": "Video Musicali",
    "TabMyPlugins": "I miei Plug-in",
    "TabNetworks": "Reti",
    "TabNfoSettings": "Impostazioni nfo",
    "TabNotifications": "Notifiche",
    "TabOther": "Altro",
    "TabParentalControl": "Controllo Genitore",
    "TabPlayback": "Riproduzione",
    "TabPlaylists": "Playlist",
    "TabProfile": "Profilo",
    "TabProfiles": "Profili",
    "TabRecordings": "Registrazioni",
    "TabResponses": "Risposte",
    "TabResumeSettings": "Ripristina Impostazioni",
    "TabScheduledTasks": "Operazioni Pianificate",
    "TabSeries": "Serie TV",
    "TabSettings": "Impostazioni",
    "TabShows": "Spettacoli",
    "TabSongs": "Brani",
    "TabSuggestions": "Suggerimenti",
    "TabTrailers": "Trailer",
    "TabTranscoding": "Trascodifica",
    "TabUpcoming": "In Arrivo",
    "TabUsers": "Utenti",
    "Tags": "Tag",
    "TellUsAboutYourself": "Parlaci di te",
    "ThemeSongs": "Temi canzoni",
    "ThemeVideos": "Temi video",
    "TheseSettingsAffectSubtitlesOnThisDevice": "Queste impostazioni influenzano i sottotitoli di questo dispositivo",
    "ThisWizardWillGuideYou": "Questa procedura ti guiderà attraverso il processo di installazione. Per iniziare, per favore scegli la tua lingua preferita.",
    "Thumb": "Miniatura",
    "Thursday": "Giovedì",
    "TitleHardwareAcceleration": "Accelerazione Hardware:",
    "TitleHostingSettings": "Impostazioni hosting",
    "TitlePlayback": "Riproduzione",
    "TrackCount": "{0} tracce",
    "Trailers": "Trailer",
    "Transcoding": "Trascodifica",
    "Tuesday": "Martedì",
    "TvLibraryHelp": "Rivedere la {0} guida di denominazione Jellyfin TV {1}.",
    "Uniform": "Uniforme",
    "UninstallPluginConfirmation": "Sei sicuro di voler Disinstallare {0}?",
    "UninstallPluginHeader": "Disinstalla Plugin",
    "Unmute": "Togli muto",
    "Unplayed": "Non visto",
    "Unrated": "Non votato",
    "Up": "Su",
    "Upload": "Carica",
    "UserAgentHelp": "Fornire un'intestazione http personalizzata per utente-agente, se necessario.",
    "UserProfilesIntro": "Jellyfin include il supporto integrato per i profili utente, che permette ad ogni utente di avere le proprie impostazioni di visualizzazione, stato di riproduzione e controlli parentali.",
    "ValueAlbumCount": "{0} album",
    "ValueAudioCodec": "Codec Audio: {0}",
    "ValueConditions": "Condizioni: {0}",
    "ValueContainer": "Contenitore: {0}",
    "ValueDiscNumber": "Disco {0}",
    "ValueEpisodeCount": "{0} episodi",
    "ValueMovieCount": "{0} film",
    "ValueMusicVideoCount": "{0} video musicali",
    "ValueOneEpisode": "1 episodio",
    "ValueOneMovie": "1 film",
    "ValueOneMusicVideo": "1 video musicale",
    "ValueOneSeries": "1 serie TV",
    "ValueOneSong": "1 brano",
    "ValueSeconds": "{0} secondi",
    "ValueSeriesCount": "{0} serie TV",
    "ValueSongCount": "{0} brani",
    "ValueSpecialEpisodeName": "Speciale - {0}",
    "ValueTimeLimitMultiHour": "Tempo limite: {0} ore",
    "ValueTimeLimitSingleHour": "Tempo limite: 1 ora",
    "ValueVideoCodec": "Codec Video: {0}",
    "Vertical": "Verticale",
    "VideoRange": "Range del Video",
    "ViewAlbum": "Visualizza album",
    "ViewArtist": "Visualizza artista",
    "ViewPlaybackInfo": "Vedi info sulla riproduzione",
    "Watched": "Visto",
    "Wednesday": "Mercoledì",
    "WelcomeToProject": "Benvenuto in Jellyfin!",
    "WizardCompleted": "Questo è tutto ciò che serve per ora. Jellyfin ha iniziato a raccogliere informazioni sulla tua libreria di media. Scopri alcune delle nostre app, quindi clicca su <b>Fine</b> per visualizzare il <b>Pannello di Controllo del server</b>.",
    "Writer": "Scrittore",
    "XmlDocumentAttributeListHelp": "Questi attributi vengono applicati all'elemento radice di ogni risposta XML.",
    "XmlTvKidsCategoriesHelp": "I programmi con queste categorie saranno visualizzati come programmi per i bambini. Separa multipli con '|'.",
    "XmlTvMovieCategoriesHelp": "I programmi con queste categorie saranno visualizzati come filmati. Separa multipli con '|'.",
    "XmlTvNewsCategoriesHelp": "I programmi con queste categorie saranno visualizzati come programmi di news. Separa multipli con '|'.",
    "XmlTvPathHelp": "Un percorso di un file xml tv. Jellyfin leggerà questo file e controlla periodicamente per gli aggiornamenti. Sei responsabile della creazione e dell'aggiornamento del file.",
    "XmlTvSportsCategoriesHelp": "I programmi con queste categorie saranno visualizzati come programmi sportivi. Separa multipli con '|'.",
    "Yes": "Si",
    "Yesterday": "Ieri",
    "Channels": "Canali",
    "Alerts": "Avvisi",
    "AllowMediaConversion": "Consenti conversione dei media",
    "AllowMediaConversionHelp": "Concedere o negare l'accesso alla funzione di conversione dei media.",
    "Art": "Arte",
    "Audio": "Audio",
    "Auto": "Auto",
    "Banner": "Banner",
    "Blacklist": "Blacklist",
    "Box": "Scatola",
    "ButtonDownload": "Download",
    "ButtonHome": "Home",
    "ButtonInfo": "Info",
    "ButtonOk": "Ok",
    "ButtonStop": "Stop",
    "ButtonTrailer": "Trailer",
    "ChangingMetadataImageSettingsNewContent": "I cambiamenti alle impostazioni dei download dei metadati verranno applicati solamente ai nuovi contenuti aggiunti alla libreria. Per applicare i cambiamenti ai titoli già esistenti devi ricaricare i metadati manualmente.",
    "DownloadsValue": "{0} scaricati",
    "File": "File",
    "FolderTypeTvShows": "Serie TV",
    "General": "Generale",
    "HeaderApp": "Applicazione",
    "HeaderAppearsOn": "Appare In",
    "HeaderCastAndCrew": "Cast",
    "HeaderCastCrew": "Cast",
    "HeaderMedia": "Media",
    "HeaderPassword": "Password",
    "AuthProviderHelp": "Selezionare un Authentication Provider da utilizzare per autenticare la password dell'utente",
    "HeaderFavoriteMovies": "Film Preferiti",
    "HeaderFavoriteShows": "Serie TV Preferite",
    "HeaderFavoriteEpisodes": "Episodi Preferiti",
    "HeaderFavoriteAlbums": "Album preferiti",
    "HeaderFavoriteArtists": "Artisti Preferiti",
    "HeaderFavoriteSongs": "Brani Preferiti",
    "HeaderFavoriteVideos": "Video Preferiti",
    "HeaderFetcherSettings": "Impostazioni Fetcher",
    "HeaderImageOptions": "Opzioni Immagine",
    "HeaderRestartingServer": "Riavvio Server",
    "Home": "Home",
    "LabelAlbum": "Album:",
    "LabelAudio": "Audio:",
    "LabelCache": "Cache:"
}
