{
    "Absolute": "Absoluto",
    "AccessRestrictedTryAgainLater": "O acesso está atualmente restrito. Por favor, tente novamente mais tarde.",
    "Actor": "Ator",
    "Add": "Adicionar",
    "AddItemToCollectionHelp": "Adicione itens às coletâneas através da busca deles e usando o botão direito ou clique no menu para os adicionar à uma coletânea.",
    "AddToCollection": "Adicionar à coletânea",
    "AddToPlayQueue": "Adicionar à fila de reprodução",
    "AddToPlaylist": "Adicionar à lista de reprodução",
    "AddedOnValue": "Adicionado {0}",
    "AdditionalNotificationServices": "Explore o catálogo do plugin para instalar serviços adicionais de notificação.",
    "AirDate": "Data da exibição",
    "Aired": "Exibido",
    "Albums": "Álbuns",
    "All": "Tudo",
    "AllChannels": "Todos os canais",
    "AllComplexFormats": "Todos os formatos complexos (ASS, SSA, VOBSUB, PGS, SUB/IDX, etc.)",
    "AllEpisodes": "Todos os episódios",
    "AllLanguages": "Todos os idiomas",
    "AllLibraries": "Todas as bibliotecas",
    "AllowHWTranscodingHelp": "Se ativado, permite ao sintonizador transcodificar streams em tempo real. Isto pode ajudar a reduzir a transcodificação requerida pelo Servidor.",
    "AllowMediaConversion": "Permitir conversão de mídia",
    "AllowMediaConversionHelp": "Prover ou negar acesso à funcionalidade de conversão de mídia.",
    "AllowOnTheFlySubtitleExtraction": "Permitir a extração da legenda em tempo real",
    "AllowOnTheFlySubtitleExtractionHelp": "Legendas gravadas podem ser extraídas dos vídeos e entregues para os clientes como texto puro para ajudar a evitar a transcodificação do vídeo. Em alguns sistemas isto pode levar bastante tempo e causar travamento na reprodução do vídeo durante o processo de extração. Desative isto para ter as legendas gravadas com transcodificação do vídeo quando não forem nativamente suportadas pelo dispositivo cliente.",
    "AllowRemoteAccess": "Permitir conexões remotas a este Servidor Jellyfin.",
    "AllowRemoteAccessHelp": "Se não selecionado, todas as conexões remotas serão bloqueadas.",
    "AllowedRemoteAddressesHelp": "Lista separada por vírgula de endereços IP ou entradas IP/netmask para redes que terão permissão para conectar-se remotamente. Se deixar em branco, todos os endereços remotos terão permissão.",
    "AlwaysPlaySubtitles": "Sempre reproduzir legendas",
    "AlwaysPlaySubtitlesHelp": "As legendas que combinarem com a preferência de idioma serão carregadas independente do idioma do áudio.",
    "AnyLanguage": "Qualquer idioma",
    "Anytime": "A qualquer momento",
    "AroundTime": "Em torno de {0}",
    "Art": "Arte",
    "Artists": "Artistas",
    "AsManyAsPossible": "Quantos forem possíveis",
    "Ascending": "Ascendente",
    "AspectRatio": "Proporção da imagem",
    "AttributeNew": "Novo",
    "Audio": "Áudio",
    "AutoBasedOnLanguageSetting": "Automático (baseado na configuração do idioma)",
    "Backdrop": "Imagem de Fundo",
    "Backdrops": "Imagens de Fundo",
    "BirthDateValue": "Nascimento: {0}",
    "BirthLocation": "Local de nascimento",
    "BirthPlaceValue": "Local de nascimento: {0}",
    "BookLibraryHelp": "Livros de áudio e texto são suportados. Revise o {0}Guia de Nomes de Livros{1}.",
    "Books": "Livros",
    "Box": "Caixa",
    "BoxRear": "Caixa (traseira)",
    "Browse": "Procurar",
    "BrowsePluginCatalogMessage": "Explore nosso catálogo de plugins para ver os disponíveis.",
    "BurnSubtitlesHelp": "Determina se o servidor deveria gravar as legendas no vídeo ao convertê-lo, dependendo do formato da legenda. Evitar a gravação da legenda irá melhorar a performance do servidor. Selecione Auto para gravar formatos de legenda baseados em imagem baseado nos formatos (ex. VOBSUB, PGS, SUB/IDX, etc.) e algumas legendas ASS/SSA.",
    "ButtonAdd": "Adicionar",
    "ButtonAddMediaLibrary": "Adicionar Biblioteca de Mídia",
    "ButtonAddScheduledTaskTrigger": "Adicionar Disparador",
    "ButtonAddServer": "Adicionar Servidor",
    "ButtonAddUser": "Adicionar Usuário",
    "ButtonArrowDown": "Descer",
    "ButtonArrowLeft": "Esquerda",
    "ButtonArrowRight": "Direita",
    "ButtonArrowUp": "Subir",
    "ButtonAudioTracks": "Faixas de Áudio",
    "ButtonBack": "Voltar",
    "ButtonCancel": "Cancelar",
    "ButtonChangeServer": "Alterar Servidor",
    "ButtonConnect": "Conectar",
    "ButtonDelete": "Excluir",
    "ButtonDeleteImage": "Excluir Imagem",
    "ButtonDown": "Descer",
    "ButtonEdit": "Editar",
    "ButtonEditImages": "Editar imagens",
    "ButtonEditOtherUserPreferences": "Editar este perfil de usuário, imagem e preferências pessoais.",
    "ButtonFilter": "Filtro",
    "ButtonForgotPassword": "Esqueci a Senha",
    "ButtonFullscreen": "Tela cheia",
    "ButtonGotIt": "Feito",
    "ButtonGuide": "Guia",
    "ButtonHelp": "Ajuda",
    "ButtonHome": "Início",
    "ButtonLearnMore": "Saiba mais",
    "ButtonLibraryAccess": "Acesso à biblioteca",
    "ButtonManualLogin": "Login Manual",
    "ButtonMore": "Mais",
    "ButtonNetwork": "Rede",
    "ButtonNew": "Novo",
    "ButtonNextTrack": "Faixa seguinte",
    "ButtonOff": "Desligado",
    "ButtonOk": "OK",
    "ButtonOpen": "Abrir",
    "ButtonParentalControl": "Controle etário",
    "ButtonPause": "Pausar",
    "ButtonPlay": "Reproduzir",
    "ButtonPreviousTrack": "Faixa anterior",
    "ButtonProfile": "Perfil",
    "ButtonQuickStartGuide": "Guia Rápido",
    "ButtonRefresh": "Atualizar",
    "ButtonRefreshGuideData": "Atualizar Dados do Guia",
    "ButtonRemove": "Remover",
    "ButtonRename": "Renomear",
    "ButtonRepeat": "Repetir",
    "ButtonResetEasyPassword": "Redefinir código pin fácil",
    "ButtonResetPassword": "Redefinir Senha",
    "ButtonRestart": "Reiniciar",
    "ButtonResume": "Retomar",
    "ButtonRevoke": "Revogar",
    "ButtonSave": "Salvar",
    "ButtonScanAllLibraries": "Rastrear Todas as Bibliotecas",
    "ButtonSearch": "Busca",
    "ButtonSelectDirectory": "Selecionar Diretório",
    "ButtonSelectServer": "Selecionar Servidor",
    "ButtonSelectView": "Selecionar visualização",
    "ButtonSend": "Enviar",
    "ButtonSettings": "Ajustes",
    "ButtonShuffle": "Aleatório",
    "ButtonShutdown": "Desligar",
    "ButtonSignIn": "Iniciar Sessão",
    "ButtonSignOut": "Sair",
    "ButtonSort": "Ordenar",
    "ButtonStart": "Iniciar",
    "ButtonStop": "Parar",
    "ButtonSubmit": "Enviar",
    "ButtonSubtitles": "Legendas",
    "ButtonUninstall": "Desinstalar",
    "ButtonUp": "Subir",
    "ButtonViewWebsite": "Ver website",
    "CancelRecording": "Cancelar gravação",
    "CancelSeries": "Cancelar série",
    "Categories": "Categorias",
    "ChannelAccessHelp": "Selecione os canais a compartilhar com este usuário. Administradores poderão editar todos os canais usando o gerenciador de metadados.",
    "ChannelNameOnly": "Somente canal {0}",
    "ChannelNumber": "Número do canal",
    "Channels": "Canais",
    "CinemaModeConfigurationHelp": "O modo cinema traz a experiência do cinema diretamente para a sua sala, possibilitando reproduzir trailers e introduções personalizadas antes do filme principal.",
    "Collections": "Coletâneas",
    "ColorPrimaries": "Cores primárias",
    "ColorSpace": "Espaço da cor",
    "ColorTransfer": "Transferência da cor",
    "CommunityRating": "Avaliação da Comunidade",
    "Composer": "Compositor",
    "ConfigureDateAdded": "Configure como a data de adição é determinada no painel do Servidor Jellyfin nas definições de Biblioteca",
    "ConfirmDeleteImage": "Apagar imagem?",
    "ConfirmDeleteItem": "Excluir este item o excluirá do sistema de arquivos e também da biblioteca de mídias. Deseja realmente continuar?",
    "ConfirmDeleteItems": "Ao excluir estes itens você os excluirá do sistema de arquivos e de sua biblioteca de mídias. Deseja realmente continuar?",
    "ConfirmDeletion": "Confirmar Exclusão",
    "ConfirmEndPlayerSession": "Deseja realmente desligar o Jellyfin em {0}?",
    "Connect": "Conectar",
    "ContinueWatching": "Continuar assistindo",
    "Continuing": "Em Exibição",
    "CriticRating": "Avaliação da Crítica",
    "CustomDlnaProfilesHelp": "Criar um perfil personalizado para um determinado novo dispositivo ou sobrescrever um perfil do sistema.",
    "DateAdded": "Data da adição",
    "DatePlayed": "Data da reprodução",
    "DeathDateValue": "Morte: {0}",
    "Default": "Padrão",
    "DefaultErrorMessage": "Ocorreu um erro ao processar o pedido. Por favor, tente novamente mais tarde.",
    "DefaultMetadataLangaugeDescription": "Estas são suas configurações padrão e podem ser personalizadas por biblioteca.",
    "DefaultSubtitlesHelp": "Legendas são carregadas com base nas configurações padrão e de legendas forçadas nos metadados embutidos. As preferências de idioma são consideradas quando existem múltiplas opções disponíveis.",
    "Delete": "Excluir",
    "DeleteDeviceConfirmation": "Deseja realmente excluir este dispositivo? Ele reaparecerá da próxima vez que um usuário utilizá-lo.",
    "DeleteImage": "Excluir Imagem",
    "DeleteImageConfirmation": "Deseja realmente excluir esta imagem?",
    "DeleteMedia": "Excluir mídia",
    "DeleteUser": "Excluir Usuário",
    "DeleteUserConfirmation": "Deseja realmente excluir este usuário?",
    "Depressed": "Deprimido",
    "Descending": "Descendente",
    "DetectingDevices": "Detectando dispositivos",
    "DeviceAccessHelp": "Isto apenas aplica para dispositivos que podem ser identificados como únicos e não evitarão o acesso do navegador. Filtrar o acesso ao dispositivo do usuário evitará que sejam usados novos dispositivos até que sejam aprovados aqui.",
    "DirectPlaying": "Reprodução direta",
    "DirectStreamHelp1": "A mídia é compatível com o dispositivo, independente da resolução e tipo de mídia (H.264, AC3, etc), mas está em um contaminar incompatível (mkv, avi, wmv, etc). O vídeo será reempacotado em tempo real antes de transmitir para o dispositivo.",
    "DirectStreamHelp2": "A Transmissão direta de um arquivo usa pouco processamento sem perda de qualidade do vídeo.",
    "DirectStreaming": "Streaming direta",
    "Director": "Diretor",
    "DirectorValue": "Diretor: {0}",
    "DirectorsValue": "Diretores: {0}",
    "Disabled": "Desativado",
    "Disc": "Disco",
    "Disconnect": "Desconectar",
    "Dislike": "Não curti",
    "Display": "Exibir",
    "DisplayInMyMedia": "Exibir na tela de início",
    "DisplayInOtherHomeScreenSections": "Exibir nas seções da tela de início como mídia recente e continuar assistindo",
    "DisplayMissingEpisodesWithinSeasons": "Exibir episódios que faltam dentro das temporadas",
    "DisplayMissingEpisodesWithinSeasonsHelp": "Isto também deve ser ativado para as bibliotecas de TV na configuração do Servidor.",
    "DisplayModeHelp": "Selecione o tipo de tela para executar o Jellyfin.",
    "DoNotRecord": "Não gravar",
    "Down": "Para baixo",
    "DrmChannelsNotImported": "Canais com DRM não serão importados.",
    "DropShadow": "Sombra",
    "EasyPasswordHelp": "Seu código pin fácil é usado para acesso off-line em clientes suportados e pode ser usado para acesso fácil dentro da rede.",
    "Edit": "Editar",
    "EditImages": "Editar imagens",
    "EditMetadata": "Editar metadados",
    "EditSubtitles": "Editar legendas",
    "EnableBackdrops": "Imagens de fundo",
    "EnableBackdropsHelp": "Imagens de fundo serão exibidas ao fundo de algumas páginas ao navegar pela biblioteca.",
    "EnableCinemaMode": "Modo cinema",
    "EnableColorCodedBackgrounds": "Cores de fundo por código",
    "EnableDisplayMirroring": "Espelhamento de tela",
    "EnableExternalVideoPlayers": "Reprodutores de vídeo externos",
    "EnableExternalVideoPlayersHelp": "Um menu do reprodutor externo será exibido ao iniciar a reprodução do vídeo.",
    "EnableHardwareEncoding": "Ativar codificação por hardware",
    "EnableNextVideoInfoOverlay": "Mostrar informações do próximo vídeo durante a reprodução",
    "EnableNextVideoInfoOverlayHelp": "Ao final de um vídeo, exibe informações sobre o próximo vídeo que está na lista de reprodução.",
    "EnablePhotos": "Exibir fotos",
    "EnablePhotosHelp": "Imagens serão detectadas e mostradas junto com outros arquivos de mídia.",
    "EnableStreamLooping": "Fazer auto-loop de streams ao vivo",
    "EnableStreamLoopingHelp": "Ativar isto se as streams ao vivo contiverem poucos segundos de dados e precisarem ser continuamente solicitadas. Ativar esta opção quando o que não é necessário pode causar problemas.",
    "EnableThemeSongs": "Músicas-tema",
    "EnableThemeSongsHelp": "Músicas-tema serão reproduzidas ao navegar pela biblioteca.",
    "EnableThemeVideos": "Músicas-tema",
    "EnableThemeVideosHelp": "Músicas-tema serão reproduzidas ao navegar pela biblioteca.",
    "Ended": "Finalizada",
    "EndsAtValue": "Termina às {0}",
    "Episodes": "Episódios",
    "ErrorAddingListingsToSchedulesDirect": "Ocorreu um erro ao adicionar a programação à sua conta da Schedules Direct. A Schedules Direct permite apenas um número limitado de programações por conta. Talvez seja necessário que você entre no website da Schedules Direct e remova outras listas de sua conta antes de prosseguir.",
    "ErrorAddingMediaPathToVirtualFolder": "Ocorreu um erro ao adicionar o local da mídia. Por favor, assegure-se que o local é valido e que o processo do Jellyfin Server tenha acesso a essa localização.",
    "ErrorAddingTunerDevice": "Ocorreu um erro ao adicionar o sintonizador. Por favor, certifique-se que esteja acessível e tente novamente.",
    "ErrorAddingXmlTvFile": "Ocorreu um erro ao acessar o arquivo XmlTV. Por favor, assegure-se que o arquivo exista e tente novamente.",
    "ErrorDeletingItem": "Ocorreu um erro ao excluir o item do Servidor Jellyfin. Por favor, verifique se o Servidor Jellyfin possui acesso de gravação na pasta de mídia e tente novamente.",
    "ErrorGettingTvLineups": "Ocorreu um erro ao fazer download da programação da TV. Por favor, certifique-se que sua informação esteja correta e tente novamente.",
    "ErrorMessageStartHourGreaterThanEnd": "A hora final deve ser maior que a hora inicial.",
    "ErrorPleaseSelectLineup": "Por favor selecione a programação e tente novamente. Se não houver programações disponíveis, verifique se o seu nome de usuário, senha e código postal estão corretos.",
    "ErrorSavingTvProvider": "Ocorreu um erro ao salvar o provedor de TV. Por favor, certifique-se que esteja acessível e tente novamente.",
    "EveryNDays": "A cada {0} dias",
    "ExitFullscreen": "Sair da tela cheia",
    "ExtraLarge": "Extra Grande",
    "ExtractChapterImagesHelp": "Extrair imagens de capítulos permitirá aos clientes exibir menus gráficos de seleção de cenas. O processo pode ser lento, demandar uso intensivo de recurso, e pode exigir bastante espaço em disco. Ele será executado quando os vídeos forem descobertos e também como uma tarefa noturna. O agendamento pode ser configurado na área de tarefas agendadas. Não é recomendado executar esta tarefa durante as horas de pico de uso.",
    "FFmpegSavePathNotFound": "Não foi possível localizar FFmpeg utilizando o caminho que você digitou. O FFprobe também é obrigatório e precisa existir na mesma pasta. Estes componentes normalmente estão juntos no mesmo download. Por favor verifique o caminho e tente novamente.",
    "FastForward": "Avanço-rápido",
    "Favorite": "Favorito",
    "Favorites": "Favoritos",
    "Features": "Recursos",
    "File": "Arquivo",
    "FileNotFound": "Arquivo não encontrado.",
    "FileReadCancelled": "A leitura do arquivo foi cancelada.",
    "FileReadError": "Ocorreu um erro ao ler o arquivo.",
    "Filters": "Filtros",
    "FolderTypeBooks": "Livros",
    "FolderTypeMovies": "Filmes",
    "FolderTypeMusic": "Música",
    "FolderTypeMusicVideos": "Clipes",
    "FolderTypeTvShows": "Séries",
    "FolderTypeUnset": "Conteúdo misto",
    "Folders": "Pastas",
    "FormatValue": "Formato: {0}",
    "Friday": "Sexta-feira",
    "Fullscreen": "Tela cheia",
    "General": "Geral",
    "GenreValue": "Gênero: {0}",
    "Genres": "Gêneros",
    "GenresValue": "Gêneros: {0}",
    "GroupBySeries": "Agrupar por séries",
    "GroupVersions": "Agrupar versões",
    "GuestStar": "Convidado Especial",
    "Guide": "Guia",
    "GuideProviderSelectListings": "Selecionar Listas",
    "H264CrfHelp": "O CRF (Constant Rate Factor) é o parâmetro padrão de qualidade para o codificador x264. Você pode definir valores entre 0 e 51, onde valores menores resultarão em melhor qualidade (ao custo de arquivos maiores). Valores sãos estão entre 18 e 28. O padrão para o x264 é 23, então você pode usar isso como um ponto de partida.",
    "H264EncodingPresetHelp": "Escolha um valor mais rápido para melhorar a performance, ou um valor mais lento para melhorar a qualidade.",
    "HDPrograms": "Programas em HD",
    "HandledByProxy": "Tratado pelo proxy reverso",
    "HardwareAccelerationWarning": "Ativar a aceleração de hardware pode causar instabilidade em alguns ambientes. Assegure-se que seu sistema operacional e drivers de vídeo estão atualizados. Se tiver dificuldades em reproduzir vídeo depois de ativar isto, deverá alterar a configuração de volta a Auto.",
    "HeaderAccessSchedule": "Agendamento de Acesso",
    "HeaderAccessScheduleHelp": "Criar um agendamento de acesso para limitar o acesso a certas horas.",
    "HeaderActiveDevices": "Dispositivos Ativos",
    "HeaderActiveRecordings": "Gravações Ativas",
    "HeaderActivity": "Atividade",
    "HeaderAddScheduledTaskTrigger": "Adicionar Disparador",
    "HeaderAddToCollection": "Adicionar à Coletânea",
    "HeaderAddToPlaylist": "Adicionar à Lista de Reprodução",
    "HeaderAddUpdateImage": "Adicionar/Atualizar Imagem",
    "HeaderAddUser": "Adicionar Usuário",
    "HeaderAdditionalParts": "Partes Adicionais",
    "HeaderAlbumArtists": "Artistas do Álbum",
    "HeaderAlbums": "Álbuns",
    "HeaderAlert": "Alerta",
    "HeaderAllowMediaDeletionFrom": "Permitir a Exclusão de Mídia de",
    "HeaderApiKey": "Chave da Api",
    "HeaderApiKeys": "Chaves da Api",
    "HeaderApiKeysHelp": "As aplicações externas precisam ter uma chave de API para se comunicar com o Servidor Jellyfin. As chaves são emitidas ao entrar com uma conta Jellyfin ou concedendo manualmente a chave à aplicação.",
    "HeaderAppearsOn": "Aparece em",
    "HeaderAudioBooks": "Livros de Áudio",
    "HeaderAudioSettings": "Ajustes de Áudio",
    "HeaderAutomaticUpdates": "Atualizações Automáticas",
    "HeaderBlockItemsWithNoRating": "Bloquear itens que não tenham informação de classificação ou que não seja reconhecida:",
    "HeaderBooks": "Livros",
    "HeaderBranding": "Marca",
    "HeaderCancelRecording": "Cancelar Gravação",
    "HeaderCancelSeries": "Cancelar Série",
    "HeaderCastAndCrew": "Elenco & Equipe",
    "HeaderCastCrew": "Elenco & Equipe",
    "HeaderChannelAccess": "Acesso ao Canal",
    "HeaderChannels": "Canais",
    "HeaderChapterImages": "Imagens do Capítulo",
    "HeaderCodecProfile": "Perfil do Codec",
    "HeaderCodecProfileHelp": "Perfis do Codec indicam as limitações de um dispositivo ao reproduzir codecs específicos. Se uma limitação ocorre, a mídia será transcodificada, mesmo se o codec estiver configurado para reprodução direta.",
    "HeaderConfigureRemoteAccess": "Configurar Acesso Remoto",
    "HeaderConfirmPluginInstallation": "Confirmar a Instalação do Plugin",
    "HeaderConfirmProfileDeletion": "Confirmar Exclusão do Perfil",
    "HeaderConfirmRevokeApiKey": "Revogar Chave da API",
    "HeaderConnectToServer": "Conectar ao Servidor",
    "HeaderConnectionFailure": "Falha na Conexão",
    "HeaderContainerProfile": "Perfil do Container",
    "HeaderContainerProfileHelp": "Perfis do Container indicam as limitações de um dispositivo ao reproduzir formatos específicos. Se uma limitação ocorre, a mídia será transcodificada, mesmo se o formato estiver configurado para reprodução direta.",
    "HeaderContinueListening": "Continuar Escutando",
    "HeaderContinueWatching": "Continuar Assistindo",
    "HeaderCustomDlnaProfiles": "Personalizar Perfis",
    "HeaderDateIssued": "Data da Emissão",
    "HeaderDefaultRecordingSettings": "Configurações Padrão de Gravações",
    "HeaderDeleteDevice": "Excluir Dispositivo",
    "HeaderDeleteItem": "Excluir item",
    "HeaderDeleteItems": "Excluir Itens",
    "HeaderDeleteProvider": "Excluir Provedor",
    "HeaderDeleteTaskTrigger": "Excluir Disparador da Tarefa",
    "HeaderDetectMyDevices": "Detectar Meus Dispositivos",
    "HeaderDeveloperInfo": "Info do desenvolvedor",
    "HeaderDeviceAccess": "Acesso ao Dispositivo",
    "HeaderDevices": "Dispositivos",
    "HeaderDirectPlayProfile": "Perfil da Reprodução Direta",
    "HeaderDirectPlayProfileHelp": "Adicionar perfis de reprodução direta que indiquem que formatos o dispositivo pode suportar nativamente.",
    "HeaderDisplay": "Exibição",
    "HeaderDownloadSync": "Download & Sincronização",
    "HeaderEasyPinCode": "Código Pin Fácil",
    "HeaderEditImages": "Editar Imagens",
    "HeaderEnabledFields": "Campos Ativados",
    "HeaderEnabledFieldsHelp": "Desmarque um campo para bloqueá-lo e evitar que seus dados sejam alterados.",
    "HeaderEpisodes": "Episódios",
    "HeaderError": "Erro",
    "HeaderExternalIds": "Ids Externos:",
    "HeaderFeatureAccess": "Acesso aos Recursos",
    "HeaderFeatures": "Recursos",
    "HeaderFetchImages": "Buscar Imagens:",
    "HeaderFetcherSettings": "Configurações dos Buscadores",
    "HeaderFilters": "Filtros",
    "HeaderForKids": "Para Crianças",
    "HeaderForgotPassword": "Esqueci a Senha",
    "HeaderFrequentlyPlayed": "Reproduzido Frequentemente",
    "HeaderGenres": "Gêneros",
    "HeaderGuideProviders": "Provedores de Dados de Guia de TV",
    "HeaderHttpHeaders": "Cabeçalhos de Http",
    "HeaderIdentification": "Identificação",
    "HeaderIdentificationCriteriaHelp": "Digite, ao menos, um critério de identificação.",
    "HeaderIdentificationHeader": "Cabeçalho de Identificação",
    "HeaderIdentifyItemHelp": "Digite um ou mais critérios de busca. Exclua o critério para aumentar os resultados da busca.",
    "HeaderImageOptions": "Opções de Imagem",
    "HeaderImageSettings": "Ajustes da Imagem",
    "HeaderInstall": "Instalar",
    "HeaderInstantMix": "Mix Instantâneo",
    "HeaderItems": "Itens",
    "HeaderKeepRecording": "Continuar Gravando",
    "HeaderKeepSeries": "Manter Série",
    "HeaderKodiMetadataHelp": "Para ativar ou desativar metadados NFO, edite uma biblioteca na configuração da Biblioteca do Jellyfin e localize a seção de gravadores de metadados.",
    "HeaderLatestEpisodes": "Episódios Recentes",
    "HeaderLatestMedia": "Mídias Recentes",
    "HeaderLatestMovies": "Filmes Recentes",
    "HeaderLatestMusic": "Músicas Recentes",
    "HeaderLatestRecordings": "Gravações Recentes",
    "HeaderLibraries": "Bibliotecas",
    "HeaderLibraryAccess": "Acesso à Biblioteca",
    "HeaderLibraryFolders": "Pastas da Biblioteca",
    "HeaderLibraryOrder": "Ordem da Biblioteca",
    "HeaderLibrarySettings": "Configurações da Biblioteca",
    "HeaderLiveTV": "TV ao Vivo",
    "HeaderLiveTv": "TV ao Vivo",
    "HeaderLiveTvTunerSetup": "Configuração do Sintonizador da TV ao Vivo",
    "HeaderLoginFailure": "Falha no Login",
    "HeaderMedia": "Mídia",
    "HeaderMediaFolders": "Pastas de Mídia",
    "HeaderMediaInfo": "Informações da Mídia",
    "HeaderMetadataSettings": "Ajustes dos Metadados",
    "HeaderMoreLikeThis": "Mais Disso",
    "HeaderMovies": "Filmes",
    "HeaderMusicQuality": "Qualidade da Música",
    "HeaderMusicVideos": "Vídeos Musicais",
    "HeaderMyDevice": "Meu Dispositivo",
    "HeaderMyMedia": "Minha Mídia",
    "HeaderMyMediaSmall": "Minha Mídia (pequeno)",
    "HeaderNewApiKey": "Nova Chave de API",
    "HeaderNewDevices": "Novos Dispositivos",
    "HeaderNextEpisodePlayingInValue": "Novo Episódio Reproduzindo em {0}",
    "HeaderNextUp": "Próximos",
    "HeaderNextVideoPlayingInValue": "Próximo Vídeo Reproduzindo em {0}",
    "HeaderOnNow": "Em Exibição",
    "HeaderOtherItems": "Outros Itens",
    "HeaderParentalRatings": "Classificações Etárias",
    "HeaderPassword": "Senha",
    "HeaderPasswordReset": "Redefinição de Senha",
    "HeaderPaths": "Locais",
    "HeaderPendingInvitations": "Convites pendentes",
    "HeaderPeople": "Pessoas",
    "HeaderPhotoAlbums": "Álbuns de Fotos",
    "HeaderPinCodeReset": "Redefinir Código Pin",
    "HeaderPlayAll": "Reproduzir Tudo",
    "HeaderPlayOn": "Reproduzir em",
    "HeaderPlayback": "Reprodução de Mídia",
    "HeaderPlaybackError": "Erro na Reprodução",
    "HeaderPleaseSignIn": "Por favor, inicie a sessão",
    "HeaderPluginInstallation": "Instalação do plugin",
    "HeaderPreferredMetadataLanguage": "Idioma Preferido dos Metadados",
    "HeaderProfile": "Perfil",
    "HeaderProfileInformation": "Informação do Perfil",
    "HeaderProfileServerSettingsHelp": "Estes valores controlam como o Servidor Jellyfin apresentará a si mesmo para o dispositivo.",
    "HeaderRecentlyPlayed": "Reproduções Recentes",
    "HeaderRecordingOptions": "Opções de Gravação",
    "HeaderRecordingPostProcessing": "Processamento Pós-Gravação",
    "HeaderRemoteControl": "Controle Remoto",
    "HeaderRemoveMediaFolder": "Excluir Pasta de Mídia",
    "HeaderRemoveMediaLocation": "Remover Localização da Mídia",
    "HeaderResponseProfile": "Perfil de Resposta",
    "HeaderResponseProfileHelp": "Perfis de resposta oferecem uma forma de personalizar a informação enviada para o dispositivo ao executar certos tipos de mídia.",
    "HeaderRestart": "Reiniciar",
    "HeaderRevisionHistory": "Histórico de Versões",
    "HeaderRunningTasks": "Tarefas em Execução",
    "HeaderScenes": "Cenas",
    "HeaderSchedule": "Agendamento",
    "HeaderSeasons": "Temporadas",
    "HeaderSecondsValue": "{0} Segundos",
    "HeaderSelectCertificatePath": "Selecione o Local do Certificado",
    "HeaderSelectMetadataPath": "Selecione o Local dos Metadados",
    "HeaderSelectMetadataPathHelp": "Localize ou digite o local que você gostaria de armazenar os metadados. A pasta deve ser gravável.",
    "HeaderSelectPath": "Selecione o Local",
    "HeaderSelectServer": "Selecionar Servidor",
    "HeaderSelectServerCachePath": "Selecione o Local do Cache do Servidor",
    "HeaderSelectServerCachePathHelp": "Localize ou digite o local para armazenar os arquivos de cache do servidor. A pasta deve permitir gravação.",
    "HeaderSelectTranscodingPath": "Selecione o Local Temporário da Transcodificação",
    "HeaderSelectTranscodingPathHelp": "Localize ou digite o local para usar para arquivos temporários de transcodificação. A pasta deve ser gravável.",
    "HeaderSendMessage": "Enviar mensagem",
    "HeaderSeries": "Séries",
    "HeaderSeriesOptions": "Opções da Série",
    "HeaderSeriesStatus": "Status das Séries",
    "HeaderServerSettings": "Ajustes do Servidor",
    "HeaderSettings": "Ajustes",
    "HeaderSetupLibrary": "Configurar suas bibliotecas de mídias",
    "HeaderShutdown": "Desligar",
    "HeaderSortBy": "Ordenar Por",
    "HeaderSortOrder": "Forma para Ordenar",
    "HeaderSpecialEpisodeInfo": "Informação do Episódio Especial",
    "HeaderSpecialFeatures": "Recursos Especiais",
    "HeaderStartNow": "Iniciar Agora",
    "HeaderStopRecording": "Parar Gravação",
    "HeaderSubtitleAppearance": "Aparência da Legenda",
    "HeaderSubtitleDownloads": "Downloads de Legendas",
    "HeaderSubtitleProfile": "Perfil da Legenda",
    "HeaderSubtitleProfiles": "Perfis da Legenda",
    "HeaderSubtitleProfilesHelp": "Perfis da legenda descrevem os formatos da legenda suportados pelo dispositivo.",
    "HeaderSystemDlnaProfiles": "Perfis do Sistema",
    "HeaderTaskTriggers": "Disparadores de Tarefa",
    "HeaderThisUserIsCurrentlyDisabled": "Este usuário está desativado atualmente",
    "HeaderTracks": "Faixas",
    "HeaderTranscodingProfile": "Perfil da Transcodificação",
    "HeaderTranscodingProfileHelp": "Adicionar perfis de transcodificação que indiquem que formatos deverão ser usados quando a transcodificação é necessária.",
    "HeaderTunerDevices": "Sintonizadores",
    "HeaderTuners": "Sintonizadores",
    "HeaderTypeImageFetchers": "{0} Buscadores de Imagem",
    "HeaderTypeText": "Digitar texto",
    "HeaderUpcomingOnTV": "Chegando na TV",
    "HeaderUploadImage": "Carregar Imagem",
    "HeaderUser": "Usuário",
    "HeaderUsers": "Usuários",
    "HeaderVideoQuality": "Qualidade do Vídeo",
    "HeaderVideoType": "Tipo de Vídeo",
    "HeaderVideoTypes": "Tipos de Vídeo",
    "HeaderVideos": "Vídeos",
    "HeaderXmlDocumentAttribute": "Atributo do Documento Xml",
    "HeaderXmlDocumentAttributes": "Atributos do Documento Xml",
    "HeaderXmlSettings": "Ajustes do Xml",
    "HeaderYears": "Anos",
    "HeadersFolders": "Pastas",
    "Help": "Ajuda",
    "Hide": "Ocultar",
    "HideWatchedContentFromLatestMedia": "Ocultar conteúdo assistido das mídias recentes",
    "Home": "Início",
    "HttpsRequiresCert": "Para ativar conexões seguras, você precisa fornecer um certificado SSL confiável, como o Lets Encrypt. Por favor, forneça um certificado ou desative as conexões seguras.",
    "Identify": "Identificar",
    "Images": "Imagens",
    "ImportFavoriteChannelsHelp": "Se ativado, apenas canais que estão marcados como favoritos no sintonizador serão importados.",
    "ImportMissingEpisodesHelp": "Se ativo, as informações dos episódios que faltam serão importadas para sua base de dados do Jellyfin e exibida dentro das temporadas e séries. Isto pode fazer com que o rastreamento da biblioteca seja mais longo.",
    "InstallingPackage": "Instalando {0}",
    "InstantMix": "Mix instântaneo",
    "ItemCount": "{0} itens",
    "Items": "itens",
    "Kids": "Crianças",
    "Label3DFormat": "Formato 3D:",
    "LabelAccessDay": "Dia da semana:",
    "LabelAccessEnd": "Hora final:",
    "LabelAccessStart": "Hora inicial:",
    "LabelAirDays": "Dias da exibição:",
    "LabelAirTime": "Horário:",
    "LabelAirsAfterSeason": "Exibido depois da temporada:",
    "LabelAirsBeforeEpisode": "Exibido antes do episódio:",
    "LabelAirsBeforeSeason": "Exibido antes da temporada:",
    "LabelAlbum": "Álbum:",
    "LabelAlbumArtHelp": "O PN usado para a capa do album, dentro do atributo dlna:profileID em upnp:albumArtURI. Alguns dispositivos requerem um valor específico, independente do tamanho da imagem.",
    "LabelAlbumArtMaxHeight": "Altura máxima da capa do álbum:",
    "LabelAlbumArtMaxHeightHelp": "Resolução máxima da capa do álbum que é exposta via upnp:albumArtURI.",
    "LabelAlbumArtMaxWidth": "Largura máxima da capa do álbum:",
    "LabelAlbumArtMaxWidthHelp": "Resolução máxima da capa do álbum que é exposta via upnp:albumArtURI.",
    "LabelAlbumArtPN": "PN da capa do álbum:",
    "LabelAlbumArtists": "Artistas do Álbum:",
    "LabelAll": "Todos",
    "LabelAllowHWTranscoding": "Permitir a transcodificação de hardware",
    "LabelAllowServerAutoRestart": "Permitir ao servidor reiniciar automaticamente para aplicar as atualizações",
    "LabelAllowServerAutoRestartHelp": "O servidor só reiniciará durante os períodos ociosos quando nenhum usuário estiver ativo.",
    "LabelAllowedRemoteAddresses": "Filtro de endereço IP remoto:",
    "LabelAllowedRemoteAddressesMode": "Modo do filtro de endereço IP remoto:",
    "LabelAppName": "Nome do app",
    "LabelAppNameExample": "Exemplo: Sickbeard, NzbDrone",
    "LabelArtists": "Artistas:",
    "LabelArtistsHelp": "Separar múltiplos usando ;",
    "LabelAudio": "Áudio:",
    "LabelAudioLanguagePreference": "Idioma do Áudio preferido para exibição:",
    "LabelAutomaticallyRefreshInternetMetadataEvery": "Atualizar os metadados automaticamente da internet:",
    "LabelBindToLocalNetworkAddress": "Vincular a um endereço de rede local:",
    "LabelBindToLocalNetworkAddressHelp": "Opcional. Sobrepor o endereço de IP local para vincular o servidor http. Se deixado em branco, o servidor será vinculado a todos os endereços disponíveis. Para alterar este valor é necessário reiniciar o Servidor Jellyfin.",
    "LabelBirthDate": "Data de nascimento:",
    "LabelBirthYear": "Ano de nascimento:",
    "LabelBlastMessageInterval": "Intervalo das mensagens de exploração (segundos)",
    "LabelBlastMessageIntervalHelp": "Determina a duração em segundos entre as mensagens de exploração enviadas pelo servidor.",
    "LabelBlockContentWithTags": "Bloquear itens com tags:",
    "LabelBurnSubtitles": "Gravar legendas:",
    "LabelCachePath": "Local do cache:",
    "LabelCachePathHelp": "Defina uma localização para os arquivos de cache como, por exemplo, imagens. Por favor, deixe em branco para usar o padrão do servidor.",
    "LabelCancelled": "Cancelado",
    "LabelCertificatePassword": "Senha do certificado:",
    "LabelCertificatePasswordHelp": "Se o seu certificado exige uma senha, por favor digite aqui.",
    "LabelChannels": "Canais:",
    "LabelCollection": "Coletânea:",
    "LabelCommunityRating": "Avaliação da comunidade:",
    "LabelContentType": "Tipo de conteúdo:",
    "LabelCountry": "País:",
    "LabelCriticRating": "Avaliação da crítica:",
    "LabelCurrentPassword": "Senha atual:",
    "LabelCustomCertificatePath": "Local do certificado ssl personalizado:",
    "LabelCustomCertificatePathHelp": "Local do arquivo PKCS #12 contendo certificado e chave privada para ativar o suporte TLS em um domínio personalizado.",
    "LabelCustomCss": "CSS personalizado:",
    "LabelCustomCssHelp": "Aplique o seu estilo personalizado para a interface web.",
    "LabelCustomDeviceDisplayName": "Nome para exibição:",
    "LabelCustomDeviceDisplayNameHelp": "Forneça um nome para exibição ou deixe em branco para usar o nome informado pelo dispositivo.",
    "LabelCustomRating": "Classificação personalizada:",
    "LabelDashboardTheme": "Tema do painel do servidor:",
    "LabelDateAdded": "Data de adição:",
    "LabelDateAddedBehavior": "Comportamento da data de adição para novo conteúdo:",
    "LabelDateAddedBehaviorHelp": "Se um valor de metadados estiver presente, ele sempre será utilizado antes destas opções.",
    "LabelDateTimeLocale": "Hora local:",
    "LabelDay": "Dia:",
    "LabelDeathDate": "Data da morte:",
    "LabelDefaultScreen": "Tela padrão:",
    "LabelDefaultUser": "Usuário padrão:",
    "LabelDefaultUserHelp": "Determina qual usuário será exibido nos dispositivos conectados. Isto pode ser ignorado para cada dispositivo usando perfis.",
    "LabelDeviceDescription": "Descrição do dispositivo",
    "LabelDidlMode": "Modo DIDL:",
    "LabelDiscNumber": "Número do disco:",
    "LabelDisplayLanguage": "Idioma para exibição:",
    "LabelDisplayLanguageHelp": "A tradução do Jellyfin é um projeto em andamento.",
    "LabelDisplayMissingEpisodesWithinSeasons": "Exibir episódios que faltam dentro das temporadas",
    "LabelDisplayMode": "Mode de exibição:",
    "LabelDisplayName": "Nome para exibição:",
    "LabelDisplayOrder": "Ordem de exibição:",
    "LabelDisplaySpecialsWithinSeasons": "Exibir especiais dentro das temporadas em que são exibidos",
    "LabelDownMixAudioScale": "Aumento do áudio ao executar downmix:",
    "LabelDownMixAudioScaleHelp": "Aumentar o áudio quando executar downmix. O valor 1 preservará o volume original.",
    "LabelDownloadLanguages": "Idiomas para download:",
    "LabelDropImageHere": "Soltar a imagem aqui, ou clicar para procurar.",
    "LabelDropShadow": "Sombra:",
    "LabelDynamicExternalId": "Id de {0}:",
    "LabelEasyPinCode": "Código pin fácil:",
    "LabelEmbedAlbumArtDidl": "Embutir a capa do álbum no Didl",
    "LabelEmbedAlbumArtDidlHelp": "Alguns dispositivos preferem este método para obter a arte do álbum. Outros podem falhar ao reproduzir com esta opção ativada.",
    "LabelEnableAutomaticPortMap": "Ativar mapeamento automático de portas",
    "LabelEnableAutomaticPortMapHelp": "Tentativa de mapear automaticamente a porta pública para a porta local através de UPnP. Isto poderá não funcionar em alguns modelos de roteadores.",
    "LabelEnableBlastAliveMessages": "Enviar mensagens de exploração",
    "LabelEnableBlastAliveMessagesHelp": "Ative esta função se o servidor não for detectado por outros dispositivos UPnP em sua rede.",
    "LabelEnableDlnaClientDiscoveryInterval": "Intervalo para descoberta do cliente (segundos)",
    "LabelEnableDlnaClientDiscoveryIntervalHelp": "Determina a duração em segundos entre buscas SSDP executadas pelo Jellyfin.",
    "LabelEnableDlnaDebugLogging": "Ativar o log de depuração de DLNA",
    "LabelEnableDlnaDebugLoggingHelp": "Criará arquivos de log grandes e só deverá ser usado para resolver um problema.",
    "LabelEnableDlnaPlayTo": "Ativar Reproduzir Em usando DLNA",
    "LabelEnableDlnaPlayToHelp": "Detecta dispositivos dentro de sua rede e oferece a possibilidade de controlá-los.",
    "LabelEnableDlnaServer": "Ativa servidor DLNA",
    "LabelEnableDlnaServerHelp": "Permite que dispositivos UPnP em sua rede naveguem e reproduzam conteúdo.",
    "LabelEnableHardwareDecodingFor": "Ativar decodificação de hardware para:",
    "LabelEnableRealtimeMonitor": "Ativar monitoramento em tempo real",
    "LabelEnableRealtimeMonitorHelp": "As alterações nos arquivos serão processadas imediatamente em sistemas de arquivos suportados.",
    "LabelEnableSingleImageInDidlLimit": "Limitar a uma imagem incorporada",
    "LabelEnableSingleImageInDidlLimitHelp": "Alguns dispositivos não interpretarão apropriadamente se múltiplas imagens estiverem incorporadas dentro do Didl.",
    "LabelEndDate": "Data final:",
    "LabelEpisodeNumber": "Número do episódio:",
    "LabelEvent": "Evento:",
    "LabelEveryXMinutes": "A cada:",
    "LabelExtractChaptersDuringLibraryScan": "Extrair imagens dos capítulos durante o rastreamento da biblioteca",
    "LabelExtractChaptersDuringLibraryScanHelp": "Gera as imagens dos capítulos quando os vídeos forem importados durante o rastreamento da biblioteca. De outra forma, elas serão extraídas durante a tarefa agendada de imagens dos capítulos, permitindo que a tarefa de rastreamento da biblioteca seja mais rápida.",
    "LabelFailed": "Falhou",
    "LabelFileOrUrl": "Arquivo ou URL:",
    "LabelFinish": "Finalizar",
    "LabelFont": "Fonte:",
    "LabelForgotPasswordUsernameHelp": "Digite o nome de seu usuário, se lembrar.",
    "LabelFormat": "Formato:",
    "LabelFriendlyName": "Nome amigável:",
    "LabelServerNameHelp": "Este nome será usado para identificar o servidor e por padrão o nome do computador será usado.",
    "LabelGroupMoviesIntoCollections": "Agrupar filmes em coletâneas",
    "LabelGroupMoviesIntoCollectionsHelp": "Ao exibir listas de filmes, filmes que pertençam a uma coletânea serão exibidos como um único item agrupado.",
    "LabelH264Crf": "CRF de codificação H264:",
    "LabelH264EncodingPreset": "Preset de codificação H264:",
    "LabelHardwareAccelerationType": "Aceleração de hardware:",
    "LabelHardwareAccelerationTypeHelp": "Esta é uma função experimental disponível apenas em sistemas suportados.",
    "LabelHomeNetworkQuality": "Qualidade da rede local:",
    "LabelHomeScreenSectionValue": "Seção {0} da tela de Início:",
    "LabelHttpsPort": "Número da porta local de HTTPS:",
    "LabelHttpsPortHelp": "O número da porta TCP que o servidor https do Jellyfin deveria se conectar.",
    "LabelIconMaxHeight": "Altura máxima do ícone:",
    "LabelIconMaxHeightHelp": "Resolução máxima do ícone que é exposto via upnp:icon.",
    "LabelIconMaxWidth": "Largura máxima do ícone:",
    "LabelIconMaxWidthHelp": "Resolução máxima do ícone que é exposto via upnp:icon.",
    "LabelIdentificationFieldHelp": "Uma substring ou expressão regex que não diferencia maiúscula de minúsculas.",
    "LabelImageFetchersHelp": "Ative e classifique por ordem de prioridade seus buscadores de imagem preferidos.",
    "LabelImageType": "Tipo de imagem:",
    "LabelImportOnlyFavoriteChannels": "Restringir a canais marcados como favoritos",
    "LabelInNetworkSignInWithEasyPassword": "Ativar acesso dentro da rede com meu código pin fácil",
    "LabelInNetworkSignInWithEasyPasswordHelp": "Use o código pin fácil para entrar nos clientes dentro de sua rede local. Sua senha normal só será necessária fora de sua casa. Se o código pin for deixado em branco, não será necessária uma senha dentro de sua rede doméstica.",
    "LabelInternetQuality": "Qualidade da internet:",
    "LabelKeepUpTo": "Manter até:",
    "LabelKidsCategories": "Categorias para crianças:",
    "LabelKodiMetadataDateFormat": "Formato da data de lançamento:",
    "LabelKodiMetadataDateFormatHelp": "Todas as datas dentro dos NFO's serão analisadas usando este formato.",
    "LabelKodiMetadataEnableExtraThumbs": "Copiar extrafanart para campo de extrathumbs",
    "LabelKodiMetadataEnableExtraThumbsHelp": "Ao fazer download das imagens, elas podem ser salvas em ambas extrafanart e extrathumbs para uma maior compatibilidade com as skins do Kodi.",
    "LabelKodiMetadataEnablePathSubstitution": "Ativar substituição de local",
    "LabelKodiMetadataEnablePathSubstitutionHelp": "Ativa a substituição do local das imagens usando as opções de substituição de caminho no servidor.",
    "LabelKodiMetadataSaveImagePaths": "Salvar o local das imagens dentro dos arquivos nfo's",
    "LabelKodiMetadataSaveImagePathsHelp": "Esta opção é recomendada se você tiver nomes de arquivos de imagem que não estão de acordo às recomendações do Kodi.",
    "LabelKodiMetadataUser": "Salvar informações do que o usuário assiste aos NFO's para:",
    "LabelKodiMetadataUserHelp": "Salvar os dados para arquivos NFO para que outras aplicações possam usar.",
    "LabelLanNetworks": "Redes LAN:",
    "LabelLanguage": "Idioma:",
    "LabelLineup": "Programação:",
    "LabelLocalHttpServerPortNumber": "Número da porta local de HTTP:",
    "LabelLocalHttpServerPortNumberHelp": "O número da porta TCP que o servidor HTTP do Jellyfin deveria se conectar.",
    "LabelLockItemToPreventChanges": "Bloquear este item para evitar alterações futuras",
    "LabelLoginDisclaimer": "Aviso legal no login:",
    "LabelLoginDisclaimerHelp": "Um aviso será exibido na parte inferior da página de login.",
    "LabelManufacturer": "Fabricante",
    "LabelManufacturerUrl": "URL do fabricante",
    "LabelMatchType": "Tipo de correspondência:",
    "LabelMaxBackdropsPerItem": "Número máximo de imagens de fundo por item:",
    "LabelMaxChromecastBitrate": "Qualidade para streaming do chromecast:",
    "LabelMaxParentalRating": "Classificação etária máxima permitida:",
    "LabelMaxResumePercentage": "Porcentagem máxima para retomar:",
    "LabelMaxResumePercentageHelp": "Títulos são considerados totalmente assistidos se parados depois deste tempo.",
    "LabelMaxScreenshotsPerItem": "Número máximo de imagens de tela por item:",
    "LabelMaxStreamingBitrate": "Qualidade máxima para streaming:",
    "LabelMaxStreamingBitrateHelp": "Defina uma taxa máxima para fazer streaming.",
    "LabelMessageText": "Texto da mensagem:",
    "LabelMessageTitle": "Título da mensagem:",
    "LabelMetadata": "Metadados:",
    "LabelMetadataDownloadLanguage": "Idioma preferido para download:",
    "LabelMetadataDownloadersHelp": "Ative e classifique por ordem de prioridade seus downloaders de metadados preferidos. Downloaders com prioridade mais baixa só serão usados para baixar informações que ainda não existam.",
    "LabelMetadataPath": "Local dos Metadados:",
    "LabelMetadataPathHelp": "Defina um local personalizado para artwork e metadados baixados.",
    "LabelMetadataReaders": "Leitores de metadados:",
    "LabelMetadataReadersHelp": "Classifique por ordem de prioridade suas fontes de metadados locais preferidas. O primeiro arquivo encontrado será lido.",
    "LabelMetadataSavers": "Gravadores de metadados:",
    "LabelMetadataSaversHelp": "Escolha os formatos de arquivos nos quais deseja gravar seus metadados.",
    "LabelMethod": "Método:",
    "LabelMinBackdropDownloadWidth": "Tamanho mínimo da imagem de fundo para download:",
    "LabelMinResumeDuration": "Duração mínima para retomar (segundos):",
    "LabelMinResumeDurationHelp": "Títulos mais curtos que isto não poderão ser retomados.",
    "LabelMinResumePercentage": "Porcentagem mínima para retomar:",
    "LabelMinResumePercentageHelp": "Títulos são considerados como não assistidos se parados antes deste tempo.",
    "LabelMinScreenshotDownloadWidth": "Tamanho mínimo da imagem de tela para download:",
    "LabelModelDescription": "Descrição do modelo",
    "LabelModelName": "Nome do modelo",
    "LabelModelNumber": "Número do modelo",
    "LabelModelUrl": "URL do modelo",
    "LabelMonitorUsers": "Monitorar atividade de:",
    "LabelMovieCategories": "Categorias de filmes:",
    "LabelMoviePrefix": "Prefixo dos filmes:",
    "LabelMoviePrefixHelp": "Se os títulos dos filmes devem ter um prefixo, digite-o aqui para que o servidor possa usá-lo corretamente.",
    "LabelMovieRecordingPath": "Local de gravação de filme (opcional):",
    "LabelMusicStreamingTranscodingBitrate": "Taxa de transcodificação das músicas:",
    "LabelMusicStreamingTranscodingBitrateHelp": "Defina a taxa máxima ao fazer streaming das músicas",
    "LabelName": "Nome:",
    "LabelNewName": "Novo nome:",
    "LabelNewPassword": "Nova senha:",
    "LabelNewPasswordConfirm": "Confirmar nova senha:",
    "LabelNewsCategories": "Novas categorias:",
    "LabelNext": "Próximo",
    "LabelNotificationEnabled": "Ativar esta notificação",
    "LabelNumber": "Número:",
    "LabelNumberOfGuideDays": "Número de dias de dados do guia para download:",
    "LabelNumberOfGuideDaysHelp": "Fazer download de mais dias de dados do guia permite agendar com mais antecedência e ver mais itens, mas também levará mais tempo para o download. Auto escolherá com base no número de canais.",
    "LabelOptionalNetworkPath": "(Opcional) Caminho de rede compartilhado:",
    "LabelOptionalNetworkPathHelp": "Se esta pasta estiver compartilhada em sua rede, prover o caminho de rede do compartilhamento permitirá que apps Jellyfin em outros dispositivos acessem mídias diretamente.",
    "LabelOriginalAspectRatio": "Proporção da imagem original:",
    "LabelOriginalTitle": "Título original:",
    "LabelOverview": "Sinopse:",
    "LabelParentNumber": "Número do superior:",
    "LabelParentalRating": "Classificação etária:",
    "LabelPassword": "Senha:",
    "LabelPasswordConfirm": "Senha (confirmar):",
    "LabelPasswordRecoveryPinCode": "Código pin:",
    "LabelPath": "Local:",
    "LabelPersonRole": "Personagem:",
    "LabelPersonRoleHelp": "Exemplo: motorista do carrinho de sorvete",
    "LabelPlaceOfBirth": "Local de nascimento:",
    "LabelPlayDefaultAudioTrack": "Reproduzir a faixa de áudio padrão, independente do idioma",
    "LabelPlaylist": "Lista de Reprodução:",
    "LabelPostProcessor": "Aplicação de Pós-processamento:",
    "LabelPostProcessorArguments": "Argumentos de linha de comando do Pós-processador:",
    "LabelPostProcessorArgumentsHelp": "Usar {path} como a localização do arquivo de gravação.",
    "LabelPreferredDisplayLanguage": "Idioma preferido para exibição:",
    "LabelPreferredDisplayLanguageHelp": "A tradução do Jellyfin é um projeto contínuo.",
    "LabelPreferredSubtitleLanguage": "Idioma de legendas preferido:",
    "LabelPrevious": "Anterior",
    "LabelProfileAudioCodecs": "Codecs de áudio:",
    "LabelProfileCodecsHelp": "Separados por vírgula. Pode ser deixado em branco para usar com todos os codecs.",
    "LabelProfileContainersHelp": "Separados por vírgula. Pode ser deixado em branco para usar com todos os containers.",
    "LabelProfileVideoCodecs": "Codecs de vídeo:",
    "LabelProtocol": "Protocolo:",
    "LabelProtocolInfo": "Informação do protocolo:",
    "LabelProtocolInfoHelp": "O valor que será usado ao responder os pedidos GetProtocolInfo do dispositivo.",
    "LabelPublicHttpPort": "Número da porta pública de HTTP:",
    "LabelPublicHttpPortHelp": "O número da porta pública que deverá ser mapeada para a porta local de HTTP.",
    "LabelPublicHttpsPort": "Número da porta pública de HTTPS:",
    "LabelPublicHttpsPortHelp": "O número da porta pública que deverá ser mapeada para a porta local de HTTPS.",
    "LabelReadHowYouCanContribute": "Aprenda como você pode contribuir.",
    "LabelReasonForTranscoding": "Motivo da transcodificação:",
    "LabelRecord": "Gravar:",
    "LabelRecordingPath": "Local de gravação padrão:",
    "LabelRecordingPathHelp": "Defina o local padrão para salvar as gravações. Se ficar em branco, a pasta de dados do programa do servidor será usada.",
    "LabelRefreshMode": "Mode de atualização:",
    "LabelReleaseDate": "Data do lançamento:",
    "LabelRemoteClientBitrateLimit": "Limite de taxa de bits para streaming da Internet (Mbps):",
    "LabelRemoteClientBitrateLimitHelp": "Um limite opcional da taxa de bits por-stream para todos os dispositivos fora da rede. Esta opção é útil para evitar que os dispositivos demandem uma taxa de bits maior que a permitida pela sua conexão. Isto pode causar um aumento na carga da CPU de seu servidor para que possa transcodificar os vídeos em tempo real para uma taxa mais baixa.",
    "LabelRuntimeMinutes": "Duração (minutos):",
    "LabelSaveLocalMetadata": "Salvar imagens dentro das pastas da mídia",
    "LabelSaveLocalMetadataHelp": "Salvar imagens diretamente nas pastas da mídia as deixará em um local fácil para editá-las.",
    "LabelScheduledTaskLastRan": "Última execução {0}, demorando {1}.",
    "LabelScreensaver": "Protetor de Tela:",
    "LabelSeasonNumber": "Número da temporada:",
    "LabelSecureConnectionsMode": "Modo de conexão segura:",
    "LabelSelectFolderGroups": "Agrupar automaticamente o conteúdo das seguintes pastas dentro das visualizações como Filmes, Músicas e TV:",
    "LabelSelectFolderGroupsHelp": "Pastas que não estão marcadas serão exibidas em sua própria visualização.",
    "LabelSelectUsers": "Selecionar usuários:",
    "LabelSelectVersionToInstall": "Selecione a versão para instalar:",
    "LabelSendNotificationToUsers": "Enviar notificação para:",
    "LabelSerialNumber": "Número de série",
    "LabelSeriesRecordingPath": "Local de gravação de séries (opcional):",
    "LabelServerHost": "Servidor:",
    "LabelServerHostHelp": "192.168.1.100:8096 ou https://meuservidor.com",
    "LabelSimultaneousConnectionLimit": "Limite de stream simultâneo:",
    "LabelSkipBackLength": "Tamanho do intervalo para retroceder:",
    "LabelSkipForwardLength": "Tamanho do intervalo para avançar:",
    "LabelSkipIfAudioTrackPresent": "Ignorar se a faixa de áudio padrão coincidir com o idioma de download",
    "LabelSkipIfAudioTrackPresentHelp": "Desmarque esta opção para garantir que todos os vídeos têm legendas, independente do idioma do áudio.",
    "LabelSkipIfGraphicalSubsPresent": "Ignorar se o vídeo já possuir legendas embutidas",
    "LabelSkipIfGraphicalSubsPresentHelp": "Manter versões das legendas em texto resultará em uma entrega mais eficiente e diminuirá a necessidade de transcodificação do vídeo.",
    "LabelSonyAggregationFlags": "Flags de agregação da Sony:",
    "LabelSonyAggregationFlagsHelp": "Determina o conteúdo do elemento aggregationFlags no namespace urn:schemas-sonycom:av.",
    "LabelSortBy": "Classificar por:",
    "LabelSortOrder": "Forma de classificar:",
    "LabelSortTitle": "Título para ordenação:",
    "LabelSoundEffects": "Efeitos sonoros:",
    "LabelSource": "Fonte:",
    "LabelSpecialSeasonsDisplayName": "Nome de exibição da temporada especial:",
    "LabelSportsCategories": "Categorias de Esportes:",
    "LabelStartWhenPossible": "Iniciar quando possível:",
    "LabelStopWhenPossible": "Parar quando possível:",
    "LabelStopping": "Parando",
    "LabelSubtitleDownloaders": "Downloaders de legendas:",
    "LabelSubtitleFormatHelp": "Exemplo: srt",
    "LabelSubtitlePlaybackMode": "Modo de legendas:",
    "LabelSubtitles": "Legendas:",
    "LabelSupportedMediaTypes": "Tipos de Mídia Suportados:",
    "LabelTVHomeScreen": "Tela início do modo TV:",
    "LabelTagline": "Slogan:",
    "LabelTextBackgroundColor": "Cor de fundo do texto:",
    "LabelTextColor": "Cor do texto:",
    "LabelTextSize": "Tamanho do texto:",
    "LabelTheme": "Tema:",
    "LabelTime": "Hora:",
    "LabelTimeLimitHours": "Limite de tempo (horas):",
    "LabelTitle": "Título:",
    "LabelTrackNumber": "Número da faixa:",
    "LabelTranscodingAudioCodec": "Codec do Áudio:",
    "LabelTranscodingTempPathHelp": "Especifique um local personalizado para os arquivos do transcoder mandado para os clientes. Deixe em branco para usar o padrão do servidor.",
    "LabelTranscodingThreadCount": "Contagem de threads da transcodificação:",
    "LabelTranscodingThreadCountHelp": "Selecione o número máximo de threads a ser usado quando transcodificar. Reduzir o número de threads irá diminuir o uso da CPU, mas pode não converter rápido o suficiente para uma experiência de reprodução suave.",
    "LabelTranscodingVideoCodec": "Codec do vídeo:",
    "LabelTriggerType": "Tipo de Disparador:",
    "LabelTunerIpAddress": "Endereço IP do Sintonizador:",
    "LabelTunerType": "Tipo do sintonizador:",
    "LabelType": "Tipo:",
    "LabelTypeMetadataDownloaders": "{0} downloaders de metadados:",
    "LabelTypeText": "Texto",
    "LabelUseNotificationServices": "Usar os seguintes serviços:",
    "LabelUser": "Usuário:",
    "LabelUserAgent": "Agente do usuário:",
    "LabelUserLibrary": "Biblioteca do usuário:",
    "LabelUserLibraryHelp": "Selecione qual biblioteca de usuário será exibida no dispositivo. Deixe em branco para usar a configuração padrão.",
    "LabelUserRemoteClientBitrateLimitHelp": "Sobreescreverá o valor global padrão definido nas configurações de reprodução no servidor.",
    "LabelUsername": "Nome do Usuário:",
    "LabelVaapiDevice": "Dispositivo VA API:",
    "LabelVaapiDeviceHelp": "Este é o nó de renderização utilizado para aceleração via hardware.",
    "LabelValue": "Valor:",
    "LabelVersion": "Versão:",
    "LabelVersionInstalled": "{0} instalado",
    "LabelVersionNumber": "Versão {0}",
    "LabelVideo": "Vídeo:",
    "LabelXDlnaCapHelp": "Determina o conteúdo do elemento X_DLNACAP no namespace urn:schemas-dlna-org:device-1-0.",
    "LabelXDlnaDocHelp": "Determina o conteúdo do elemento X_DLNADOC no namespace urn:schemas-dlna-org:device-1-0.",
    "LabelYear": "Ano:",
    "LabelYourFirstName": "Seu primeiro nome:",
    "LabelYoureDone": "Pronto!",
    "LabelZipCode": "CEP:",
    "LabelffmpegPath": "Local do FFmpeg:",
    "LabelffmpegPathHelp": "O local para sua aplicação ffmpeg, ou pasta contendo ffmpeg.",
    "LanNetworksHelp": "Lista separada por vírgula de endereços IP ou entradas IP/máscara de rede para redes que serão consideradas como redes locais ao forçar restrições de banda. Se definida, todos os outros endereços  IP serão considerados como estando em uma rede externa e estarão sujeitos a restrições de banda externa. Se deixada em branco, apenas a sub-rede do servidor é considerada como rede local.",
    "Large": "Grande",
    "LatestFromLibrary": "Mais Recentes {0}",
    "LearnHowYouCanContribute": "Saiba como você pode contribuir.",
    "LibraryAccessHelp": "Selecione as bibliotecas para compartilhar com este usuário. Administradores poderão editar todas as pastas usando o gerenciador de metadados.",
    "Like": "Curti",
    "List": "Lista",
    "Live": "Ao vivo",
    "LiveBroadcasts": "Broadcasts ao vivo",
    "LiveTV": "TV ao Vivo",
    "ManageLibrary": "Gerenciar biblioteca",
    "ManageRecording": "Gerenciar gravação",
    "MapChannels": "Mapear Canais",
    "MarkPlayed": "Marcar como assistido",
    "MarkUnplayed": "Marcar como não assistido",
    "MaxParentalRatingHelp": "Conteúdo com classificação maior será ocultado do usuário.",
    "MediaInfoAnamorphic": "Anamórfico",
    "MediaInfoAspectRatio": "Proporção da imagem",
    "MediaInfoBitDepth": "Bit da imagem",
    "MediaInfoBitrate": "Taxa",
    "MediaInfoChannels": "Canais",
    "MediaInfoCodecTag": "Tag do Codec",
    "MediaInfoContainer": "Recipiente",
    "MediaInfoDefault": "Padrão",
    "MediaInfoExternal": "Externa",
    "MediaInfoForced": "Forçada",
    "MediaInfoInterlaced": "Entrelaçado",
    "MediaInfoLanguage": "Idioma",
    "MediaInfoLevel": "Nível",
    "MediaInfoPath": "Local",
    "MediaInfoPixelFormat": "Formato do pixel",
    "MediaInfoProfile": "Perfil",
    "MediaInfoRefFrames": "Quadros de referência",
    "MediaInfoResolution": "Resolução",
    "MediaInfoSampleRate": "Taxa da amostra",
    "MediaInfoSize": "Tamanho",
    "MediaInfoTimestamp": "Data e hora",
    "MediaIsBeingConverted": "A mídia está sendo convertida para um formato que é compatível com o dispositivo que reproduz a mídia.",
    "MessageAlreadyInstalled": "Esta versão já está instalada.",
    "MessageAreYouSureDeleteSubtitles": "Deseja realmente excluir este arquivo de legendas?",
    "MessageAreYouSureYouWishToRemoveMediaFolder": "Deseja realmente excluir esta pasta de mídia?",
    "MessageConfirmDeleteGuideProvider": "Deseja realmente excluir este provedor do guia?",
    "MessageConfirmDeleteTunerDevice": "Deseja realmente excluir este dispositivo?",
    "MessageConfirmProfileDeletion": "Deseja realmente excluir este perfil?",
    "MessageConfirmRecordingCancellation": "Cancelar gravação?",
    "MessageConfirmRemoveMediaLocation": "Deseja realmente remover esta localização?",
    "MessageConfirmRestart": "Deseja realmente reiniciar o Servidor Jellyfin?",
    "MessageConfirmRevokeApiKey": "Deseja realmente revogar esta chave de api? A conexão da aplicação com o Servidor Jellyfin será abruptamente encerrada.",
    "MessageConfirmShutdown": "Deseja realmente desligar o Servidor ?",
    "MessageContactAdminToResetPassword": "Por favor, contate o administrador do sistema para redefinir sua senha.",
    "MessageCreateAccountAt": "Criar uma conta em {0}",
    "MessageDeleteTaskTrigger": "Deseja realmente excluir este disparador de tarefa?",
    "MessageDirectoryPickerBSDInstruction": "Para BSD, você precisará configurar o storage dentro de seu Jail do FreeNAS para permitir que o Jellyfin tenha acesso a ele.",
    "MessageDirectoryPickerInstruction": "Os locais de rede podem ser digitados manualmente caso o botão de Rede não consiga localizar seus dispositivos. Por exemplo, {0} ou {1}.",
    "MessageDirectoryPickerLinuxInstruction": "Para Linux no Arch Linux, CentOS, Debian, Fedora, OpenSuse ou Ubuntu, você deve permitir que o usuário do serviço tenha ao menos acesso de leitura no seu armazenamento.",
    "MessageDownloadQueued": "Download enfileirado.",
    "MessageEnablingOptionLongerScans": "Ativar esta opção pode resultar em rastreamentos de biblioteca significativamente mais demorados.",
    "MessageFileReadError": "Ocorreu um erro ao ler o arquivo. Por favor, tente novamente.",
    "MessageForgotPasswordFileCreated": "O seguinte arquivo foi criado no seu servidor e contém instruções de como proceder:",
    "MessageForgotPasswordInNetworkRequired": "Por favor, tente novamente dentro da rede de sua casa para iniciar o processo para redefinir a senha.",
    "MessageInstallPluginFromApp": "Este plugin deve ser instalado de dentro do app em que deseja usá-lo.",
    "MessageInvalidForgotPasswordPin": "Foi digitado um código PIN inválido ou expirado. Por favor, tente novamente.",
    "MessageInvalidUser": "Nome de usuário ou senha inválidos. Por favor, tente novamente.",
    "MessageItemSaved": "Item salvo.",
    "MessageItemsAdded": "Itens adicionados.",
    "MessageLeaveEmptyToInherit": "Deixar em branco para herdar os ajustes de um item superior, ou o valor padrão global.",
    "MessageNoAvailablePlugins": "Não existem plugins disponíveis.",
    "MessageNoMovieSuggestionsAvailable": "Não existem sugestões de filmes disponíveis atualmente. Comece por assistir e avaliar seus filmes e, então, volte para verificar suas recomendações.",
    "MessageNoPluginsInstalled": "Você não possui plugins instalados.",
    "MessageNoTrailersFound": "Nenhum trailer encontrado. Instale o canal Trailer para melhorar sua experiência com filmes, adicionando uma biblioteca de trailers da internet.",
    "MessageNothingHere": "Nada aqui.",
    "MessagePasswordResetForUsers": "As senhas foram removidas dos seguintes usuários. Para entrar, eles devem acessar com o código pin usado para fazer a redefinição de senha.",
    "MessagePlayAccessRestricted": "A reprodução para este conteúdo está restrita. Por favor, contate o administrador do Servidor para mais informações.",
    "MessagePleaseEnsureInternetMetadata": "Por favor, certifique-se que o download de metadados da internet está habilitado.",
    "MessagePleaseWait": "Por favor, aguarde. Isto pode demorar um pouco.",
    "MessagePluginConfigurationRequiresLocalAccess": "Para configurar este plugin, por favor entre em seu servidor local diretamente.",
    "MessagePluginInstallDisclaimer": "Plugins feitos por membros da comunidade Jellyfin são uma grande forma de melhorar sua experiência Jellyfin com funcionalidades e benefícios adicionais. Antes de instalar, por favor certifique-se de conhecer os efeitos que podem causar no seu Servidor Jellyfin, tais como, rastreamentos da biblioreca mais longos, processamento adicional e diminuição na estabilidade do sistema.",
    "MessageReenableUser": "Veja abaixo para reativar",
    "MessageSettingsSaved": "Ajustes salvos.",
    "MessageTheFollowingLocationWillBeRemovedFromLibrary": "As localizações de mídia abaixo serão excluídas de sua biblioteca:",
    "MessageUnableToConnectToServer": "Não foi possível conectar ao servidor selecionado. Por favor, certifique-se que esteja sendo executado e tente novamente.",
    "MessageUnsetContentHelp": "O conteúdo será exibido em pastas simples. Para melhor resultado, use o gerenciador de metadados para definir os tipos de conteúdo das sub-pastas.",
    "MessageYouHaveVersionInstalled": "Você possui a versão {0} instalada.",
    "Metadata": "Metadados",
    "MetadataManager": "Gerenciador de Metadados",
    "MetadataSettingChangeHelp": "Alterar as definições dos metadados afetará o novo conteúdo que será adicionado. Para atualizar o conteúdo existente, abra a tela de detalhes e clique no botão atualizar ou execute atualizações em bloco usando o gerenciador de metadados.",
    "MinutesAfter": "minutos após",
    "MinutesBefore": "minutos antes de",
    "Mobile": "Celular",
    "Monday": "Segunda-feira",
    "MoreFromValue": "Mais de {0}",
    "MoreUsersCanBeAddedLater": "Mais usuários poderão ser adicionados depois dentro do Painel.",
    "MoveLeft": "Mover para esquerda",
    "MoveRight": "Mover para direita",
    "MovieLibraryHelp": "Verifique o {0}guia de nomes de filmes{1}.",
    "Movies": "Filmes",
    "Mute": "Mudo",
    "MySubtitles": "Minhas Legendas",
    "Name": "Nome",
    "Never": "Nunca",
    "NewCollection": "Nova Coletânea",
    "NewCollectionHelp": "Coletâneas permitem que você crie grupos personalizados de filmes e outros conteúdos da biblioteca.",
    "NewCollectionNameExample": "Exemplo: Coletânea Star Wars",
    "NewEpisodes": "Novos episódios",
    "NewEpisodesOnly": "Apenas novos episódios",
    "News": "Notícias",
    "Next": "Próximo",
    "NextUp": "Próximo",
    "No": "Não",
    "NoNewDevicesFound": "Nenhum dispositivo novo encontrado. Para adicionar um novo sintonizador, feche esta mensagem e digite as informações do dispositivo manualmente.",
    "NoNextUpItemsMessage": "Nenhum encontrado. Comece a assistir suas séries!",
    "NoPluginConfigurationMessage": "Este plugin não tem ajustes para configurar.",
    "NoSubtitleSearchResultsFound": "Nenhum resultado encontrado.",
    "NoSubtitles": "Sem Legenda",
    "NoSubtitlesHelp": "Legendas não serão carregadas por padrão. Elas podem ser carregadas manualmente durante a reprodução.",
    "None": "Nenhum(a)",
    "NumLocationsValue": "{0} pastas",
    "Off": "Desligado",
    "OneChannel": "Um canal",
    "OnlyForcedSubtitles": "Apenas legendas forçadas",
    "OnlyForcedSubtitlesHelp": "Apenas legendas marcadas como forçadas serão carregadas.",
    "OnlyImageFormats": "Apenas formatos de imagens (VOBSUB, PGS, SUB, etc.)",
    "OptionAdminUsers": "Administradores",
    "OptionAlbum": "Álbum",
    "OptionAlbumArtist": "Artista do Álbum",
    "OptionAllUsers": "Todos os usuários",
    "OptionAllowAudioPlaybackTranscoding": "Permitir reprodução de áudio que necessite de transcodificação",
    "OptionAllowBrowsingLiveTv": "Permitir acesso à TV ao Vivo",
    "OptionAllowContentDownloading": "Permitir download e sincronização de mídia",
    "OptionAllowLinkSharing": "Permitir compartilhamento com mídia social",
    "OptionAllowLinkSharingHelp": "Apenas páginas web que contenham informações de mídia são compartilhadas. Arquivos de mídia nunca são compartilhados publicamente. Os compartilhamentos têm um limite de tempo e expiram depois de {0} dias.",
    "OptionAllowManageLiveTv": "Permitir gerenciamento de gravações da TV ao Vivo",
    "OptionAllowMediaPlayback": "Permitir reprodução de mídia",
    "OptionAllowMediaPlaybackTranscodingHelp": "Restringir acesso à transcodificação pode ocasionar falhas na reprodução nas apps Jellyfin devido a formatos de mídias não suportados.",
    "OptionAllowRemoteControlOthers": "Permitir controle remoto de outros usuários",
    "OptionAllowRemoteSharedDevices": "Permitir controle remoto de dispositivos compartilhados",
    "OptionAllowRemoteSharedDevicesHelp": "Dispositivos dlna são considerados compartilhados até que um usuário comece a controlá-lo.",
    "OptionAllowSyncTranscoding": "Permitir download e sincronização de mídia que necessite de transcodificação",
    "OptionAllowUserToManageServer": "Permitir a este usuário administrar o servidor",
    "OptionAllowVideoPlaybackRemuxing": "Permitir reprodução de vídeos que requeiram conversão sem re-encodação",
    "OptionAllowVideoPlaybackTranscoding": "Permitir reprodução de vídeo que necessite de transcodificação",
    "OptionArtist": "Artista",
    "OptionAscending": "Crescente",
    "OptionAutomaticallyGroupSeries": "Reunir automaticamente séries que estejam espalhadas por múltiplas pastas",
    "OptionAutomaticallyGroupSeriesHelp": "Se ativado, séries que estiverem espalhadas por múltiplas pastas dentro desta biblioteca serão automaticamente reunidas em uma mesma série.",
    "OptionBlockBooks": "Livros",
    "OptionBlockChannelContent": "Conteúdo do Canal de Internet",
    "OptionBlockLiveTvChannels": "Canais de TV ao vivo",
    "OptionBlockMovies": "Filmes",
    "OptionBlockMusic": "Música",
    "OptionBlockTvShows": "Séries",
    "OptionCommunityRating": "Avaliação da Comunidade",
    "OptionContinuing": "Em Exibição",
    "OptionCriticRating": "Avaliação da Crítica",
    "OptionCustomUsers": "Personalizado",
    "OptionDaily": "Diário",
    "OptionDateAdded": "Data da Adição",
    "OptionDateAddedFileTime": "Usar a data de criação do arquivo",
    "OptionDateAddedImportTime": "Usar a data obtida na biblioteca",
    "OptionDatePlayed": "Data da Reprodução",
    "OptionDescending": "Decrescente",
    "OptionDisableUser": "Desativar este usuário",
    "OptionDisableUserHelp": "Se estiver desativado o servidor não permitirá nenhuma conexão deste usuário. Conexões existentes serão abruptamente terminadas.",
    "OptionDislikes": "Não Curtidas",
    "OptionDisplayFolderView": "Exibir uma visualização de pasta para mostrar pastas de mídias",
    "OptionDisplayFolderViewHelp": "Exibirá Pastas ao lado suas outras biblioteca de mídia. Isto pode ser útil se quiser uma visualização por pasta.",
    "OptionDownloadArtImage": "Arte",
    "OptionDownloadBackImage": "Traseira",
    "OptionDownloadBoxImage": "Caixa",
    "OptionDownloadDiscImage": "Disco",
    "OptionDownloadImagesInAdvance": "Fazer download das imagens antecipadamente",
    "OptionDownloadImagesInAdvanceHelp": "Por padrão, a maioria das imagens são baixadas só quando um app Jellyfin solicita. Ativar esta opção fará download de todas as imagens atencipadamente, assim que novas mídias são importadas. Isto pode ocasionar um tempo maior para rastrear a biblioteca.",
    "OptionDownloadPrimaryImage": "Capa",
    "OptionDownloadThumbImage": "Ícone",
    "OptionDvd": "DVD",
    "OptionEmbedSubtitles": "Incorporar no recipiente",
    "OptionEnableAccessFromAllDevices": "Ativar o acesso de todos os dispositivos",
    "OptionEnableAccessToAllChannels": "Ativar o acesso a todos os canais",
    "OptionEnableAccessToAllLibraries": "Ativar o acesso a todas as bibliotecas",
    "OptionEnableAutomaticServerUpdates": "Ativar as atualizações automáticas do servidor",
    "OptionEnableExternalContentInSuggestions": "Habilitar conteúdo externo em sugestões",
    "OptionEnableExternalContentInSuggestionsHelp": "Permitir que trailers de internet e TV ao vivo sejam incluídos em conteúdos sugeridos.",
    "OptionEnableForAllTuners": "Ativar para todos os sintonizadores",
    "OptionEnableM2tsMode": "Ativar modo M2ts",
    "OptionEnableM2tsModeHelp": "Ative o modo m2ts quando codificar para mpegts.",
    "OptionEnded": "Finalizada",
    "OptionEquals": "Igual",
    "OptionEstimateContentLength": "Estimar o tamanho do conteúdo quando transcodificar",
    "OptionEveryday": "Todos os dias",
    "OptionExternallyDownloaded": "Download Externo",
    "OptionExtractChapterImage": "Habilitar extração de imagens de capítulos",
    "OptionFavorite": "Favoritos",
    "OptionFriday": "Sexta-feira",
    "OptionHasSpecialFeatures": "Recursos Especiais",
    "OptionHasSubtitles": "Legendas",
    "OptionHasThemeSong": "Música-Tema",
    "OptionHasThemeVideo": "Vídeo-Tema",
    "OptionHideUser": "Ocultar este usuário das telas de login",
    "OptionHideUserFromLoginHelp": "Útil para contas de administrador privadas ou ocultas. O usuário necessitará entrar manualmente, digitando seu nome de usuário e senha.",
    "OptionHlsSegmentedSubtitles": "Legendas segmentadas HLS",
    "OptionHomeVideos": "Fotos",
    "OptionIgnoreTranscodeByteRangeRequests": "Ignorar requisições de extensão do byte de transcodificação",
    "OptionIgnoreTranscodeByteRangeRequestsHelp": "Se ativadas, estas requisições serão honradas mas irão ignorar o cabeçalho da extensão do byte.",
    "OptionImdbRating": "Avaliação IMDb",
    "OptionLikes": "Curtidas",
    "OptionMax": "Máx",
    "OptionMissingEpisode": "Episódios Faltantes",
    "OptionMonday": "Segunda-feira",
    "OptionNameSort": "Nome",
    "OptionNew": "Nova...",
    "OptionNone": "Nenhum",
    "OptionOnAppStartup": "Ao iniciar a aplicação",
    "OptionOnInterval": "Em um intervalo",
    "OptionParentalRating": "Classificação Etária",
    "OptionPlainStorageFolders": "Exibir todas as pastas como pastas de armazenamento simples",
    "OptionPlainStorageFoldersHelp": "Se ativado, todas as pastas são representadas no DIDL como \"object.container.storageFolder\" ao invés de um tipo mais específico como, por exemplo, \"object.container.person.musicArtist\".",
    "OptionPlainVideoItems": "Exibir todos os vídeos como itens de vídeo simples",
    "OptionPlainVideoItemsHelp": "Se ativado, todos os vídeos são representados no DIDL como \"object.item.videoItem\" ao invés de um tipo mais específico como, por exemplo, \"object.item.videoItem.movie\".",
    "OptionPlayCount": "Nº de Reproduções",
    "OptionPlayed": "Assistido",
    "OptionPremiereDate": "Data da Estréia",
    "OptionProfileAudio": "Áudio",
    "OptionProfilePhoto": "Foto",
    "OptionProfileVideo": "Vídeo",
    "OptionProfileVideoAudio": "Áudio do Vídeo",
    "OptionReleaseDate": "Data de Lançamento",
    "OptionReportByteRangeSeekingWhenTranscoding": "Reportar que o servidor suporta busca de byte quando transcodificar",
    "OptionReportByteRangeSeekingWhenTranscodingHelp": "Isto é necessário para alguns dispositivos que não buscam  o tempo muito bem.",
    "OptionRequirePerfectSubtitleMatch": "Fazer download apenas de legendas que correspondem exatamente a meus arquivos de vídeo",
    "OptionRequirePerfectSubtitleMatchHelp": "Ao solicitar uma combinação perfeita, filtrará as legendas para incluir somente aquelas que foram testadas e verificadas com o arquivo de vídeo. Ao desativar isto, aumentará a quantidade de legendas baixadas, mas aumentará as chances de ter legendas que não estejam sincronizadas.",
    "OptionResElement": "elemento res",
    "OptionResumable": "Retomável",
    "OptionRuntime": "Duração",
    "OptionSaturday": "Sábado",
    "OptionSaveMetadataAsHidden": "Salvar metadados e imagens como arquivos ocultos",
    "OptionSaveMetadataAsHiddenHelp": "Ao alterar isto, aplicará sobre novos metadados salvos daqui para a frente. Os arquivos de metadados existentes serão atualizados na próxima vez que forem salvos no Servidor Jellyfin.",
    "OptionSpecialEpisode": "Especiais",
    "OptionSunday": "Domingo",
    "OptionThursday": "Quinta-feira",
    "OptionTrackName": "Nome da Faixa",
    "OptionTuesday": "Terça-feira",
    "OptionTvdbRating": "Avaliação Tvdb",
    "OptionUnairedEpisode": "Episódios Por Estrear",
    "OptionUnplayed": "Não assistido",
    "OptionWakeFromSleep": "Despertar da hibernação",
    "OptionWednesday": "Quarta-feira",
    "OptionWeekdays": "Dias da semana",
    "OptionWeekends": "Fins-de-semana",
    "OptionWeekly": "Semanal",
    "OriginalAirDateValue": "Data de exibição original: {0}",
    "Overview": "Sinopse",
    "PackageInstallCancelled": "Instalação de {0} cancelada.",
    "PackageInstallCompleted": "Instalação de {0} concluída.",
    "PackageInstallFailed": "Instalação de {0} falhou.",
    "ParentalRating": "Classificação Etária",
    "PasswordMatchError": "A senha e a confirmação da senha devem ser iguais.",
    "PasswordResetComplete": "A senha foi redefinida.",
    "PasswordResetConfirmation": "Deseja realmente redefinir a senha?",
    "PasswordResetHeader": "Redefinir Senha",
    "PasswordSaved": "Senha salva.",
    "People": "Pessoas",
    "PerfectMatch": "Combinação perfeita",
    "Photos": "Fotos",
    "PinCodeResetComplete": "O código pin foi redefinido.",
    "PinCodeResetConfirmation": "Deseja realmente redefinir o código pin?",
    "PlaceFavoriteChannelsAtBeginning": "Colocar canais favoritos no início",
    "Play": "Reproduzir",
    "PlayAllFromHere": "Reproduzir todas a partir daqui",
    "PlayCount": "Número de Reproduções",
    "PlayFromBeginning": "Reproduzir do início",
    "PlayNext": "Reproduzir próximo",
    "PlayNextEpisodeAutomatically": "Reproduzir próximo episódio automaticamente",
    "Played": "Assistido",
    "Playlists": "Listas de Reprodução",
    "PleaseAddAtLeastOneFolder": "Por favor, adicione ao menos uma pasta a esta biblioteca, clicando no botão Adicionar.",
    "PleaseConfirmPluginInstallation": "Por favor, clique em OK para confirmar que você leu e deseja prosseguir com a instalação do plugin.",
    "PleaseEnterNameOrId": "Por favor, digite um nome ou Id externo.",
    "PleaseRestartServerName": "Por favor reinicie o Servidor Jellyfin - {0}.",
    "PleaseSelectTwoItems": "Por favor selecione pelo menos dois itens.",
    "PluginInstalledMessage": "O plugin foi instalado com sucesso. O Jellyfin Server precisa ser reiniciado para completar as alterações.",
    "PreferEmbeddedTitlesOverFileNames": "Preferir títulos embutidos ao invés de nomes de arquivos",
    "PreferEmbeddedTitlesOverFileNamesHelp": "Isto determina a exibição padrão do título quando não houverem metadados da internet ou locais disponíveis.",
    "PreferredNotRequired": "Preferível, mas não exigido",
    "Premieres": "Estréias",
    "Previous": "Anterior",
    "Primary": "Capa",
    "Producer": "Produtor",
    "ProductionLocations": "Locais de produção",
    "Programs": "Programas",
    "Quality": "Qualidade",
    "QueueAllFromHere": "Enfileirar todas a partir daqui",
    "Raised": "Levantada",
    "Rate": "Avaliação",
    "RecentlyWatched": "Assistido recentemente",
    "RecommendationBecauseYouLike": "Porque você gosta de {0}",
    "RecommendationBecauseYouWatched": "Porque você assistiu {0}",
    "RecommendationDirectedBy": "Dirigido por {0}",
    "RecommendationStarring": "Estrelando {0}",
    "Record": "Gravar",
    "RecordSeries": "Gravar série",
    "RecordingCancelled": "Gravação cancelada.",
    "RecordingPathChangeMessage": "Alterar a sua pasta de gravações não migrará as gravações atuais do local anterior para o novo. Se desejar, você necessitará movê-los manualmente.",
    "RecordingScheduled": "Gravação agendada.",
    "Recordings": "Gravações",
    "Refresh": "Atualizar",
    "RefreshDialogHelp": "Os metadados são atualizados com bases nas definições e nos serviços de internet que estão ativos no painel do Servidor Jellyfin.",
    "RefreshMetadata": "Atualizar metadados",
    "RefreshQueued": "Atualização iniciada.",
    "ReleaseDate": "Data de lançamento",
    "RememberMe": "Lembrar de mim",
    "RemoveFromCollection": "Remover da coleção",
    "RemoveFromPlaylist": "Remover da lista de reprodução",
    "Repeat": "Repetir",
    "RepeatAll": "Repetir todas",
    "RepeatEpisodes": "Repetir episódios",
    "RepeatMode": "Modo de repetição",
    "RepeatOne": "Repetir uma",
    "ReplaceAllMetadata": "Substituir todos os metadados",
    "ReplaceExistingImages": "Substituir imagens existentes",
    "RequiredForAllRemoteConnections": "Necessário para todas as conexões remotas",
    "RestartPleaseWaitMessage": "Por favor, aguarde enquanto o Servidor Jellyfin reinicia. Isto pode levar um ou dois minutos.",
    "ResumeAt": "Retomar de {0}",
    "Rewind": "Retroceder",
    "RunAtStartup": "Executar ao iniciar",
    "Runtime": "Duração",
    "Saturday": "Sábado",
    "Save": "Salvar",
    "SaveSubtitlesIntoMediaFolders": "Guardar legendas nas pastas de mídia",
    "SaveSubtitlesIntoMediaFoldersHelp": "Armazenar legendas junto com os arquivos de vídeo torna mais fácil gerenciá-las.",
    "ScanForNewAndUpdatedFiles": "Rastrear por arquivos novos e atualizados",
    "ScanLibrary": "Rastrear biblioteca",
    "Schedule": "Agendar",
    "Screenshot": "Imagem da tela",
    "Search": "Busca",
    "SearchForCollectionInternetMetadata": "Buscar artwork e metadados na internet",
    "SearchForMissingMetadata": "Buscar por metadados que faltam",
    "SearchForSubtitles": "Buscar Legendas",
    "SearchResults": "Resultados da Busca",
    "SendMessage": "Enviar mensagem",
    "Series": "Séries",
    "SeriesCancelled": "Série cancelada.",
    "SeriesDisplayOrderHelp": "Ordenar episódios por data de exibição, ordem de dvd ou números absolutos.",
    "SeriesRecordingScheduled": "Gravação de série agendada.",
    "SeriesSettings": "Configurações da série",
    "SeriesYearToPresent": "{0} - Presente",
    "ServerNameIsRestarting": "Servidor Jellyfin - {0} está reiniciando.",
    "ServerNameIsShuttingDown": "Servidor Jellyfin - {0} está desligando.",
    "ServerRestartNeededAfterPluginInstall": "O Jellyfin Server precisa ser reiniciado após a instalação de um plugin.",
    "ServerUpdateNeeded": "Este Servidor Jellyfin precisa ser atualizado. Para fazer download da versão mais recente, por favor visite {0}",
    "Settings": "Ajustes",
    "SettingsSaved": "Configurações salvas.",
    "SettingsWarning": "Alterar estes valores pode causar instabilidade ou falhas de conectividade. Se tiver algum problema, recomendamos voltá-los ao padrão.",
    "Share": "Compartilhar",
    "ShowAdvancedSettings": "Exibir configurações avançadas",
    "ShowIndicatorsFor": "Mostrar indicadores para:",
    "ShowTitle": "Exibir título",
    "ShowYear": "Exibir ano",
    "Shows": "Séries",
    "Shuffle": "Aleatório",
    "SimultaneousConnectionLimitHelp": "O número máximo permitido de streams simultâneos. Digitar 0 para não haver limite.",
    "SkipEpisodesAlreadyInMyLibrary": "Não gravar episódios que já estejam em minha biblioteca",
    "SkipEpisodesAlreadyInMyLibraryHelp": "Episódios serão comparados utilizando temporada e números de episódios, quando disponíveis.",
    "Small": "Pequena",
    "SmallCaps": "Maiúsculas",
    "Smaller": "Menor",
    "Smart": "Inteligente",
    "SmartSubtitlesHelp": "As legendas que combinarem com a preferência do idioma serão carregadas quando o áudio estiver em um idioma estrangeiro.",
    "Songs": "Músicas",
    "Sort": "Ordenar",
    "SortByValue": "Classificar por {0}",
    "SortChannelsBy": "Ordenar canais por:",
    "SortName": "Nome para ordenação",
    "Sports": "Esportes",
    "StopRecording": "Parar gravação",
    "Studios": "Estúdios",
    "SubtitleAppearanceSettingsAlsoPassedToCastDevices": "Estas configurações também se aplicam para qualquer reprodução do Chromecast para este dispositivo.",
    "SubtitleAppearanceSettingsDisclaimer": "Estes ajustes não serão aplicados às legendas gráficas (PGS, DVD, etc) ou às legendas que têm seus próprios estilos embutidos (ASS/SSA).",
    "SubtitleDownloadersHelp": "Ativar e ranquear seus downloaders de legendas preferidos, em ordem de prioridade.",
    "Subtitles": "Legendas",
    "Suggestions": "Sugestões",
    "Sunday": "Domingo",
    "Sync": "Sincronizar",
    "SystemDlnaProfilesHelp": "Os perfis do sistema são somente-leitura. As alterações  feitas no perfil do sistema serão salvas em um novo perfil personalizado.",
    "TabAccess": "Acesso",
    "TabAdvanced": "Avançado",
    "TabAlbumArtists": "Artistas do Álbum",
    "TabAlbums": "Álbuns",
    "TabArtists": "Artistas",
    "TabCatalog": "Catálogo",
    "TabChannels": "Canais",
    "TabCollections": "Coletâneas",
    "TabDashboard": "Painel",
    "TabDevices": "Dispositivos",
    "TabDirectPlay": "Reprodução Direta",
    "TabDisplay": "Exibição",
    "TabEpisodes": "Episódios",
    "TabFavorites": "Favoritos",
    "TabGenres": "Gêneros",
    "TabGuide": "Guia",
    "TabLatest": "Recentes",
    "TabLiveTV": "TV ao Vivo",
    "TabMetadata": "Metadados",
    "TabMovies": "Filmes",
    "TabMusic": "Música",
    "TabMusicVideos": "Vídeos Musicais",
    "TabMyPlugins": "Meus Plugins",
    "TabNetworks": "Emissoras",
    "TabNfoSettings": "Configurações para NFO",
    "TabNotifications": "Notificações",
    "TabOther": "Outros",
    "TabParentalControl": "Controle Etário",
    "TabPassword": "Senha",
    "TabPlayback": "Reprodução",
    "TabPlaylist": "Lista de Reprodução",
    "TabPlaylists": "Listas de Reprodução",
    "TabProfile": "Perfil",
    "TabProfiles": "Perfis",
    "TabRecordings": "Gravações",
    "TabResponses": "Respostas",
    "TabResumeSettings": "Retomada",
    "TabScheduledTasks": "Tarefas Agendadas",
    "TabSeries": "Séries",
    "TabServer": "Servidor",
    "TabSettings": "Ajustes",
    "TabShows": "Séries",
    "TabSongs": "Músicas",
    "TabSuggestions": "Sugestões",
    "TabTranscoding": "Transcodificação",
    "TabUpcoming": "Estreando",
    "TabUsers": "Usuários",
    "TellUsAboutYourself": "Conte-nos sobre você",
    "ThemeSongs": "Músicas Tema",
    "ThemeVideos": "Vídeos Tema",
    "TheseSettingsAffectSubtitlesOnThisDevice": "Estes ajustes afetarão as legendas neste dispositivo",
    "ThisWizardWillGuideYou": "Este assistente irá guiá-lo pelo processo de instalação. Para começar, por favor selecione seu idioma preferido.",
    "Thumb": "Ícone",
    "Thursday": "Quinta-feira",
    "TitleHardwareAcceleration": "Aceleração de Hardware",
    "TitleHostingSettings": "Ajustes de Hospedagem",
    "TitlePlayback": "Reprodução",
    "TrackCount": "{0} faixas",
    "Transcoding": "Transcodificação",
    "Tuesday": "Terça-feira",
    "TvLibraryHelp": "Verifique o {0}guia de nomes de séries no Jellyfin{1}.",
    "Uniform": "Uniforme",
    "UninstallPluginConfirmation": "Deseja realmente desinstalar {0}?",
    "UninstallPluginHeader": "Desinstalar Plugin",
    "Unmute": "Sair do Mudo",
    "Unplayed": "Não Assistido",
    "Unrated": "Não-classificado",
    "Up": "Para cima",
    "Upload": "Carregar",
    "UserAgentHelp": "Fornece um cabeçalho http personalizado para o agente-usuário, se necessário.",
    "UserProfilesIntro": "Jellyfin inclui suporte nativo para perfis de usuários, permitindo que cada usuário tenha seus próprios ajustes de visualização, estado da reprodução e controles etários.",
    "ValueAlbumCount": "{0} álbuns",
    "ValueAudioCodec": "Codec de Áudio: {0}",
    "ValueConditions": "Condições: {0}",
    "ValueDiscNumber": "Disco {0}",
    "ValueEpisodeCount": "{0} episódios",
    "ValueMovieCount": "{0} filmes",
    "ValueMusicVideoCount": "{0} vídeos musicais",
    "ValueOneAlbum": "1 álbum",
    "ValueOneEpisode": "1 episódio",
    "ValueOneMovie": "1 filme",
    "ValueOneMusicVideo": "1 vídeo musical",
    "ValueOneSeries": "1 série",
    "ValueOneSong": "1 música",
    "ValueSeconds": "{0} segundos",
    "ValueSeriesCount": "{0} séries",
    "ValueSongCount": "{0} músicas",
    "ValueSpecialEpisodeName": "Especial - {0}",
    "ValueTimeLimitMultiHour": "Limite de tempo: {0} horas",
    "ValueTimeLimitSingleHour": "Limite de tempo: 1 hora",
    "ValueVideoCodec": "Codec de Vídeo: {0}",
    "VideoRange": "Faixa de vídeo",
    "ViewAlbum": "Ver álbum",
    "ViewArtist": "Ver artista",
    "ViewPlaybackInfo": "Ver informação de reprodução",
    "Watched": "Assistido(s)",
    "Wednesday": "Quarta-feira",
    "WelcomeToProject": "Bem vindo ao Jellyfin!",
    "WizardCompleted": "Isto é tudo que precisamos no momento. Jellyfin começou a coletar informações de sua biblioteca de mídia. Confira algumas de nossas apps e então clique<b>Terminar</b> para ver o <b>Painel do Servidor</b>.",
    "Writer": "Escritor",
    "XmlDocumentAttributeListHelp": "Estes atributos são aplicados ao elemento principal de cada resposta xml.",
    "XmlTvKidsCategoriesHelp": "Programas com estas categorias serão exibidos como programas para crianças. Separados com '|'.",
    "XmlTvMovieCategoriesHelp": "Programas com estas categorias serão visualizadas como filmes. Separe múltiplos com '|'.",
    "XmlTvNewsCategoriesHelp": "Programas com estas categorias serão exibidos como novos programas. Separados com '|'.",
    "XmlTvPathHelp": "Um local para um arquivo xml tv. O Jellyfin lerá este arquivo e periodicamente verificará se existem atualizações. Você é responsável por criar e atualizar o arquivo.",
    "XmlTvSportsCategoriesHelp": "Programas com estas categorias serão exibidos como programas de esporte. Separados com '|'.",
    "Yes": "Sim",
    "Yesterday": "Ontem",
    "Alerts": "Alertas",
    "Auto": "Automático",
    "Banner": "Cartaz",
    "Blacklist": "Lista negra",
    "ButtonDownload": "Baixar",
    "ButtonInfo": "Informações",
    "ButtonTrailer": "Trailer",
    "ButtonWebsite": "Site",
    "ChangingMetadataImageSettingsNewContent": "Alterações nas configurações de metadados e arte de cartazes são aplicadas apenas a novos conteúdos da sua biblioteca. Para aplicar as mudanças no conteúdo existente, será necessário atualizar o metadado do conteúdo manualmente.",
    "Desktop": "Área de trabalho",
    "Download": "Download",
    "DownloadsValue": "{0} arquivos baixados",
    "Extras": "Extras",
    "GuideProviderLogin": "Provedor",
    "HeaderAdmin": "Administrador",
    "HeaderApp": "Aplicativo",
    "HeaderStatus": "Status",
    "HeaderTags": "Marcações",
    "Horizontal": "Horizontal",
    "LabelAbortedByServerShutdown": "(Abortado devido ao desligamento do servidor)",
    "LabelCache": "Cache:",
    "LabelLogs": "Logs:",
    "LabelProfileCodecs": "Codecs:",
    "LabelSkin": "Interface:",
    "LabelStatus": "Situação:",
    "LabelTag": "Marcação:",
    "LeaveBlankToNotSetAPassword": "Caso não queira definir uma senha, deixe em branco.",
    "LinksValue": "Links: {0}",
    "Logo": "Logo",
    "MediaInfoCodec": "Codec",
    "MediaInfoFramerate": "Taxa de quadros",
    "MediaInfoLayout": "Disposição",
    "Menu": "Opções",
    "MessageImageFileTypeAllowed": "Apenas arquivos JPEG e PNG são suportados.",
    "MessageImageTypeNotSelected": "Por favor selecione um tipo de imagem na lista de seleção do menu.",
    "Normal": "Normal",
    "Option3D": "3D",
    "OptionAuto": "Automático",
    "AuthProviderHelp": "Selecione um provedor de autenticação que sera usado para autenticar a senha do usuário.",
    "HeaderFavoriteMovies": "Filmes Favoritos",
    "HeaderFavoriteShows": "Séries Favoritas",
    "HeaderFavoriteEpisodes": "Episódios Favoritos",
    "HeaderFavoriteAlbums": "Álbuns Favoritos",
    "HeaderFavoriteArtists": "Artistas Favoritos",
    "HeaderFavoriteSongs": "Músicas Favoritas",
    "HeaderFavoriteVideos": "Vídeos Favoritos",
    "HeaderHome": "Inicio",
    "HeaderRestartingServer": "Reiniciando Servidor",
    "LabelAuthProvider": "Provedor de Autenticação:",
    "LabelServerName": "Nome do Servidor:",
    "LabelTranscodePath": "Caminho de transcodificação:",
    "LabelTranscodes": "Transcodificação:",
    "LabelUserLoginAttemptsBeforeLockout": "Numero Tentativas de login com falha antes que o usuário seja bloqueado:",
    "DashboardVersionNumber": "Versão: {0}",
    "DashboardServerName": "Servidor: {0}",
    "DashboardOperatingSystem": "Sistema Operacional: {0}",
    "DashboardArchitecture": "Arquitetura: {0}",
    "LabelPasswordResetProvider": "Provedor para Redefinir a Senha:",
    "LabelWeb": "Web: ",
    "OptionBluray": "Blu-ray",
    "LabelProfileContainer": "Contêiner:",
    "LabelTranscodingContainer": "Contêiner:",
    "LabelXDlnaCap": "X-DLNA cap:",
    "LabelXDlnaDoc": "X-DLNA doc:",
    "LaunchWebAppOnStartup": "Executar a interface web quando iniciar o servidor",
    "LaunchWebAppOnStartupHelp": "Abrirá o cliente web no seu navegador padrão quando o servidor iniciar. Isso não ocorrerá ao usar a função de reiniciar o servidor.",
    "MediaInfoSoftware": "Software",
    "MediaInfoStreamTypeAudio": "Áudio",
    "MediaInfoStreamTypeData": "Dados",
    "MediaInfoStreamTypeEmbeddedImage": "Imagem embutida",
    "MediaInfoStreamTypeSubtitle": "Legenda",
    "MediaInfoStreamTypeVideo": "Vídeo",
    "MessageNoCollectionsAvailable": "Coleções permitem a você agrupamentos personalizados de Filmes, Séries e Álbuns. Clique no botão + para iniciar a criação de coleções.",
    "MessageNoServersAvailable": "Nenhum servidor encontrado ao usar a descoberta automática de servidores.",
    "MusicAlbum": "Álbum de música",
    "MusicArtist": "Artista de música",
    "MusicVideo": "Videoclipe",
    "OptionAutomatic": "Auto",
    "OptionBanner": "Banner",
    "OptionBlockTrailers": "Trailers",
    "OptionCaptionInfoExSamsung": "CaptionInfoEx (Samsung)",
    "OptionDownloadBannerImage": "Banner",
    "OptionDownloadLogoImage": "Logo",
    "OptionDownloadMenuImage": "Menu",
    "OptionHasTrailer": "Trailer",
    "OptionIsHD": "HD",
    "OptionIsSD": "SD",
    "OptionList": "Lista",
    "OptionLoginAttemptsBeforeLockout": "Determina quantas tentativas de logins incorretas podem ser feitas antes de ocorrer o bloqueio.",
    "OptionLoginAttemptsBeforeLockoutHelp": "Valor 0 significa herdar o padrão de 3 para não-administradores e 5 para administrador, -1 desabilita o bloqueio.",
    "OptionPoster": "Poster",
    "OptionPosterCard": "Cartão de poster",
    "OptionProtocolHls": "Streaming ao vivo por HTTP",
    "OptionProtocolHttp": "HTTP",
    "OptionRegex": "Regex",
    "OptionSubstring": "Subcadeia",
    "OptionThumb": "Miniatura",
    "OptionThumbCard": "Cartão de miniatura",
    "PasswordResetProviderHelp": "Escolha um fornecedor de redefinição de senhas para ser usado quando este usuário solicitar a redefinição de senha",
    "PictureInPicture": "Picture in Picture",
    "PlaybackData": "Dados de reprodução",
    "Premiere": "Estreia",
    "Screenshots": "Capturas de tela",
    "SubtitleOffset": "Deslocamento de legendas",
    "TV": "TV",
    "TabCodecs": "Codecs",
    "TabContainers": "Contêineres",
    "TabInfo": "Informações",
    "TabLogs": "Logs",
    "TabNetworking": "Rede",
    "TabPlugins": "Plugins",
    "TabStreaming": "Transmissão",
    "TabTrailers": "Trailers",
    "Tags": "Tags",
    "TagsValue": "Tags: {0}",
    "Trailers": "Trailers",
    "ValueCodec": "Codec: {0}",
    "ValueContainer": "Contêiner: {0}",
    "ValueMinutes": "{0} m",
    "Vertical": "Vertical",
    "Whitelist": "Lista branca",
    "MoreMediaInfo": "Informação da Midia",
    "LabelVideoCodec": "Codec de Video:",
    "LabelVideoBitrate": "Taxa de Bits do Video:",
    "LabelTranscodingProgress": "Progresso do Transcodificação:",
    "LabelTranscodingFramerate": "Taxa de Quadros da Transcodificação:",
    "LabelSize": "Tamanho:",
    "LabelPleaseRestart": "As mudanças serão aplicadas depois de manualmente recarregar o cliente web.",
    "LabelPlayMethod": "Método de Reprodução:",
    "LabelPlayer": "Player:",
    "LabelFolder": "Pasta:",
    "LabelBaseUrlHelp": "Você pode adicionar um sub diretório aqui para acessar o servidor de uma URL mais única.",
    "LabelBaseUrl": "URL Base:",
    "LabelBitrate": "Bitrate:",
    "LabelAudioSampleRate": "Taxa de Amostragem do Áudio:",
    "LabelAudioCodec": "Codec de Áudio:",
    "LabelAudioChannels": "Canais de Áudio:",
    "LabelAudioBitrate": "Taxa de Bits do Áudio:",
    "LabelAudioBitDepth": "Profundidade de Bits de Áudio:",
    "HeaderFavoriteBooks": "Livros Favoritos",
    "CopyStreamURLSuccess": "URL copiada com sucesso.",
    "CopyStreamURL": "Copiar URL da Stream",
    "FetchingData": "Buscando dados adicionais",
    "MusicLibraryHelp": "Visite o {0}guia de nomes de músicas{1}.",
    "ButtonAddImage": "Adicionar Imagem"
}
