{
    "All": "Toate",
    "ButtonAdd": "Adaugă",
    "ButtonAddScheduledTaskTrigger": "Adaugă declanșator",
    "ButtonAddUser": "Adaugă Utilizator",
    "ButtonCancel": "Anuleaza",
    "ButtonDelete": "Șterge",
    "ButtonDeleteImage": "Șterge Imaginea",
    "ButtonEdit": "Modifică",
    "ButtonFilter": "Filtru",
    "ButtonHelp": "Ajutor",
    "ButtonManualLogin": "Conectare manuală",
    "ButtonNew": "Nou",
    "ButtonPlay": "Redă",
    "ButtonQuickStartGuide": "Ghid rapid de Start",
    "ButtonRefresh": "Reîmprospătează",
    "ButtonRefreshGuideData": "Reîmprospătează Ghidul",
    "ButtonRemove": "Elimină",
    "ButtonResetPassword": "Resetează parola",
    "ButtonSave": "Salvează",
    "ButtonSelectDirectory": "Selectați Director",
    "ButtonSignIn": "Autentificare",
    "ButtonSignOut": "Sign out",
    "ButtonSort": "Sortează",
    "ChannelAccessHelp": "Selectează canalele pe care vrei să le partajezi cu acest utilizator. Administratorii vor avea posibilitatea sa editeze canalele folosind managerul de metadate.",
    "Continuing": "Continua",
    "DefaultMetadataLangaugeDescription": "Acestea sunt setările implicite și pot fi personalizate pentru fiecare bibliotecă în parte.",
    "DeleteMedia": "Ștergere fișiere media",
    "DeviceAccessHelp": "Aceasta se aplică numai pentru dispozitive care pot fi identificate în mod unic și nu va împiedica accesul din navigatorul de internet. Filtrând accesul dispozitivelor utilizatorului va împiedica utilizarea noilor dispozitive până când acestea nu vor fi aprobate aici.",
    "Ended": "S-a sfarsit",
    "ExtractChapterImagesHelp": "Extragerea de imagini de capitol va permite aplicațiilor Jellyfin sa afișeze grafic un meniu de selecție a scenelor. Procesul poate fi lent, intensiv pentru procesor și poate necesita câțiva gigaocteți de spațiu de stocare. Acesta rulează atunci când fișierele media sunt detectate ca noi, și de asemenea ca o sarcină programată de noapte. Programare este configurabilă în zona de administrare a sarcinilor programate. Nu este recomandat ca această sarcină să ruleze în timpul perioadelor de utilizare intensă de către utilizatori.",
    "FolderTypeBooks": "Cărți",
    "FolderTypeMovies": "Filme",
    "FolderTypeMusic": "Muzică",
    "FolderTypeMusicVideos": "Videoclipuri muzicale",
    "FolderTypeTvShows": "Seriale TV",
    "Friday": "Vineri",
    "HeaderActiveRecordings": "Înregistrări active",
    "HeaderAddScheduledTaskTrigger": "Adaugă declanșator",
    "HeaderAddUser": "Adaugă Utilizator",
    "HeaderAutomaticUpdates": "Actualizare Automată",
    "HeaderChannels": "Canale",
    "HeaderContinueWatching": "Continuare Vizionare",
    "HeaderDeviceAccess": "Accesul Dispozitivelor",
    "HeaderEasyPinCode": "Cod Pin Ușor",
    "HeaderFeatureAccess": "Acces Facilități",
    "HeaderFetchImages": "Preia imagini:",
    "HeaderFilters": "Filtre",
    "HeaderFrequentlyPlayed": "Rulate Frecvent",
    "HeaderImageSettings": "Setari Imagini",
    "HeaderLatestEpisodes": "Cele Mai Noi Episoade",
    "HeaderLatestMovies": "Cele mai noi Filme",
    "HeaderLatestRecordings": "Cele mai recente înregistrări",
    "HeaderNextUp": "Urmează",
    "HeaderPaths": "Căi",
    "HeaderPleaseSignIn": "Vă rugăm, autentificați-vă",
    "HeaderPreferredMetadataLanguage": "Limba preferata pentru metadata",
    "HeaderRecentlyPlayed": "Rulate Recent",
    "HeaderRemoteControl": "Control la distanță",
    "HeaderSeries": "Series",
    "HeaderSetupLibrary": "Setați-vă biblitecile media",
    "HeaderTaskTriggers": "Declanșatori Sarcini",
    "HeaderUsers": "Utilizatori",
    "Help": "Ajutor",
    "ImportMissingEpisodesHelp": "Dacă este activată, informația despre episoadele lipsă va fi importată in baza de date Jellyfin și va fi afișată în cadrul serialelor. Aceasta poate cauza un timp semnificativ mai îndelungat la scanarea bibliotecilor.",
    "LabelAllowServerAutoRestart": "Permite serverului să se repornească automat pentru a aplica actualizările",
    "LabelAllowServerAutoRestartHelp": "Serverul se va reporni doar în timp ce nu are nici o sarcină, când nu este nici un utilizator conectat.",
    "LabelArtists": "Artisti:",
    "LabelArtistsHelp": "Folosire separata multipla ;",
    "LabelAudioLanguagePreference": "Preferințe de limbă pentru audio:",
    "LabelCachePath": "Cale pentru cache:",
    "LabelCachePathHelp": "Specificați o locație specială pentru fișierele de cache, precum imagini etc. Lasați gol pentru a folosi setarea implicită.",
    "LabelContentType": "Tip continut:",
    "LabelCountry": "Tara:",
    "LabelCurrentPassword": "Parola curentă:",
    "LabelCustomCertificatePath": "Calea către certificatul personalizat:",
    "LabelCustomCertificatePathHelp": "Furnizați propriul fișier care conține un certificat SSL in format .pfx.",
    "LabelDisplayMissingEpisodesWithinSeasons": "Afișeaza episoadele lipsă din seriale",
    "LabelFinish": "Termină",
    "LabelLanguage": "Limba:",
    "LabelMaxBackdropsPerItem": "Numărul maxim de fundaluri pentru fiecare element:",
    "LabelMaxParentalRating": "Limită de vârstă maxim permisă:",
    "LabelMaxScreenshotsPerItem": "Numărul maxim de capturi pentru fiecare element:",
    "LabelMetadataDownloadLanguage": "Limba preferată pentru metadata:",
    "LabelMetadataPath": "Cale pentru metadata:",
    "LabelMetadataPathHelp": "Specificați o locație specială pentru a descărca postere și metadata.",
    "LabelMinBackdropDownloadWidth": "Lățimea maximă pentru fundalurile descărcate:",
    "LabelMovieRecordingPath": "Calea pentru înregistrări filme (opțional):",
    "LabelName": "Nume:",
    "LabelNewPassword": "Parola nouă:",
    "LabelNewPasswordConfirm": "Confirmă parola nouă:",
    "LabelNext": "Următorul",
    "LabelNumberOfGuideDays": "Numărul de zile de ghid de descărcat:",
    "LabelNumberOfGuideDaysHelp": "Descărcând mai multe zile de ghid va permite să programați mai în avans și să vizualizați listările mai în viitor, dar descărcarea va dura mai mult. \"Automat\" va alege în funcție de numărul de canale.",
    "LabelPassword": "Parolă:",
    "LabelPrevious": "Anteriorul",
    "LabelRecordingPath": "Calea implicită pentru înregistrări:",
    "LabelRecordingPathHelp": "Specificați locația implicită pentru a salva înregistrările. Dacă lasați necompletat, va fi utilizat directorul curent în care ruleză programul serverului.",
    "LabelSaveLocalMetadata": "Salvează posterele si metadata în dosarele ce conțin fișierele media",
    "LabelSaveLocalMetadataHelp": "Salvând posterele și metadata direct in dosarele media, acestea vor fi mai accesibile pentru a fi modificate.",
    "LabelSelectUsers": "Selectare utilizatori:",
    "LabelSeriesRecordingPath": "Calea pentru înregistrări seriale (opțional):",
    "LabelStopWhenPossible": "Oprește când este posibil:",
    "LabelTimeLimitHours": "Limită de timp(ore):",
    "LabelTranscodingTempPathHelp": "Acest director conține fișierele de lucru folosite de convertor. Specificați o cale specială sau lasați gol pentru a folosi pe cea implicită în directorul de lucru al serverului.",
    "LabelTriggerType": "Tip Declanșator:",
    "LabelUser": "Utilizator:",
    "LabelYourFirstName": "Numele tău:",
    "LabelYoureDone": "Ești Gata!",
    "LibraryAccessHelp": "Selectează dosarele media partajate cu acest utilizator. Administratorii vor avea posibilitatea sa modifice toate dosarele utilizând managerul de metadata.",
    "MaxParentalRatingHelp": "Conținutul cu un o limită de vârstă mai mare va fi ascuns pentru acest utilizator.",
    "MessageEnablingOptionLongerScans": "Activând această opțiune poate rezulta în scanări ale bilbiotecilor semnificativ mai îndelungate.",
    "MessageNothingHere": "Nimic aici.",
    "MessagePleaseEnsureInternetMetadata": "Vă rugăm să vă asigurați că descarcarea de metadata din internet este activată.",
    "MinutesAfter": "minute după",
    "MinutesBefore": "minute înainte",
    "Monday": "Luni",
    "MoreUsersCanBeAddedLater": "Mai mulți utilizatori pot fi adăugați mai târziu în Tabloul de Bord.",
    "NewCollectionNameExample": "Exemplu: Star Wars Collection",
    "NoNextUpItemsMessage": "Nu s-a gasit nimic. Începe să vizionezi seriale!",
    "OptionAllowBrowsingLiveTv": "Permite accessul la Live TV",
    "OptionAllowLinkSharing": "Permite partajarea pe rețelele de socializare",
    "OptionAllowLinkSharingHelp": "Doar paginile wev ce contin informații despre conținutul media va fi partajat. Fișierele media nu vor fi partajate niciodată pentru public. Partajările sunt limitate ca timp și vor expira după {0} zile.",
    "OptionAllowManageLiveTv": "Permite administrarea înregistrarilor pentru Live TV",
    "OptionAllowMediaPlayback": "Permite redarea media",
    "OptionAllowRemoteControlOthers": "Permite controlul la distanță a celorlalți utilizatori",
    "OptionAllowRemoteSharedDevices": "Permite controlul la distanță a dispozitivelor partajate",
    "OptionAllowRemoteSharedDevicesHelp": "Dispozitivele DLNA sunt considerate partajate până ce un utilizator începe să le controleze.",
    "OptionAllowUserToManageServer": "Permite acestui utilizator să administreze serverul",
    "OptionAscending": "Crescător",
    "OptionAutomatic": "Automat",
    "OptionCommunityRating": "Rating Comunitate",
    "OptionContinuing": "Continuă",
    "OptionCriticRating": "Rating Critic",
    "OptionDaily": "Zilnic",
    "OptionDateAdded": "Dată Adăugare",
    "OptionDatePlayed": "Dată Rulare",
    "OptionDescending": "Descrescător",
    "OptionDisableUser": "Dezactivați acest utilizator",
    "OptionDisableUserHelp": "Dacă este dezactivat, serverul nu va permite nicio conexiune de la acest utilizator. Conexiunile existente vor fi terminate brusc.",
    "OptionDislikes": "Dislike-uri",
    "OptionDownloadArtImage": "Fundal",
    "OptionDownloadBackImage": "Înapoi",
    "OptionDownloadBannerImage": "Baner",
    "OptionDownloadBoxImage": "Casetă",
    "OptionDownloadMenuImage": "Meniu",
    "OptionDownloadPrimaryImage": "Primar",
    "OptionDownloadThumbImage": "Miniatură",
    "OptionDvd": "DVD",
    "OptionEnableAccessFromAllDevices": "Activează accesul de la toate dispozitivele",
    "OptionEnableAccessToAllChannels": "Activează accesul la toate canalele",
    "OptionEnableAccessToAllLibraries": "Activează accesul la toate bibliotecile",
    "OptionEnded": "Anulat",
    "OptionFavorite": "Favorite",
    "OptionFriday": "Vineri",
    "OptionHasSpecialFeatures": "Caracteristici Speciale",
    "OptionHasSubtitles": "Subtitrări",
    "OptionHasThemeSong": "Audio de Fundal",
    "OptionHasThemeVideo": "Video de Fundal",
    "OptionHideUser": "Ascunde acest utilizator din pagina de autentificare",
    "OptionHideUserFromLoginHelp": "Folositor pentru conturi private sau de administrator ascunse. Utilizatorul va trebui să se conecteze manual prin introducerea numelui de utilizator și a parolei.",
    "OptionImdbRating": "Rating IMDb",
    "OptionLikes": "Like-uri",
    "OptionMonday": "Luni",
    "OptionNameSort": "Nume",
    "OptionParentalRating": "Limită de vârstă",
    "OptionPlayCount": "Contorizare rulări",
    "OptionPlayed": "Rulat",
    "OptionPremiereDate": "Data Premierei",
    "OptionReleaseDate": "Dată Lansare",
    "OptionResumable": "Poate fi continuat",
    "OptionRuntime": "Timp Rulare",
    "OptionSaturday": "Sâmbătă",
    "OptionSunday": "Duminică",
    "OptionThursday": "Joi",
    "OptionTrackName": "Nume melodie",
    "OptionTuesday": "Marți",
    "OptionUnplayed": "Nerulat",
    "OptionWednesday": "Miercuri",
    "ParentalRating": "Parental Rating",
    "Saturday": "Sambata",
    "Save": "Salveaza",
    "SearchForCollectionInternetMetadata": "Căutare pe internet pentru postere și metadate",
    "Sunday": "Duminica",
    "TabAccess": "Acces",
    "TabAdvanced": "Avansat",
    "TabAlbumArtists": "Albume Artiști",
    "TabAlbums": "Albume",
    "TabArtists": "Artiști",
    "TabChannels": "Canale",
    "TabCollections": "Colecții",
    "TabEpisodes": "Episoade",
    "TabFavorites": "Favorite",
    "TabGenres": "Genuri",
    "TabGuide": "Ghid",
    "TabLatest": "Cele mai recente",
    "TabMovies": "Filme",
    "TabMusic": "Muzică",
    "TabMusicVideos": "Videoclipuri muzicale",
    "TabMyPlugins": "Plugin-urile mele",
    "TabNetworks": "Rețele TV",
    "TabNotifications": "Notificări",
    "TabOther": "Altele",
    "TabPassword": "Parolă",
    "TabPlaylist": "Listă de redare",
    "TabProfile": "Profil",
    "TabProfiles": "Profile",
    "TabRecordings": "Înregistrări",
    "TabSeries": "Seriale",
    "TabSettings": "Setări",
    "TabShows": "Seriale",
    "TabSongs": "Melodii",
    "TabSuggestions": "Recomandări",
    "TabTrailers": "Trailere",
    "TabTranscoding": "Conversie",
    "TabUpcoming": "Urmează să apară",
    "TellUsAboutYourself": "Spune-ne despre tine",
    "ThisWizardWillGuideYou": "Acest asistent vă va ghida prin procesul de configurare. Pentru a începe, vă rugăm să selectați limba preferată.",
    "Thursday": "Joi",
    "Tuesday": "Marti",
    "UserProfilesIntro": "Jellyfin include sprijin pentru profile de utilizator, permițând fiecărui utilizator să își facă propriile setări de afișare, playstate și control parental.",
    "Wednesday": "Miercuri",
    "WelcomeToProject": "Bine ați venit la Jellyfin!",
    "WizardCompleted": "Asta e tot ce avem nevoie pentru moment. Jellyfin a început colectarea de informații despre biblioteca media. Verifică unele din aplicațiile noastre, și apoi faceți clic pe <b>Finalizare</b> pentru a vizualiza <b>Tabloul de bord al Serverului </b>."
}
