{
    "AdditionalNotificationServices": "Browse the plugin catalogue to install additional notification services.",
    "BrowsePluginCatalogMessage": "Browse our plugin catalogue to view available plugins.",
    "CinemaModeConfigurationHelp": "Cinema mode brings the theatre experience straight to your living room with the ability to play trailers and custom intros before the main feature.",
    "ColorPrimaries": "Colour primaries",
    "ColorSpace": "Colour space",
    "ColorTransfer": "Colour transfer",
    "DefaultMetadataLangaugeDescription": "These are your defaults and can be customized on a per-library basis.",
    "EnableColorCodedBackgrounds": "Colour coded backgrounds",
    "Favorite": "Favourite",
    "Favorites": "Favourites",
    "HDPrograms": "HD programs",
    "HeaderBlockItemsWithNoRating": "Block items with no or unrecognized rating information:",
    "HeaderResponseProfileHelp": "Response profiles provide a way to customize information sent to the device when playing certain kinds of media.",
    "ImportFavoriteChannelsHelp": "If enabled, only channels that are marked as favourite on the tuner device will be imported.",
    "LabelDateAddedBehavior": "Date added behaviour for new content:",
    "LabelImportOnlyFavoriteChannels": "Restrict to channels marked as favourite",
    "LabelKodiMetadataUserHelp": "Save watch data to NFO files for other applications to utilize.",
    "LabelTextBackgroundColor": "Text background color:",
    "LabelTextColor": "Text color:",
    "NewCollectionHelp": "Collections allow you to create personalized groupings of movies and other library content.",
    "NoNewDevicesFound": "No new devices found. To add a new tuner, close this dialogueand enter the device information manually.",
    "OptionEnableExternalContentInSuggestionsHelp": "Allow internet trailers and live TV programs to be included within suggested content.",
    "OptionFavorite": "Favourites",
    "OptionIgnoreTranscodeByteRangeRequestsHelp": "If enabled, these requests will be honoured but will ignore the byte range header.",
    "PlaceFavoriteChannelsAtBeginning": "Place favourite channels at the beginning",
    "Programs": "Programs",
    "TabCatalog": "Catalogue",
    "TabFavorites": "Favourites",
    "XmlTvKidsCategoriesHelp": "Programs with these categories will be displayed as programs for children. Separate multiple with '|'.",
    "XmlTvMovieCategoriesHelp": "Programs with these categories will be displayed as movies. Separate multiple with '|'.",
    "XmlTvNewsCategoriesHelp": "Programs with these categories will be displayed as news programs. Separate multiple with '|'.",
    "XmlTvSportsCategoriesHelp": "Programs with these categories will be displayed as sports programs. Separate multiple with '|'.",
    "Albums": "Albums",
    "Artists": "Artists",
    "Books": "Books",
    "Channels": "Channels",
    "Collections": "Collections",
    "Folders": "Folders",
    "Genres": "Genres",
    "HeaderAlbumArtists": "Album Artists",
    "HeaderContinueWatching": "Continue Watching",
    "HeaderLiveTV": "Live TV",
    "HeaderNextUp": "Next Up",
    "Movies": "Movies",
    "Photos": "Photos",
    "Playlists": "Playlists",
    "Shows": "Shows",
    "Songs": "Songs",
    "Sync": "Sync",
    "ValueSpecialEpisodeName": "Special - {0}",
    "Absolute": "Absolute",
    "AccessRestrictedTryAgainLater": "Access is currently restricted. Please try again later.",
    "Actor": "Actor",
    "Add": "Add",
    "AddItemToCollectionHelp": "Add items to collections by searching for them and using their right-click or tap menus to add them to a collection.",
    "AddToCollection": "Add to collection",
    "AddToPlayQueue": "Add to play queue",
    "AddToPlaylist": "Add to playlist",
    "AddedOnValue": "Added {0}",
    "AirDate": "Air date",
    "Aired": "Aired",
    "Alerts": "Alerts",
    "All": "All",
    "AllChannels": "All channels",
    "AllComplexFormats": "All Complex Formats (ASS, SSA, VOBSUB, PGS, SUB, IDX, …)",
    "AllEpisodes": "All episodes",
    "AllLanguages": "All languages",
    "AllLibraries": "All libraries",
    "AllowHWTranscodingHelp": "Allow the tuner to transcode streams on the fly. This may help reduce transcoding required by the server.",
    "AllowMediaConversion": "Allow media conversion",
    "AllowMediaConversionHelp": "Grant or deny access to the convert media feature.",
    "AllowOnTheFlySubtitleExtraction": "Allow subtitle extraction on the fly",
    "AllowOnTheFlySubtitleExtractionHelp": "Embedded subtitles can be extracted from videos and delivered to clients in plain text, in order to help prevent video transcoding. On some systems this can take a long time and cause video playback to stall during the extraction process. Disable this to have embedded subtitles burned in with video transcoding when they are not natively supported by the client device.",
    "AllowRemoteAccess": "Allow remote connections to this Jellyfin Server.",
    "AllowRemoteAccessHelp": "If unchecked, all remote connections will be blocked.",
    "AllowedRemoteAddressesHelp": "Comma separated list of IP addresses or IP/netmask entries for networks that will be allowed to connect remotely. If left blank, all remote addresses will be allowed.",
    "AlwaysPlaySubtitles": "Always Play",
    "AlwaysPlaySubtitlesHelp": "Subtitles matching the language preference will be loaded regardless of the audio language.",
    "AnyLanguage": "Any Language",
    "Anytime": "Anytime",
    "AroundTime": "Around",
    "Art": "Art",
    "AsManyAsPossible": "As many as possible",
    "Ascending": "Ascending",
    "AspectRatio": "Aspect Ratio",
    "AttributeNew": "New",
    "Audio": "Audio",
    "AuthProviderHelp": "Select an Authentication Provider to be used to authenticate this user's password.",
    "Auto": "Auto",
    "AutoBasedOnLanguageSetting": "Auto (based on language setting)",
    "Backdrop": "Backdrop",
    "Backdrops": "Backdrops",
    "Banner": "Banner",
    "BirthDateValue": "Born: {0}",
    "BirthLocation": "Birth location",
    "BirthPlaceValue": "Birth place: {0}",
    "Blacklist": "Blacklist",
    "BookLibraryHelp": "Audio and text books are supported. Review the {0} book naming guide {1}.",
    "Box": "Box",
    "BoxRear": "Box (rear)",
    "Browse": "Browse",
    "BurnSubtitlesHelp": "Determines if the server should burn in subtitles when transcoding videos. Avoiding this will greatly improve performance. Select Auto to burn image based formats (VOBSUB, PGS, SUB, IDX, …) and certain ASS or SSA subtitles.",
    "ButtonAdd": "Add",
    "ButtonAddMediaLibrary": "Add Media Library",
    "ButtonAddScheduledTaskTrigger": "Add Trigger",
    "ButtonAddServer": "Add Server",
    "ButtonAddUser": "Add User",
    "ButtonArrowDown": "Down",
    "ButtonArrowLeft": "Left",
    "ButtonArrowRight": "Right",
    "ButtonArrowUp": "Up",
    "ButtonAudioTracks": "Audio Tracks",
    "ButtonBack": "Back",
    "ButtonCancel": "Cancel",
    "ButtonChangeContentType": "Change content type",
    "ButtonChangeServer": "Change Server",
    "ButtonConnect": "Connect",
    "ButtonDelete": "Delete",
    "ButtonDeleteImage": "Delete Image",
    "ButtonDown": "Down",
    "ButtonDownload": "Download",
    "ButtonEdit": "Edit",
    "ButtonEditImages": "Edit images",
    "ButtonEditOtherUserPreferences": "Edit this user's profile, image and personal preferences.",
    "ButtonFilter": "Filter",
    "ButtonForgotPassword": "Forgot Password",
    "ButtonFullscreen": "Fullscreen",
    "ButtonGotIt": "Got It",
    "ButtonGuide": "Guide",
    "ButtonHelp": "Help",
    "ButtonHome": "Home",
    "ButtonInfo": "Info",
    "ButtonLearnMore": "Learn more",
    "ButtonLibraryAccess": "Library access",
    "ButtonManualLogin": "Manual Login",
    "ButtonMore": "More",
    "ButtonMoreInformation": "More Information",
    "ButtonNetwork": "Network",
    "ButtonNew": "New",
    "ButtonNextTrack": "Next track",
    "ButtonOff": "Off",
    "ButtonOk": "OK",
    "ButtonOpen": "Open",
    "ButtonParentalControl": "Parental control",
    "ButtonPause": "Pause",
    "ButtonPlay": "Play",
    "ButtonPreviousTrack": "Previous track",
    "ButtonProfile": "Profile",
    "ButtonQuickStartGuide": "Quick Start Guide",
    "ButtonRefresh": "Refresh",
    "ButtonRefreshGuideData": "Refresh Guide Data",
    "ButtonRemove": "Remove",
    "ButtonRename": "Rename",
    "ButtonRepeat": "Repeat",
    "ButtonResetEasyPassword": "Reset easy pin code",
    "ButtonResetPassword": "Reset Password",
    "ButtonRestart": "Restart",
    "ButtonResume": "Resume",
    "ButtonRevoke": "Revoke",
    "ButtonSave": "Save",
    "ButtonScanAllLibraries": "Scan All Libraries",
    "ButtonSearch": "Search",
    "ButtonSelectDirectory": "Select Directory",
    "ButtonSelectServer": "Select Server",
    "ButtonSelectView": "Select view",
    "ButtonSend": "Send",
    "ButtonSettings": "Settings",
    "ButtonShuffle": "Shuffle",
    "ButtonShutdown": "Shutdown",
    "ButtonSignIn": "Sign In",
    "ButtonSignOut": "Sign Out",
    "ButtonSort": "Sort",
    "ButtonStart": "Start",
    "ButtonStop": "Stop",
    "ButtonSubmit": "Submit",
    "ButtonSubtitles": "Subtitles",
    "ButtonTrailer": "Trailer",
    "ButtonUninstall": "Uninstall",
    "ButtonUp": "Up",
    "ButtonViewWebsite": "View website",
    "ButtonWebsite": "Website",
    "CancelRecording": "Cancel recording",
    "CancelSeries": "Cancel series",
    "Categories": "Categories",
    "ChangingMetadataImageSettingsNewContent": "Changes to metadata or artwork downloading settings will only apply to new content added to your library. To apply the changes to existing titles, you'll need to refresh their metadata manually.",
    "ChannelAccessHelp": "Select the channels to share with this user. Administrators will be able to edit all channels using the metadata manager.",
    "ChannelNameOnly": "Channel {0} only",
    "ChannelNumber": "Channel number",
    "CommunityRating": "Community rating",
    "Composer": "Composer",
    "ConfigureDateAdded": "Configure how date added is determined in the Jellyfin Server dashboard under Library settings",
    "ConfirmDeleteImage": "Delete image?",
    "ConfirmDeleteItem": "Deleting this item will delete it from both the file system and your media library. Are you sure you wish to continue?",
    "ConfirmDeleteItems": "Deleting these items will delete them from both the file system and your media library. Are you sure you wish to continue?",
    "ConfirmDeletion": "Confirm Deletion",
    "ConfirmEndPlayerSession": "Would you like to shutdown Jellyfin on {0}?",
    "Connect": "Connect",
    "ContinueWatching": "Continue watching",
    "Continuing": "Continuing",
    "CriticRating": "Critic rating",
    "CustomDlnaProfilesHelp": "Create a custom profile to target a new device or override a system profile.",
    "DateAdded": "Date added",
    "DatePlayed": "Date played",
    "DeathDateValue": "Died: {0}",
    "Default": "Default",
    "DefaultErrorMessage": "There was an error processing the request. Please try again later.",
    "DefaultSubtitlesHelp": "Subtitles are loaded based on the default and forced flags in the embedded metadata. Language preferences are considered when multiple options are available.",
    "Delete": "Delete",
    "DeleteDeviceConfirmation": "Are you sure you wish to delete this device? It will reappear the next time a user signs in with it.",
    "DeleteImage": "Delete Image",
    "DeleteImageConfirmation": "Are you sure you wish to delete this image?",
    "DeleteMedia": "Delete media",
    "DeleteUser": "Delete User",
    "DeleteUserConfirmation": "Are you sure you wish to delete this user?",
    "Depressed": "Depressed",
    "Descending": "Descending",
    "Desktop": "Desktop",
    "DetectingDevices": "Detecting devices",
    "DeviceAccessHelp": "This only applies to devices that can be uniquely identified and will not prevent browser access. Filtering user device access will prevent them from using new devices until they've been approved here.",
    "DirectPlaying": "Direct playing",
    "DirectStreamHelp1": "The media is compatible with the device regarding resolution and media type (H.264, AC3, etc), but is in an incompatible file container (mkv, avi, wmv, etc). The video will be re-packaged on the fly before streaming it to the device.",
    "DirectStreamHelp2": "Direct Streaming a file uses very little processing power without any loss in video quality.",
    "DirectStreaming": "Direct streaming",
    "Director": "Director",
    "Directors": "Directors",
    "Disabled": "Disabled",
    "Disc": "Disc",
    "Disconnect": "Disconnect",
    "Dislike": "Dislike",
    "Display": "Display",
    "DisplayInMyMedia": "Display on home screen",
    "DisplayInOtherHomeScreenSections": "Display in home screen sections such as latest media and continue watching",
    "DisplayMissingEpisodesWithinSeasons": "Display missing episodes within seasons",
    "DisplayMissingEpisodesWithinSeasonsHelp": "This must also be enabled for TV libraries in the server configuration.",
    "DisplayModeHelp": "Select the layout style you want for the interface.",
    "DoNotRecord": "Do not record",
    "Down": "Down",
    "Download": "Download",
    "DownloadsValue": "{0} downloads",
    "DrmChannelsNotImported": "Channels with DRM will not be imported.",
    "DropShadow": "Drop Shadow",
    "EasyPasswordHelp": "Your easy pin code is used for offline access on supported clients and can also be used for easy in-network sign in.",
    "Edit": "Edit",
    "EditImages": "Edit images",
    "EditMetadata": "Edit metadata",
    "EditSubtitles": "Edit subtitles",
    "EnableBackdrops": "Backdrops",
    "EnableBackdropsHelp": "Display backdrops in the background of some pages while browsing the library.",
    "EnableCinemaMode": "Cinema mode",
    "EnableDebugLoggingHelp": "Debug logging should only be enabled as needed for troubleshooting purposes. The increased file system access may prevent the server machine from being able to sleep in some environments.",
    "EnableDisplayMirroring": "Display mirroring",
    "EnableExternalVideoPlayers": "External video players",
    "EnableExternalVideoPlayersHelp": "An external player menu will be shown when starting video playback.",
    "EnableHardwareEncoding": "Enable hardware encoding",
    "EnableNextVideoInfoOverlay": "Show next video info during playback",
    "EnableNextVideoInfoOverlayHelp": "At the end of a video, display info about the next video coming up in the current playlist.",
    "EnablePhotos": "Display photos",
    "EnablePhotosHelp": "Images will be detected and displayed alongside other media files.",
    "EnableStreamLooping": "Auto-loop live streams",
    "EnableStreamLoopingHelp": "Enable this if live streams only contain a few seconds of data and need to be continuously requested. Enabling this when not needed may cause problems.",
    "EnableThemeSongs": "Theme songs",
    "EnableThemeSongsHelp": "Play theme songs in the background while browsing the library.",
    "EnableThemeVideos": "Theme videos",
    "EnableThemeVideosHelp": "Play theme videos in the background while browsing the library.",
    "Ended": "Ended",
    "EndsAtValue": "Ends at {0}",
    "Episodes": "Episodes",
    "ErrorAddingListingsToSchedulesDirect": "There was an error adding the lineup to your Schedules Direct account. Schedules Direct only allows a limited number of lineups per account. You may need to log into the Schedules Direct website and remove others listings from your account before proceeding.",
    "ErrorAddingMediaPathToVirtualFolder": "There was an error adding the media path. Please ensure the path is valid and the Jellyfin Server process has access to that location.",
    "ErrorAddingTunerDevice": "There was an error adding the tuner device. Please ensure it is accessible and try again.",
    "ErrorAddingXmlTvFile": "There was an error accessing the XMLTV file. Please ensure the file exists and try again.",
    "ErrorDeletingItem": "There was an error deleting the item from Jellyfin Server. Please check that Jellyfin Server has write access to the media folder and try again.",
    "ErrorGettingTvLineups": "There was an error downloading TV lineups. Please ensure your information is correct and try again.",
    "ErrorMessageStartHourGreaterThanEnd": "End time must be greater than the start time.",
    "ErrorPleaseSelectLineup": "Please select a lineup and try again. If no lineups are available, then please check that your username, password, and postal code is correct.",
    "ErrorSavingTvProvider": "There was an error saving the TV provider. Please ensure it is accessible and try again.",
    "EveryNDays": "Every {0} days",
    "ExitFullscreen": "Exit full screen",
    "ExtraLarge": "Extra Large",
    "ExtractChapterImagesHelp": "Extracting chapter images will allow clients to display graphical scene selection menus. The process can be slow, resource intensive, and may require several gigabytes of space. It runs when videos are discovered, and also as a nightly scheduled task. The schedule is configurable in the scheduled tasks area. It is not recommended to run this task during peak usage hours.",
    "Extras": "Extras",
    "FFmpegSavePathNotFound": "We're unable to locate FFmpeg using the path you've entered. FFprobe is also required and must exist in the same folder. These components are normally bundled together in the same download. Please check the path and try again.",
    "FastForward": "Fast-forward",
    "Features": "Features",
    "File": "File",
    "FileNotFound": "File not found.",
    "FileReadCancelled": "The file read has been cancelled.",
    "FileReadError": "An error occurred while reading the file.",
    "Filters": "Filters",
    "FolderTypeBooks": "Books",
    "FolderTypeMovies": "Movies",
    "FolderTypeMusic": "Music",
    "FolderTypeMusicVideos": "Music Videos",
    "FolderTypeTvShows": "TV Shows",
    "FolderTypeUnset": "Mixed Content",
    "FormatValue": "Format: {0}",
    "Friday": "Friday",
    "Fullscreen": "Full screen",
    "General": "General",
    "Genre": "Genre",
    "GroupBySeries": "Group by series",
    "GroupVersions": "Group versions",
    "GuestStar": "Guest star",
    "Guide": "Guide",
    "GuideProviderLogin": "Login",
    "GuideProviderSelectListings": "Select Listings",
    "H264CrfHelp": "The Constant Rate Factor (CRF) is the default quality setting for the x264 encoder. You can set the values between 0 and 51, where lower values would result in better quality (at the expense of higher file sizes). Sane values are between 18 and 28. The default for x264 is 23, so you can use this as a starting point.",
    "EncoderPresetHelp": "Choose a faster value to improve performance, or a slower value to improve quality.",
    "HandledByProxy": "Handled by reverse proxy",
    "HardwareAccelerationWarning": "Enabling hardware acceleration may cause instability in some environments. Ensure that your operating system and video drivers are fully up to date. If you have difficulty playing video after enabling this, you'll need to change the setting back to None.",
    "HeaderAccessSchedule": "Access Schedule",
    "HeaderAccessScheduleHelp": "Create an access schedule to limit access to certain hours.",
    "HeaderActiveDevices": "Active Devices",
    "HeaderActiveRecordings": "Active Recordings",
    "HeaderActivity": "Activity",
    "HeaderAddScheduledTaskTrigger": "Add Trigger",
    "HeaderAddToCollection": "Add to Collection",
    "HeaderAddToPlaylist": "Add to Playlist",
    "HeaderAddUpdateImage": "Add/Update Image",
    "HeaderAddUser": "Add User",
    "HeaderAdditionalParts": "Additional Parts",
    "HeaderAdmin": "Admin",
    "HeaderAlbums": "Albums",
    "HeaderAlert": "Alert",
    "HeaderAllowMediaDeletionFrom": "Allow Media Deletion From",
    "HeaderApiKey": "API Key",
    "HeaderApiKeys": "API Keys",
    "HeaderApiKeysHelp": "External applications are required to have an API key in order to communicate with Jellyfin Server. Keys are issued by logging in with a Jellyfin account, or by manually granting the application a key.",
    "HeaderApp": "App",
    "HeaderAppearsOn": "Appears On",
    "HeaderAudioBooks": "Audio Books",
    "HeaderAudioSettings": "Audio Settings",
    "HeaderAutomaticUpdates": "Automatic Updates",
    "HeaderBooks": "Books",
    "HeaderBranding": "Branding",
    "HeaderCancelRecording": "Cancel Recording",
    "HeaderCancelSeries": "Cancel Series",
    "HeaderCastAndCrew": "Cast & Crew",
    "HeaderCastCrew": "Cast & Crew",
    "HeaderChangeFolderType": "Change Content Type",
    "HeaderChangeFolderTypeHelp": "To change the type, please remove and rebuild the library with the new type.",
    "HeaderChannelAccess": "Channel Access",
    "HeaderChannels": "Channels",
    "HeaderChapterImages": "Chapter Images",
    "HeaderCodecProfile": "Codec Profile",
    "HeaderCodecProfileHelp": "Codec profiles indicate the limitations of a device when playing specific codecs. If a limitation applies then the media will be transcoded, even if the codec is configured for direct play.",
    "HeaderConfigureRemoteAccess": "Configure Remote Access",
    "HeaderConfirmPluginInstallation": "Confirm Plugin Installation",
    "HeaderConfirmProfileDeletion": "Confirm Profile Deletion",
    "HeaderConfirmRevokeApiKey": "Revoke API Key",
    "HeaderConnectToServer": "Connect to Server",
    "HeaderConnectionFailure": "Connection Failure",
    "HeaderContainerProfile": "Container Profile",
    "HeaderContainerProfileHelp": "Container profiles indicate the limitations of a device when playing specific formats. If a limitation applies then the media will be transcoded, even if the format is configured for direct play.",
    "HeaderContinueListening": "Continue Listening",
    "HeaderCustomDlnaProfiles": "Custom Profiles",
    "HeaderDateIssued": "Date Issued",
    "HeaderDefaultRecordingSettings": "Default Recording Settings",
    "HeaderDeleteDevice": "Delete Device",
    "HeaderDeleteItem": "Delete Item",
    "HeaderDeleteItems": "Delete Items",
    "HeaderDeleteProvider": "Delete Provider",
    "HeaderDeleteTaskTrigger": "Delete Task Trigger",
    "HeaderDetectMyDevices": "Detect My Devices",
    "HeaderDeveloperInfo": "Developer Info",
    "HeaderDeviceAccess": "Device Access",
    "HeaderDevices": "Devices",
    "HeaderDirectPlayProfile": "Direct Play Profile",
    "HeaderDirectPlayProfileHelp": "Add direct play profiles to indicate which formats the device can handle natively.",
    "HeaderDisplay": "Display",
    "HeaderDownloadSync": "Download & Sync",
    "HeaderEasyPinCode": "Easy Pin Code",
    "HeaderEditImages": "Edit Images",
    "HeaderEnabledFields": "Enabled Fields",
    "HeaderEnabledFieldsHelp": "Uncheck a field to lock it and prevent its data from being changed.",
    "HeaderEpisodes": "Episodes",
    "HeaderError": "Error",
    "HeaderExternalIds": "External IDs:",
    "HeaderFavoriteBooks": "Favourite Books",
    "HeaderFavoriteMovies": "Favourite Movies",
    "HeaderFavoriteShows": "Favourite Shows",
    "HeaderFavoriteEpisodes": "Favourite Episodes",
    "HeaderFavoriteAlbums": "Favourite Albums",
    "HeaderFavoriteArtists": "Favourite Artists",
    "HeaderFavoriteSongs": "Favourite Songs",
    "HeaderFavoriteVideos": "Favourite Videos",
    "HeaderFavoritePlaylists": "Favourite Playlists",
    "HeaderFeatureAccess": "Feature Access",
    "HeaderFeatures": "Features",
    "HeaderFetchImages": "Fetch Images:",
    "HeaderFetcherSettings": "Fetcher Settings",
    "HeaderFilters": "Filters",
    "HeaderForKids": "For Kids",
    "HeaderForgotPassword": "Forgot Password",
    "HeaderFrequentlyPlayed": "Frequently Played",
    "HeaderGenres": "Genres",
    "HeaderGuideProviders": "TV Guide Data Providers",
    "HeaderHomeScreen": "Home Screen",
    "HeaderHomeScreenSettings": "Home Screen Settings",
    "HeaderHttpHeaders": "HTTP Headers",
    "HeaderIdentification": "Identification",
    "HeaderIdentificationCriteriaHelp": "Enter at least one identification criteria.",
    "HeaderIdentificationHeader": "Identification Header",
    "HeaderIdentifyItemHelp": "Enter one or more search criteria. Remove criteria to increase search results.",
    "HeaderImageOptions": "Image Options",
    "HeaderImageSettings": "Image Settings",
    "HeaderInstall": "Install",
    "HeaderInstantMix": "Instant Mix",
    "HeaderItems": "Items",
    "HeaderJellyfinServer": "Jellyfin Server",
    "HeaderKeepRecording": "Keep Recording",
    "HeaderKeepSeries": "Keep Series",
    "HeaderKodiMetadataHelp": "To enable or disable NFO metadata, edit a library in Jellyfin library setup and locate the metadata savers section.",
    "HeaderLatestEpisodes": "Latest Episodes",
    "HeaderLatestMedia": "Latest Media",
    "HeaderLatestMovies": "Latest Movies",
    "HeaderLatestMusic": "Latest Music",
    "HeaderLatestRecordings": "Latest Recordings",
    "HeaderLibraries": "Libraries",
    "HeaderLibraryAccess": "Library Access",
    "HeaderLibraryFolders": "Library Folders",
    "HeaderLibraryOrder": "Library Order",
    "HeaderLibrarySettings": "Library Settings",
    "HeaderLiveTv": "Live TV",
    "HeaderLiveTvTunerSetup": "Live TV Tuner Setup",
    "HeaderLoginFailure": "Login Failure",
    "HeaderMedia": "Media",
    "HeaderMediaFolders": "Media Folders",
    "HeaderMediaInfo": "Media Info",
    "HeaderMetadataSettings": "Metadata Settings",
    "HeaderMoreLikeThis": "More Like This",
    "HeaderMovies": "Movies",
    "HeaderMusicQuality": "Music Quality",
    "HeaderMusicVideos": "Music Videos",
    "HeaderMyDevice": "My Device",
    "HeaderMyMedia": "My Media",
    "HeaderMyMediaSmall": "My Media (small)",
    "HeaderNewApiKey": "New API Key",
    "HeaderNewDevices": "New Devices",
    "HeaderNextEpisodePlayingInValue": "Next Episode Playing in {0}",
    "HeaderNextVideoPlayingInValue": "Next Video Playing in {0}",
    "HeaderOnNow": "On Now",
    "HeaderOtherItems": "Other Items",
    "HeaderParentalRatings": "Parental Ratings",
    "HeaderPassword": "Password",
    "HeaderPasswordReset": "Password Reset",
    "HeaderPaths": "Paths",
    "HeaderPendingInvitations": "Pending Invitations",
    "CopyStreamURL": "Copy Stream URL",
    "CopyStreamURLSuccess": "URL copied successfully.",
    "XmlDocumentAttributeListHelp": "These attributes are applied to the root element of every XML response.",
    "Writer": "Writer",
    "WizardCompleted": "That's all we need for now. Jellyfin has begun collecting information about your media library. Check out some of our apps, and then click <b>Finish</b> to view the <b>Dashboard</b>.",
    "Vertical": "Vertical",
    "ValueVideoCodec": "Video Codec: {0}",
    "ValueTimeLimitSingleHour": "Time limit: 1 hour",
    "ValueTimeLimitMultiHour": "Time limit: {0} hours",
    "ValueSeriesCount": "{0} series",
    "ValueSeconds": "{0} seconds",
    "ValueOneSong": "1 song",
    "ValueOneMusicVideo": "1 music video",
    "ValueOneAlbum": "1 album",
    "ValueMusicVideoCount": "{0} music videos",
    "ValueMovieCount": "{0} movies",
    "ValueMinutes": "{0} min",
    "ValueDiscNumber": "Disc {0}",
    "ValueContainer": "Container: {0}",
    "ValueConditions": "Conditions: {0}",
    "ValueCodec": "Codec: {0}",
    "ValueAudioCodec": "Audio Codec: {0}",
    "ValueAlbumCount": "{0} albums",
    "UserProfilesIntro": "Jellyfin includes support for user profiles with granular display settings, play state, and parental controls.",
    "UserAgentHelp": "Supply a custom user-agent HTTP header.",
    "Upload": "Upload",
    "Unrated": "Unrated",
    "Unplayed": "Unplayed",
    "Unmute": "Unmute",
    "UninstallPluginHeader": "Uninstall Plugin",
    "Trailers": "Trailers",
    "TrackCount": "{0} tracks",
    "TitlePlayback": "Playback",
    "TitleHostingSettings": "Hosting Settings",
    "TitleHardwareAcceleration": "Hardware Acceleration",
    "Thursday": "Thursday",
    "ThisWizardWillGuideYou": "This wizard will help guide you through the setup process. To begin, please select your preferred language.",
    "TheseSettingsAffectSubtitlesOnThisDevice": "These settings affect subtitles on this device",
    "TabShows": "Shows",
    "TabSettings": "Settings",
    "TabServer": "Server",
    "TabSeries": "Series",
    "TabScheduledTasks": "Scheduled Tasks",
    "TabResumeSettings": "Resume",
    "TabResponses": "Responses",
    "TabRecordings": "Recordings",
    "TabPlaylist": "Playlist",
    "TabPlayback": "Playback",
    "TabOther": "Other",
    "TabNotifications": "Notifications",
    "TabNetworks": "Networks",
    "TabMyPlugins": "My Plugins",
    "TabMusicVideos": "Music Videos",
    "TabMusic": "Music",
    "TabMovies": "Movies",
    "TabMetadata": "Metadata",
    "TabLogs": "Logs",
    "TabDisplay": "Display",
    "TabDirectPlay": "Direct Play",
    "TabDevices": "Devices",
    "TabChannels": "Channels",
    "TabArtists": "Artists",
    "TabAlbums": "Albums",
    "TabAlbumArtists": "Album Artists",
    "TabAdvanced": "Advanced",
    "TabAccess": "Access",
    "TV": "TV",
    "SystemDlnaProfilesHelp": "System profiles are read-only. Changes to a system profile will be saved to a new custom profile.",
    "Sunday": "Sunday",
    "Suggestions": "Suggestions",
    "Subtitles": "Subtitles",
    "SubtitleOffset": "Subtitle Offset",
    "SubtitleDownloadersHelp": "Enable and rank your preferred subtitle downloaders in order of priority.",
    "SubtitleAppearanceSettingsDisclaimer": "These settings will not apply to graphical subtitles (PGS, DVD, etc) or ASS/SSA subtitles that embed their own styles.",
    "SortName": "Sort name",
    "SortChannelsBy": "Sort channels by:",
    "SortByValue": "Sort by {0}",
    "SmartSubtitlesHelp": "Subtitles matching the language preference will be loaded when the audio is in a foreign language.",
    "Smart": "Smart",
    "SimultaneousConnectionLimitHelp": "The maximum number of allowed simultaneous streams. Enter 0 for no limit.",
    "Shuffle": "Shuffle",
    "New": "New",
    "Filter": "Filter",
    "ShowYear": "Show year",
    "ShowIndicatorsFor": "Show indicators for:",
    "ShowAdvancedSettings": "Show advanced settings",
    "Share": "Share",
    "SettingsWarning": "Changing these values may cause instability or connectivity failures. If you experience any problems, we recommend changing them back to default.",
    "SettingsSaved": "Settings saved.",
    "Settings": "Settings",
    "ServerUpdateNeeded": "This Jellyfin Server needs to be updated. To download the latest version, please visit {0}",
    "ServerRestartNeededAfterPluginInstall": "Jellyfin Server will need to be restarted after installing a plugin.",
    "ServerNameIsShuttingDown": "Jellyfin Server - {0} is shutting down.",
    "SeriesYearToPresent": "{0} - Present",
    "SeriesSettings": "Series settings",
    "SeriesRecordingScheduled": "Series recording scheduled.",
    "SeriesCancelled": "Series cancelled.",
    "SendMessage": "Send message",
    "SearchResults": "Search Results",
    "SearchForSubtitles": "Search for Subtitles",
    "SearchForMissingMetadata": "Search for missing metadata",
    "Search": "Search",
    "Screenshots": "Screenshots",
    "Screenshot": "Screenshot",
    "Schedule": "Schedule",
    "ScanLibrary": "Scan library",
    "ScanForNewAndUpdatedFiles": "Scan for new and updated files",
    "SaveSubtitlesIntoMediaFoldersHelp": "Storing subtitles next to video files will allow them to be more easily managed.",
    "SaveSubtitlesIntoMediaFolders": "Save subtitles into media folders",
    "Saturday": "Saturday",
    "Runtime": "Runtime",
    "RunAtStartup": "Run at startup",
    "Rewind": "Rewind",
    "ResumeAt": "Resume from {0}",
    "RequiredForAllRemoteConnections": "Required for all remote connections",
    "ReplaceExistingImages": "Replace existing images",
    "ReplaceAllMetadata": "Replace all metadata",
    "RepeatOne": "Repeat one",
    "RepeatMode": "Repeat Mode",
    "RepeatEpisodes": "Repeat episodes",
    "RepeatAll": "Repeat all",
    "Repeat": "Repeat",
    "RemoveFromPlaylist": "Remove from playlist",
    "RemoveFromCollection": "Remove from collection",
    "RememberMe": "Remember Me",
    "ReleaseDate": "Release date",
    "RefreshMetadata": "Refresh metadata",
    "RefreshDialogHelp": "Metadata is refreshed based on settings and internet services that are enabled in the Jellyfin Server dashboard.",
    "Refresh": "Refresh",
    "Recordings": "Recordings",
    "RecordingScheduled": "Recording scheduled.",
    "RecordingPathChangeMessage": "Changing your recording folder will not migrate existing recordings from the old location to the new. You'll need to move them manually if desired.",
    "RecordingCancelled": "Recording cancelled.",
    "RecordSeries": "Record series",
    "Record": "Record",
    "RecommendationStarring": "Starring {0}",
    "RecommendationDirectedBy": "Directed by {0}",
    "RecommendationBecauseYouWatched": "Because you watched {0}",
    "Rate": "Rate",
    "Raised": "Raised",
    "QueueAllFromHere": "Queue all from here",
    "Quality": "Quality",
    "Producer": "Producer",
    "Primary": "Primary",
    "Previous": "Previous",
    "Premieres": "Premieres",
    "Premiere": "Premiere",
    "PreferredNotRequired": "Preferred, but not required",
    "PreferEmbeddedTitlesOverFileNamesHelp": "This determines the default display title when no internet metadata or local metadata is available.",
    "PreferEmbeddedTitlesOverFileNames": "Prefer embedded titles over filenames",
    "PluginInstalledMessage": "The plugin has been successfully installed. Jellyfin Server will need to be restarted for changes to take effect.",
    "PleaseSelectTwoItems": "Please select at least two items.",
    "PleaseRestartServerName": "Please restart Jellyfin Server - {0}.",
    "PleaseConfirmPluginInstallation": "Please click OK to confirm you've read the above and wish to proceed with the plugin installation.",
    "PleaseAddAtLeastOneFolder": "Please add at least one folder to this library by clicking the Add button.",
    "Played": "Played",
    "PlayNextEpisodeAutomatically": "Play next episode automatically",
    "PlayNext": "Play next",
    "PlayFromBeginning": "Play from beginning",
    "PlayCount": "Play count",
    "PlaybackData": "Playback Data",
    "PlayAllFromHere": "Play all from here",
    "PinCodeResetConfirmation": "Are you sure you wish to reset the pin code?",
    "PinCodeResetComplete": "The pin code has been reset.",
    "PictureInPicture": "Picture in picture",
    "PerfectMatch": "Perfect match",
    "PasswordSaved": "Password saved.",
    "PasswordResetHeader": "Reset Password",
    "PasswordResetConfirmation": "Are you sure you wish to reset the password?",
    "PasswordResetComplete": "The password has been reset.",
    "PasswordMatchError": "Password and password confirmation must match.",
    "ParentalRating": "Parental rating",
    "PackageInstallFailed": "{0} (version {1}) installation failed.",
    "PackageInstallCompleted": "{0} (version {1}) installation completed.",
    "PackageInstallCancelled": "{0} (version {1}) installation cancelled.",
    "OriginalAirDateValue": "Original air date: {0}",
    "OptionWeekly": "Weekly",
    "OptionWeekends": "Weekends",
    "OptionWeekdays": "Weekdays",
    "OptionWednesday": "Wednesday",
    "OptionWakeFromSleep": "Wake from sleep",
    "OptionUnplayed": "Unplayed",
    "OptionUnairedEpisode": "Unaired Episodes",
    "OptionTrackName": "Track Name",
    "OptionThumbCard": "Thumb card",
    "OptionThumb": "Thumb",
    "OptionThursday": "Thursday",
    "OptionSunday": "Sunday",
    "OptionSubstring": "Substring",
    "OptionSpecialEpisode": "Specials",
    "OptionSaveMetadataAsHiddenHelp": "Changing this will apply to new metadata saved going forward. Existing metadata files will be updated the next time they are saved by Jellyfin Server.",
    "OptionSaveMetadataAsHidden": "Save metadata and images as hidden files",
    "OptionSaturday": "Saturday",
    "OptionRuntime": "Runtime",
    "OptionResumable": "Resumable",
    "OptionResElement": "res element",
    "OptionRequirePerfectSubtitleMatchHelp": "Requiring a perfect match will filter subtitles to include only those that have been tested and verified with your exact video file. Unchecking this will increase the likelihood of subtitles being downloaded, but will increase the chances of mistimed or incorrect subtitle text.",
    "OptionRequirePerfectSubtitleMatch": "Only download subtitles that are a perfect match for my video files",
    "OptionReportByteRangeSeekingWhenTranscodingHelp": "This is required for some devices that don't time seek very well.",
    "OptionReportByteRangeSeekingWhenTranscoding": "Report that the server supports byte seeking when transcoding",
    "OptionRegex": "Regex",
    "OptionProfileVideo": "Video",
    "OptionProfileAudio": "Audio",
    "OptionPremiereDate": "Premiere Date",
    "OptionPlayCount": "Play Count",
    "OptionPlainVideoItemsHelp": "If enabled, all videos are represented in DIDL as \"object.item.videoItem\" instead of a more specific type, such as \"object.item.videoItem.movie\".",
    "OptionPlainVideoItems": "Display all videos as plain video items",
    "OptionPlainStorageFoldersHelp": "If enabled, all folders are represented in DIDL as \"object.container.storageFolder\" instead of a more specific type, such as \"object.container.person.musicArtist\".",
    "OptionParentalRating": "Parental Rating",
    "OptionOnInterval": "On an interval",
    "OptionOnAppStartup": "On application startup",
    "OptionNone": "None",
    "OptionNew": "New…",
    "OptionMissingEpisode": "Missing Episodes",
    "OptionMax": "Max",
    "OptionLoginAttemptsBeforeLockoutHelp": "A value of zero means inheriting the default of three attempts for normal users and five for administrators. Setting this to -1 will disable the feature.",
    "OptionLoginAttemptsBeforeLockout": "Determines how many incorrect login attempts can be made before lockout occurs.",
    "OptionList": "List",
    "OptionDatePlayed": "Date Played",
    "OptionBlockTvShows": "TV Shows",
    "OptionBlockTrailers": "Trailers",
    "OptionBlockMovies": "Movies",
    "OptionBlockChannelContent": "Internet Channel Content",
    "OptionBanner": "Banner",
    "OptionAutomaticallyGroupSeriesHelp": "If enabled, series that are spread across multiple folders within this library will be automatically merged into a single series.",
    "OptionAutomaticallyGroupSeries": "Automatically merge series that are spread across multiple folders",
    "OptionArtist": "Artist",
    "OptionAllowVideoPlaybackTranscoding": "Allow video playback that requires transcoding",
    "OptionAllowVideoPlaybackRemuxing": "Allow video playback that requires conversion without re-encoding",
    "OptionAllowUserToManageServer": "Allow this user to manage the server",
    "OptionAllowSyncTranscoding": "Allow media downloading and syncing that requires transcoding",
    "OptionAllowRemoteSharedDevicesHelp": "DLNA devices are considered shared until a user begins controlling them.",
    "OptionAllowRemoteSharedDevices": "Allow remote control of shared devices",
    "OptionAllowRemoteControlOthers": "Allow remote control of other users",
    "OptionAllowMediaPlaybackTranscodingHelp": "Restricting access to transcoding may cause playback failures in Jellyfin apps due to unsupported media formats.",
    "OptionAllowManageLiveTv": "Allow Live TV recording management",
    "OptionAllowLinkSharingHelp": "Only web pages containing media information are shared. Media files are never shared publicly. Shares are time-limited and will expire after {0} days.",
    "OptionAllowLinkSharing": "Allow social media sharing",
    "OptionAllowContentDownloading": "Allow media downloading and syncing",
    "OptionAllowBrowsingLiveTv": "Allow Live TV access",
    "OptionAllowAudioPlaybackTranscoding": "Allow audio playback that requires transcoding",
    "OptionAllUsers": "All users",
    "OptionAlbumArtist": "Album Artist",
    "OptionAlbum": "Album",
    "Option3D": "3D",
    "OnlyImageFormats": "Only Image Formats (VOBSUB, PGS, SUB)",
    "OnlyForcedSubtitlesHelp": "Only subtitles marked as forced will be loaded.",
    "Normal": "Normal",
    "None": "None",
    "NoSubtitlesHelp": "Subtitles will not be loaded by default. They can still be turned on manually during playback.",
    "NoSubtitles": "None",
    "NoPluginConfigurationMessage": "This plugin has no settings to configure.",
    "NoNextUpItemsMessage": "None found. Start watching your shows!",
    "No": "No",
    "NextUp": "Next Up",
    "NewEpisodesOnly": "New episodes only",
    "NewCollection": "New Collection",
    "Never": "Never",
    "MySubtitles": "My Subtitles",
    "Mute": "Mute",
    "MusicLibraryHelp": "Review the {0}music naming guide{1}.",
    "Monday": "Monday",
    "MinutesBefore": "minutes before",
    "MetadataSettingChangeHelp": "Changing metadata settings will affect new content that is added going forward. To refresh existing content, open the detail screen and click the refresh button, or perform bulk refreshes using the metadata manager.",
    "MetadataManager": "Metadata Manager",
    "MessagePluginInstallDisclaimer": "Plugins built by Jellyfin community members are a great way to enhance your Jellyfin experience with additional features and benefits. Before installing, please be aware of the effects they may have on your Jellyfin Server, such as longer library scans, additional background processing, and decreased system stability.",
    "MessagePluginConfigurationRequiresLocalAccess": "To configure this plugin please sign in to your local server directly.",
    "MessagePleaseWait": "Please wait. This may take a minute.",
    "MessagePleaseEnsureInternetMetadata": "Please ensure downloading of internet metadata is enabled.",
    "MessagePlayAccessRestricted": "Playback of this content is currently restricted. Please contact your server administrator for more information.",
    "MessagePasswordResetForUsers": "The following users have had their passwords reset. They can now sign in with the pin codes that were used to perform the reset.",
    "MessageNothingHere": "Nothing here.",
    "MessageNoTrailersFound": "Install the trailers channel to enhance your movie experience by adding a library of internet trailers.",
    "MessageNoServersAvailable": "No servers have been found using the automatic server discovery.",
    "MessageNoMovieSuggestionsAvailable": "No movie suggestions are currently available. Start watching and rating your movies, and then come back to view your recommendations.",
    "MessageNoAvailablePlugins": "No available plugins.",
    "MessageInvalidUser": "Invalid username or password. Please try again.",
    "MessageInvalidForgotPasswordPin": "An invalid or expired pin code was entered. Please try again.",
    "MessageInstallPluginFromApp": "This plugin must be installed from within the app you intend to use it in.",
    "MessageImageTypeNotSelected": "Please select an image type from the drop-down menu.",
    "MessageImageFileTypeAllowed": "Only JPEG and PNG files are supported.",
    "MessageForgotPasswordInNetworkRequired": "Please try again within your home network to initiate the password reset process.",
    "MessageForgotPasswordFileCreated": "The following file has been created on your server and contains instructions on how to proceed:",
    "MessageDirectoryPickerInstruction": "Network paths can be entered manually in the event the Network button fails to locate your devices. For example, {0} or {1}.",
    "MessageDeleteTaskTrigger": "Are you sure you wish to delete this task trigger?",
    "MessageCreateAccountAt": "Create an account at {0}",
    "MessageContactAdminToResetPassword": "Please contact your system administrator to reset your password.",
    "MessageConfirmRevokeApiKey": "Are you sure you wish to revoke this api key? The application's connection to Jellyfin Server will be abruptly terminated.",
    "MessageConfirmRestart": "Are you sure you wish to restart Jellyfin Server?",
    "MessageConfirmRemoveMediaLocation": "Are you sure you wish to remove this location?",
    "MessageConfirmDeleteTunerDevice": "Are you sure you wish to delete this device?",
    "MessageConfirmDeleteGuideProvider": "Are you sure you wish to delete this guide provider?",
    "MessageAlreadyInstalled": "This version is already installed.",
    "Menu": "Menu",
    "MediaIsBeingConverted": "The media is being converted into a format that is compatible with the device that is playing the media.",
    "MediaInfoStreamTypeVideo": "Video",
    "MediaInfoStreamTypeEmbeddedImage": "Embedded Image",
    "MediaInfoStreamTypeAudio": "Audio",
    "MediaInfoTimestamp": "Timestamp",
    "MediaInfoSize": "Size",
    "MediaInfoSampleRate": "Sample rate",
    "MediaInfoResolution": "Resolution",
    "MediaInfoRefFrames": "Ref frames",
    "MediaInfoProfile": "Profile",
    "MediaInfoPixelFormat": "Pixel format",
    "MediaInfoPath": "Path",
    "MediaInfoLevel": "Level",
    "MediaInfoLayout": "Layout",
    "MediaInfoAspectRatio": "Aspect ratio",
    "MediaInfoAnamorphic": "Anamorphic",
    "MaxParentalRatingHelp": "Content with a higher rating will be hidden from this user.",
    "MarkUnplayed": "Mark unplayed",
    "MarkPlayed": "Mark played",
    "MapChannels": "Map Channels",
    "ManageLibrary": "Manage library",
    "Logo": "Logo",
    "LiveBroadcasts": "Live broadcasts",
    "Live": "Live",
    "List": "List",
    "LibraryAccessHelp": "Select the libraries to share with this user. Administrators will be able to edit all folders using the metadata manager.",
    "LeaveBlankToNotSetAPassword": "You can leave this field blank to set no password.",
    "LearnHowYouCanContribute": "Learn how you can contribute.",
    "LaunchWebAppOnStartupHelp": "Open the web client in your default web browser when the server initially starts. This will not occur when using the restart server function.",
    "LanNetworksHelp": "Comma separated list of IP addresses or IP/netmask entries for networks that will be considered on local network when enforcing bandwidth restrictions. If set, all other IP addresses will be considered to be on the external network and will be subject to the external bandwidth restrictions. If left blank, only the server's subnet is considered to be on the local network.",
    "LabelffmpegPathHelp": "The path to the ffmpeg application file, or folder containing ffmpeg.",
    "LabelffmpegPath": "FFmpeg path:",
    "LabelYear": "Year:",
    "LabelXDlnaDocHelp": "Determines the content of the X_DLNADOC element in the urn:schemas-dlna-org:device-1-0 namespace.",
    "LabelXDlnaDoc": "X-DLNA doc:",
    "LabelXDlnaCapHelp": "Determines the content of the X_DLNACAP element in the urn:schemas-dlna-org:device-1-0 namespace.",
    "LabelWeb": "Web:",
    "DashboardServerName": "Server: {0}",
    "DashboardVersionNumber": "Version: {0}",
    "LabelVersionInstalled": "{0} installed",
    "LabelVaapiDeviceHelp": "This is the render node that is used for hardware acceleration.",
    "LabelVaapiDevice": "VA API Device:",
    "LabelUsername": "Username:",
    "LabelUserRemoteClientBitrateLimitHelp": "Override the default global value set in server playback settings.",
    "LabelUserLibraryHelp": "Select which user library to display to the device. Leave empty to inherit the default setting.",
    "LabelUserLibrary": "User library:",
    "LabelUserAgent": "User agent:",
    "LabelUser": "User:",
    "LabelUseNotificationServices": "Use the following services:",
    "LabelTypeText": "Text",
    "LabelTunerIpAddress": "Tuner IP Address:",
    "LabelTriggerType": "Trigger Type:",
    "LabelTranscodingVideoCodec": "Video codec:",
    "LabelTranscodingThreadCountHelp": "Select the maximum number of threads to use when transcoding. Reducing the thread count will lower CPU usage but may not convert fast enough for a smooth playback experience.",
    "LabelTranscodingThreadCount": "Transcoding thread count:",
    "LabelTranscodingFramerate": "Transcoding framerate:",
    "LabelTranscodes": "Transcodes:",
    "LabelTranscodingTempPathHelp": "Specify a custom path for the transcode files served to clients. Leave blank to use the server default.",
    "LabelTranscodePath": "Transcode path:",
    "LabelTranscodingContainer": "Container:",
    "LabelTranscodingAudioCodec": "Audio codec:",
    "LabelTrackNumber": "Track number:",
    "LabelTitle": "Title:",
    "LabelTagline": "Tagline:",
    "LabelTag": "Tag:",
    "LabelTVHomeScreen": "TV mode home screen:",
    "LabelSupportedMediaTypes": "Supported Media Types:",
    "LabelSubtitles": "Subtitles",
    "LabelSubtitlePlaybackMode": "Subtitle mode:",
    "LabelSubtitleFormatHelp": "Example: srt",
    "LabelSubtitleDownloaders": "Subtitle downloaders:",
    "LabelStopping": "Stopping",
    "LabelStopWhenPossible": "Stop when possible:",
    "LabelStatus": "Status:",
    "LabelStartWhenPossible": "Start when possible:",
    "LabelSpecialSeasonsDisplayName": "Special season display name:",
    "LabelSource": "Source:",
    "LabelSoundEffects": "Sound effects:",
    "LabelSortBy": "Sort by:",
    "LabelSonyAggregationFlagsHelp": "Determines the content of the aggregationFlags element in the urn:schemas-sonycom:av namespace.",
    "LabelSkipIfGraphicalSubsPresentHelp": "Keeping text versions of subtitles will result in more efficient delivery and decrease the likelihood of video transcoding.",
    "LabelSkipIfAudioTrackPresentHelp": "Uncheck this to ensure all videos have subtitles, regardless of audio language.",
    "LabelSkipIfAudioTrackPresent": "Skip if the default audio track matches the download language",
    "LabelSkipBackLength": "Skip back length:",
    "LabelSkin": "Skin:",
    "LabelSize": "Size:",
    "LabelSimultaneousConnectionLimit": "Simultaneous stream limit:",
    "LabelServerHost": "Host:",
    "LabelSerialNumber": "Serial number",
    "LabelSendNotificationToUsers": "Send the notification to:",
    "LabelSelectFolderGroupsHelp": "Folders that are unchecked will be displayed by themselves in their own view.",
    "LabelSelectFolderGroups": "Automatically group content from the following folders into views such as Movies, Music and TV:",
    "LabelSecureConnectionsMode": "Secure connection mode:",
    "LabelSeasonNumber": "Season number:",
    "LabelScreensaver": "Screensaver:",
    "EnableFasterAnimations": "Faster animations",
    "EnableFasterAnimationsHelp": "Use faster animations and transitions",
    "LabelScheduledTaskLastRan": "Last ran {0}, taking {1}.",
    "LabelSaveLocalMetadataHelp": "Saving artwork into media folders will put them in a place where they can be easily edited.",
    "LabelRuntimeMinutes": "Run time (minutes):",
    "LabelRemoteClientBitrateLimitHelp": "An optional per-stream bitrate limit for all out of network devices. This is useful to prevent devices from requesting a higher bitrate than your internet connection can handle. This may result in increased CPU load on your server in order to transcode videos on the fly to a lower bitrate.",
    "LabelRemoteClientBitrateLimit": "Internet streaming bitrate limit (Mbps):",
    "LabelReleaseDate": "Release date:",
    "LabelRefreshMode": "Refresh mode:",
    "LabelRecord": "Record:",
    "LabelReasonForTranscoding": "Reason for transcoding:",
    "LabelPublicHttpsPort": "Public HTTPS port number:",
    "LabelPublicHttpPortHelp": "The public port number that should be mapped to the local HTTP port.",
    "LabelPublicHttpPort": "Public HTTP port number:",
    "LabelMetadataDownloadersHelp": "Enable and rank your preferred metadata downloaders in order of priority. Lower priority downloaders will only be used to fill in missing information.",
    "LabelDisplayMissingEpisodesWithinSeasons": "Display missing episodes within seasons",
    "LabelDidlMode": "DIDL mode:",
    "LabelDefaultUser": "Default user:",
    "LabelDefaultScreen": "Default screen:",
    "LabelDeathDate": "Death date:",
    "LabelDay": "Day:",
    "LabelDateTimeLocale": "Date time locale:",
    "LabelCustomDeviceDisplayNameHelp": "Supply a custom display name or leave empty to use the name reported by the device.",
    "HeaderYears": "Years",
    "HeaderVideos": "Videos",
    "HeaderVideoTypes": "Video Types",
    "Series": "Series",
    "NewEpisodes": "New episodes",
    "NewCollectionNameExample": "Example: Star Wars Collection",
    "MinutesAfter": "minutes after",
    "Metadata": "Metadata",
    "MessageFileReadError": "There was an error reading the file. Please try again.",
    "MessageEnablingOptionLongerScans": "Enabling this option may result in significantly longer library scans.",
    "MessageConfirmRecordingCancellation": "Cancel recording?",
    "MessageConfirmProfileDeletion": "Are you sure you wish to delete this profile?",
    "LaunchWebAppOnStartup": "Launch the web interface when starting the server",
    "LabelYourFirstName": "Your first name:",
    "OnlyForcedSubtitles": "Only Forced",
    "Off": "Off",
    "NumLocationsValue": "{0} folders",
    "Name": "Name",
    "MovieLibraryHelp": "Review the {0}movie naming guide{1}.",
    "MoveRight": "Move right",
    "MoveLeft": "Move left",
    "MoreMediaInfo": "Media Info",
    "MoreUsersCanBeAddedLater": "More users can be added later from within the dashboard.",
    "MoreFromValue": "More from {0}",
    "MessageDownloadQueued": "Download queued.",
    "MediaInfoStreamTypeData": "Data",
    "MediaInfoLanguage": "Language",
    "MediaInfoInterlaced": "Interlaced",
    "MediaInfoFramerate": "Framerate",
    "MediaInfoForced": "Forced",
    "MediaInfoExternal": "External",
    "MediaInfoDefault": "Default",
    "MediaInfoContainer": "Container",
    "MediaInfoCodecTag": "Codec tag",
    "MediaInfoCodec": "Codec",
    "ManageRecording": "Manage recording",
    "LiveTV": "Live TV",
    "Like": "Like",
    "LatestFromLibrary": "Latest {0}",
    "Large": "Large",
    "LabelZipCode": "Postcode:",
    "LabelYoureDone": "You're Done!",
    "LabelVideoCodec": "Video codec:",
    "LabelVideoBitrate": "Video bitrate:",
    "DashboardArchitecture": "Architecture: {0}",
    "DashboardOperatingSystem": "Operating System: {0}",
    "LabelVersion": "Version:",
    "LabelValue": "Value:",
    "LabelUserLoginAttemptsBeforeLockout": "Failed login attempts before user is locked out:",
    "LabelTranscodingProgress": "Transcoding progress:",
    "LabelTimeLimitHours": "Time limit (hours):",
    "LabelTime": "Time:",
    "LabelTheme": "Theme:",
    "LabelTextSize": "Text size:",
    "LabelSportsCategories": "Sports categories:",
    "LabelSortTitle": "Sort title:",
    "LabelSortOrder": "Sort order:",
    "LabelSonyAggregationFlags": "Sony aggregation flags:",
    "LabelSkipForwardLength": "Skip forward length:",
    "LabelSelectUsers": "Select users:",
    "LabelPublicHttpsPortHelp": "The public port number that should be mapped to the local HTTPS port.",
    "LabelProtocolInfoHelp": "The value that will be used when responding to GetProtocolInfo requests from the device.",
    "LabelProtocolInfo": "Protocol info:",
    "LabelProfileContainer": "Container:",
    "LabelPostProcessorArguments": "Post-processor command line arguments:",
    "LabelPlayMethod": "Play method:",
    "LabelPlaylist": "Playlist:",
    "LabelPlayDefaultAudioTrack": "Play default audio track regardless of language",
    "LabelPlaceOfBirth": "Place of birth:",
    "LabelOverview": "Overview:",
    "LabelOriginalAspectRatio": "Original aspect ratio:",
    "LabelMusicStreamingTranscodingBitrateHelp": "Specify a max bitrate when streaming music.",
    "LabelMetadataDownloadLanguage": "Preferred download language:",
    "LabelMetadata": "Metadata:",
    "LabelKeepUpTo": "Keep up to:",
    "LabelFinish": "Finish",
    "LabelFailed": "Failed",
    "LabelExtractChaptersDuringLibraryScan": "Extract chapter images during the library scan",
    "LabelEndDate": "End date:",
    "LabelEnableSingleImageInDidlLimit": "Limit to single embedded image",
    "LabelEnableDlnaDebugLogging": "Enable DLNA debug logging",
    "UninstallPluginConfirmation": "Are you sure you wish to uninstall {0}?",
    "Uniform": "Uniform",
    "TvLibraryHelp": "Review the {0}TV naming guide{1}.",
    "Tuesday": "Tuesday",
    "Transcoding": "Transcoding",
    "ThemeVideos": "Theme videos",
    "ThemeSongs": "Theme songs",
    "TellUsAboutYourself": "Tell us about yourself",
    "TagsValue": "Tags: {0}",
    "Tags": "Tags",
    "TabUsers": "Users",
    "TabUpcoming": "Upcoming",
    "TabTranscoding": "Transcoding",
    "TabTrailers": "Trailers",
    "TabSuggestions": "Suggestions",
    "LabelDisplayMode": "Display mode:",
    "LabelDisplayLanguageHelp": "Translating Jellyfin is an ongoing project.",
    "LabelDisplayLanguage": "Display language:",
    "LabelDiscNumber": "Disc number:",
    "LabelDeviceDescription": "Device description",
    "LabelDefaultUserHelp": "Determines which user library should be displayed on connected devices. This can be overridden for each device using profiles.",
    "TabStreaming": "Streaming",
    "TabSongs": "Songs",
    "TabProfiles": "Profiles",
    "TabProfile": "Profile",
    "TabPlugins": "Plugins",
    "TabPlaylists": "Playlists",
    "TabNfoSettings": "NFO Settings",
    "TabNetworking": "Networking",
    "TabLiveTV": "Live TV",
    "TabLatest": "Latest",
    "TabInfo": "Info",
    "TabGuide": "Guide",
    "TabGenres": "Genres",
    "TabEpisodes": "Episodes",
    "TabDashboard": "Dashboard",
    "TabContainers": "Containers",
    "TabCollections": "Collections",
    "TabCodecs": "Codecs",
    "Sort": "Sort",
    "Smaller": "Smaller",
    "SmallCaps": "Small Caps",
    "Small": "Small",
    "SkipEpisodesAlreadyInMyLibrary": "Don't record episodes that are already in my library",
    "RecommendationBecauseYouLike": "Because you like {0}",
    "RecentlyWatched": "Recently watched",
    "OptionEveryday": "Every day",
    "OptionEstimateContentLength": "Estimate content length when transcoding",
    "OptionAllowMediaPlayback": "Allow media playback",
    "Next": "Next",
    "MessageAreYouSureYouWishToRemoveMediaFolder": "Are you sure you wish to remove this media folder?",
    "MessageAreYouSureDeleteSubtitles": "Are you sure you wish to delete this subtitle file?",
    "LabelTypeMetadataDownloaders": "{0} metadata downloaders:",
    "LabelType": "Type:",
    "LabelTunerType": "Tuner type:",
    "LabelServerName": "Server name:",
    "LabelServerHostHelp": "192.168.1.100:8096 or https://myserver.com",
    "LabelSeriesRecordingPath": "Series recording path (optional):",
    "LabelRecordingPathHelp": "Specify the default location to save recordings. If left empty, the server's program data folder will be used.",
    "LabelRecordingPath": "Default recording path:",
    "LabelReadHowYouCanContribute": "Learn how you can contribute.",
    "LabelAlbumArtMaxWidth": "Album art max width:",
    "LabelCustomCssHelp": "Apply your own custom styling to the web interface.",
    "LabelBlastMessageIntervalHelp": "Determines the duration in seconds between blast alive messages.",
    "LabelBlastMessageInterval": "Alive message interval (seconds)",
    "LabelBitrate": "Bitrate:",
    "LabelAudioSampleRate": "Audio sample rate:",
    "LabelAlbumArtMaxHeight": "Album art max height:",
    "LabelAccessStart": "Start time:",
    "Label3DFormat": "3D format:",
    "Thumb": "Thumb",
    "ProductionLocations": "Production locations",
    "OptionProtocolHttp": "HTTP",
    "OptionEnableForAllTuners": "Enable for all tuner devices",
    "MessageNoPluginsInstalled": "You have no plugins installed.",
    "LabelXDlnaCap": "X-DLNA cap:",
    "LabelSkipIfGraphicalSubsPresent": "Skip if the video already contains embedded subtitles",
    "LabelManufacturer": "Manufacturer:",
    "LabelLoginDisclaimer": "Login disclaimer:",
    "LabelLocalHttpServerPortNumber": "Local HTTP port number:",
    "LabelKodiMetadataEnablePathSubstitution": "Enable path substitution",
    "LabelKodiMetadataDateFormatHelp": "All dates within NFO files will be parsed using this format.",
    "LabelKodiMetadataDateFormat": "Release date format:",
    "LabelKidsCategories": "Children's categories:",
    "LabelInNetworkSignInWithEasyPasswordHelp": "Use the easy pin code to sign in to clients within your local network. Your regular password will only be needed away from home. If the pin code is left blank, you won't need a password within your home network.",
    "LabelInNetworkSignInWithEasyPassword": "Enable in-network sign in with my easy pin code",
    "LabelHardwareAccelerationTypeHelp": "Hardware acceleration requires additional configuration.",
    "LabelEnableHardwareDecodingFor": "Enable hardware decoding for:",
    "LabelEnableDlnaServerHelp": "Allows UPnP devices on your network to browse and play content.",
    "LabelEnableDlnaDebugLoggingHelp": "Create large log files and should only be used as needed for troubleshooting purposes.",
    "LabelEnableDlnaClientDiscoveryIntervalHelp": "Determines the duration in seconds between SSDP searches performed by Jellyfin.",
    "LabelEnableAutomaticPortMapHelp": "Automatically forward public ports on your router to local ports on your server via UPnP. This may not work with some router models or network configurations. Changes will not apply until after a server restart.",
    "InstallingPackage": "Installing {0} (version {1})",
    "ImportMissingEpisodesHelp": "If enabled, information about missing episodes will be imported into your Jellyfin database and displayed within seasons and series. This may cause significantly longer library scans.",
    "HeaderSubtitleAppearance": "Subtitle Appearance",
    "LabelProtocol": "Protocol:",
    "LabelProfileVideoCodecs": "Video codecs:",
    "LabelProfileContainersHelp": "Separated by comma. This can be left empty to apply to all containers.",
    "LabelProfileCodecsHelp": "Separated by comma. This can be left empty to apply to all codecs.",
    "LabelProfileAudioCodecs": "Audio codecs:",
    "LabelPreferredSubtitleLanguage": "Preferred subtitle language:",
    "LabelPreferredDisplayLanguageHelp": "Translating Jellyfin is an ongoing project.",
    "LabelPreferredDisplayLanguage": "Preferred display language:",
    "LabelPostProcessor": "Post-processing application:",
    "LabelPlayer": "Player:",
    "LabelPersonRoleHelp": "Example: Ice cream truck driver",
    "LabelPersonRole": "Role:",
    "LabelPath": "Path:",
    "LabelPassword": "Password:",
    "LabelParentalRating": "Parental rating:",
    "LabelParentNumber": "Parent number:",
    "LabelOptionalNetworkPath": "(Optional) Shared network folder:",
    "LabelNext": "Next",
    "LabelNewsCategories": "News categories:",
    "LabelNewPasswordConfirm": "New password confirm:",
    "LabelNewPassword": "New password:",
    "LabelNewName": "New name:",
    "LabelName": "Name:",
    "LabelMusicStreamingTranscodingBitrate": "Music transcoding bitrate:",
    "LabelMoviePrefix": "Movie prefix:",
    "LabelMovieCategories": "Movie categories:",
    "LabelMonitorUsers": "Monitor activity from:",
    "LabelModelUrl": "Model URL",
    "LabelModelNumber": "Model number",
    "LabelModelName": "Model name",
    "LabelModelDescription": "Model description",
    "LabelMinScreenshotDownloadWidth": "Minimum screenshot download width:",
    "LabelMinResumePercentageHelp": "Titles are assumed unplayed if stopped before this time.",
    "LabelMinResumePercentage": "Minimum resume percentage:",
    "LabelMinResumeDurationHelp": "The shortest video length in seconds that will save playback location and let you resume.",
    "LabelMinResumeDuration": "Minimum resume duration:",
    "LabelMinBackdropDownloadWidth": "Minimum backdrop download width:",
    "LabelMethod": "Method:",
    "LabelMetadataSaversHelp": "Choose the file formats to save your metadata to.",
    "LabelMetadataSavers": "Metadata savers:",
    "LabelMetadataReadersHelp": "Rank your preferred local metadata sources in order of priority. The first file found will be read.",
    "LabelMetadataReaders": "Metadata readers:",
    "LabelMetadataPath": "Metadata path:",
    "LabelMaxResumePercentageHelp": "Titles are assumed fully played if stopped after this time.",
    "LabelMaxResumePercentage": "Maximum resume percentage:",
    "LabelMaxChromecastBitrate": "Chromecast streaming quality:",
    "LabelMaxBackdropsPerItem": "Maximum number of backdrops per item:",
    "LabelMatchType": "Match type:",
    "LabelManufacturerUrl": "Manufacturer URL",
    "LabelLoginDisclaimerHelp": "A message that will be displayed at the bottom of the login page.",
    "LabelLockItemToPreventChanges": "Lock this item to prevent future changes",
    "LabelLocalHttpServerPortNumberHelp": "The TCP port number that Jellyfin's HTTP server should bind to.",
    "LabelLineup": "Lineup:",
    "LabelLanguage": "Language:",
    "LabelLanNetworks": "LAN networks:",
    "LabelKodiMetadataUser": "Save user watch data to NFO files for:",
    "LabelKodiMetadataSaveImagePathsHelp": "This is recommended if you have image file names that don't conform to Kodi guidelines.",
    "LabelKodiMetadataSaveImagePaths": "Save image paths within nfo files",
    "LabelKodiMetadataEnablePathSubstitutionHelp": "Enables path substitution of image paths using the server's path substitution settings.",
    "LabelKodiMetadataEnableExtraThumbsHelp": "When downloading images they can be saved into both extrafanart and extrathumbs for maximum Kodi skin compatibility.",
    "LabelImageType": "Image type:",
    "LabelImageFetchersHelp": "Enable and rank your preferred image fetchers in order of priority.",
    "LabelIdentificationFieldHelp": "A case-insensitive substring or regex expression.",
    "LabelIconMaxWidthHelp": "Maximum resolution of icons exposed via upnp:icon.",
    "LabelIconMaxWidth": "Icon maximum width:",
    "LabelIconMaxHeightHelp": "Maximum resolution of icons exposed via upnp:icon.",
    "LabelIconMaxHeight": "Icon maximum height:",
    "LabelHttpsPortHelp": "The TCP port number that Jellyfin's HTTPS server should bind to.",
    "LabelHttpsPort": "Local HTTPS port number:",
    "LabelHomeScreenSectionValue": "Home screen section {0}:",
    "LabelHomeNetworkQuality": "Home network quality:",
    "LabelHardwareAccelerationType": "Hardware acceleration:",
    "LabelEncoderPreset": "H264 and H265 encoding preset:",
    "LabelH264Crf": "H264 encoding CRF:",
    "LabelGroupMoviesIntoCollectionsHelp": "When displaying movie lists, movies belonging to a collection will be displayed as one grouped item.",
    "LabelGroupMoviesIntoCollections": "Group movies into collections",
    "LabelServerNameHelp": "This name will be used to identify the server and will default to the server's computer name.",
    "LabelFriendlyName": "Friendly name:",
    "LabelFormat": "Format:",
    "LabelForgotPasswordUsernameHelp": "Enter your username, if you remember it.",
    "LabelFont": "Font:",
    "LabelExtractChaptersDuringLibraryScanHelp": "Generate chapter images when videos are imported during the library scan. Otherwise, they will be extracted during the chapter images scheduled task, allowing the regular library scan to complete faster.",
    "LabelBaseUrlHelp": "Adds a custom subdirectory to the server URL. For example: <code>http://example.com/<b>&lt;baseurl&gt;</b></code>",
    "LabelEveryXMinutes": "Every:",
    "LabelEvent": "Event:",
    "LabelEpisodeNumber": "Episode number:",
    "LabelEnableSingleImageInDidlLimitHelp": "Some devices will not render properly if multiple images are embedded within Didl.",
    "LabelEnableRealtimeMonitorHelp": "Changes to files will be processed immediately, on supported file systems.",
    "LabelEnableRealtimeMonitor": "Enable real time monitoring",
    "LabelEnableDlnaServer": "Enable DLNA server",
    "LabelEnableDlnaPlayToHelp": "Detect devices within your network and offer the ability to remote control them.",
    "LabelEnableDlnaPlayTo": "Enable DLNA Play To",
    "LabelEnableDlnaClientDiscoveryInterval": "Client discovery interval (seconds)",
    "LabelEnableBlastAliveMessagesHelp": "Enable this if the server is not detected reliably by other UPnP devices on your network.",
    "LabelEnableBlastAliveMessages": "Blast alive messages",
    "LabelEnableAutomaticPortMap": "Enable automatic port mapping",
    "LabelEmbedAlbumArtDidlHelp": "Some devices prefer this method for obtaining album art. Others may fail to play with this option enabled.",
    "LabelEmbedAlbumArtDidl": "Embed album art in Didl",
    "LabelEasyPinCode": "Easy pin code:",
    "LabelDynamicExternalId": "{0} Id:",
    "LabelDropShadow": "Drop shadow:",
    "LabelDropImageHere": "Drop image here, or click to browse.",
    "LabelDownloadLanguages": "Download languages:",
    "LabelDownMixAudioScaleHelp": "Boost audio when downmixing. A value of one will preserve the original volume.",
    "LabelDownMixAudioScale": "Audio boost when downmixing:",
    "LabelDisplaySpecialsWithinSeasons": "Display specials within seasons they aired in",
    "LabelDisplayOrder": "Display order:",
    "LabelDisplayName": "Display name:",
    "LabelDateAddedBehaviorHelp": "If a metadata value is present it will always be used before either of these options.",
    "LabelCustomDeviceDisplayName": "Display name:",
    "LabelCustomCss": "Custom CSS:",
    "LabelCustomCertificatePathHelp": "Path to a PKCS #12 file containing a certificate and private key to enable TLS support on a custom domain.",
    "LabelCurrentPassword": "Current password:",
    "LabelCriticRating": "Critic rating:",
    "LabelCountry": "Country:",
    "LabelContentType": "Content type:",
    "LabelCommunityRating": "Community rating:",
    "LabelCertificatePassword": "Certificate password:",
    "LabelCancelled": "Cancelled",
    "LabelCachePathHelp": "Specify a custom location for server cache files such as images. Leave blank to use the server default.",
    "LabelCachePath": "Cache path:",
    "LabelCache": "Cache:",
    "LabelBurnSubtitles": "Burn subtitles:",
    "LabelBlockContentWithTags": "Block items with tags:",
    "LabelBirthYear": "Birth year:",
    "LabelBirthDate": "Birth date:",
    "LabelBindToLocalNetworkAddress": "Bind to local network address:",
    "LabelAutomaticallyRefreshInternetMetadataEvery": "Automatically refresh metadata from the internet:",
    "LabelAuthProvider": "Authentication Provider:",
    "LabelAudioLanguagePreference": "Preferred audio language:",
    "LabelAudioCodec": "Audio codec:",
    "LabelAudioChannels": "Audio channels:",
    "LabelAudioBitrate": "Audio bitrate:",
    "LabelAudioBitDepth": "Audio bit depth:",
    "LabelAudio": "Audio",
    "LabelArtistsHelp": "Separate multiple using ;",
    "LabelArtists": "Artists:",
    "LabelAppName": "App name",
    "LabelAllowedRemoteAddressesMode": "Remote IP address filter mode:",
    "LabelAllowedRemoteAddresses": "Remote IP address filter:",
    "LabelAllowServerAutoRestartHelp": "The server will only restart during idle periods when no users are active.",
    "LabelAllowServerAutoRestart": "Allow the server to restart automatically to apply updates",
    "LabelAllowHWTranscoding": "Allow hardware transcoding",
    "LabelAll": "All",
    "LabelAlbumArtists": "Album artists:",
    "LabelAlbumArtPN": "Album art PN:",
    "LabelAlbumArtMaxWidthHelp": "Max resolution of album art exposed via upnp:albumArtURI.",
    "LabelAlbumArtMaxHeightHelp": "Max resolution of album art exposed via upnp:albumArtURI.",
    "LabelAlbumArtHelp": "PN used for album art, within the dlna:profileID attribute on upnp:albumArtURI. Some devices require a specific value, regardless of the size of the image.",
    "LabelAirsBeforeSeason": "Airs before season:",
    "LabelAirsBeforeEpisode": "Airs before episode:",
    "LabelAirsAfterSeason": "Airs after season:",
    "LabelAirTime": "Air time:",
    "LabelAirDays": "Air days:",
    "LabelAccessEnd": "End time:",
    "LabelAccessDay": "Day of week:",
    "LabelAbortedByServerShutdown": "(Aborted by server shutdown)",
    "Kids": "Kids",
    "Items": "Items",
    "ItemCount": "{0} items",
    "InstantMix": "Instant mix",
    "Images": "Images",
    "Identify": "Identify",
    "Horizontal": "Horizontal",
    "Home": "Home",
    "HideWatchedContentFromLatestMedia": "Hide watched content from latest media",
    "Hide": "Hide",
    "Help": "Help",
    "HeadersFolders": "Folders",
    "HeaderXmlSettings": "XML Settings",
    "HeaderXmlDocumentAttributes": "XML Document Attributes",
    "HeaderXmlDocumentAttribute": "XML Document Attribute",
    "HeaderVideoType": "Video Type",
    "HeaderVideoQuality": "Video Quality",
    "HeaderUsers": "Users",
    "HeaderUser": "User",
    "HeaderUploadImage": "Upload Image",
    "HeaderUpcomingOnTV": "Upcoming On TV",
    "HeaderTypeText": "Enter Text",
    "HeaderTypeImageFetchers": "{0} Image Fetchers",
    "HeaderTuners": "Tuners",
    "HeaderTunerDevices": "Tuner Devices",
    "HeaderTranscodingProfileHelp": "Add transcoding profiles to indicate which formats should be used when transcoding is required.",
    "HeaderTranscodingProfile": "Transcoding Profile",
    "HeaderTracks": "Tracks",
    "HeaderThisUserIsCurrentlyDisabled": "This user is currently disabled",
    "HeaderTaskTriggers": "Task Triggers",
    "HeaderTags": "Tags",
    "HeaderSystemDlnaProfiles": "System Profiles",
    "HeaderSubtitleProfilesHelp": "Subtitle profiles describe the subtitle formats supported by the device.",
    "HeaderSubtitleProfiles": "Subtitle Profiles",
    "HeaderSubtitleProfile": "Subtitle Profile",
    "Overview": "Overview",
    "LabelLogs": "Logs:",
    "Whitelist": "Whitelist",
    "ServerNameIsRestarting": "Jellyfin Server - {0} is restarting.",
    "OptionProtocolHls": "HTTP Live Streaming",
    "OptionProfileVideoAudio": "Video Audio",
    "OptionPosterCard": "Poster card",
    "OptionPoster": "Poster",
    "OptionPlayed": "Played",
    "OneChannel": "One channel",
    "MediaInfoChannels": "Channels",
    "MediaInfoBitDepth": "Bit depth",
    "LabelAlbum": "Album:",
    "LabelProfileCodecs": "Codecs:",
    "LabelPasswordRecoveryPinCode": "Pin code:",
    "LabelPasswordResetProvider": "Password Reset Provider:",
    "LabelPasswordConfirm": "Password (confirm):",
    "LabelOriginalTitle": "Original title:",
    "LabelOptionalNetworkPathHelp": "If this folder is shared on your network, supplying the network share path can allow Jellyfin apps on other devices to access media files directly. For example, {0} or {1}.",
    "LabelNumberOfGuideDaysHelp": "Downloading more days worth of guide data provides the ability to schedule out further in advance and view more listings, but it will also take longer to download. Auto will choose based on the number of channels.",
    "LabelNumberOfGuideDays": "Number of days of guide data to download:",
    "LabelNumber": "Number:",
    "LabelNotificationEnabled": "Enable this notification",
    "SeriesDisplayOrderHelp": "Order episodes by air date, DVD order, or absolute numbering.",
    "PleaseEnterNameOrId": "Please enter a name or an external ID.",
    "OptionTvdbRating": "TVDB Rating",
    "OptionDvd": "DVD",
    "MessageDirectoryPickerLinuxInstruction": "For Linux on Arch Linux, CentOS, Debian, Fedora, openSUSE, or Ubuntu, you must grant the service user at least read access to your storage locations.",
    "LabelCustomCertificatePath": "Custom SSL certificate path:",
    "LabelBindToLocalNetworkAddressHelp": "Optional. Override the local IP address to bind the http server to. If left empty, the server will bind to all availabile addresses. Changing this value requires restarting Jellyfin Server.",
    "LabelAppNameExample": "Example: Sickbeard, Sonarr",
    "HttpsRequiresCert": "To enable secure connections, you will need to supply a trusted SSL certificate, such as Let's Encrypt. Please either supply a certificate, or disable secure connections.",
    "Yesterday": "Yesterday",
    "Yes": "Yes",
    "XmlTvPathHelp": "A path to an XMLTV file. Jellyfin will read this file and periodically check it for updates. You are responsible for creating and updating the file.",
    "WelcomeToProject": "Welcome to Jellyfin!",
    "Wednesday": "Wednesday",
    "Watched": "Watched",
    "ViewPlaybackInfo": "View playback info",
    "ViewAlbum": "View album",
    "VideoRange": "Video range",
    "SubtitleAppearanceSettingsAlsoPassedToCastDevices": "These settings also apply to any Chromecast playback started by this device.",
    "Studios": "Studios",
    "StopRecording": "Stop recording",
    "Sports": "Sports",
    "OptionProfilePhoto": "Photo",
    "OptionPlainStorageFolders": "Display all folders as plain storage folders",
    "OptionDisableUserHelp": "If disabled the server will not allow any connections from this user. Existing connections will be abruptly terminated.",
    "OptionDateAdded": "Date Added",
    "OptionDaily": "Daily",
    "OptionContinuing": "Continuing",
    "OptionCommunityRating": "Community Rating",
    "MessageUnsetContentHelp": "Content will be displayed as plain folders. For best results use the metadata manager to set the content types of sub-folders.",
    "LinksValue": "Links: {0}",
    "LabelSelectVersionToInstall": "Select version to install:",
    "LabelMetadataPathHelp": "Specify a custom location for downloaded artwork and metadata.",
    "OptionLikes": "Likes",
    "OptionIsSD": "SD",
    "OptionIsHD": "HD",
    "OptionImdbRating": "IMDb Rating",
    "OptionIgnoreTranscodeByteRangeRequests": "Ignore transcode byte range requests",
    "OptionHomeVideos": "Photos",
    "OptionHlsSegmentedSubtitles": "HLS segmented subtitles",
    "OptionHideUserFromLoginHelp": "Useful for private or hidden administrator accounts. The user will need to sign in manually by entering their username and password.",
    "OptionHideUser": "Hide this user from login screens",
    "OptionHasTrailer": "Trailer",
    "OptionHasThemeVideo": "Theme Video",
    "OptionHasThemeSong": "Theme Song",
    "OptionHasSubtitles": "Subtitles",
    "OptionHasSpecialFeatures": "Special Features",
    "OptionFriday": "Friday",
    "OptionExtractChapterImage": "Enable chapter image extraction",
    "OptionExternallyDownloaded": "External download",
    "OptionEquals": "Equals",
    "OptionEnded": "Ended",
    "OptionEnableM2tsModeHelp": "Enable m2ts mode when encoding to mpegts.",
    "OptionEnableM2tsMode": "Enable M2ts mode",
    "OptionEnableExternalContentInSuggestions": "Enable external content in suggestions",
    "OptionEnableAccessToAllLibraries": "Enable access to all libraries",
    "OptionEnableAccessToAllChannels": "Enable access to all channels",
    "OptionEnableAccessFromAllDevices": "Enable access from all devices",
    "OptionEmbedSubtitles": "Embed within container",
    "OptionDownloadThumbImage": "Thumb",
    "OptionDownloadPrimaryImage": "Primary",
    "OptionDownloadMenuImage": "Menu",
    "OptionDownloadLogoImage": "Logo",
    "OptionDownloadImagesInAdvanceHelp": "By default, most images are only downloaded when requested by a Jellyfin app. Enable this option to download all images in advance, as new media is imported. This may cause significantly longer library scans.",
    "OptionDownloadImagesInAdvance": "Download images in advance",
    "OptionDownloadDiscImage": "Disc",
    "OptionDownloadBoxImage": "Box",
    "OptionDownloadBannerImage": "Banner",
    "OptionDownloadBackImage": "Back",
    "OptionDownloadArtImage": "Art",
    "OptionDisplayFolderView": "Display a folder view to show plain media folders",
    "LabelMovieRecordingPath": "Movie recording path (optional):",
    "LabelMoviePrefixHelp": "If a prefix is applied to movie titles, enter it here so the server can handle it properly.",
    "LabelMessageTitle": "Message title:",
    "LabelMessageText": "Message text:",
    "LabelMaxStreamingBitrateHelp": "Specify a maximum bitrate when streaming.",
    "LabelMaxStreamingBitrate": "Maximum streaming quality:",
    "LabelMaxScreenshotsPerItem": "Maximum number of screenshots per item:",
    "LabelMaxParentalRating": "Maximum allowed parental rating:",
    "LabelFolder": "Folder:",
    "LabelBaseUrl": "Base URL:",
    "ViewArtist": "View artist",
    "Up": "Up",
    "SearchForCollectionInternetMetadata": "Search the internet for artwork and metadata",
    "MediaInfoStreamTypeSubtitle": "Subtitle",
    "MediaInfoSoftware": "Software",
    "ValueOneSeries": "1 series",
    "MediaInfoBitrate": "Bitrate",
    "LabelVideo": "Video",
    "LabelPrevious": "Previous",
    "LabelPostProcessorArgumentsHelp": "Use {path} as the path to the recording file.",
    "LabelKodiMetadataEnableExtraThumbs": "Copy extrafanart to extrathumbs field",
    "LabelInternetQuality": "Internet quality:",
    "LabelFileOrUrl": "File or URL:",
    "LabelDateAdded": "Date added:",
    "LabelDashboardTheme": "Server dashboard theme:",
    "LabelCustomRating": "Custom rating:",
    "LabelCollection": "Collection:",
    "LabelChannels": "Channels:",
    "LabelCertificatePasswordHelp": "If your certificate requires a password, please enter it here.",
    "ValueOneMovie": "1 movie",
    "ValueOneEpisode": "1 episode",
    "ValueEpisodeCount": "{0} episodes",
    "TabPassword": "Password",
    "TabParentalControl": "Parental Control",
    "SkipEpisodesAlreadyInMyLibraryHelp": "Episodes will be compared using season and episode numbers, when available.",
    "RefreshQueued": "Refresh queued.",
    "Play": "Play",
    "PasswordResetProviderHelp": "Choose a Password Reset Provider to be used when this user requests a password reset",
    "OptionTuesday": "Tuesday",
    "OptionReleaseDate": "Release Date",
    "OptionDisplayFolderViewHelp": "Display folders alongside your other media libraries. This can be useful if you'd like to have a plain folder view.",
    "OptionDislikes": "Dislikes",
    "OptionDisableUser": "Disable this user",
    "OptionDescending": "Descending",
    "OptionDateAddedImportTime": "Use date scanned into the library",
    "OptionDateAddedFileTime": "Use file creation date",
    "OptionCustomUsers": "Custom",
    "OptionCriticRating": "Critic Rating",
    "OptionCaptionInfoExSamsung": "CaptionInfoEx (Samsung)",
    "OptionBluray": "Blu-ray",
    "OptionBlockMusic": "Music",
    "OptionBlockLiveTvChannels": "Live TV Channels",
    "OptionBlockBooks": "Books",
    "OptionAutomatic": "Auto",
    "OptionAuto": "Auto",
    "OptionAscending": "Ascending",
    "OptionAdminUsers": "Administrators",
    "NoSubtitleSearchResultsFound": "No results found.",
    "News": "News",
    "MusicVideo": "Music Video",
    "MusicArtist": "Music Artist",
    "Mobile": "Mobile",
    "MessageYouHaveVersionInstalled": "You currently have version {0} installed.",
    "MessageUnableToConnectToServer": "We're unable to connect to the selected server right now. Please ensure it is running and try again.",
    "MessageTheFollowingLocationWillBeRemovedFromLibrary": "The following media locations will be removed from your library:",
    "MessageSettingsSaved": "Settings saved.",
    "MessageReenableUser": "See below to reenable",
    "MessageLeaveEmptyToInherit": "Leave empty to inherit settings from a parent item or the global default value.",
    "MessageItemsAdded": "Items added.",
    "MessageItemSaved": "Item saved.",
    "MessageDirectoryPickerBSDInstruction": "For BSD, you may need to configure storage within your FreeNAS Jail in order to allow Jellyfin to access it.",
    "MessageConfirmShutdown": "Are you sure you wish to shutdown the server?",
    "LabelSaveLocalMetadata": "Save artwork into media folders",
    "LabelPleaseRestart": "Changes will take effect after manually reloading the web client.",
    "ValueSongCount": "{0} songs",
    "Save": "Save",
    "People": "People",
    "OptionNameSort": "Name",
    "OptionMonday": "Monday",
    "MusicAlbum": "Music Album",
    "MessageNoCollectionsAvailable": "Collections allow you to enjoy personalized groupings of Movies, Series, and Albums. Click the + button to start creating collections.",
    "ShowTitle": "Show title",
    "HeaderStopRecording": "Stop Recording",
    "HeaderStatus": "Status",
    "HeaderStartNow": "Start Now",
    "HeaderSpecialFeatures": "Special Features",
    "HeaderSpecialEpisodeInfo": "Special Episode Info",
    "HeaderSortOrder": "Sort Order",
    "HeaderSortBy": "Sort By",
    "HeaderShutdown": "Shutdown",
    "HeaderSetupLibrary": "Setup your media libraries",
    "HeaderSettings": "Settings",
    "HeaderServerSettings": "Server Settings",
    "HeaderSeriesStatus": "Series Status",
    "HeaderSeriesOptions": "Series Options",
    "HeaderSeries": "Series",
    "HeaderSendMessage": "Send Message",
    "HeaderSelectTranscodingPathHelp": "Browse or enter the path to use for transcoding temporary files. The folder must be writeable.",
    "HeaderSubtitleDownloads": "Subtitle Downloads",
    "HeaderSelectTranscodingPath": "Select Transcoding Temporary Path",
    "HeaderSelectServerCachePathHelp": "Browse or enter the path to use for server cache files. The folder must be writeable.",
    "HeaderSelectServerCachePath": "Select Server Cache Path",
    "HeaderSelectServer": "Select Server",
    "HeaderSelectPath": "Select Path",
    "HeaderSelectMetadataPathHelp": "Browse or enter the path you'd like to store metadata within. The folder must be writeable.",
    "HeaderSelectMetadataPath": "Select Metadata Path",
    "HeaderSelectCertificatePath": "Select Certificate Path",
    "HeaderSecondsValue": "{0} Seconds",
    "HeaderSeasons": "Seasons",
    "HeaderSchedule": "Schedule",
    "HeaderScenes": "Scenes",
    "HeaderRunningTasks": "Running Tasks",
    "HeaderRevisionHistory": "Revision History",
    "HeaderRestart": "Restart",
    "HeaderResponseProfile": "Response Profile",
    "HeaderRemoveMediaLocation": "Remove Media Location",
    "HeaderRemoveMediaFolder": "Remove Media Folder",
    "HeaderRemoteControl": "Remote Control",
    "HeaderRecordingPostProcessing": "Recording Post Processing",
    "HeaderRecordingOptions": "Recording Options",
    "HeaderRecentlyPlayed": "Recently Played",
    "HeaderProfileServerSettingsHelp": "These values control how Jellyfin Server will present itself to the device.",
    "HeaderProfileInformation": "Profile Information",
    "HeaderProfile": "Profile",
    "HeaderPreferredMetadataLanguage": "Preferred Metadata Language",
    "HeaderPluginInstallation": "Plugin Installation",
    "HeaderPleaseSignIn": "Please sign in",
    "HeaderPlaybackError": "Playback Error",
    "HeaderPlayback": "Media Playback",
    "HeaderPlayOn": "Play On",
    "HeaderPlayAll": "Play All",
    "HeaderPinCodeReset": "Reset Pin Code",
    "HeaderPhotoAlbums": "Photo Albums",
    "HeaderPeople": "People",
    "HeaderHome": "Home",
    "HeaderFavoritePeople": "Favourite People",
    "FetchingData": "Fetching additional data",
    "ButtonAddImage": "Add Image",
    "OptionRandom": "Random",
    "SelectAdminUsername": "Please select a username for the admin account.",
    "ButtonSplit": "Split",
    "HeaderNavigation": "Navigation",
    "OptionForceRemoteSourceTranscoding": "Force transcoding of remote media sources (like LiveTV)",
    "MessageConfirmAppExit": "Do you want to exit?",
    "LabelVideoResolution": "Video resolution:",
    "LabelStreamType": "Stream type:",
    "LabelPlayerDimensions": "Player dimensions:",
    "LabelDroppedFrames": "Dropped frames:",
    "LabelCorruptedFrames": "Corrupted frames:",
    "CopyStreamURLError": "There was an error copying the URL.",
    "NoCreatedLibraries": "Seems like you haven't created any libraries yet. {0}Would you like to create one now?{1}",
    "AskAdminToCreateLibrary": "Ask an administrator to create a library.",
    "PlaybackErrorNoCompatibleStream": "This client isn't compatible with the media and the server isn't sending a compatible media format.",
    "AllowFfmpegThrottlingHelp": "When a transcode or remux gets far enough ahead from the current playback position, pause the process so it will consume less resources. This is most useful when watching without seeking often. Turn this off if you experience playback issues.",
    "AllowFfmpegThrottling": "Throttle Transcodes",
    "OnApplicationStartup": "On application startup",
    "EveryXHours": "Every {0} hours",
    "EveryHour": "Every hour",
    "EveryXMinutes": "Every {0} minutes",
    "OnWakeFromSleep": "On wake from sleep",
    "WeeklyAt": "{0}s at {1}",
    "DailyAt": "Daily at {0}",
    "LastSeen": "Last seen {0}",
    "PersonRole": "as {0}",
    "ListPaging": "{0}-{1} of {2}",
    "WriteAccessRequired": "Jellyfin Server requires write access to this folder. Please ensure write access and try again.",
    "PathNotFound": "The path could not be found. Please ensure the path is valid and try again.",
    "YadifBob": "YADIF Bob",
    "Yadif": "YADIF",
    "Track": "Track",
    "Season": "Season",
    "ReleaseGroup": "Release Group",
    "PreferEmbeddedEpisodeInfosOverFileNames": "Prefer embedded episode information over filenames",
    "PreferEmbeddedEpisodeInfosOverFileNamesHelp": "This uses the episode information from the embedded metadata if available.",
    "Person": "Person",
    "OtherArtist": "Other Artist",
    "Movie": "Movie",
    "LabelLibraryPageSizeHelp": "Sets the amount of items to show on a library page. Set to 0 in order to disable paging.",
    "LabelLibraryPageSize": "Library page size:",
    "LabelDeinterlaceMethod": "Deinterlacing method:",
    "Episode": "Episode",
    "DeinterlaceMethodHelp": "Select the deinterlacing method to use when transcoding interlaced content.",
    "ClientSettings": "Client Settings",
    "BoxSet": "Box Set",
    "Artist": "Artist",
    "AlbumArtist": "Album Artist",
    "Album": "Album",
    "UnsupportedPlayback": "Jellyfin cannot decrypt content protected by DRM but all content will be attempted regardless, including protected titles. Some files may appear completely black due to encryption or other unsupported features, such as interactive titles.",
    "MessageUnauthorizedUser": "You are not authorized to access the server at this time. Please contact your server administrator for more information.",
    "ButtonTogglePlaylist": "Playlist",
    "ButtonToggleContextMenu": "More",
    "HeaderDVR": "DVR",
    "ApiKeysCaption": "List of the currently enabled API keys",
    "ButtonCast": "Cast",
    "ButtonSyncPlay": "SyncPlay",
    "EnableBlurhashHelp": "Images that are still being loaded will be displayed with a blurred placeholder",
    "EnableBlurhash": "Enable blurred placeholders for images",
    "TabDVR": "DVR",
    "TabRepositories": "Repositories",
    "SyncPlayAccessHelp": "Select the level of access this user has to the SyncPlay feature. SyncPlay enables to sync playback with other devices.",
    "ShowMore": "Show more",
    "ShowLess": "Show less",
    "SaveChanges": "Save changes",
    "MessageSyncPlayErrorMedia": "Failed to enable SyncPlay! Media error.",
    "MessageSyncPlayErrorMissingSession": "Failed to enable SyncPlay! Missing session.",
    "MessageSyncPlayErrorNoActivePlayer": "No active player found. SyncPlay has been disabled.",
    "MessageSyncPlayErrorAccessingGroups": "An error occurred while accessing groups list.",
    "MessageSyncPlayLibraryAccessDenied": "Access to this content is restricted.",
    "MessageSyncPlayJoinGroupDenied": "Permission required to use SyncPlay.",
    "MessageSyncPlayCreateGroupDenied": "Permission required to create a group.",
    "MessageSyncPlayGroupDoesNotExist": "Failed to join group because it does not exist.",
    "MessageSyncPlayPlaybackPermissionRequired": "Playback permission required.",
    "MessageSyncPlayNoGroupsAvailable": "No groups available. Start playing something first.",
    "MessageSyncPlayGroupWait": "<b>{0}</b> is buffering...",
    "MessageSyncPlayUserLeft": "<b>{0}</b> has left the group.",
    "MessageSyncPlayUserJoined": "<b>{0}</b> has joined the group.",
    "MessageSyncPlayDisabled": "SyncPlay disabled.",
    "MessageSyncPlayEnabled": "SyncPlay enabled.",
    "MessageNoGenresAvailable": "Enable some metadata providers to pull genres from the internet.",
    "MessageAddRepository": "If you wish to add a repository, click the button next to the header and fill out the requested information.",
    "LabelRepositoryNameHelp": "A custom name to distinguish this repository from any others added to your server.",
    "LabelRepositoryName": "Repository Name",
    "LabelRepositoryUrlHelp": "The location of the repository manifest you want to include.",
    "LabelRepositoryUrl": "Repository URL",
    "HeaderNewRepository": "New Repository",
    "MessageNoRepositories": "No repositories.",
    "LabelSyncPlayAccess": "SyncPlay access",
    "LabelSyncPlayAccessNone": "Disabled for this user",
    "LabelSyncPlayAccessJoinGroups": "Allow user to join groups",
    "LabelSyncPlayAccessCreateAndJoinGroups": "Allow user to create and join groups",
    "LabelSyncPlayLeaveGroupDescription": "Disable SyncPlay",
    "LabelSyncPlayLeaveGroup": "Leave group",
    "LabelSyncPlayNewGroupDescription": "Create a new group",
    "LabelSyncPlayNewGroup": "New group",
    "LabelSyncPlaySyncMethod": "Sync method:",
    "LabelSyncPlayPlaybackDiff": "Playback time difference:",
    "MillisecondsUnit": "ms",
    "LabelSyncPlayTimeOffset": "Time offset with the server:",
    "LabelRequireHttpsHelp": "If checked, the server will automatically redirect all requests over HTTP to HTTPS. This has no effect if the server is not listening on HTTPS.",
    "LabelRequireHttps": "Require HTTPS",
    "LabelNightly": "Nightly",
    "LabelStable": "Stable",
    "LabelChromecastVersion": "Chromecast Version",
    "LabelEnableHttpsHelp": "Enables the server to listen on the configured HTTPS port. A valid certificate must also be configured in order for this to take effect.",
    "LabelEnableHttps": "Enable HTTPS",
    "HeaderSyncPlayEnabled": "SyncPlay enabled",
    "HeaderSyncPlaySelectGroup": "Join a group",
    "HeaderServerAddressSettings": "Server Address Settings",
    "HeaderRemoteAccessSettings": "Remote Access Settings",
    "HeaderHttpsSettings": "HTTPS Settings",
    "EnableDetailsBannerHelp": "Display a banner image at the top of the item details page.",
    "EnableDetailsBanner": "Details Banner",
    "EnableDecodingColorDepth10Vp9": "Enable 10-Bit hardware decoding for VP9",
    "EnableDecodingColorDepth10Hevc": "Enable 10-Bit hardware decoding for HEVC",
    "ViewAlbumArtist": "View album artist",
    "ClearQueue": "Clear queue",
    "StopPlayback": "Stop playback",
    "ButtonPlayer": "Player",
    "Writers": "Writers"
}
