{
    "ButtonOpen": "उघडा",
    "ButtonOk": "ऑन",
    "ButtonOff": "ऑफ",
    "ButtonNextTrack": "पुढचा ट्रॅक",
    "ButtonNew": "नवीन",
    "ButtonNetwork": "नेटवर्क",
    "ButtonMore": "अजून",
    "ButtonLearnMore": "अधिक माहिती",
    "ButtonInfo": "माहिती",
    "ButtonHelp": "मदत",
    "ButtonGuide": "गाईड",
    "ButtonGotIt": "समजले",
    "ButtonForgotPassword": "पासवर्ड विसरलो",
    "ButtonEditImages": "चित्र संपादित करा",
    "ButtonEdit": "संपादित करा",
    "ButtonDownload": "डाउनलोड करा",
    "ButtonDown": "खाली",
    "ButtonDeleteImage": "चित्र काढून टाका",
    "ButtonDelete": "काढून टाका",
    "ButtonChangeServer": "सर्व्हर बदला",
    "ButtonCancel": "रद्द करा",
    "ButtonBack": "मागे",
    "ButtonAudioTracks": "ऑडिओ ट्रॅक",
    "ButtonArrowUp": "वर",
    "ButtonArrowRight": "उजवीकडे",
    "ButtonArrowLeft": "डावीकडे",
    "ButtonArrowDown": "खाली",
    "ButtonAddUser": "प्रयोक्ता जोडा",
    "ButtonAddServer": "सर्व्हर जोडा",
    "ButtonAdd": "जोडा",
    "Books": "पुस्तकं",
    "Blacklist": "ब्लॅकलिस्ट",
    "BirthPlaceValue": "जन्म ठिकाण: {0}",
    "BirthLocation": "जन्मस्थान",
    "BirthDateValue": "जन्म: {0}",
    "Backdrops": "पार्श्वभूमी",
    "Backdrop": "पार्श्वभूमी",
    "Auto": "आपोआप",
    "Audio": "ऑडिओ",
    "AttributeNew": "नवीन",
    "AspectRatio": "अ‍ॅस्पेक्ट रेशो",
    "AsManyAsPossible": "जमतील तितके",
    "Artists": "संगीतकार",
    "Artist": "संगीतकार",
    "Anytime": "कधीही",
    "AnyLanguage": "कोणतीही भाषा",
    "AlwaysPlaySubtitles": "नेहमीच प्ले करा",
    "AllLibraries": "सर्व संग्रहालय",
    "AllLanguages": "सर्व भाषा",
    "AllEpisodes": "सर्व भाग",
    "AllChannels": "सर्व वाहिन्या",
    "All": "सर्व",
    "Albums": "अल्बम",
    "AlbumArtist": "अल्बम संगीतकार",
    "Album": "अल्बम",
    "AddedOnValue": "{0} जोडले",
    "Add": "जोडा",
    "Actor": "अभिनेता",
    "EnableBackdrops": "पार्श्वभूमी",
    "EditSubtitles": "सबटायटल संपादित करा",
    "EditMetadata": "मेटाडेटा संपादित करा",
    "EditImages": "चित्र संपादित करा",
    "Edit": "संपादित करा",
    "DrmChannelsNotImported": "डी.आर.एम. असलेल्या वाहिन्या आयात केल्या जाणार नाहीत.",
    "DownloadsValue": "{0} डाउनलोड",
    "Download": "डाउनलोड",
    "Down": "खाली",
    "DoNotRecord": "रेकॉर्ड करू नका",
    "Directors": "दिग्दर्शक",
    "Director": "दिग्दर्शक",
    "Desktop": "डेस्कटॉप",
    "DeleteImageConfirmation": "तुम्हाला नक्की हे चित्र काढून टाकायचे आहे का?",
    "Delete": "काढून टाका",
    "DeleteImage": "चित्र काढून टाका",
    "ConfirmEndPlayerSession": "{0} येथील जेलिफिन बंद करावे का?",
    "Composer": "संगीत दिग्दर्शक",
    "Channels": "वाहिन्या",
    "ChannelNumber": "वाहिनी क्रमांक",
    "Categories": "वर्ग",
    "CancelRecording": "रेकॉर्डिंग रद्द करा",
    "ButtonWebsite": "संकेतस्थळ",
    "ButtonViewWebsite": "संकेतस्थळ पाहा",
    "ButtonUp": "वर",
    "ButtonTrailer": "ट्रेलर",
    "ButtonSubtitles": "सबटायटल",
    "ButtonStop": "थांबा",
    "ButtonStart": "सुरू करा",
    "ButtonSettings": "सेटिंग्झ",
    "ButtonSend": "पाठवा",
    "ButtonSelectView": "दृष्य निवडा",
    "ButtonSelectServer": "सर्व्हर निवडा",
    "ButtonSelectDirectory": "डिरेक्टरी निवडा",
    "ButtonSearch": "शोधा",
    "ButtonScanAllLibraries": "सर्व संग्रहालय स्कॅन करा",
    "ButtonRename": "नाव बदला",
    "ButtonRemove": "काढून टाका",
    "ButtonPreviousTrack": "मागचा ट्रॅक",
    "ButtonPlay": "प्ले",
    "ButtonPause": "पॉझ",
    "ButtonSyncPlay": "SyncPlay",
    "Collections": "संग्रह"
}
