<?xml version="1.0" encoding="UTF-8" standalone="yes"?>
<addon id="service.jellyfin"
       name="Jellyfin Server"
       version="9.2.0.6"
       provider-name="Team LibreELEC">
  <requires>
    <import addon="os.libreelec.tv" version="9.1"/>
    <import addon="xbmc.python" version="2.1.0"/>

    <import addon="tools.dotnet-runtime" version="0.0.0" />
  </requires>
  <extension point="xbmc.service" library="default.py">
    <provides></provides>
  </extension>
  <extension point="xbmc.addon.metadata">
    <summary>Jellyfin Server: The Free Software Media System</summary>
    <description>
Jellyfin Server (10.4.1) is the Free Software Media System that puts you in control of managing and streaming your media.There are no strings attached, no premium licenses or features, and no hidden agendas.
    </description>
    <disclaimer>

    </disclaimer>
    <platform>all</platform>
    <news>

    </news>
    <assets>
      <icon>resources/icon.png</icon>
      <fanart>resources/fanart.png</fanart>

    </assets>
  </extension>
</addon>
