{
    "All": "Toate",
    "ButtonAdd": "Adaugă",
    "ButtonAddScheduledTaskTrigger": "Adaugă declanșator",
    "ButtonAddUser": "Adaugă Utilizator",
    "ButtonCancel": "Anulează",
    "ButtonDelete": "Șterge",
    "ButtonDeleteImage": "Șterge Imaginea",
    "ButtonEdit": "Modifică",
    "ButtonFilter": "Filtru",
    "ButtonHelp": "Ajutor",
    "ButtonManualLogin": "Conectare manuală",
    "ButtonNew": "Nou",
    "ButtonPlay": "Redă",
    "ButtonQuickStartGuide": "Ghid rapid de Start",
    "ButtonRefresh": "Reîmprospătează",
    "ButtonRefreshGuideData": "Reîmprospătează Ghidul",
    "ButtonRemove": "Elimină",
    "ButtonResetPassword": "Resetează parola",
    "ButtonSave": "Salvează",
    "ButtonSelectDirectory": "Selectați Director",
    "ButtonSignIn": "Autentificare",
    "ButtonSignOut": "Delogare",
    "ButtonSort": "Sortează",
    "ChannelAccessHelp": "Selectează canalele pe care vrei să le partajezi cu acest utilizator. Administratorii vor avea posibilitatea să modifice canalele folosind managerul de metadate.",
    "Continuing": "Continuă",
    "DefaultMetadataLangaugeDescription": "Acestea sunt setările implicite și pot fi personalizate pentru fiecare bibliotecă în parte.",
    "DeleteMedia": "Ștergere fișiere media",
    "DeviceAccessHelp": "Aceasta se aplică numai pentru dispozitive care pot fi identificate în mod unic și nu va împiedica accesul din navigatorul de internet. Filtrând accesul dispozitivelor utilizatorului va împiedica utilizarea noilor dispozitive până când acestea nu vor fi aprobate aici.",
    "Ended": "S-a sfârșit",
    "ExtractChapterImagesHelp": "Extragerea de imagini de capitol va permite aplicației client Jellyfin sa afișeze un meniu grafic de selecție a scenelor. Procesul poate fi lent, intensiv pentru procesor și poate necesita câțiva gigaocteți de spațiu de stocare. Acesta rulează atunci când fișiere media noi sunt detectate, și de asemenea ca o sarcină programată nocturnă. Programarea poate fi configurată în zona de activități programate. Nu este recomandat ca această sarcină să ruleze în timpul perioadelor de utilizare intensă de către utilizatori.",
    "FolderTypeBooks": "Cărți",
    "FolderTypeMovies": "Filme",
    "FolderTypeMusic": "Muzică",
    "FolderTypeMusicVideos": "Videoclipuri Muzicale",
    "FolderTypeTvShows": "Seriale TV",
    "Friday": "Vineri",
    "HeaderActiveRecordings": "Înregistrări active",
    "HeaderAddScheduledTaskTrigger": "Adaugă declanșator",
    "HeaderAddUser": "Adaugă Utilizator",
    "HeaderAutomaticUpdates": "Actualizare Automată",
    "HeaderChannels": "Canale",
    "HeaderContinueWatching": "Vizionează în continuare",
    "HeaderDeviceAccess": "Accesul Dispozitivelor",
    "HeaderEasyPinCode": "Cod Pin Ușor",
    "HeaderFeatureAccess": "Acces Facilități",
    "HeaderFetchImages": "Preia imagini:",
    "HeaderFilters": "Filtre",
    "HeaderFrequentlyPlayed": "Rulate Frecvent",
    "HeaderImageSettings": "Setari Imagini",
    "HeaderLatestEpisodes": "Cele Mai Noi Episoade",
    "HeaderLatestMovies": "Cele mai noi Filme",
    "HeaderLatestRecordings": "Cele mai recente înregistrări",
    "HeaderNextUp": "Urmează",
    "HeaderPaths": "Căi",
    "HeaderPleaseSignIn": "Vă rugăm, autentificați-vă",
    "HeaderPreferredMetadataLanguage": "Limba preferata pentru metadata",
    "HeaderRecentlyPlayed": "Rulate Recent",
    "HeaderRemoteControl": "Control la distanță",
    "HeaderSeries": "Seriale",
    "HeaderSetupLibrary": "Configurați-vă bibliotecile media",
    "HeaderTaskTriggers": "Declanșatori Sarcini",
    "HeaderUsers": "Utilizatori",
    "Help": "Ajutor",
    "ImportMissingEpisodesHelp": "Dacă este activată, informația despre episoadele lipsă va fi importată in baza de date Jellyfin și va fi afișată în cadrul serialelor. Aceasta poate cauza un timp semnificativ mai îndelungat la scanarea bibliotecilor.",
    "LabelAllowServerAutoRestart": "Permite serverului să se repornească automat pentru a aplica actualizările",
    "LabelAllowServerAutoRestartHelp": "Serverul se va reporni doar în timp ce nu are nici o sarcină, când nu este nici un utilizator conectat.",
    "LabelArtists": "Artisti:",
    "LabelArtistsHelp": "Separare multiplă utilizând ;",
    "LabelAudioLanguagePreference": "Preferințe de limbă pentru audio:",
    "LabelCachePath": "Cale pentru depozit:",
    "LabelCachePathHelp": "Specificați o locație specială pentru fișierele de tip depozit, precum imagini etc. Lasați gol pentru a folosi setarea implicită.",
    "LabelContentType": "Tip conținut:",
    "LabelCountry": "Țara:",
    "LabelCurrentPassword": "Parola curentă:",
    "LabelCustomCertificatePath": "Calea către certificatul personalizat:",
    "LabelCustomCertificatePathHelp": "Furnizați propriul fișier care conține un certificat SSL in format .pfx.",
    "LabelDisplayMissingEpisodesWithinSeasons": "Afișeaza episoadele lipsă din sezon",
    "LabelFinish": "Termină",
    "LabelLanguage": "Limba:",
    "LabelMaxBackdropsPerItem": "Numărul maxim de fundaluri pentru fiecare element:",
    "LabelMaxParentalRating": "Limită de vârstă maxim permisă:",
    "LabelMaxScreenshotsPerItem": "Numărul maxim de capturi pentru fiecare element:",
    "LabelMetadataDownloadLanguage": "Limba preferată pentru metadata:",
    "LabelMetadataPath": "Cale pentru metadata:",
    "LabelMetadataPathHelp": "Specificați o locație specială pentru a descărca postere și metadata.",
    "LabelMinBackdropDownloadWidth": "Lățimea maximă pentru fundalurile descărcate:",
    "LabelMovieRecordingPath": "Calea pentru înregistrări filme (opțional):",
    "LabelName": "Nume:",
    "LabelNewPassword": "Parola nouă:",
    "LabelNewPasswordConfirm": "Confirmă parola nouă:",
    "LabelNext": "Următorul",
    "LabelNumberOfGuideDays": "Numărul de zile de ghid de descărcat:",
    "LabelNumberOfGuideDaysHelp": "Descărcând mai multe zile de ghid va permite să programați mai în avans și să vizualizați listările mai în viitor, dar descărcarea va dura mai mult. \"Automat\" va alege în funcție de numărul de canale.",
    "LabelPassword": "Parolă:",
    "LabelPrevious": "Anteriorul",
    "LabelRecordingPath": "Calea implicită pentru înregistrări:",
    "LabelRecordingPathHelp": "Specificați locația implicită pentru a salva înregistrările. Dacă lasați necompletat, va fi utilizat directorul curent în care ruleză programul serverului.",
    "LabelSaveLocalMetadata": "Salvează posterele si metadata în dosarele ce conțin fișierele media",
    "LabelSaveLocalMetadataHelp": "Salvând posterele și metadata direct in dosarele media, acestea vor fi mai accesibile pentru a fi modificate.",
    "LabelSelectUsers": "Selectare utilizatori:",
    "LabelSeriesRecordingPath": "Calea pentru înregistrări seriale (opțional):",
    "LabelStopWhenPossible": "Oprește când este posibil:",
    "LabelTimeLimitHours": "Limită de timp(ore):",
    "LabelTranscodingTempPathHelp": "Specificați o cale specială pentru fișierele transcodate trimise clienților. Lasați gol pentru a folosi pe cea implicită în directorul de lucru al serverului.",
    "LabelTriggerType": "Tip Declanșator:",
    "LabelUser": "Utilizator:",
    "LabelYourFirstName": "Numele tău:",
    "LabelYoureDone": "Ești Gata!",
    "LibraryAccessHelp": "Selectează biblioteciile media partajate cu acest utilizator. Administratorii vor avea posibilitatea să modifice toate dosarele utilizând managerul de metadata.",
    "MaxParentalRatingHelp": "Conținutul cu o limită de vârstă mai mare va fi ascuns pentru acest utilizator.",
    "MessageEnablingOptionLongerScans": "Activând această opțiune poate rezulta în scanări ale bilbiotecilor semnificativ mai îndelungate.",
    "MessageNothingHere": "Nimic aici.",
    "MessagePleaseEnsureInternetMetadata": "Vă rugăm să vă asigurați că descărcarea de metadate din internet este activată.",
    "MinutesAfter": "minute după",
    "MinutesBefore": "minute înainte",
    "Monday": "Luni",
    "MoreUsersCanBeAddedLater": "Mai mulți utilizatori pot fi adăugați mai târziu din Tabloul de Bord.",
    "NewCollectionNameExample": "Exemplu: Star Wars Collection",
    "NoNextUpItemsMessage": "Nu s-a gasit nimic. Începe să vizionezi seriale!",
    "OptionAllowBrowsingLiveTv": "Permite accessul la Live TV",
    "OptionAllowLinkSharing": "Permite partajarea pe rețelele de socializare",
    "OptionAllowLinkSharingHelp": "Doar paginile wev ce contin informații despre conținutul media va fi partajat. Fișierele media nu vor fi partajate niciodată pentru public. Partajările sunt limitate ca timp și vor expira după {0} zile.",
    "OptionAllowManageLiveTv": "Permite administrarea înregistrarilor pentru Live TV",
    "OptionAllowMediaPlayback": "Permite redarea media",
    "OptionAllowRemoteControlOthers": "Permite controlul la distanță a celorlalți utilizatori",
    "OptionAllowRemoteSharedDevices": "Permite controlul la distanță a dispozitivelor partajate",
    "OptionAllowRemoteSharedDevicesHelp": "Dispozitivele DLNA sunt considerate partajate până ce un utilizator începe să le controleze.",
    "OptionAllowUserToManageServer": "Permite acestui utilizator să administreze serverul",
    "OptionAscending": "Ascendent",
    "OptionAutomatic": "Auto",
    "OptionCommunityRating": "Rating Comunitate",
    "OptionContinuing": "Continuă",
    "OptionCriticRating": "Rating Critic",
    "OptionDaily": "Zilnic",
    "OptionDateAdded": "Dată Adăugare",
    "OptionDatePlayed": "Dată Rulare",
    "OptionDescending": "Descrescător",
    "OptionDisableUser": "Dezactivați acest utilizator",
    "OptionDisableUserHelp": "Dacă este dezactivat, serverul nu va permite nicio conexiune de la acest utilizator. Conexiunile existente vor fi terminate brusc.",
    "OptionDislikes": "Dislike-uri",
    "OptionDownloadArtImage": "Fundal",
    "OptionDownloadBackImage": "Înapoi",
    "OptionDownloadBannerImage": "Baner",
    "OptionDownloadBoxImage": "Casetă",
    "OptionDownloadMenuImage": "Meniu",
    "OptionDownloadPrimaryImage": "Primar",
    "OptionDownloadThumbImage": "Miniatură",
    "OptionDvd": "DVD",
    "OptionEnableAccessFromAllDevices": "Activează accesul de la toate dispozitivele",
    "OptionEnableAccessToAllChannels": "Activează accesul la toate canalele",
    "OptionEnableAccessToAllLibraries": "Activează accesul la toate bibliotecile",
    "OptionEnded": "Anulat",
    "OptionFavorite": "Favorite",
    "OptionFriday": "Vineri",
    "OptionHasSpecialFeatures": "Caracteristici Speciale",
    "OptionHasSubtitles": "Subtitrări",
    "OptionHasThemeSong": "Audio de Fundal",
    "OptionHasThemeVideo": "Video de Fundal",
    "OptionHideUser": "Ascunde acest utilizator din pagina de autentificare",
    "OptionHideUserFromLoginHelp": "Folositor pentru conturi private sau de administrator ascunse. Utilizatorul va trebui să se conecteze manual prin introducerea numelui de utilizator și a parolei.",
    "OptionImdbRating": "Rating IMDb",
    "OptionLikes": "Like-uri",
    "OptionMonday": "Luni",
    "OptionNameSort": "Nume",
    "OptionParentalRating": "Limită de vârstă",
    "OptionPlayCount": "Contorizare rulări",
    "OptionPlayed": "Rulat",
    "OptionPremiereDate": "Data Premierei",
    "OptionReleaseDate": "Dată Lansare",
    "OptionResumable": "Poate fi continuat",
    "OptionRuntime": "Timp Rulare",
    "OptionSaturday": "Sâmbătă",
    "OptionSunday": "Duminică",
    "OptionThursday": "Joi",
    "OptionTrackName": "Nume melodie",
    "OptionTuesday": "Marți",
    "OptionUnplayed": "Nerulat",
    "OptionWednesday": "Miercuri",
    "ParentalRating": "Parental Rating",
    "Saturday": "Sâmbătă",
    "Save": "Salveaza",
    "SearchForCollectionInternetMetadata": "Căutare pe internet pentru postere și metadate",
    "Sunday": "Duminică",
    "TabAccess": "Acces",
    "TabAdvanced": "Avansat",
    "TabAlbumArtists": "Albume Artiști",
    "TabAlbums": "Albume",
    "TabArtists": "Artiști",
    "TabChannels": "Canale",
    "TabCollections": "Colecții",
    "TabEpisodes": "Episoade",
    "TabFavorites": "Favorite",
    "TabGenres": "Genuri",
    "TabGuide": "Ghid",
    "TabLatest": "Cele mai recente",
    "TabMovies": "Filme",
    "TabMusic": "Muzică",
    "TabMusicVideos": "Videoclipuri muzicale",
    "TabMyPlugins": "Plugin-urile mele",
    "TabNetworks": "Rețele TV",
    "TabNotifications": "Notificări",
    "TabOther": "Altele",
    "TabPassword": "Parolă",
    "TabPlaylist": "Listă de redare",
    "TabProfile": "Profil",
    "TabProfiles": "Profile",
    "TabRecordings": "Înregistrări",
    "TabSeries": "Seriale",
    "TabSettings": "Setări",
    "TabShows": "Seriale",
    "TabSongs": "Melodii",
    "TabSuggestions": "Recomandări",
    "TabTrailers": "Trailere",
    "TabTranscoding": "Conversie",
    "TabUpcoming": "Urmează să apară",
    "TellUsAboutYourself": "Spune-ne despre tine",
    "ThisWizardWillGuideYou": "Acest asistent vă va ghida prin procesul de configurare. Pentru a începe, vă rugăm să selectați limba preferată.",
    "Thursday": "Joi",
    "Tuesday": "Marți",
    "UserProfilesIntro": "Jellyfin include suport pentru profile de utilizator cu setări de afișare granulare, starea redării și control parental.",
    "Wednesday": "Miercuri",
    "WelcomeToProject": "Bine ați venit la Jellyfin!",
    "WizardCompleted": "Asta este tot ce avem nevoie pentru moment. Jellyfin a început colectarea de informații despre biblioteca media. Verifică unele din aplicațiile noastre, și apoi faceți clic pe <b>Finalizare</b> pentru a vizualiza <b>Tabloul de bord</b>.",
    "AllowOnTheFlySubtitleExtraction": "Permite extragerea subtitrărilor în timp real",
    "AllowMediaConversionHelp": "Permite sau interzice accesul la funcția de conversie media.",
    "AllowMediaConversion": "Permite coversia media",
    "AllowHWTranscodingHelp": "Permite tunerului să transcodeze automat. Poate ajuta la reducerea timpului necesar pentru transcodare pe server.",
    "AllLibraries": "Toate librăriile",
    "AllLanguages": "Toate limbile",
    "AllEpisodes": "Toate episoadele",
    "AllComplexFormats": "Toate formatele complexe (ASS, SSA, VOBSUB, PGS, SUB/IDX, etc.)",
    "AllChannels": "Toate canalele",
    "Alerts": "Alerte",
    "Albums": "Albume",
    "Aired": "Premiera emisă",
    "AirDate": "Data premierei",
    "AdditionalNotificationServices": "Caută în catalogul de extensii pentru alte servicii de notificate.",
    "AddToCollection": "Adaugă la colecție",
    "Absolute": "Absolut",
    "AddedOnValue": "Adăugat la {0}",
    "AddToPlaylist": "Adaugă la playlist",
    "AddToPlayQueue": "Adaugă la coada de redare",
    "AddItemToCollectionHelp": "Adaugă obiectele la colecții căutând-le și folosind meniul de click-dreapta sau apasare pentru a le adăuga la colecție.",
    "Add": "Adaugă",
    "Actor": "Artist",
    "AccessRestrictedTryAgainLater": "Accesul este restricționat. Te rugăm să încerci mai târziu.",
    "AllowedRemoteAddressesHelp": "Listă separată prin virgulă de adrese IP sau IP/netmask pentru rețelele care for permise din conexiuni externe. Dacă este lăsat gol, toate adresele externe vor fi permise.",
    "ButtonStop": "Stop",
    "ButtonSubmit": "Trimite",
    "Collections": "Colecții",
    "AllowRemoteAccess": "Permite conexiuni externe către serverul Jellyfin.",
    "AllowRemoteAccessHelp": "Dacă este nebifat, toate conexiunile externe vor fi blocate.",
    "AlwaysPlaySubtitles": "Întotdeauna folosește subtitrări",
    "AnyLanguage": "Orice limbă",
    "Anytime": "Oricând",
    "Art": "Artă",
    "AlwaysPlaySubtitlesHelp": "Subtitrările care se potrivesc cu preferințele limbii utilizate vor fi încărcate indiferent de limba audio.",
    "AroundTime": "Împrejur {0}",
    "AsManyAsPossible": "Cât mai mulți cu putință",
    "Ascending": "Ascendent",
    "AspectRatio": "Raportul aspectului",
    "AuthProviderHelp": "Selectează un Furnizor de Autentificare de folosit pentru autentificarea parolei acestui utilizator.",
    "Auto": "Auto",
    "AutoBasedOnLanguageSetting": "Auto (bazat pe setările limbii)",
    "Backdrop": "Fundal",
    "Backdrops": "Fundaluri",
    "Banner": "Bandieră",
    "BirthDateValue": "Născut: {0}",
    "BirthPlaceValue": "Locul nașterii: {0}",
    "Blacklist": "Lista neagră",
    "Books": "Cărți",
    "Box": "Cutie",
    "AttributeNew": "Nou",
    "Audio": "Audio",
    "BoxRear": "Cutie (spate)",
    "Browse": "Răsfoire",
    "BrowsePluginCatalogMessage": "Răsfoiți catalogul de pluginuri pentru a vedea ce este disponibil.",
    "ButtonAddMediaLibrary": "Adaugă Librărie Media",
    "ButtonAddServer": "Adaugă Server",
    "ButtonArrowDown": "Jos",
    "ButtonArrowLeft": "Stânga",
    "ButtonArrowRight": "Dreapta",
    "Disc": "Placă",
    "CopyStreamURL": "Copiază Stream URL",
    "CriticRating": "Evaluare critici",
    "Desktop": "Birou",
    "Director": "Regizor",
    "AllowOnTheFlySubtitleExtractionHelp": "Subtitrările încorporate pot fi extrase din video și transmise către client în mod text pentru a preveni transcodarea videoului. Pe unele sisteme acest lucru poate dura mult timp și poate cauza oprirea redării video în timpul procesului de extragere. Dezactivează opțiunea pentru a avea subtitrările încorporate incluse în videoul transcodat atunci când nu sunt nativ suportate de către dispozitivul client.",
    "BirthLocation": "Locul nașterii",
    "BurnSubtitlesHelp": "Determină dacă serverul ar trebui să includă subtitrări când face conversia video depinzând de formatul subtitrărilor. Evitând includerea subtitrărilor va îmbunătăți performanța serverului. Selectează Auto pentru includerea formaturilor bazate pe imagini (VOBSUB, PGS, SUB/IDX, etc) și anumitor subtitrări ASS/SSA.",
    "ButtonPreviousTrack": "Calea anterioară",
    "ButtonRevoke": "Revocă",
    "ButtonSettings": "Setări",
    "ButtonViewWebsite": "Vezi website",
    "ChangingMetadataImageSettingsNewContent": "Modificări ale metadatelor sau ale setărilor de descărcare a operelor de artă se va aplica doar conținutului nou adăugat în librăriile tale. Pentru a aplica modificările titlurilor deja existente va trebui reîmprospătată manual metadata lor.",
    "CinemaModeConfigurationHelp": "Mod cinema aduce experiența cinematografică în sufrageria dumneavoastră prin abilitatea de a rula trailere sau introuri personalizate înaintea titlului principal.",
    "ConfigureDateAdded": "Configurează cum este determinată data adaugării în tabloul de bord al serverului Jellyfin în setările librariei",
    "DefaultSubtitlesHelp": "Subtitrările sunt încărcate în funcție de opțiunile implicite și forțate din metadatele încorporate. Preferințele de limbă sunt luate în considerare atunci când sunt disponibile mai multe opțiuni.",
    "DirectStreamHelp1": "Media este compatibilă cu dispozitivul în ceea ce privește rezoluția și tipul de media(H.264, AC3, etc), dar se află într-un container de fișiere incompatibil (mkv, avi, wmv, etc). Videoclipul va fi re-ambalat în timp real înainte de a-l transmite către dispozitiv.",
    "CopyStreamURLSuccess": "URL copiat cu succes.",
    "CustomDlnaProfilesHelp": "Crează un profil customizat pentru a viza un nou dispozitiv sau a trece peste un profil de sistem.",
    "DateAdded": "Data adăugării",
    "Delete": "Șterge",
    "DeleteImage": "Șterge Imaginea",
    "DeleteUserConfirmation": "Sigur doriți să ștergeți acest utilizator?",
    "Depressed": "Depresat",
    "Descending": "Descendent",
    "DetectingDevices": "Detectez dispozitive",
    "DirectPlaying": "Redare directă",
    "DirectStreamHelp2": "Transmiterea directă a unui fișier utilizează foarte puțină putere de procesare fără pierderi în calitatea video.",
    "DirectStreaming": "Transmitere directă",
    "Artists": "Artiști",
    "BookLibraryHelp": "Cărți audio și text sunt suportate. Verifică {0}ghidul numirii cărților{1}.",
    "ButtonAddImage": "Adaugă Imagine",
    "ButtonArrowUp": "Sus",
    "ButtonAudioTracks": "Cale Audio",
    "ButtonBack": "Înapoi",
    "ButtonChangeServer": "Schimbă Server",
    "ButtonConnect": "Conectare",
    "ButtonDown": "Jos",
    "ButtonDownload": "Descarcă",
    "ButtonEditImages": "Modifică imaginile",
    "ButtonEditOtherUserPreferences": "Modifică profilul, imaginea și preferințele personale ale acestui utilizator.",
    "ButtonForgotPassword": "Parolă uitată",
    "ButtonFullscreen": "Umple ecranul",
    "ButtonGotIt": "Am înțeles",
    "ButtonGuide": "Ghid",
    "ButtonHome": "Acasă",
    "ButtonInfo": "Info",
    "ButtonLearnMore": "Mai multe",
    "ButtonLibraryAccess": "Acces Librarie",
    "ButtonMore": "Mai mult",
    "ButtonNetwork": "Rețea",
    "ButtonNextTrack": "Următoarea cale",
    "ButtonOff": "Oprit",
    "ButtonOk": "Ok",
    "ButtonOpen": "Deschide",
    "ButtonParentalControl": "Control parental",
    "ButtonPause": "Pauză",
    "ButtonProfile": "Profil",
    "ConfirmEndPlayerSession": "Dorești să oprești serverul Jellyfin pe {0}?",
    "Connect": "Conectare",
    "ContinueWatching": "Continuă vizionarea",
    "DatePlayed": "Data redării",
    "DeathDateValue": "Mort: {0}",
    "Default": "Implicit",
    "DefaultErrorMessage": "A fost o eroare în procesarea cererii. Vă rugam încercați din nou mai târziu.",
    "DeleteImageConfirmation": "Sigur doriți să ștergeți această imagine?",
    "ButtonRename": "Redenumește",
    "ButtonRepeat": "Repetă",
    "ButtonResetEasyPassword": "Resetează codul Easy PIN",
    "ButtonRestart": "Redemarează",
    "ButtonResume": "Continuă",
    "ButtonScanAllLibraries": "Scanează Toate Librariile",
    "ButtonSearch": "Caută",
    "ButtonSelectServer": "Selectați Server",
    "ButtonSelectView": "Selectați perspectivă",
    "ButtonSend": "Trimite",
    "ButtonShuffle": "Amestecă",
    "ButtonShutdown": "Oprește",
    "ButtonStart": "Start",
    "ButtonSubtitles": "Subtitrări",
    "ButtonTrailer": "Trailer",
    "ButtonUninstall": "Dezinstalează",
    "ButtonUp": "Sus",
    "ButtonWebsite": "Website",
    "CancelRecording": "Anulează înregistrarea",
    "CancelSeries": "Anulează serial",
    "Categories": "Categorii",
    "ChannelNameOnly": "Canal {0} numai",
    "ChannelNumber": "Număr canal",
    "Channels": "Canale",
    "ColorPrimaries": "Primare de culoare",
    "ColorSpace": "Spațiu de culoare",
    "ColorTransfer": "Transfer de culoare",
    "CommunityRating": "Evaluare de către comunitate",
    "Composer": "Compozitor",
    "ConfirmDeleteImage": "Șterge imaginea?",
    "ConfirmDeleteItem": "Ștergerea acestui element îl va elimina și din sistemul de fișiere și din librăria media. Ești sigur că vrei să continui?",
    "ConfirmDeleteItems": "Ștergerea acestor elemente le va elimina și din sistemul de fișiere și din librăria media. Ești sigur că vrei să continui?",
    "ConfirmDeletion": "Confirmă ștergerea",
    "DeleteDeviceConfirmation": "Sigur doriți să ștergeți acest dispozitiv? Acesta va reapărea data viitoare când un utilizator se conectează cu acesta.",
    "DeleteUser": "Șterge utilizator",
    "DirectorValue": "Regizor: {0}",
    "DirectorsValue": "Regizori: {0}",
    "Disabled": "Dezactivat",
    "Disconnect": "Deconectare",
    "Dislike": "Neplăcut",
    "Display": "Afișare",
    "DisplayInMyMedia": "Afișeză pe ecranul de start",
    "EnableCinemaMode": "Mod cinema",
    "DoNotRecord": "Nu înregistra",
    "DownloadsValue": "{0} descărcări",
    "Edit": "Editare",
    "EditImages": "Editare imagini",
    "EditMetadata": "Editare metadate",
    "EnableExternalVideoPlayers": "Playere video externe",
    "EnablePhotos": "Afișare imagini",
    "EndsAtValue": "Se termină la {0}",
    "Episodes": "Episoade",
    "Favorites": "Favorite",
    "Favorite": "Favorit",
    "Features": "Caracteristici",
    "File": "Fișier",
    "FileReadError": "A apărut o eroare la citirea fișierului.",
    "Filters": "Filtre",
    "FolderTypeUnset": "Conținut Mix",
    "Fullscreen": "Ecran Complet",
    "General": "General",
    "GuideProviderLogin": "Autentificare",
    "HDPrograms": "Programe HD",
    "HandledByProxy": "Gestionat de proxy invers",
    "HeaderApiKeys": "Chei API",
    "HeaderApp": "Aplicație",
    "HeaderCastCrew": "Distribuție și echipă",
    "HeaderConfirmPluginInstallation": "Confirmați instalarea plugin-ului",
    "HeaderDeleteItems": "Ștergeți Elemente",
    "HeaderDeleteProvider": "Ștergeți Furnizorul",
    "HeaderDeleteTaskTrigger": "Ștergeți Declanșarea Activității",
    "HeaderDetectMyDevices": "Detectează dispozitivele mele",
    "HeaderDeveloperInfo": "Informații pentru dezvoltatori",
    "HeaderDisplay": "Afișare",
    "HeaderDownloadSync": "Descărcări și sincronizare",
    "HeaderEditImages": "Editează imagini",
    "HeaderEnabledFields": "Câmpuri activate",
    "HeaderEnabledFieldsHelp": "Debifează un câmp pentru a-l bloca și pentru a împiedica schimbarea datelor sale.",
    "HeaderEpisodes": "Episoade",
    "HeaderError": "Eroare",
    "HeaderExternalIds": "ID-uri Externe:",
    "HeaderFavoriteBooks": "Cărți Favorite",
    "HeaderBranding": "Marca",
    "HeaderApiKeysHelp": "Aplicațiile externe trebuie să aibă o cheie API pentru a comunica cu Jellyfin Server. Cheile sunt emise prin conectarea cu un cont Jellyfin sau prin acordarea manuală a unei chei aplicației.",
    "Sync": "Sincronizare",
    "ErrorAddingXmlTvFile": "A apărut o eroare la accesarea fișierului XMLTV. Vă rugăm să vă asigurați că fișierul există și încercați din nou.",
    "HeaderApiKey": "Cheie API",
    "HeaderFavoritePeople": "Persoane Favorite",
    "HeaderFavoriteVideos": "Video Favorite",
    "HeaderFeatures": "Caracteristici",
    "HeaderFetcherSettings": "Setări Fetcher",
    "HeaderForKids": "Pentru Copii",
    "HeaderForgotPassword": "Am uitat parola",
    "HeaderGenres": "Genuri",
    "HeaderGuideProviders": "Furnizori de date ghid TV",
    "HeaderHome": "Acasă",
    "HeaderHttpHeaders": "Anteturi HTTP",
    "HeaderIdentification": "Identificare",
    "HeaderIdentificationCriteriaHelp": "Introduceți cel puțin un criteriu de identificare.",
    "HeaderIdentificationHeader": "Antet de identificare",
    "HeaderIdentifyItemHelp": "Introduceți unul sau mai multe criterii de căutare. Eliminați criteriile pentru a crește rezultatele căutării.",
    "HeaderImageOptions": "Opțiuni imagine",
    "HeaderInstantMix": "Amestec Instant",
    "HeaderLibraries": "Biblioteci",
    "HeaderLibraryAccess": "Accesare bibliotecă",
    "HeaderLibraryFolders": "Dosare Bibliotecă",
    "HeaderLibrarySettings": "Setări Bibliotecă",
    "HeaderLiveTvTunerSetup": "Setări tuner TV",
    "HeaderLoginFailure": "Autentificare eșuată",
    "HeaderMedia": "Media",
    "HeaderMediaFolders": "Dosare Media",
    "HeaderMediaInfo": "Informații Media",
    "HeaderMetadataSettings": "Setări metadate",
    "HeaderMoreLikeThis": "Mai multe ca acesta",
    "HeaderMovies": "Filme",
    "HeaderMusicQuality": "Calitatea muzicii",
    "HeaderConfirmRevokeApiKey": "Revocați cheia API",
    "HeaderMusicVideos": "Videoclipuri Muzicale",
    "HeaderMyDevice": "Dispozitivul meu",
    "HeaderMyMedia": "Fișierele mele Media",
    "HeaderMyMediaSmall": "Fișierele mele Media ( micșorat )",
    "HeaderNewApiKey": "Nouă cheie API",
    "HeaderNewDevices": "Dispozitive noi",
    "HeaderKodiMetadataHelp": "Pentru a activa sau dezactiva metadatele NFO, editați o bibliotecă, în configurarea bibliotecii Jellyfin, și localizați secțiunea de salvare a metadatelor.",
    "HeaderNextVideoPlayingInValue": "Următorul video se redă în {0}",
    "HeaderOnNow": "Pornit Acum",
    "HeaderOtherItems": "Alte Elemente",
    "HeaderParentalRatings": "Evaluări parentale",
    "HeaderPassword": "Parolă",
    "HeaderPasswordReset": "Resetare Parolă",
    "HeaderPendingInvitations": "Invitații in așteptare",
    "HeaderPeople": "Persoane",
    "HeaderPhotoAlbums": "Albume Fotografii",
    "HeaderPinCodeReset": "Resetare cod PIN",
    "HeaderPlayAll": "Redare tot",
    "HeaderPlayOn": "Redă pe",
    "HeaderPlayback": "Redare media",
    "HeaderPlaybackError": "Eroare la redare",
    "HeaderPluginInstallation": "Instalare Plugin",
    "HeaderProfileInformation": "Informații Profil",
    "HeaderProfileServerSettingsHelp": "Aceste valori controlează modul în care Jellyfin Server va fi reprezentat in dispozitiv.",
    "HeaderRecordingOptions": "Opțiuni Înregistrare",
    "HeaderRecordingPostProcessing": "Post procesarea înregistrării",
    "HeaderRemoveMediaFolder": "Eliminați Dosarul Media",
    "HeaderRemoveMediaLocation": "Eliminați locația Media",
    "HeaderResponseProfile": "Profilul de răspuns",
    "HeaderRestart": "Repornire",
    "HeaderRestartingServer": "Se repornește serverul",
    "HeaderRevisionHistory": "Istoricul reviziilor",
    "HeaderRunningTasks": "În desfășurare",
    "HeaderScenes": "Scene",
    "HeaderSchedule": "Planificare",
    "HeaderSeasons": "Sezoane",
    "HeaderSecondsValue": "{0} Secunde",
    "HeaderSelectCertificatePath": "Selectați ruta certificatului",
    "HeaderSelectMetadataPath": "Selectați ruta metadatelor",
    "FetchingData": "Obținere date suplimentare",
    "FileNotFound": "Fișierul nu a fost găsit.",
    "FileReadCancelled": "Citirea fișierului a fost anulată.",
    "FormatValue": "Format: {0}",
    "GroupBySeries": "Grupare pe serii",
    "GroupVersions": "Grup versiuni",
    "GuestStar": "Vedeta invitata",
    "GuideProviderSelectListings": "Selectați Listări",
    "EncoderPresetHelp": "Alegeți o valoare mai rapidă pentru a îmbunătăți performanța sau o valoare mai lentă pentru a îmbunătăți calitatea.",
    "HardwareAccelerationWarning": "Activarea accelerării hardware poate provoca instabilitate în anumite medii. Asigurați-vă că sistemul de operare și driverele video sunt complet actualizate. Dacă întâmpinați dificultăți pentru a reda video după activarea acestei opțiuni, va trebui să schimbați setarea la Nimic.",
    "HeaderAccessSchedule": "Program de Acces",
    "HeaderAccessScheduleHelp": "Creați un program de acces pentru a limita accesul la anumite ore.",
    "HeaderActiveDevices": "Dispozitive active",
    "HeaderActivity": "Activitate",
    "HeaderAddToCollection": "Adauga la colectie",
    "HeaderAddToPlaylist": "Adauga la lista de redare",
    "HeaderAddUpdateImage": "Adăugați/Actualizați Imaginea",
    "HeaderAdditionalParts": "Părți Adiționale",
    "HeaderAlbums": "Albume",
    "HeaderAlert": "Alertă",
    "HeaderAllowMediaDeletionFrom": "Permite ștergerea media din",
    "HeaderAppearsOn": "Apare în",
    "HeaderAudioBooks": "Carți Audio",
    "HeaderAudioSettings": "Setari audio",
    "HeaderBooks": "Cărți",
    "HeaderChannelAccess": "Accesare canal",
    "HeaderChapterImages": "Imagini Capitol",
    "HeaderCodecProfile": "Profilul Codec-ului",
    "HeaderConfirmProfileDeletion": "Confirmați eliminarea profilului",
    "HeaderDevices": "Dispozitive",
    "HeaderDirectPlayProfile": "Profil de redare directă",
    "HeaderDirectPlayProfileHelp": "Adăugați profiluri de redare directă pentru a indica ce formate se pot gestiona în mod nativ.",
    "HeaderItems": "Elemente",
    "HeaderKeepSeries": "Păstrează seriile",
    "HeaderLatestMedia": "Cele mai recente media",
    "HeaderLibraryOrder": "Ordinea Bibliotecii",
    "HeaderLiveTv": "TV în Direct",
    "HeaderContinueListening": "Continuați să ascultați",
    "Down": "In jos",
    "EveryNDays": "La fiecare {0} zile",
    "Extras": "Extra",
    "Genres": "Genuri",
    "GenreValue": "Gen: {0}",
    "GenresValue": "Genuri: {0}",
    "Guide": "Ghid",
    "HeaderCancelRecording": "Anulați înregistrarea",
    "HeaderCancelSeries": "Anulați seriile",
    "Photos": "Fotografii",
    "HeaderAdmin": "Admin",
    "HeaderDateIssued": "Data de eliberare",
    "HeaderDeleteDevice": "Ștergeți Dispozitiv",
    "HeaderResponseProfileHelp": "Profilele de răspuns oferă o modalitate de a personaliza informațiile trimise dispozitivului atunci când redați anumite tipuri de suporturi.",
    "Folders": "Dosare",
    "HeaderAlbumArtists": "Album Artiști",
    "HeaderFavoriteSongs": "Melodii Favorite",
    "HeaderLiveTV": "TV în Direct",
    "Movies": "Filme",
    "Playlists": "Liste redare",
    "Shows": "Spectacole",
    "Songs": "Melodii",
    "ValueSpecialEpisodeName": "Special - {0}",
    "EnableStreamLoopingHelp": "Activați acestă opțiune dacă fluxurile live conțin doar câteva secunde de date și trebuie solicitate în mod continuu. Activarea acestei opțiuni atunci când nu este necesar poate provoca probleme.",
    "ErrorAddingListingsToSchedulesDirect": "A apărut o eroare la adăugarea liniei în contul dvs. Schedules Direct. Schedules Direct permite doar un număr limitat de linii pentru fiecare cont. Este posibil să fie nevoie să vă conectați la site-ul web Schedules Direct și să eliminați alte înregistrări din cont înainte de a continua.",
    "ErrorAddingMediaPathToVirtualFolder": "A apărut o eroare la adăugarea căii de acces la fișierul media. Vă rugăm să vă asigurați că ruta este validă și procesul Jellyfin Server are acces la locația respectivă.",
    "ErrorMessageStartHourGreaterThanEnd": "Timpul de oprire trebuie să fie mai mare decât cel de pornire.",
    "ErrorPleaseSelectLineup": "Selectați o linie și încercați din nou. Dacă nu sunt disponibile linii, atunci vă rugăm să verificați dacă numele dvs. de utilizator, parola și codul poștal sunt corecte.",
    "ExitFullscreen": "Ieșiți din modul ecran complet",
    "H264CrfHelp": "Factorul de Rată Constantă (CRF) este setarea implicită a calității pentru codificatorul x264. Puteți seta valorile între 0 și 51, unde valorile mai mici ar avea ca rezultat o calitate mai bună (în detrimentul dimensiunilor mai mari de fișiere). Valorile recomandate sunt cuprinse între 18 și 28. Valoarea implicită pentru x264 este 23, deci puteți utiliza acest lucru ca punct de plecare.",
    "HeaderBlockItemsWithNoRating": "Blocați elemente fără informații de rating sau nerecunoscute:",
    "HeaderCodecProfileHelp": "Profilurile codec-ului indică limitările unui dispozitiv atunci când redă codecuri specifice. Dacă se aplică o limitare, atunci media va fi transcodată, chiar dacă codecul este configurat pentru redare directă.",
    "HeaderConfigureRemoteAccess": "Configurați accesul de la distanță",
    "HeaderInstall": "Instalează",
    "HeaderKeepRecording": "Continuă Înregistrarea",
    "HeaderLatestMusic": "Cea mai recentă Muzică",
    "HeaderNextEpisodePlayingInValue": "Episodul următor se redă în {0}",
    "HeaderProfile": "Profil",
    "HeaderCastAndCrew": "Distribuție și echipă",
    "HeaderConnectToServer": "Conectați-vă la server",
    "HeaderConnectionFailure": "Conexiune eșuată",
    "HeaderContainerProfile": "Profil container",
    "HeaderContainerProfileHelp": "Profilurile containerului indică limitările unui dispozitiv atunci când redați formate specifice. Dacă se aplică o limitare, atunci media va fi transcodată, chiar dacă formatul este configurat pentru redare directă.",
    "HeaderCustomDlnaProfiles": "Profiluri personalizate",
    "HeaderDefaultRecordingSettings": "Setări implicite de înregistrare",
    "HeaderDeleteItem": "Ștergeți elementul",
    "DisplayInOtherHomeScreenSections": "Afișați în secțiuni ecranul principal, cum ar fi cele mai noi suporturi și continuați să vizionați",
    "DisplayMissingEpisodesWithinSeasons": "Afișați episoade lipsă din sezoane",
    "DisplayMissingEpisodesWithinSeasonsHelp": "Acesta trebuie de asemenea activat pentru bibliotecile TV din configurația serverului.",
    "DisplayModeHelp": "Selectați tipul de ecran pe care executați Jellyfin.",
    "Download": "Descarcă",
    "DrmChannelsNotImported": "Canalele cu DRM nu vor fi importate.",
    "DropShadow": "Umbra",
    "EasyPasswordHelp": "Codul dvs. PIN simplu este utilizat pentru accesul offline la clienții suportați și poate fi folosit și pentru conectarea ușoară în rețea.",
    "EditSubtitles": "Editează subtitrări",
    "EnableBackdrops": "Decoruri",
    "EnableBackdropsHelp": "Afișați decoruri în fundalul unor pagini în timp ce navigați în bibliotecă.",
    "EnableColorCodedBackgrounds": "Fundaluri codate color",
    "EnableDisplayMirroring": "Afișează in oglinda",
    "EnableExternalVideoPlayersHelp": "Un meniu al player-ului extern va fi afișat la începerea redării video.",
    "EnableHardwareEncoding": "Activați codarea hardware",
    "EnableNextVideoInfoOverlay": "Afișează informațiile următorului video în timpul redării",
    "EnableNextVideoInfoOverlayHelp": "La sfârșitul unui video, afișați informații despre următorul video care urmează în lista de redare curentă.",
    "EnablePhotosHelp": "Imaginile vor fi detectate și afișate alături de alte fișiere media.",
    "EnableStreamLooping": "Fluxuri live cu buclă automată",
    "EnableThemeSongs": "Melodii tematice",
    "EnableThemeSongsHelp": "Redați melodii tematice în fundal în timp ce navigați în bibliotecă.",
    "EnableThemeVideos": "Videoclipuri tematice",
    "EnableThemeVideosHelp": "Redați videoclipuri tematice în fundal în timp ce navigați în bibliotecă.",
    "ErrorAddingTunerDevice": "A apărut o eroare la adăugarea tuner-ului. Vă rugăm să vă asigurați că este accesibil și încercați din nou.",
    "ErrorDeletingItem": "A apărut o eroare la ștergerea elementului din Jellyfin Server. Vă rugăm să verificați dacă Jellyfin Server are acces de scriere la folderul media și încercați din nou.",
    "ErrorGettingTvLineups": "A apărut o eroare la descărcarea liniilor TV. Vă rugăm să vă asigurați că informațiile dvs. sunt corecte și încercați din nou.",
    "ErrorSavingTvProvider": "A apărut o eroare la salvarea furnizorului de televiziune. Vă rugăm să vă asigurați că este accesibil și încercați din nou.",
    "ExtraLarge": "Foarte mare",
    "FFmpegSavePathNotFound": "Nu putem localiza FFmpeg folosind calea introdusă. FFprobe este de asemenea necesar și trebuie să existe în același dosar. În mod normal, aceste componente sunt grupate în aceeași descărcare. Verificați calea și încercați din nou.",
    "FastForward": "Repede inainte",
    "HeaderFavoriteAlbums": "Albume Favorite",
    "HeaderFavoriteArtists": "Artiști Favoriți",
    "HeaderFavoriteEpisodes": "Episoade Favorite",
    "HeaderFavoriteShows": "Spectacole Favorite",
    "HeaderFavoriteMovies": "Filme Favorite",
    "HeaderSelectServerCachePathHelp": "Căutați sau introduceți ruta dosarului în care doriți să stocați fișierele cache pentru server. Dosarul trebuie să aibă permisiuni de scriere.",
    "HeaderSelectMetadataPathHelp": "Căutați sau introduceți ruta dosarului în care doriți să stocați metadatele. Dosarul trebuie să aibă permisiuni de scriere.",
    "HeaderSelectPath": "Selectați Ruta",
    "HeaderSelectServer": "Selectați Serverul",
    "HeaderSelectServerCachePath": "Selectați ruta pentru Server Cache",
    "HeaderSelectTranscodingPath": "Selectați ruta temporară pentru transcodare",
    "HeaderSelectTranscodingPathHelp": "Căutați sau introduceți ruta dosarului de utilizat pentru transcodarea fișierelor temporare. Dosarul trebuie permisiuni de scriere.",
    "HeaderSendMessage": "Trimite Mesaj",
    "HeaderSeriesOptions": "Opțiuni Seriale",
    "HeaderSeriesStatus": "Starea Serialelor",
    "HeaderServerSettings": "Setările Serverului",
    "HeaderSettings": "Setări",
    "HeaderShutdown": "Opriți Alimentarea",
    "HeaderSortBy": "Sortează după",
    "HeaderSortOrder": "Ordinea de sortare",
    "LabelTranscodingThreadCount": "Numărul de threaduri ale transcodării:",
    "LabelTranscodingProgress": "Progresul transcodării:",
    "LabelTranscodingFramerate": "Rata de cadru a transcodării:",
    "LabelTranscodes": "Transcodează:",
    "LabelTranscodePath": "Cale transcodare:",
    "LabelTranscodingContainer": "Container :",
    "LabelTranscodingAudioCodec": "Codec audio:",
    "LabelTrackNumber": "Număr melodie:",
    "LabelTitle": "Titlu:",
    "LabelTime": "Ora:",
    "LabelTheme": "Tema:",
    "LabelTextSize": "Mărimea textului:",
    "LabelTextColor": "Culoarea textului:",
    "LabelTextBackgroundColor": "Culoarea fundalului textului:",
    "LabelTagline": "Sloganul:",
    "LabelTag": "Etichetă:",
    "LabelTVHomeScreen": "Ecran de pornire în modul TV:",
    "LabelSupportedMediaTypes": "Tipuri media suportate:",
    "LabelSubtitles": "Subtitrări:",
    "LabelSubtitlePlaybackMode": "Mod subtitrare:",
    "LabelSubtitleFormatHelp": "Exemplu: srt",
    "LabelSubtitleDownloaders": "Descărcare subtitrări:",
    "LabelStopping": "Oprire",
    "LabelStatus": "Stare:",
    "LabelStartWhenPossible": "Demarează când este posibil:",
    "LabelSportsCategories": "Categorii sportive:",
    "LabelSpecialSeasonsDisplayName": "Denumirea afișării sezonului special:",
    "LabelSource": "Sursă:",
    "LabelSoundEffects": "Efecte audio:",
    "LabelSortTitle": "Sortează titlu:",
    "LabelSortOrder": "Ordinea de sortare:",
    "LabelSortBy": "Sortează după:",
    "LabelSonyAggregationFlagsHelp": "Determină conținutul elementului aggregationFlags din urn:schemas-sonycom:av spațiu de nume.",
    "LabelSonyAggregationFlags": "Etichete de agregare Sony:",
    "LabelSkipIfGraphicalSubsPresentHelp": "Păstrarea versiunilor în text a subtitrărilor va duce la o livrare mai eficientă și va scădea probabilitatea de transcodare video.",
    "LabelSkipIfGraphicalSubsPresent": "Ignoră dacă videoul deja conține o subtitrare inclusă",
    "LabelSkipIfAudioTrackPresentHelp": "Debifează acest lucru pentru a te asigura că toate videoclipurile au subtitrări, indiferent de limbajul audio.",
    "LabelSkipIfAudioTrackPresent": "Ignoră dacă pista audio implicită se potrivește cu limba de descărcare",
    "LabelSkipForwardLength": "Durata salt înainte:",
    "LabelSkipBackLength": "Durata salt înapoi:",
    "LabelSkin": "Tema:",
    "LabelSize": "Mărime:",
    "LabelSimultaneousConnectionLimit": "Limita streamului simultan:",
    "LabelServerName": "Numele serverului:",
    "LabelServerHostHelp": "192.168.1.100:8096 sau https://myserver.com",
    "LabelServerHost": "Gazdă:",
    "LabelSerialNumber": "Număr de serie",
    "LabelSendNotificationToUsers": "Trimite notificarea către:",
    "LabelSelectVersionToInstall": "Alegeți versiunea pentru instalare:",
    "LabelSelectFolderGroupsHelp": "Dosarele care nu sunt bifate vor fi afișate de singure în propria vizualizare.",
    "LabelSelectFolderGroups": "Grupați automat conținutul din următoarele foldere în vizualizări, cum ar fi Filme, Muzică și TV:",
    "LabelSecureConnectionsMode": "Mod de conectare securizat:",
    "LabelSeasonNumber": "Numărul sezonului:",
    "LabelScreensaver": "Protector de ecran:",
    "LabelScheduledTaskLastRan": "Ultima redare{0}, cu durata {1}.",
    "LabelRuntimeMinutes": "Timp de redare (minute):",
    "LabelRemoteClientBitrateLimitHelp": "O limită de biți per-stream opțională pentru toate dispozitivele din rețea. Acest lucru este util pentru a împiedica dispozitivele să solicite un bitrate mai mare decât poate gestiona conexiunea dvs. de internet. Acest lucru poate duce la creșterea încărcării procesorului pe serverul dvs. pentru a transcoda videoclipurile din zbor la un bitrate mai mic.",
    "LabelRemoteClientBitrateLimit": "Limită de biți pentru streaming pe Internet (Mbps):",
    "LabelReleaseDate": "Data lansării:",
    "LabelRefreshMode": "Mod reîmprospătare:",
    "LabelRecord": "Înregistrare:",
    "LabelReasonForTranscoding": "Motiv pentru transcodare:",
    "LabelReadHowYouCanContribute": "Aflați cum puteți contribui.",
    "LabelPublicHttpsPortHelp": "Numărul de port public care ar trebui mapat în portul HTTPS local.",
    "LabelPublicHttpsPort": "Portul HTTPS public:",
    "LabelPublicHttpPortHelp": "Numărul de port public care ar trebui mapat în portul HTTP local.",
    "LabelPublicHttpPort": "Portul HTTP public:",
    "LabelProtocolInfoHelp": "Valoarea care va fi utilizată la răspunsul la solicitările GetProtocolInfo de pe dispozitiv.",
    "LabelProtocolInfo": "Informații protocol:",
    "LabelProtocol": "Protocol:",
    "LabelProfileVideoCodecs": "Codecuri video:",
    "LabelProfileContainersHelp": "Separat prin virgulă. Poate fi lăsat gol pentru a se aplica tuturor containerelor.",
    "LabelProfileContainer": "Container :",
    "LabelProfileCodecsHelp": "Separat prin virgulă. Poate fi lăsat gol pentru a se aplica tuturor codecurilor.",
    "LabelProfileCodecs": "Codecuri:",
    "LabelProfileAudioCodecs": "Codecuri audio:",
    "LabelPreferredSubtitleLanguage": "Limba subtitrare preferată:",
    "LabelPreferredDisplayLanguageHelp": "Traducerea Jellyfin este un proiect în derulare.",
    "LabelPreferredDisplayLanguage": "Limba de afișare preferată:",
    "LabelPostProcessorArgumentsHelp": "Utilizați {path} ca și cale către fișierul de înregistrare.",
    "LabelPostProcessorArguments": "Argumentele liniei de comandă post-procesare:",
    "LabelPostProcessor": "Aplicație post-procesare:",
    "LabelPleaseRestart": "Modificările vor avea efect după încărcarea manuală a clientului web.",
    "LabelPlayMethod": "Metoda de redare:",
    "LabelPlaylist": "Listă de redare:",
    "LabelPlayer": "Soft redare:",
    "LabelPlayDefaultAudioTrack": "Redați calea audio implicită indiferent de limbă",
    "LabelPlaceOfBirth": "Locul nașterii:",
    "LabelPersonRoleHelp": "Exemplu: Șofer mașină de înghețată",
    "LabelPersonRole": "Rol:",
    "LabelPath": "Cale:",
    "LabelPasswordRecoveryPinCode": "Cod PIN:",
    "LabelPasswordResetProvider": "Furnizor de resetare a parolei:",
    "LabelPasswordConfirm": "Parolă (confirmare):",
    "LabelParentalRating": "Evaluarea parentală:",
    "LabelParentNumber": "Numărul părintelui:",
    "LabelOverview": "Prezentare generală:",
    "LabelOriginalTitle": "Titlu original:",
    "LabelOriginalAspectRatio": "Raport aspect original:",
    "LabelOptionalNetworkPathHelp": "Dacă acest folder este partajat în rețeaua dvs., furnizarea căii de partajare a rețelei poate permite aplicațiilor Jellyfin de pe alte dispozitive să acceseze fișiere media direct.",
    "LabelOptionalNetworkPath": "(Optional) Dosar partajat în rețea:",
    "LabelNumber": "Număr:",
    "LabelNotificationEnabled": "Activează această notificare",
    "LabelNewsCategories": "Categoriile știrilor:",
    "LabelNewName": "Nume nou:",
    "LabelMusicStreamingTranscodingBitrateHelp": "Specificați un bitrate maxim atunci când transmiteți muzică.",
    "LabelMusicStreamingTranscodingBitrate": "Bitrate pentru transcodarea audio:",
    "LabelMoviePrefixHelp": "Dacă un prefix este aplicat titlurilor de filme, introduceți-l aici, astfel încât serverul să se poată gestiona corect.",
    "LabelMoviePrefix": "Prefixul filmului:",
    "LabelMovieCategories": "Categoriile filmului:",
    "LabelMonitorUsers": "Monitorizați activitatea de la:",
    "LabelModelUrl": "URL-ul modelului",
    "LabelModelNumber": "Numărul modelului",
    "LabelModelName": "Numele modelului",
    "LabelModelDescription": "Descrierea modelului",
    "LabelMinScreenshotDownloadWidth": "Lățimea minimă a descărcării capturii de ecran:",
    "LabelMinResumePercentageHelp": "Titlurile se presupun neredate dacă sunt oprite înainte de această durată.",
    "LabelMinResumePercentage": "Procentajul minim al reluării:",
    "LabelMinResumeDurationHelp": "Cea mai scurtă lungime video în secunde, care va salva locația de redare și vă va permite să reluați.",
    "LabelMinResumeDuration": "Durata minimă a reluării:",
    "LabelMethod": "Metoda:",
    "LabelMetadataSaversHelp": "Alegeți formatele de fișiere pentru a vă salva metadatele.",
    "LabelMetadataSavers": "Salvări de metadate:",
    "LabelMetadataReadersHelp": "Clasificați sursele preferate de metadate locale în ordinea priorității. Primul fișier găsit va fi citit.",
    "LabelMetadataReaders": "Cititori de metadate:",
    "LabelMetadataDownloadersHelp": "Activați și clasificați colectorii de metadate preferați în ordinea priorității. Colectorii cu prioritate inferioară vor fi folosiți numai pentru a completa informațiile care lipsesc.",
    "LabelMetadata": "Metadate:",
    "LabelMessageTitle": "Titlul mesajului:",
    "LabelMessageText": "Textul mesajului:",
    "LabelMaxStreamingBitrateHelp": "Specificați un bitrate maxim atunci când faceți streaming.",
    "LabelMaxStreamingBitrate": "Calitate maximă pentru streaming:",
    "LabelMaxResumePercentageHelp": "Titlurile sunt considerate complet redate dacă sunt oprite după acest timp.",
    "LabelMaxResumePercentage": "Procentul maxim de reluare:",
    "LabelMaxChromecastBitrate": "Calitatea streamului Chromecast:",
    "LabelMatchType": "Tip de potrivire:",
    "LabelManufacturerUrl": "URL Producător",
    "LabelManufacturer": "Producător:",
    "LabelLogs": "Loguri:",
    "LabelLoginDisclaimerHelp": "Un mesaj care va fi afișat în partea de jos a paginii de conectare.",
    "LabelLoginDisclaimer": "Act de renunțare la autentificare:",
    "LabelLockItemToPreventChanges": "Blocați acest element pentru a preveni modificările viitoare",
    "LabelLocalHttpServerPortNumberHelp": "Portul TCP pe care serverul HTTP Jellyfin ar trebui să îl utilizeze.",
    "LabelLocalHttpServerPortNumber": "Portul local HTTP:",
    "LabelLineup": "Echipa:",
    "LabelLanNetworks": "Rețele LAN:",
    "LabelKodiMetadataUserHelp": "Salvați datele de vizionare în fișierele NFO pentru alte aplicații de utilizat.",
    "LabelKodiMetadataUser": "Salvați datele de vizionare ale utilizatorului în fișierele NFO pentru:",
    "LabelKodiMetadataSaveImagePathsHelp": "Acest lucru este recomandat dacă aveți nume de fișiere imagine care nu sunt conforme cu ghidurile Kodi.",
    "LabelKodiMetadataSaveImagePaths": "Salvați căile de imagine în fișierele nfo",
    "LabelKodiMetadataEnablePathSubstitutionHelp": "Permite substituirea căilor pentru căile de imagine utilizând setările de substituire ale căilor serverului.",
    "LabelKodiMetadataEnablePathSubstitution": "Activați substituirea căilor",
    "LabelKodiMetadataEnableExtraThumbsHelp": "Atunci când descărcați imagini, acestea pot fi salvate atât în extrafanart cât și în extrathumbs pentru o compatibilitate maximă cu tema Kodi.",
    "LabelKodiMetadataEnableExtraThumbs": "Copiați extrafanart în câmpul extrathumbs",
    "LabelKodiMetadataDateFormatHelp": "Toate datele din fișierele NFO vor fi analizate folosind acest format.",
    "LabelKodiMetadataDateFormat": "Formatul datei de lansare:",
    "LabelKidsCategories": "Categorii pentru copii:",
    "LabelKeepUpTo": "Păstrați până la:",
    "LabelInternetQuality": "Calitatea internetului:",
    "LabelInNetworkSignInWithEasyPasswordHelp": "Utilizați codul Easy PIN pentru a vă conecta la clienții din rețeaua dvs. locală. Parola dvs. obișnuită va fi necesară numai acasă. Dacă codul Easy PIN este lăsat gol, nu veți avea nevoie de o parolă în rețeaua de domiciliu.",
    "LabelInNetworkSignInWithEasyPassword": "Activați conectarea în rețea cu codul Easy PIN",
    "LabelImportOnlyFavoriteChannels": "Limitați la canalele marcate drept preferate",
    "LabelImageType": "Tipul imaginii:",
    "LabelImageFetchersHelp": "Activați și clasificați colectorul de imagini preferat în ordinea priorității.",
    "LabelIdentificationFieldHelp": "Un substring cu majuscule, minuscule sau expresie regex.",
    "LabelIconMaxWidthHelp": "Rezoluția maximă a pictogramelor expuse via upnp:icon.",
    "LabelIconMaxWidth": "Lățimea maximă a pictogramei:",
    "LabelIconMaxHeightHelp": "Rezoluția maximă a pictogramelor expuse via upnp:icon.",
    "LabelIconMaxHeight": "Înălțimea maximă a pictogramei:",
    "LabelHttpsPortHelp": "Portul TCP pe care serverul HTTPS Jellyfin ar trebui sa îl utilizeze.",
    "LabelHttpsPort": "Portul local HTTPS:",
    "LabelHomeScreenSectionValue": "Secțiunea ecranului de pornire {0}:",
    "LabelHomeNetworkQuality": "Calitatea pe rețeaua de domiciliu:",
    "LabelHardwareAccelerationTypeHelp": "Accelerarea hardware necesită configurare suplimentară.",
    "LabelHardwareAccelerationType": "Accelerare hardware:",
    "LabelEncoderPreset": "H264 encoding presetat:",
    "LabelH264Crf": "CRF codare H264:",
    "LabelGroupMoviesIntoCollectionsHelp": "La afișarea listelor de filme, filmele aparținând unei colecții vor fi afișate ca un articol grupat.",
    "LabelGroupMoviesIntoCollections": "Grupează filmele în colecții",
    "LabelServerNameHelp": "Acest nume va fi utilizat pentru a identifica serverul și va fi implicit la numele computerului serverului.",
    "LabelFriendlyName": "Nume prietenos:",
    "LabelFormat": "Format:",
    "LabelForgotPasswordUsernameHelp": "Introduceți numele dvs. de utilizator, dacă vă amintiți.",
    "LabelFont": "Font:",
    "LabelFolder": "Dosar:",
    "LabelFileOrUrl": "Fișier sau URL:",
    "LabelFailed": "Eșuat",
    "LabelExtractChaptersDuringLibraryScanHelp": "Generați imagini de capitol atunci când videoclipurile sunt importate în timpul scanării bibliotecii. În caz contrar, acestea vor fi extrase în timpul sarcinii programate de extragere a imaginilor capitolului, permițând scanarea bibliotecă obișnuită să se completeze mai rapid.",
    "LabelExtractChaptersDuringLibraryScan": "Extrageți imagini de capitol în timpul scanării bibliotecii",
    "LabelBaseUrlHelp": "Puteți adăuga aici un subdirector personalizat pentru a accesa serverul de pe o adresă URL mai unică.",
    "LabelBaseUrl": "Adresa URL de bază:",
    "LabelEveryXMinutes": "La fiecare:",
    "LabelEvent": "Eveniment:",
    "LabelEpisodeNumber": "Numărul episodului:",
    "LabelEndDate": "Data de încheiere:",
    "LabelEnableSingleImageInDidlLimitHelp": "Unele dispozitive nu vor reda corect dacă mai multe imagini sunt încorporate în Didl.",
    "LabelEnableSingleImageInDidlLimit": "Limitați la o singură imagine încorporată",
    "LabelEnableRealtimeMonitorHelp": "Modificările la fișiere vor fi procesate imediat, pe sistemele de fișiere acceptate.",
    "LabelEnableRealtimeMonitor": "Activați monitorizarea în timp real",
    "LabelEnableHardwareDecodingFor": "Activați decodarea hardware pentru:",
    "LabelEnableDlnaServerHelp": "Permite dispozitivelor UPnP din rețeaua dvs. să răsfoiască și să redea conținut.",
    "LabelEnableDlnaServer": "Activați serverul DLNA",
    "LabelEnableDlnaPlayToHelp": "Detectează dispozitivele din rețeaua dvs. și oferă posibilitatea de a le controla de la distanță.",
    "LabelEnableDlnaPlayTo": "Activează DLNA Play To",
    "LabelEnableDlnaDebugLoggingHelp": "Creați fișiere de jurnal mari și trebuie utilizate numai în funcție de necesități pentru rezolvarea problemelor.",
    "LabelEnableDlnaDebugLogging": "Activați jurnalul de depanare DLNA",
    "LabelEnableDlnaClientDiscoveryIntervalHelp": "Determină durata în secunde între căutările SSDP efectuate de Jellyfin.",
    "LabelEnableDlnaClientDiscoveryInterval": "Interval de descoperire a clientului (secunde)",
    "LabelEnableBlastAliveMessagesHelp": "Activați acest lucru dacă serverul nu este detectat în mod fiabil de alte dispozitive UPnP din rețeaua dvs.",
    "LabelEnableBlastAliveMessages": "Trimitere mesaje de disponibilitate",
    "LabelEnableAutomaticPortMapHelp": "Încercați să mapați automat portul public către portul local prin UPnP. Este posibil să nu funcționeze cu unele modele de router. Modificările nu se vor aplica decât după repornirea serverului.",
    "LabelEnableAutomaticPortMap": "Activați maparea automată a porturilor",
    "LabelEmbedAlbumArtDidlHelp": "Unele dispozitive preferă această metodă pentru obținerea artei albumelor. Alții pot să nu redea cu această opțiune activată.",
    "LabelEmbedAlbumArtDidl": "Încorporați arta albumului în Didl",
    "LabelEasyPinCode": "Codul Easy PIN:",
    "LabelDynamicExternalId": "{0} Id:",
    "LabelDropShadow": "Umbra:",
    "LabelDropImageHere": "Adaugă imaginea aici, sau clic pentru a căuta.",
    "LabelDownloadLanguages": "Descarcă limbile:",
    "LabelDownMixAudioScaleHelp": "Amplificarea audio când se mixează descendent. Lipsa unei valori va utiliza volumul original.",
    "LabelDownMixAudioScale": "Amplificarea audio când se mixează descendent:",
    "LabelDisplaySpecialsWithinSeasons": "Afișați episoadele speciale în sezoanele în care au fost difuzate",
    "LabelDisplayOrder": "Ordinea afișării:",
    "LabelDisplayName": "Numele afisat:",
    "LabelDisplayMode": "Modul de afișare:",
    "LabelDisplayLanguageHelp": "Traducerea Jellyfin este un proiect în derulare.",
    "LabelDisplayLanguage": "Limba afișată:",
    "LabelDiscNumber": "Numărul discului:",
    "LabelDidlMode": "Modul DIDL:",
    "LabelDeviceDescription": "Descrierea dispozitivului",
    "LabelDefaultUserHelp": "Stabilește ce bibliotecă de utilizator ar trebui să fie afișată pe dispozitivele conectate. Aceasta poate fi rescrisă pentru fiecare dispozitiv folosind profiluri.",
    "LabelDefaultUser": "Utilizator implicit:",
    "LabelDefaultScreen": "Ecran implicit:",
    "LabelDeathDate": "Data decedării:",
    "LabelDay": "Ziua:",
    "LabelDateTimeLocale": "Ora locală a datei:",
    "LabelDateAddedBehaviorHelp": "Dacă există o valoare de metadate, aceasta va fi întotdeauna folosită înainte de oricare dintre aceste opțiuni.",
    "LabelDateAddedBehavior": "Comportamentul datei adăugării pentru conținut nou:",
    "LabelDateAdded": "Data adăugării:",
    "LabelDashboardTheme": "Tema tabloul de bord al serverului:",
    "LabelCustomRating": "Evaluare personalizată:",
    "LabelCustomDeviceDisplayNameHelp": "Furnizați un nume de afișare personalizat sau lăsați gol pentru a utiliza numele raportat de dispozitiv.",
    "LabelCustomDeviceDisplayName": "Numele afisat:",
    "LabelCustomCssHelp": "Aplicați propriul stil personalizat pe interfața web.",
    "LabelCustomCss": "CSS personalizat:",
    "LabelCriticRating": "Evaluare critic:",
    "LabelCommunityRating": "Evaluare comunitate:",
    "LabelCollection": "Colecție:",
    "LabelChannels": "Canale:",
    "LabelCertificatePasswordHelp": "Dacă certificatul dvs. necesită o parolă, vă rugăm să o introduceți aici.",
    "LabelCertificatePassword": "Parola certificatului:",
    "LabelCancelled": "Anulat",
    "LabelCache": "Depozit:",
    "LabelBurnSubtitles": "Imprimă subtitrările:",
    "LabelBlockContentWithTags": "Blochează articolele cu etichetele:",
    "LabelBlastMessageIntervalHelp": "Determină durata în secunde între transmiterea mesajele de viață.",
    "LabelBlastMessageInterval": "Interval transmitere mesaj viu (secunde)",
    "LabelBitrate": "Rată de biți:",
    "LabelBirthYear": "Anul nașterii:",
    "LabelBirthDate": "Data nașterii:",
    "LabelBindToLocalNetworkAddressHelp": "Opțional. Rescrie adresa IP locală pentru a o utiliza serverul http. Dacă este lăsat gol, serverul se va lega la toate adresele disponibile. Modificarea acestei valori necesită repornirea Jellyfin Server.",
    "LabelBindToLocalNetworkAddress": "Utilizează adresa de rețea locală:",
    "LabelAutomaticallyRefreshInternetMetadataEvery": "Actualizați automat metadatele de pe internet:",
    "LabelAuthProvider": "Furnizor de autentificare:",
    "LabelAudioSampleRate": "Rata eșantionului audio:",
    "LabelAudioCodec": "Codec audio:",
    "LabelAudioChannels": "Canale audio:",
    "LabelAudioBitrate": "Rata de biți audio:",
    "LabelAudioBitDepth": "Adâncimea bitului audio:",
    "LabelAudio": "Audio:",
    "LabelAppNameExample": "Exemplu: Sickbeard, Sonarr",
    "LabelAppName": "Nume app",
    "LabelAllowedRemoteAddressesMode": "Modul de filtrare a adresei IP de la distanță:",
    "LabelAllowedRemoteAddresses": "Filtrul de adrese IP de la distanță:",
    "LabelAllowHWTranscoding": "Permite transcodare hardware",
    "LabelAll": "Tot",
    "LabelAlbumArtists": "Artiști album:",
    "LabelAlbumArtPN": "Artă album PN:",
    "LabelAlbumArtMaxWidthHelp": "Rezoluție maximă a artei albumului expusă via upnp:albumArtURI.",
    "LabelAlbumArtMaxWidth": "Artă album lățime maximă:",
    "LabelAlbumArtMaxHeightHelp": "Rezoluție maximă a artei albumului expusă via upnp:albumArtURI.",
    "LabelAlbumArtMaxHeight": "Artă album înălțime maximă:",
    "LabelAlbumArtHelp": "PN utilizat pentru art albumelor, în atributul dlna:profileID pe upnp:albumArtURI. Unele dispozitive necesită o valoare specifică, indiferent de dimensiunea imaginii.",
    "LabelAlbum": "Album:",
    "LabelAirsBeforeSeason": "Emis după sezonul:",
    "LabelAirsBeforeEpisode": "Emis înaintea episodului:",
    "LabelAirsAfterSeason": "Emis după sezonul:",
    "LabelAirTime": "Ora de emisie:",
    "LabelAirDays": "Zile de emisie:",
    "LabelAccessStart": "Ora demarării:",
    "LabelAccessEnd": "Ora terminării:",
    "LabelAccessDay": "Ziua săptămânii:",
    "LabelAbortedByServerShutdown": "(Anulat prin închiderea serverului)",
    "Label3DFormat": "Format 3D:",
    "Kids": "Copii",
    "Items": "Articole",
    "ItemCount": "{0} articole",
    "InstantMix": "Mix instant",
    "InstallingPackage": "Instalare {0}",
    "ImportFavoriteChannelsHelp": "Dacă este activat, vor fi importate numai canalele marcate ca preferate pe dispozitivul tuner.",
    "Images": "Imagini",
    "Identify": "Identifică",
    "HttpsRequiresCert": "Pentru a activa conexiunile securizate, va trebui să furnizați un certificat SSL de încredere, cum ar fi Let's Encrypt. Vă rugăm să furnizați un certificat sau să dezactivați conexiunile securizate.",
    "Horizontal": "Orizontal",
    "Home": "Acasă",
    "HideWatchedContentFromLatestMedia": "Ascunde conținutul vizionat din cele mai recente media",
    "Hide": "Ascunde",
    "HeadersFolders": "Dosare",
    "HeaderYears": "Ani",
    "HeaderXmlSettings": "XML setări",
    "HeaderXmlDocumentAttributes": "XML Document Atribute",
    "HeaderXmlDocumentAttribute": "XML Document Atribut",
    "HeaderVideos": "Videoclipuri",
    "HeaderVideoTypes": "Tipuri video",
    "HeaderVideoType": "Tipul video",
    "HeaderVideoQuality": "Calitatea Video",
    "HeaderUser": "Utilizator",
    "HeaderUploadImage": "Încarcă imagine",
    "HeaderUpcomingOnTV": "În curând la TV",
    "HeaderTypeText": "Introduceți text",
    "HeaderTypeImageFetchers": "{0} Aportor de imagine",
    "HeaderTuners": "Tunere",
    "HeaderTunerDevices": "Dispozitive tuner",
    "HeaderTranscodingProfileHelp": "Adăugați profiluri de transcodare pentru a indica ce formate trebuiesc utilizate atunci când este necesară transcodarea.",
    "HeaderTranscodingProfile": "Profilul transcodării",
    "HeaderTracks": "Piese",
    "HeaderThisUserIsCurrentlyDisabled": "Acest utilizator este momentan dezactivat",
    "HeaderTags": "Etichete",
    "HeaderSystemDlnaProfiles": "Profile de sistem",
    "HeaderSubtitleProfilesHelp": "Profilele subtitrării descriu formatul subtitrării compatibil cu dispozitivul.",
    "HeaderSubtitleProfiles": "Profilele subtitrării",
    "HeaderSubtitleProfile": "Profilul subtitrării",
    "HeaderSubtitleDownloads": "Descărcări subtitrare",
    "HeaderSubtitleAppearance": "Aspectul Subtitrării",
    "HeaderStopRecording": "Oprește Inregistrarea",
    "HeaderStatus": "Stare",
    "HeaderStartNow": "Pornește Acum",
    "HeaderSpecialFeatures": "Caracteristici Speciale",
    "HeaderSpecialEpisodeInfo": "Informații Episod Special",
    "ButtonSplit": "Împarte",
    "OptionCustomUsers": "Personalizat",
    "OptionCaptionInfoExSamsung": "Informații pentru legendă ex: (Samsung)",
    "OptionBluray": "BluRay",
    "OptionBlockTvShows": "Seriale TV",
    "OptionBlockTrailers": "Trailere",
    "OptionBlockMusic": "Muzică",
    "OptionBlockMovies": "Filme",
    "OptionBlockLiveTvChannels": "Canale Live TV",
    "OptionBlockChannelContent": "Conținut canal Internet",
    "OptionBlockBooks": "Cărți",
    "OptionBanner": "Steag",
    "OptionAutomaticallyGroupSeriesHelp": "Dacă este activat, seriile distribuite pe mai multe foldere din această bibliotecă vor fi comasate automat într-o singură serie.",
    "OptionAutomaticallyGroupSeries": "Fuzionează automat seriile care sunt răspândite pe mai multe foldere",
    "OptionAuto": "Auto",
    "OptionArtist": "Artist",
    "OptionAllowVideoPlaybackTranscoding": "Permiteți redarea video care necesită transcodare",
    "OptionAllowVideoPlaybackRemuxing": "Permiteți redarea video care necesită conversie fără re-codificare",
    "OptionAllowSyncTranscoding": "Permiteți descărcarea și sincronizarea media care necesită transcodare",
    "OptionAllowMediaPlaybackTranscodingHelp": "Restrângerea accesului la transcodare poate provoca defecțiuni de redare în aplicațiile Jellyfin din cauza formatelor media neacceptate.",
    "OptionAllowContentDownloading": "Permiteți descărcarea și sincronizarea media",
    "OptionAllowAudioPlaybackTranscoding": "Permiteți redarea audio care necesită transcodare",
    "OptionAllUsers": "Toți utilizatorii",
    "OptionAlbumArtist": "Artistul albumului",
    "OptionAlbum": "Album",
    "OptionAdminUsers": "Administratorii",
    "Option3D": "3D",
    "OnlyImageFormats": "Numai formate de imagine (VOBSUB, PGS, SUB, etc)",
    "OnlyForcedSubtitlesHelp": "Se vor încărca doar subtitrările marcate drept forțate.",
    "OnlyForcedSubtitles": "Numai subtitrări forțate",
    "OneChannel": "Un canal",
    "Off": "Oprit",
    "NumLocationsValue": "{0} dosare",
    "Normal": "Normal",
    "None": "Nici unul",
    "NoSubtitlesHelp": "Subtitrările nu vor fi încărcate în mod implicit. Acestea pot fi însă activate manual în timpul redării.",
    "NoSubtitles": "Fără subtitrare",
    "NoSubtitleSearchResultsFound": "Nici un rezultat găsit.",
    "NoPluginConfigurationMessage": "Acest plugin nu are setări de configurat.",
    "NoNewDevicesFound": "Nu s-au găsit dispozitive noi. Pentru a adăuga un nou tuner, închideți acest dialog și introduceți informațiile dispozitivului manual.",
    "No": "Nu",
    "NextUp": "Urmează",
    "Next": "Următorul",
    "News": "Știri",
    "NewEpisodesOnly": "Doar episoade noi",
    "NewEpisodes": "Episoade noi",
    "NewCollectionHelp": "Colecțiile vă permit să creați grupări personalizate de filme și alte tipuri de conținut.",
    "NewCollection": "Colecție nouă",
    "Never": "Niciodată",
    "Name": "Nume",
    "MySubtitles": "Subtitrările mele",
    "Mute": "Mut",
    "MusicVideo": "Videoclip muzical",
    "MusicLibraryHelp": "Consultați {0} ghidul de denumire a muzicii {1}.",
    "MusicArtist": "Artist muzical",
    "MusicAlbum": "Album muzical",
    "MovieLibraryHelp": "Examinați {0} ghidul de denumire al filmelor {1}.",
    "MoveRight": "Mută la dreapta",
    "MoveLeft": "Mută la stânga",
    "MoreMediaInfo": "Informații media",
    "MoreFromValue": "Mai multe din {0}",
    "Mobile": "Mobil",
    "MetadataSettingChangeHelp": "Modificarea setărilor de metadate va afecta conținutul nou adăugat de acum înainte. Pentru a reîmprospăta conținutul existent, deschideți ecranul de detalii și faceți clic pe butonul de actualizare sau efectuați actualizări în vrac folosind managerul de metadate.",
    "MetadataManager": "Manager metadata",
    "Metadata": "Metadată",
    "MessageYouHaveVersionInstalled": "În prezent, aveți versiunea {0} instalată.",
    "MessageUnsetContentHelp": "Conținutul va fi afișat ca foldere simple. Pentru cele mai bune rezultate, utilizați managerul de metadate pentru a seta tipurile de conținut ale sub-foldererelor.",
    "MessageUnableToConnectToServer": "Nu putem să ne conectăm la serverul selectat în acest moment. Vă rugăm să vă asigurați că funcționează și încercați din nou.",
    "MessageTheFollowingLocationWillBeRemovedFromLibrary": "Următoarele locații media vor fi eliminate din biblioteca dvs.:",
    "MessageSettingsSaved": "Setări salvate.",
    "MessageReenableUser": "Consultați mai jos pentru a reactiva",
    "MessagePluginInstallDisclaimer": "Pluginurile create de membrii comunității Jellyfin sunt o modalitate excelentă de a vă îmbunătăți experiența Jellyfin cu funcții și beneficii suplimentare. Înainte de instalare, vă rugăm să fiți conștienți de efectele pe care le pot avea asupra serverului dvs. Jellyfin, cum ar fi scanările de bibliotecă mai lungi, procesarea suplimentară a fundalului și scăderea stabilității sistemului.",
    "MessagePluginConfigurationRequiresLocalAccess": "Pentru a configura acest plugin, vă rugăm să vă conectați direct la serverul dvs. local.",
    "MessagePleaseWait": "Te rog așteaptă. Poate dura un minut.",
    "MessagePlayAccessRestricted": "Redarea acestui conținut este în prezent restricționată. Vă rugăm să contactați administratorul serverului pentru mai multe informații.",
    "MessagePasswordResetForUsers": "Următorii utilizatori au resetat parolele. Acum se pot conecta cu codurile pin care au fost utilizate pentru a efectua resetarea.",
    "MessageNoTrailersFound": "Nu s-au găsit trailere. Instalați canalul Trailer pentru a îmbunătăți experiența dvs. de film adăugând o bibliotecă de trailere din internet.",
    "MessageNoServersAvailable": "Nu au fost găsite servere folosind descoperirea automată de servere.",
    "MessageNoPluginsInstalled": "Nu aveți plugin-uri instalate.",
    "MessageNoMovieSuggestionsAvailable": "În prezent, nu există sugestii de film. Începeți să vizionați și să evaluați filmele, apoi reveniți pentru a vedea recomandările dvs.",
    "MessageNoCollectionsAvailable": "Colecțiile vă permit să vă bucurați de grupări personalizate de filme, serii și albume. Faceți clic pe butonul + pentru a începe să creați colecții.",
    "MessageNoAvailablePlugins": "Nu există plugin-uri disponibile.",
    "MessageLeaveEmptyToInherit": "Lăsați gol pentru a moșteni setările de la un element părinte sau valoarea implicită globală.",
    "MessageItemsAdded": "Articole adăugate.",
    "MessageItemSaved": "Articol salvat.",
    "MessageInvalidUser": "Nume de utilizator sau parola incorecte. Vă rugăm să încercați din nou.",
    "MessageInvalidForgotPasswordPin": "A fost introdus un cod PIN nevalid sau expirat. Vă rugăm să încercați din nou.",
    "MessageInstallPluginFromApp": "Acest plugin trebuie instalat din aplicația în care intenționați să îl utilizați.",
    "MessageImageTypeNotSelected": "Vă rugăm să selectați un tip de imagine din meniul derulant.",
    "MessageImageFileTypeAllowed": "Sunt acceptate numai fișierele JPEG și PNG.",
    "MessageForgotPasswordInNetworkRequired": "Încercați din nou în rețeaua de domiciliu pentru a iniția procesul de resetare a parolei.",
    "MessageForgotPasswordFileCreated": "Următorul fișier a fost creat pe serverul dvs. și conține instrucțiuni despre cum să procedați:",
    "MessageFileReadError": "S-a întâmpinat o eroare în timpul citirii fișierului. Vă rugăm să încercați din nou.",
    "MessageDownloadQueued": "Descărcare adăugata în coadă.",
    "MessageDirectoryPickerLinuxInstruction": "Pentru Linux pe Arch Linux, CentOS, Debian, Fedora, openSUSE sau Ubuntu, trebuie să acordați utilizatorului serverului Jellyfin cel puțin permisiunea de citire la locațiile de stocare.",
    "MessageDirectoryPickerInstruction": "Căile de rețea pot fi introduse manual în cazul în care butonul Network nu reușește să localizeze dispozitivele. De exemplu, {0} sau {1}.",
    "MessageDirectoryPickerBSDInstruction": "Pentru BSD, poate fi necesar să configurați stocarea în FreeNAS jail pentru a permite serverului Jellyfin să o acceseze.",
    "MessageDeleteTaskTrigger": "Sigur doriți să ștergeți acest declanșator de activitate?",
    "MessageCreateAccountAt": "Crează un cont la {0}",
    "MessageContactAdminToResetPassword": "Vă rugăm să contactați administratorul de sistem pentru a vă reseta parola.",
    "MessageConfirmShutdown": "Sigur doriți să opriți serverul?",
    "MessageConfirmRevokeApiKey": "Sigur doriți să revocați această cheie API? Conexiunea aplicației la Jellyfin Server va fi terminată brusc.",
    "MessageConfirmRestart": "Sigur doriți să redemarați serverul Jellyfin?",
    "MessageConfirmRemoveMediaLocation": "Sigur doriți să eliminați această locație?",
    "MessageConfirmRecordingCancellation": "Anulați înregistrarea?",
    "MessageConfirmProfileDeletion": "Sigur doriți să ștergeți acest profil?",
    "MessageConfirmDeleteTunerDevice": "Sigur doriți să ștergeți acest dispozitiv?",
    "MessageConfirmDeleteGuideProvider": "Sigur doriți să eliminați acest furnizor de ghid?",
    "MessageAreYouSureYouWishToRemoveMediaFolder": "Sigur doriți să eliminați acest dosar media?",
    "MessageAreYouSureDeleteSubtitles": "Sigur doriți să ștergeți acest fișier de subtitrare?",
    "MessageAlreadyInstalled": "Această versiune este deja instalată.",
    "Menu": "Meniu",
    "MediaIsBeingConverted": "Fișierul media este transformat într-un format compatibil cu dispozitivul folosit pentru redare.",
    "MediaInfoStreamTypeVideo": "Video",
    "MediaInfoStreamTypeSubtitle": "Subtitrare",
    "MediaInfoStreamTypeEmbeddedImage": "Imaginea încorporată",
    "MediaInfoStreamTypeData": "Date",
    "MediaInfoStreamTypeAudio": "Audio",
    "MediaInfoSoftware": "Software",
    "MediaInfoTimestamp": "Data și ora",
    "MediaInfoSize": "Mărime",
    "MediaInfoSampleRate": "Rata monstrei",
    "MediaInfoResolution": "Rezoluție",
    "MediaInfoRefFrames": "Frame-uri referință",
    "MediaInfoProfile": "Profil",
    "MediaInfoPixelFormat": "Format pixel",
    "MediaInfoPath": "Cale",
    "MediaInfoLevel": "Nivel",
    "MediaInfoLayout": "Amplasare",
    "MediaInfoLanguage": "Limba",
    "MediaInfoInterlaced": "Întrețesut",
    "MediaInfoFramerate": "Rata frame-urilor",
    "MediaInfoForced": "Forțat",
    "MediaInfoExternal": "Extern",
    "MediaInfoDefault": "Implicit",
    "MediaInfoContainer": "Recipient",
    "MediaInfoCodecTag": "Etichetă codec",
    "MediaInfoCodec": "Codec",
    "MediaInfoChannels": "Canale",
    "MediaInfoBitrate": "Rata de biți",
    "MediaInfoBitDepth": "Număr de biți",
    "MediaInfoAspectRatio": "Raportul aspectului",
    "MediaInfoAnamorphic": "Anamorfic",
    "MarkUnplayed": "Marchează ca nevizionat",
    "MarkPlayed": "Marchează ca vizionat",
    "MapChannels": "Mapează canalele",
    "ManageRecording": "Gestionează înregistrarea",
    "ManageLibrary": "Gestionează biblioteca",
    "Logo": "Siglă",
    "LiveTV": "TV în Direct",
    "LiveBroadcasts": "Emisie în direct",
    "Live": "În direct",
    "List": "Listă",
    "LinksValue": "Linkuri: {0}",
    "Like": "Îmi place",
    "LeaveBlankToNotSetAPassword": "Puteți lăsa acest câmp necompletat pentru a nu seta o parolă.",
    "LearnHowYouCanContribute": "Aflați cum puteți contribui.",
    "LaunchWebAppOnStartupHelp": "Deschideți clientul web în browserul dvs. implicit la pornirea inițială a serverului. Acest lucru nu se va produce atunci când se utilizează funcția serverului de repornire.",
    "LaunchWebAppOnStartup": "Lansați interfața web la pornirea serverului",
    "LatestFromLibrary": "Ultimele {0}",
    "Large": "Mare",
    "LanNetworksHelp": "Lista separată de virgule a adreselor IP sau a intrărilor de tip IP/mască de rețea pentru rețelele care vor fi luate în considerare în rețeaua locală atunci când se aplică restricțiile de lățime de bandă. Dacă este setat, toate celelalte adrese IP vor fi considerate a fi în rețeaua externă și vor fi supuse restricțiilor de lățime de bandă externe. Dacă este lăsat necompletat, numai subnetul serverului este considerat a fi în rețeaua locală.",
    "LabelffmpegPathHelp": "Calea către executabilul ffmpeg, sau dosarul care conține ffmpeg.",
    "LabelffmpegPath": "Calea către FFmpeg:",
    "LabelZipCode": "Cod poștal:",
    "LabelYear": "Anul:",
    "LabelXDlnaDocHelp": "Determină conținutul elementului X_DLNADOC din domeniul urn:schemas-dlna-org:device-1-0.",
    "LabelXDlnaDoc": "Documentație X-DLNA:",
    "LabelXDlnaCapHelp": "Determină conținutul elementului X_DLNACAP din domeniul urn:schemas-dlna-org:device-1-0.",
    "LabelXDlnaCap": "Limită X-DLNA:",
    "LabelWeb": "Web:",
    "LabelVideoCodec": "Codec video:",
    "LabelVideoBitrate": "Rata de biți a video-ului:",
    "LabelVideo": "Video:",
    "DashboardArchitecture": "Arhitectură: {0}",
    "DashboardOperatingSystem": "Sistem de operare: {0}",
    "DashboardServerName": "Server: {0}",
    "DashboardVersionNumber": "Versiune: {0}",
    "LabelVersionInstalled": "{0} instalat",
    "LabelVersion": "Versiune:",
    "LabelValue": "Valoare:",
    "LabelVaapiDeviceHelp": "Acesta este nodul de execuție folosit pentru accelerarea hardware.",
    "LabelVaapiDevice": "Dispozitiv VA API:",
    "LabelUsername": "Utilizator:",
    "LabelUserRemoteClientBitrateLimitHelp": "Înlocuiți valoarea globală setată în configurările de redare ale serverului.",
    "LabelUserLoginAttemptsBeforeLockout": "Încercări de autentificare eșuate înainte ca utilizatorul să fie blocat:",
    "LabelUserLibraryHelp": "Selectați ce bibliotecă de utilizator să se afișeze pe dispozitiv. Lăsați gol pentru a moșteni setarea implicită.",
    "LabelUserLibrary": "Bibliotecă utilizator:",
    "LabelUserAgent": "Agent utilizator:",
    "LabelUseNotificationServices": "Utilizează următoarele servicii:",
    "LabelTypeText": "Text",
    "LabelTypeMetadataDownloaders": "{0} colectori metadate:",
    "LabelType": "Tip:",
    "LabelTunerType": "Tip tuner:",
    "LabelTunerIpAddress": "Adresă IP Tuner:",
    "LabelTranscodingVideoCodec": "Codec video:",
    "LabelTranscodingThreadCountHelp": "Selectați numărul maxim de fire de execuție de utilizat la transcodare. Reducerea numărului de fire de execuție va scădea utilizarea procesorului, dar este posibil să nu se convertească suficient de repede pentru o experiență de redare lină.",
    "Suggestions": "Recomandări",
    "Subtitles": "Subtitrări",
    "SubtitleOffset": "Decalaj subtitrare",
    "SubtitleDownloadersHelp": "Activați și clasificați descărcătorii de subtitrare preferați în ordinea priorității.",
    "SubtitleAppearanceSettingsDisclaimer": "Aceste setări nu se vor aplica subtitrărilor grafice (PGS, DVD etc.) sau subtitrărilor ASS / SSA care încorporează propriile lor stiluri.",
    "SubtitleAppearanceSettingsAlsoPassedToCastDevices": "Aceste setări se aplică și oricărei redări Chromecast pornite de acest dispozitiv.",
    "Studios": "Studiouri",
    "StopRecording": "Oprește înregistrarea",
    "Sports": "Sporturi",
    "SortName": "Sortare nume",
    "SortChannelsBy": "Ordonează canalele după:",
    "SortByValue": "Sortează după {0}",
    "Sort": "Sortează",
    "SmartSubtitlesHelp": "Subtitrările care corespund preferinței limbii vor fi încărcate atunci când audioul este într-o limbă străină.",
    "Smart": "Inteligent",
    "Smaller": "Mai mic",
    "SmallCaps": "Litere mici",
    "Small": "Mic",
    "SkipEpisodesAlreadyInMyLibraryHelp": "Episoadele vor fi comparate folosind numerele de sezon și episod, atunci când sunt disponibile.",
    "SkipEpisodesAlreadyInMyLibrary": "Nu înregistrați episoadele care sunt deja în biblioteca mea",
    "SimultaneousConnectionLimitHelp": "Numărul maxim de fluxuri simultane permise. Introduceți 0 pentru fără limită.",
    "Shuffle": "Amestecă",
    "ShowYear": "Arată anul",
    "ShowTitle": "Arată titlul",
    "ShowIndicatorsFor": "Afișați indicatori pentru:",
    "ShowAdvancedSettings": "Afișați setări avansate",
    "Share": "Distribuie",
    "SettingsWarning": "Modificarea acestor valori poate provoca instabilități sau eșecuri de conectivitate. Dacă întâmpinați probleme, vă recomandăm să le schimbați înapoi cu cele din modul implicit.",
    "SettingsSaved": "Setări salvate.",
    "Settings": "Setări",
    "ServerUpdateNeeded": "Acest Jellyfin Server trebuie actualizat. Pentru a descărca cea mai recentă versiune, accesați {0}",
    "ServerRestartNeededAfterPluginInstall": "Jellyfin Server va trebui să fie repornit după instalarea unui plugin.",
    "ServerNameIsShuttingDown": "Jellyfin Server - {0} se oprește.",
    "ServerNameIsRestarting": "Jellyfin Server - {0} se repornește.",
    "SeriesYearToPresent": "{0} - Prezent",
    "SeriesSettings": "Setările serialului",
    "SeriesRecordingScheduled": "Înregistrarea serialului programată.",
    "SeriesDisplayOrderHelp": "Aranjați episoadele după data de emisie, lansare DVD sau numerotarea absolută.",
    "SeriesCancelled": "Serial anulat.",
    "Series": "Serial",
    "SendMessage": "Trimite mesaj",
    "SelectAdminUsername": "Vă rugăm să selectați un nume de utilizator pentru contul de admin.",
    "SearchResults": "Rezultatele căutării",
    "SearchForSubtitles": "Căutați subtitrări",
    "SearchForMissingMetadata": "Căutați metadate lipsă",
    "Search": "Caută",
    "Screenshots": "Capturi de ecran",
    "Screenshot": "Captură de ecran",
    "Schedule": "Program",
    "ScanLibrary": "Scanează biblioteca",
    "ScanForNewAndUpdatedFiles": "Căutați fișiere noi și actualizate",
    "SaveSubtitlesIntoMediaFoldersHelp": "Stocarea subtitrărilor lângă fișierele video le va permite să fie gestionate mai ușor.",
    "SaveSubtitlesIntoMediaFolders": "Salvați subtitrările în dosarele media",
    "Runtime": "Timpul de rulare",
    "RunAtStartup": "Rulați la pornire",
    "Rewind": "Derulează",
    "ResumeAt": "Reluați de la {0}",
    "RestartPleaseWaitMessage": "Vă rugăm să așteptați cât Jellyfin Server se închide și repornește. Acest lucru poate dura un minut sau două.",
    "RequiredForAllRemoteConnections": "Obligatoriu pentru toate conexiunile distante",
    "ReplaceExistingImages": "Înlocuiți toate imaginile",
    "ReplaceAllMetadata": "Înlocuiți toate metadatele",
    "RepeatOne": "Repetă una singură",
    "RepeatMode": "Modul de repetare",
    "RepeatEpisodes": "Repetă episoadele",
    "RepeatAll": "Repetă tot",
    "Repeat": "Repetă",
    "RemoveFromPlaylist": "Scoateți din lista de redare",
    "RemoveFromCollection": "Scoateți din colecție",
    "RememberMe": "Ține-mă minte",
    "ReleaseDate": "Data lansării",
    "RefreshQueued": "Actualizare adăugată în coadă.",
    "RefreshMetadata": "Actualizați metadatele",
    "RefreshDialogHelp": "Metadatele sunt actualizate pe baza setărilor și a serviciilor de internet care sunt activate în tabloul de bord Jellyfin Server.",
    "Refresh": "Reîmprospătează",
    "Recordings": "Înregistrări",
    "RecordingScheduled": "Înregistrare programată.",
    "RecordingPathChangeMessage": "Modificarea dosarului dvs. de înregistrare nu va migra înregistrările existente din vechea locație la cea nouă. Dacă doriți, trebuie să le mutați manual.",
    "RecordingCancelled": "Înregistrare anulată.",
    "RecordSeries": "Înregistrează serialele",
    "Record": "Înregistrează",
    "RecommendationStarring": "În rol principal  {0}",
    "RecommendationDirectedBy": "Regizat de {0}",
    "RecommendationBecauseYouWatched": "Pentru că ai vizionat {0}",
    "RecommendationBecauseYouLike": "Pentru că vă place {0}",
    "RecentlyWatched": "Vizionate recent",
    "Rate": "Evaluare",
    "Raised": "Ridicat",
    "QueueAllFromHere": "Formează o coadă de aici",
    "Quality": "Calitatea",
    "Programs": "Programe",
    "ProductionLocations": "Locații de producție",
    "Producer": "Producător",
    "Primary": "Primar",
    "Previous": "Anteriorul",
    "Premieres": "Premiere",
    "Premiere": "Premieră",
    "PreferredNotRequired": "Preferat, dar nu este necesar",
    "PreferEmbeddedTitlesOverFileNamesHelp": "Aceasta determină titlul afișat implicit atunci când nu sunt disponibile metadate din internet sau metadate locale.",
    "PreferEmbeddedTitlesOverFileNames": "Preferă titlurile incluse decât numele fișierelor",
    "PluginInstalledMessage": "Pluginul a fost instalat cu succes. Jellyfin Server va trebui să fie repornit pentru ca modificările să intre în vigoare.",
    "PleaseSelectTwoItems": "Vă rugăm să selectați cel puțin două elemente.",
    "PleaseRestartServerName": "Vă rugăm să reporniți Jellyfin Server - {0}.",
    "PleaseEnterNameOrId": "Vă rugăm să introduceți un nume sau un ID extern.",
    "PleaseConfirmPluginInstallation": "Faceți clic pe OK pentru a confirma că ați citit mai sus și doriți să continuați cu instalarea pluginului.",
    "PleaseAddAtLeastOneFolder": "Vă rugăm să adăugați cel puțin un dosar la această bibliotecă făcând clic pe butonul Adăugare.",
    "Played": "Rulat",
    "PlayNextEpisodeAutomatically": "Ruleză următorul episod automat",
    "PlayNext": "Rulează următorul",
    "PlayFromBeginning": "Rulează de la început",
    "PlayCount": "Număr de rulări",
    "PlaybackData": "Date de redare",
    "PlayAllFromHere": "Rulează totul de aici",
    "Play": "Rulează",
    "PlaceFavoriteChannelsAtBeginning": "Plasați canalele preferate la început",
    "PinCodeResetConfirmation": "Sigur doriți să resetați codul PIN?",
    "PinCodeResetComplete": "Codul PIN a fost resetat.",
    "PictureInPicture": "Imagine în imagine",
    "PerfectMatch": "Potrivire perfectă",
    "People": "Oameni",
    "PasswordSaved": "Parolă salvată.",
    "PasswordResetProviderHelp": "Alegeți un furnizor de resetare a parolei pentru a fi utilizat atunci când acest utilizator solicită o resetare a parolei",
    "PasswordResetHeader": "Resetează parola",
    "PasswordResetConfirmation": "Sigur doriți să resetați parola?",
    "PasswordResetComplete": "Parola a fost resetată.",
    "PasswordMatchError": "Confirmarea parolei și parola trebuie să corespundă.",
    "PackageInstallFailed": "{0} instalare eșuată.",
    "PackageInstallCompleted": "{0} instalare efectuată.",
    "PackageInstallCancelled": "{0} instalarea a fost anulată.",
    "Overview": "Prezentare generală",
    "OriginalAirDateValue": "Data inițială de emisie: {0}",
    "OptionWeekly": "Săptămânal",
    "OptionWeekends": "Sfârşit de săptămână",
    "OptionWeekdays": "Zile de lucru",
    "OptionWakeFromSleep": "Trezește din suspendare",
    "OptionUnairedEpisode": "Episoade netransmise",
    "OptionTvdbRating": "Evaluare TVDB",
    "OptionThumbCard": "Card în miniatură",
    "OptionThumb": "Miniatură",
    "OptionSubstring": "Subșir",
    "OptionSpecialEpisode": "Speciale",
    "OptionSaveMetadataAsHiddenHelp": "Modificarea acestui lucru se va aplica la noi metadate salvate de acum înainte. Fișierele de metadate existente vor fi actualizate data viitoare când sunt salvate de Jellyfin Server.",
    "OptionSaveMetadataAsHidden": "Salvați metadata și imaginile ca fișiere ascunse",
    "OptionResElement": "element res",
    "OptionRequirePerfectSubtitleMatchHelp": "Cerând o potrivire perfectă va filtra subtitrările pentru a le include doar pe cele care au fost testate și verificate cu fișierul dvs. video exact. Debifând acest lucru, va crește probabilitatea descărcării subtitrărilor, dar va crește șansele de a avea decalaje sau de a greși textul de subtitrare.",
    "OptionRequirePerfectSubtitleMatch": "Descărcați doar subtitrări care se potrivesc perfect pentru fișierele mele video",
    "OptionReportByteRangeSeekingWhenTranscodingHelp": "Acest lucru este necesar pentru unele dispozitive care nu caută foarte bine în timp.",
    "OptionReportByteRangeSeekingWhenTranscoding": "Raportați că serverul acceptă căutarea în octeți la transcodare",
    "OptionRegex": "Expresie regulată",
    "OptionRandom": "Aleator",
    "OptionProtocolHttp": "HTTP",
    "OptionProtocolHls": "Transmitere în direct HTTP",
    "OptionProfileVideoAudio": "Audioul videoclipului",
    "OptionProfileVideo": "Video",
    "OptionProfilePhoto": "Fotografie",
    "OptionProfileAudio": "Audio",
    "OptionPosterCard": "Carte de afiș",
    "OptionPoster": "Afiș",
    "OptionPlainVideoItemsHelp": "Dacă este activat, toate videoclipurile sunt reprezentate în DIDL ca „object.item.videoItem” în loc de un tip mai specific, cum ar fi „object.item.videoItem.movie”.",
    "OptionPlainVideoItems": "Afișați toate videoclipurile ca elemente video simple",
    "OptionPlainStorageFoldersHelp": "Dacă este activat, toate folderele sunt reprezentate în DIDL ca „object.container.storageFolder” în loc de un tip mai specific, cum ar fi „object.container.person.musicArtist”.",
    "OptionPlainStorageFolders": "Afișați toate dosarele ca dosare simple de stocare",
    "OptionOnInterval": "La un interval",
    "OptionOnAppStartup": "La pornirea aplicației",
    "OptionNone": "Nici unul",
    "OptionNew": "Nou...",
    "OptionMissingEpisode": "Episoade lipsă",
    "OptionMax": "Max",
    "OptionLoginAttemptsBeforeLockoutHelp": "O valoare zero înseamnă că va moșteni valoarea implicită de trei încercări pentru utilizatorii normali și cinci pentru administratori. Setarea acestei opțiuni la -1 va dezactiva funcția.",
    "OptionLoginAttemptsBeforeLockout": "Determină câte încercări de conectare incorecte pot fi făcute înainte de blocare.",
    "OptionList": "Listă",
    "OptionIsSD": "SD",
    "OptionIsHD": "HD",
    "OptionIgnoreTranscodeByteRangeRequestsHelp": "Dacă sunt activate, aceste solicitări vor fi respectate, dar vor ignora antetul intervalului de octeți.",
    "OptionIgnoreTranscodeByteRangeRequests": "Ignorați solicitările pentru transcodarea intervalului de octeți",
    "OptionHomeVideos": "Fotografii",
    "OptionHlsSegmentedSubtitles": "Subtitrare segmentată HLS",
    "OptionHasTrailer": "Trailer",
    "OptionExtractChapterImage": "Activați extragerea imaginii pentru capitole",
    "OptionExternallyDownloaded": "Descărcare externă",
    "OptionEveryday": "Zilnic",
    "OptionEstimateContentLength": "Lungimea conținutului estimată la transcodare",
    "OptionEquals": "Egal",
    "OptionEnableM2tsModeHelp": "Activați modul m2ts atunci când face encoding la mpegts.",
    "OptionEnableM2tsMode": "Activați modul M2ts",
    "OptionEnableForAllTuners": "Activare pentru toate dispozitivele tuner",
    "OptionEnableExternalContentInSuggestionsHelp": "Permiteți trailerelor din internet și programelor TV în direct să fie incluse în conținutul sugerat.",
    "OptionEnableExternalContentInSuggestions": "Activați conținut extern în sugestii",
    "OptionEmbedSubtitles": "Inclus în container",
    "OptionDownloadLogoImage": "Siglă",
    "OptionDownloadImagesInAdvanceHelp": "În mod implicit, majoritatea imaginilor sunt descărcate numai la cererea unei aplicații din Jellyfin. Activați această opțiune pentru a descărca în prealabil toate imaginile, în timp ce fișierele media noi sunt importate. Acest lucru poate provoca scanări ale bibliotecii semnificativ mai lungi.",
    "OptionDownloadImagesInAdvance": "Descărcați imaginile în avans",
    "OptionDownloadDiscImage": "Placă",
    "OptionDisplayFolderViewHelp": "Afișați dosarele alături de celelalte biblioteci media. Acest lucru poate fi util dacă doriți să aveți o vizualizare direct în dosar.",
    "OptionDisplayFolderView": "Afișați o vizualizare de dosar pentru a afișa dosarele media simple",
    "OptionDateAddedImportTime": "Utilizați data scanării în bibliotecă",
    "OptionDateAddedFileTime": "Utilizați data creării fișierelor",
    "Yesterday": "Ieri",
    "Yes": "Da",
    "XmlTvSportsCategoriesHelp": "Programele cu aceste categorii vor fi afișate ca programe sportive. Separați multiple categorii utilizând „|”.",
    "XmlTvPathHelp": "O cale către un fișier XMLTV. Jellyfin va citi acest fișier și îl va verifica periodic pentru actualizări. Sunteți responsabil pentru crearea și actualizarea fișierului.",
    "XmlTvNewsCategoriesHelp": "Programele cu aceste categorii vor fi afișate ca programe de știri. Separați multiple categorii utilizând „|”.",
    "XmlTvMovieCategoriesHelp": "Programele cu aceste categorii vor fi afișate ca filme. Separați multiple categorii utilizând „|”.",
    "XmlTvKidsCategoriesHelp": "Programele cu aceste categorii vor fi afișate ca programe pentru copii. Separați multiple categorii utilizând „|”.",
    "XmlDocumentAttributeListHelp": "Aceste atribute sunt aplicate elementului rădăcină al fiecărui răspuns XML.",
    "Writer": "Scriitor",
    "Whitelist": "Listă agreată",
    "Watched": "Vizionat",
    "ViewPlaybackInfo": "Vizualizați informațiile despre redare",
    "ViewArtist": "Vezi artist",
    "ViewAlbum": "Vizualizați albumul",
    "VideoRange": "Interval video",
    "Vertical": "Vertical",
    "ValueVideoCodec": "Codec Video: {0}",
    "ValueTimeLimitSingleHour": "Limită de timp: 1 oră",
    "ValueTimeLimitMultiHour": "Limită de timp: {0} ore",
    "ValueSongCount": "{0} melodii",
    "ValueSeriesCount": "{0} seriale",
    "ValueSeconds": "{0} secunde",
    "ValueOneSong": "1 melodie",
    "ValueOneSeries": "1 serial",
    "ValueOneMusicVideo": "1 videoclip muzical",
    "ValueOneMovie": "1 film",
    "ValueOneEpisode": "1 episod",
    "ValueOneAlbum": "1 album",
    "ValueMusicVideoCount": "{0} videoclipuri muzicale",
    "ValueMovieCount": "{0} filme",
    "ValueMinutes": "{0} min",
    "ValueEpisodeCount": "{0} episoade",
    "ValueDiscNumber": "Disc {0}",
    "ValueContainer": "Containere: {0}",
    "ValueConditions": "Condiții: {0}",
    "ValueCodec": "Codec: {0}",
    "ValueAudioCodec": "Codec Audio: {0}",
    "ValueAlbumCount": "{0} albume",
    "UserAgentHelp": "Furnizați un antet HTTP personalizat de utilizator.",
    "Upload": "Încarcă",
    "Up": "Sus",
    "Unrated": "Neevaluat",
    "Unplayed": "Nerulat",
    "Unmute": "Activați sunetul",
    "UninstallPluginHeader": "Dezinstalați pluginul",
    "UninstallPluginConfirmation": "Sigur doriți să dezinstalați {0}?",
    "Uniform": "Constant",
    "TvLibraryHelp": "Examinați {0}ghidul de denumire TV{1}.",
    "Transcoding": "Conversie",
    "Trailers": "Trailere",
    "TrackCount": "{0} piese",
    "TitlePlayback": "Redare",
    "TitleHostingSettings": "Setări de găzduire",
    "TitleHardwareAcceleration": "Accelerare Hardware",
    "Thumb": "Miniatură",
    "TheseSettingsAffectSubtitlesOnThisDevice": "Aceste setări afectează subtitrările de pe acest dispozitiv",
    "ThemeVideos": "Videoclipurile temei",
    "ThemeSongs": "Melodiile temei",
    "TagsValue": "Etichete: {0}",
    "Tags": "Etichete",
    "TabUsers": "Utilizatori",
    "TabStreaming": "Transmitere",
    "TabServer": "Server",
    "TabScheduledTasks": "Task-uri programate",
    "TabResumeSettings": "Continuă",
    "TabResponses": "Răspunsuri",
    "TabPlugins": "Pluginuri",
    "TabPlaylists": "Liste redare",
    "TabPlayback": "Redare",
    "TabParentalControl": "Control Parental",
    "TabNfoSettings": "Setări NFO",
    "TabNetworking": "Rețele",
    "TabMetadata": "Metadată",
    "TabLogs": "Jurnal",
    "TabLiveTV": "TV în Direct",
    "TabInfo": "Info",
    "TabDisplay": "Afișare",
    "TabDirectPlay": "Redare directă",
    "TabDevices": "Dispozitive",
    "TabDashboard": "Tablou de bord",
    "TabContainers": "Containere",
    "TabCodecs": "Codecuri",
    "TabCatalog": "Registru",
    "TV": "TV",
    "SystemDlnaProfilesHelp": "Profilele de sistem pot fi numai citite. Modificările aduse unui profil de sistem vor fi salvate într-un nou profil personalizat.",
    "HeaderNavigation": "Navigare",
    "MessageConfirmAppExit": "Vrei să ieși?",
    "CopyStreamURLError": "A apărut o eroare la copierea adresei URL.",
    "EnableFastImageFadeInHelp": "Activați animația mai rapidă de tranziție pentru imaginile încărcate",
    "EnableFastImageFadeIn": "Tranziție a imaginii rapidă",
    "LabelVideoResolution": "Rezoluția video:",
    "LabelStreamType": "Tipul streamului:",
    "LabelPlayerDimensions": "Dimensiunile soft redare:",
    "LabelDroppedFrames": "Cadre abandonate:",
    "LabelCorruptedFrames": "Cadre corupte:",
    "OptionForceRemoteSourceTranscoding": "Forțați transcodarea surselor media distante (cum ar fi LiveTV)",
    "NoCreatedLibraries": "Se pare că nu ați creat încă biblioteci. {0} Doriți să creați una acum? {1}",
    "AskAdminToCreateLibrary": "Cereți unui administrator să creeze o bibliotecă.",
    "PlaybackErrorNoCompatibleStream": "A apărut o problemă cu profilarea clientului, iar serverul nu trimite un format media compatibil.",
    "AllowFfmpegThrottlingHelp": "Când un transcod sau un remux se află destul de departe înainte de poziția actuală de redare, întrerupeți procesul, astfel încât să consume mai puține resurse. Acest lucru este cel mai util când priviți fără a derula des. Dezactivați acestă opțiune dacă întâmpinați probleme de redare.",
    "AllowFfmpegThrottling": "Accelerare Transcod-uri"
}
