{
    "Absolute": "Absoluto",
    "AccessRestrictedTryAgainLater": "O acesso está atualmente restrito. Por favor, tente novamente mais tarde.",
    "Actor": "Ator",
    "Add": "Adicionar",
    "AddItemToCollectionHelp": "Adiciona itens às coletâneas buscando por eles, usando o botão direito do mouse ou clicando nos menus para os adicionar a uma coletânea.",
    "AddToCollection": "Adicionar à coletânea",
    "AddToPlayQueue": "Adicionar à fila de reprodução",
    "AddToPlaylist": "Adicionar à lista de reprodução",
    "AddedOnValue": "Adicionado {0}",
    "AdditionalNotificationServices": "Explore o catálogo do plugin para instalar serviços adicionais de notificação.",
    "AirDate": "Data de estreia",
    "Aired": "Estreou",
    "Albums": "Álbuns",
    "All": "Todos",
    "AllChannels": "Todos os canais",
    "AllComplexFormats": "Todos os formatos complexos (ASS, SSA, VOBSUB, PGS, SUB/IDX, etc.)",
    "AllEpisodes": "Todos os episódios",
    "AllLanguages": "Todos os idiomas",
    "AllLibraries": "Todas as bibliotecas",
    "AllowHWTranscodingHelp": "Se ativado, permite ao sintonizador transcodificar streams em tempo real. Isto pode ajudar a reduzir a transcodificação requerida pelo Servidor.",
    "AllowMediaConversion": "Permitir conversão de mídia",
    "AllowMediaConversionHelp": "Garante ou nega acesso à funcionalidade de conversão de mídia.",
    "AllowOnTheFlySubtitleExtraction": "Permitir a extração da legenda em tempo real",
    "AllowOnTheFlySubtitleExtractionHelp": "Legendas incorporadas podem ser extraídas dos vídeos e entregues aos clientes como texto simples para ajudar a evitar a transcodificação do vídeo. Em alguns sistemas isto pode levar bastante tempo e causar travamento na reprodução do vídeo durante o processo de extração. Desative isto para ter as legendas incorporadas com a transcodificação do vídeo quando não forem nativamente suportadas pelo dispositivo cliente.",
    "AllowRemoteAccess": "Permitir conexões remotas a este Servidor Jellyfin.",
    "AllowRemoteAccessHelp": "Se desmarcado, todas as conexões remotas serão bloqueadas.",
    "AllowedRemoteAddressesHelp": "Lista separada por vírgula de endereços IP ou entradas IP/netmask para redes que terão permissão para conectar-se remotamente. Se deixar em branco, todos os endereços remotos terão permissão.",
    "AlwaysPlaySubtitles": "Sempre reproduzir legendas",
    "AlwaysPlaySubtitlesHelp": "As legendas que combinarem com a preferência de idioma serão carregadas independente do idioma do áudio.",
    "AnyLanguage": "Qualquer idioma",
    "Anytime": "A qualquer momento",
    "AroundTime": "Aproximadamente {0}",
    "Art": "Arte",
    "Artists": "Artistas",
    "AsManyAsPossible": "Quantos forem possíveis",
    "Ascending": "Crescente",
    "AspectRatio": "Proporção da tela",
    "AttributeNew": "Novo",
    "Audio": "Áudio",
    "AutoBasedOnLanguageSetting": "Automático (baseado na configuração do idioma)",
    "Backdrop": "Imagem de Fundo",
    "Backdrops": "Imagens de Fundo",
    "BirthDateValue": "Nascimento: {0}",
    "BirthLocation": "Local de nascimento",
    "BirthPlaceValue": "Local de nascimento: {0}",
    "BookLibraryHelp": "Livros de áudio e texto são suportados. Verifique o {0}guia de nomes de livros{1}.",
    "Books": "Livros",
    "Box": "Caixa",
    "BoxRear": "Caixa (traseira)",
    "Browse": "Navegar",
    "BrowsePluginCatalogMessage": "Navegue pelo nosso catálogo de plugins para ver os plugins disponíveis.",
    "BurnSubtitlesHelp": "Determina se o servidor deveria gravar as legendas no vídeo ao convertê-lo, dependendo do formato da legenda. Evitar a gravação da legenda irá melhorar a performance do servidor. Selecione Auto para gravar formatos de legenda baseados em imagem baseado nos formatos (ex. VOBSUB, PGS, SUB/IDX, etc.) e algumas legendas ASS/SSA.",
    "ButtonAdd": "Adicionar",
    "ButtonAddMediaLibrary": "Adicionar Biblioteca de Mídia",
    "ButtonAddScheduledTaskTrigger": "Adicionar Disparador",
    "ButtonAddServer": "Adicionar Servidor",
    "ButtonAddUser": "Adicionar Usuário",
    "ButtonArrowDown": "Baixo",
    "ButtonArrowLeft": "Esquerda",
    "ButtonArrowRight": "Direita",
    "ButtonArrowUp": "Cima",
    "ButtonAudioTracks": "Faixas de Áudio",
    "ButtonBack": "Voltar",
    "ButtonCancel": "Cancelar",
    "ButtonChangeServer": "Alterar Servidor",
    "ButtonConnect": "Conectar",
    "ButtonDelete": "Excluir",
    "ButtonDeleteImage": "Excluir Imagem",
    "ButtonDown": "Baixo",
    "ButtonEdit": "Editar",
    "ButtonEditImages": "Editar imagens",
    "ButtonEditOtherUserPreferences": "Editar este perfil de usuário, imagem e preferências pessoais.",
    "ButtonFilter": "Filtrar",
    "ButtonForgotPassword": "Esqueci a Senha",
    "ButtonFullscreen": "Tela Cheia",
    "ButtonGotIt": "Feito",
    "ButtonGuide": "Guia",
    "ButtonHelp": "Ajuda",
    "ButtonHome": "Início",
    "ButtonLearnMore": "Saiba mais",
    "ButtonLibraryAccess": "Acesso à biblioteca",
    "ButtonManualLogin": "Login Manual",
    "ButtonMore": "Mais",
    "ButtonNetwork": "Rede",
    "ButtonNew": "Novo",
    "ButtonNextTrack": "Próxima faixa",
    "ButtonOff": "Desligar",
    "ButtonOk": "OK",
    "ButtonOpen": "Abrir",
    "ButtonParentalControl": "Controle dos pais",
    "ButtonPause": "Pausar",
    "ButtonPlay": "Reproduzir",
    "ButtonPreviousTrack": "Faixa anterior",
    "ButtonProfile": "Perfil",
    "ButtonQuickStartGuide": "Guia Rápido",
    "ButtonRefresh": "Atualizar",
    "ButtonRefreshGuideData": "Atualizar Dados do Guia",
    "ButtonRemove": "Remover",
    "ButtonRename": "Renomear",
    "ButtonRepeat": "Repetir",
    "ButtonResetEasyPassword": "Redefinir código pin fácil",
    "ButtonResetPassword": "Redefinir Senha",
    "ButtonRestart": "Reiniciar",
    "ButtonResume": "Retomar",
    "ButtonRevoke": "Revogar",
    "ButtonSave": "Salvar",
    "ButtonScanAllLibraries": "Rastrear Todas as Bibliotecas",
    "ButtonSearch": "Busca",
    "ButtonSelectDirectory": "Selecionar Diretório",
    "ButtonSelectServer": "Selecionar Servidor",
    "ButtonSelectView": "Selecionar visualização",
    "ButtonSend": "Enviar",
    "ButtonSettings": "Configurações",
    "ButtonShuffle": "Aleatório",
    "ButtonShutdown": "Desligar",
    "ButtonSignIn": "Entrar",
    "ButtonSignOut": "Sair",
    "ButtonSort": "Ordenar",
    "ButtonStart": "Iniciar",
    "ButtonStop": "Parar",
    "ButtonSubmit": "Enviar",
    "ButtonSubtitles": "Legendas",
    "ButtonUninstall": "Desinstalar",
    "ButtonUp": "Cima",
    "ButtonViewWebsite": "Ver site",
    "CancelRecording": "Cancelar gravação",
    "CancelSeries": "Cancelar série",
    "Categories": "Categorias",
    "ChannelAccessHelp": "Seleciona os canais para compartilhar com este usuário. Administradores poderão editar todos os canais usando o gerenciador de metadados.",
    "ChannelNameOnly": "Somente canal {0}",
    "ChannelNumber": "Número do canal",
    "Channels": "Canais",
    "CinemaModeConfigurationHelp": "O modo cinema traz a experiência do cinema diretamente para a sua sala, possibilitando reproduzir trailers e introduções personalizadas antes do filme principal.",
    "Collections": "Coletâneas",
    "ColorPrimaries": "Cores primárias",
    "ColorSpace": "Espaço de cores",
    "ColorTransfer": "Transferência de cor",
    "CommunityRating": "Avaliação da comunidade",
    "Composer": "Compositor",
    "ConfigureDateAdded": "Configure como a data de adição é determinada no painel do Servidor Jellyfin nas configurações da Biblioteca",
    "ConfirmDeleteImage": "Excluir imagem?",
    "ConfirmDeleteItem": "Ao excluir este item, você o excluirá do sistema de arquivos e também da biblioteca de mídias. Deseja realmente continuar?",
    "ConfirmDeleteItems": "Ao excluir estes itens, você os excluirá do sistema de arquivos e de sua biblioteca de mídias. Deseja realmente continuar?",
    "ConfirmDeletion": "Confirmar Exclusão",
    "ConfirmEndPlayerSession": "Deseja realmente desligar o Jellyfin em {0}?",
    "Connect": "Conectar",
    "ContinueWatching": "Continuar assistindo",
    "Continuing": "Continuando",
    "CriticRating": "Avaliação da crítica",
    "CustomDlnaProfilesHelp": "Cria um perfil personalizado para um novo dispositivo ou sobrescreve um perfil do sistema.",
    "DateAdded": "Data de adição",
    "DatePlayed": "Data de reprodução",
    "DeathDateValue": "Morte: {0}",
    "Default": "Padrão",
    "DefaultErrorMessage": "Ocorreu um erro ao processar o pedido. Por favor, tente novamente mais tarde.",
    "DefaultMetadataLangaugeDescription": "Estas são suas configurações padrão e podem ser personalizadas por biblioteca.",
    "DefaultSubtitlesHelp": "Legendas são carregadas com base nas configurações padrão e de legendas forçadas nos metadados incorporados. As preferências de idioma são consideradas quando existem múltiplas opções disponíveis.",
    "Delete": "Excluir",
    "DeleteDeviceConfirmation": "Deseja realmente excluir este dispositivo? Ele reaparecerá da próxima vez que um usuário utilizá-lo.",
    "DeleteImage": "Excluir Imagem",
    "DeleteImageConfirmation": "Deseja realmente excluir esta imagem?",
    "DeleteMedia": "Excluir mídia",
    "DeleteUser": "Excluir Usuário",
    "DeleteUserConfirmation": "Deseja realmente excluir este usuário?",
    "Depressed": "Deprimido",
    "Descending": "Decrescente",
    "DetectingDevices": "Detectando dispositivos",
    "DeviceAccessHelp": "Isto apenas aplica para dispositivos que podem ser identificados como únicos e não evitarão o acesso do navegador. Filtrar o acesso ao dispositivo do usuário evitará que sejam usados novos dispositivos até que sejam aprovados aqui.",
    "DirectPlaying": "Reprodução direta",
    "DirectStreamHelp1": "A mídia é compatível com o dispositivo em relação à resolução e tipo de mídia (H.264, AC3, etc), mas está em um formato de arquivo incompatível (mkv, avi, wmv, etc). O vídeo será reempacotado em tempo real antes de iniciar o streaming para o dispositivo.",
    "DirectStreamHelp2": "O streaming direto de um arquivo usa baixo processamento sem perda de qualidade de vídeo.",
    "DirectStreaming": "Streaming Direto",
    "Director": "Diretor",
    "DirectorValue": "Diretor: {0}",
    "DirectorsValue": "Diretores: {0}",
    "Disabled": "Desativado",
    "Disc": "Disco",
    "Disconnect": "Desconectar",
    "Dislike": "Não curti",
    "Display": "Exibir",
    "DisplayInMyMedia": "Exibir na tela inicial",
    "DisplayInOtherHomeScreenSections": "Exibir nas seções da tela inicial como mídia recente e continuar assistindo",
    "DisplayMissingEpisodesWithinSeasons": "Exibir episódios em falta nas temporadas",
    "DisplayMissingEpisodesWithinSeasonsHelp": "Isto também deve ser ativado para as bibliotecas de TV na configuração do servidor.",
    "DisplayModeHelp": "Seleciona o tipo de tela para executar o Jellyfin.",
    "DoNotRecord": "Não gravar",
    "Down": "Baixo",
    "DrmChannelsNotImported": "Canais com DRM não serão importados.",
    "DropShadow": "Sombra",
    "EasyPasswordHelp": "Seu código pin fácil é usado para acesso off-line em clientes suportados e pode ser usado para acesso fácil dentro da rede.",
    "Edit": "Editar",
    "EditImages": "Editar imagens",
    "EditMetadata": "Editar metadados",
    "EditSubtitles": "Editar legendas",
    "EnableBackdrops": "Imagens de fundo",
    "EnableBackdropsHelp": "Exibe imagens de fundo de algumas páginas ao navegar pela biblioteca.",
    "EnableCinemaMode": "Modo cinema",
    "EnableColorCodedBackgrounds": "Cores de fundo por código",
    "EnableDisplayMirroring": "Espelhamento de tela",
    "EnableExternalVideoPlayers": "Reprodutores de vídeo externos",
    "EnableExternalVideoPlayersHelp": "Um menu do reprodutor externo será exibido ao iniciar a reprodução do vídeo.",
    "EnableHardwareEncoding": "Ativar codificação por hardware",
    "EnableNextVideoInfoOverlay": "Exibe informações do próximo vídeo durante a reprodução",
    "EnableNextVideoInfoOverlayHelp": "Ao final de um vídeo, exibe informações sobre o próximo vídeo que está na lista de reprodução.",
    "EnablePhotos": "Exibir fotos",
    "EnablePhotosHelp": "Imagens serão detectadas e exibidas junto com outros arquivos de mídia.",
    "EnableStreamLooping": "Repetir automaticamente transmissões ao vivo",
    "EnableStreamLoopingHelp": "Ative se as transmissões ao vivo contem poucos segundos de dados e necessitam ser continuamente solicitadas. Ativar esta opção sem necessidade pode causar problemas.",
    "EnableThemeSongs": "Músicas-tema",
    "EnableThemeSongsHelp": "Reproduz músicas-tema em segundo plano ao navegar pela biblioteca.",
    "EnableThemeVideos": "Vídeos-tema",
    "EnableThemeVideosHelp": "Reproduz vídeos-tema em segundo plano ao navegar pela biblioteca.",
    "Ended": "Finalizada",
    "EndsAtValue": "Termina às {0}",
    "Episodes": "Episódios",
    "ErrorAddingListingsToSchedulesDirect": "Ocorreu um erro ao adicionar a programação à sua conta da Schedules Direct. A Schedules Direct permite apenas um número limitado de programações por conta. Talvez seja necessário que você entre no website da Schedules Direct e remova outras listas de sua conta antes de prosseguir.",
    "ErrorAddingMediaPathToVirtualFolder": "Um erro ocorreu ao adicionar o local da mídia. Por favor, verifique se o local é válido e se o processo do Servidor Jellyfin tem acesso a este local.",
    "ErrorAddingTunerDevice": "Ocorreu um erro ao adicionar o sintonizador. Por favor, verifique se está acessível e tente novamente.",
    "ErrorAddingXmlTvFile": "Ocorreu um erro ao acessar o arquivo XmlTV. Por favor, verifique se o arquivo existe e tente novamente.",
    "ErrorDeletingItem": "Ocorreu um erro ao excluir o item do Servidor Jellyfin. Por favor, verifique se o Servidor Jellyfin possui acesso de gravação na pasta de mídia e tente novamente.",
    "ErrorGettingTvLineups": "Ocorreu um erro ao baixar a programação da TV. Por favor, verifique se sua informação está correta e tente novamente.",
    "ErrorMessageStartHourGreaterThanEnd": "A hora final deve ser maior que a hora inicial.",
    "ErrorPleaseSelectLineup": "Por favor, selecione a programação e tente novamente. Se não houver programações disponíveis, verifique se o seu nome de usuário, senha e código postal estão corretos.",
    "ErrorSavingTvProvider": "Um erro ocorreu ao salvar o provedor de TV. Por favor, verifique se está acessível e tente novamente.",
    "EveryNDays": "A cada {0} dias",
    "ExitFullscreen": "Sair da tela cheia",
    "ExtraLarge": "Extra Grande",
    "ExtractChapterImagesHelp": "Extrair imagens de capítulos permitirá aos clientes exibir menus gráficos de seleção de cenas. O processo pode ser lento, demandar uso intensivo de recurso, e pode exigir bastante espaço em disco. Ele será executado quando os vídeos forem descobertos e também como uma tarefa noturna. O agendamento pode ser configurado na área de tarefas agendadas. Não é recomendado executar esta tarefa durante as horas de pico de uso.",
    "FFmpegSavePathNotFound": "Não foi possível localizar o FFmpeg utilizando o local que você digitou. O FFprobe também é necessário e precisa estar na mesma pasta. Estes componentes normalmente estão juntos no mesmo local onde baixou. Por favor, verifique o local e tente novamente.",
    "FastForward": "Avanço-rápido",
    "Favorite": "Favorito",
    "Favorites": "Favoritos",
    "Features": "Recursos",
    "File": "Arquivo",
    "FileNotFound": "Arquivo não encontrado.",
    "FileReadCancelled": "A leitura do arquivo foi cancelada.",
    "FileReadError": "Ocorreu um erro ao ler o arquivo.",
    "Filters": "Filtros",
    "FolderTypeBooks": "Livros",
    "FolderTypeMovies": "Filmes",
    "FolderTypeMusic": "Música",
    "FolderTypeMusicVideos": "Videoclipes",
    "FolderTypeTvShows": "Séries",
    "FolderTypeUnset": "Conteúdo Misto",
    "Folders": "Pastas",
    "FormatValue": "Formato: {0}",
    "Friday": "Sexta-feira",
    "Fullscreen": "Tela cheia",
    "General": "Geral",
    "GenreValue": "Gênero: {0}",
    "Genres": "Gêneros",
    "GenresValue": "Gêneros: {0}",
    "GroupBySeries": "Agrupar por séries",
    "GroupVersions": "Agrupar versões",
    "GuestStar": "Convidado especial",
    "Guide": "Guia",
    "GuideProviderSelectListings": "Selecionar Listas",
    "H264CrfHelp": "O CRF (Constant Rate Factor) é a configuração padrão de qualidade para o codificador x264. Você pode definir valores entre 0 e 51, onde valores menores resultarão em melhor qualidade (ao custo de arquivos maiores). Valores saudáveis estão entre 18 e 28. O padrão para o x264 é 23, então você pode usar isso como um ponto de partida.",
    "EncoderPresetHelp": "Escolha um valor mais rápido para melhorar o desempenho ou um valor mais lento para melhorar a qualidade.",
    "HDPrograms": "Programas em HD",
    "HandledByProxy": "Tratado pelo proxy reverso",
    "HardwareAccelerationWarning": "Ativar a aceleração de hardware pode causar instabilidade em alguns sistemas. Verifique se seu sistema operacional e drivers de vídeo estão atualizados. Se tiver dificuldades em reproduzir vídeo depois de ativar, retorne a configuração para automático.",
    "HeaderAccessSchedule": "Agendamento de Acesso",
    "HeaderAccessScheduleHelp": "Cria um agendamento de acesso para limitar o acesso em certos horários.",
    "HeaderActiveDevices": "Dispositivos Ativos",
    "HeaderActiveRecordings": "Gravações Ativas",
    "HeaderActivity": "Atividade",
    "HeaderAddScheduledTaskTrigger": "Adicionar Disparador",
    "HeaderAddToCollection": "Adicionar à Coletânea",
    "HeaderAddToPlaylist": "Adicionar à Lista de Reprodução",
    "HeaderAddUpdateImage": "Adicionar/Atualizar Imagem",
    "HeaderAddUser": "Adicionar Usuário",
    "HeaderAdditionalParts": "Partes Adicionais",
    "HeaderAlbumArtists": "Artistas do Álbum",
    "HeaderAlbums": "Álbuns",
    "HeaderAlert": "Alerta",
    "HeaderAllowMediaDeletionFrom": "Permitir a Exclusão de Mídia de",
    "HeaderApiKey": "Chave da API",
    "HeaderApiKeys": "Chaves da Api",
    "HeaderApiKeysHelp": "As aplicações externas precisam ter uma chave de API para se comunicar com o Servidor Jellyfin. As chaves são emitidas ao entrar com uma conta Jellyfin ou concedendo manualmente a chave à aplicação.",
    "HeaderAppearsOn": "Aparece em",
    "HeaderAudioBooks": "Livros de Áudio",
    "HeaderAudioSettings": "Configurações de Áudio",
    "HeaderAutomaticUpdates": "Atualizações Automáticas",
    "HeaderBlockItemsWithNoRating": "Bloquear itens com avaliação desconhecida ou sem avaliação:",
    "HeaderBooks": "Livros",
    "HeaderBranding": "Marca",
    "HeaderCancelRecording": "Cancelar Gravação",
    "HeaderCancelSeries": "Cancelar Série",
    "HeaderCastAndCrew": "Elenco e Equipe",
    "HeaderCastCrew": "Elenco e Equipe",
    "HeaderChannelAccess": "Acesso ao Canal",
    "HeaderChannels": "Canais",
    "HeaderChapterImages": "Imagens do Capítulo",
    "HeaderCodecProfile": "Perfil do Codec",
    "HeaderCodecProfileHelp": "Perfis do Codec indicam as limitações de um dispositivo ao reproduzir codecs específicos. Se uma limitação ocorre, a mídia será transcodificada, mesmo se o codec estiver configurado para reprodução direta.",
    "HeaderConfigureRemoteAccess": "Configurar Acesso Remoto",
    "HeaderConfirmPluginInstallation": "Confirmar a Instalação do Plugin",
    "HeaderConfirmProfileDeletion": "Confirmar Exclusão do Perfil",
    "HeaderConfirmRevokeApiKey": "Revogar Chave da API",
    "HeaderConnectToServer": "Conectar ao Servidor",
    "HeaderConnectionFailure": "Falha na Conexão",
    "HeaderContainerProfile": "Perfil de Formato",
    "HeaderContainerProfileHelp": "Perfis de formato indicam as limitações de um dispositivo ao reproduzir formatos específicos. Se uma limitação ocorre, a mídia será transcodificada, mesmo se o formato estiver configurado para reprodução direta.",
    "HeaderContinueListening": "Continuar Escutando",
    "HeaderContinueWatching": "Continuar Assistindo",
    "HeaderCustomDlnaProfiles": "Perfis Personalizados",
    "HeaderDateIssued": "Data da Emissão",
    "HeaderDefaultRecordingSettings": "Configurações Padrão de Gravações",
    "HeaderDeleteDevice": "Excluir Dispositivo",
    "HeaderDeleteItem": "Excluir item",
    "HeaderDeleteItems": "Excluir Itens",
    "HeaderDeleteProvider": "Excluir Provedor",
    "HeaderDeleteTaskTrigger": "Excluir Disparador de Tarefa",
    "HeaderDetectMyDevices": "Detectar Meus Dispositivos",
    "HeaderDeveloperInfo": "Informações do desenvolvedor",
    "HeaderDeviceAccess": "Acesso ao Dispositivo",
    "HeaderDevices": "Dispositivos",
    "HeaderDirectPlayProfile": "Perfil de Reprodução Direta",
    "HeaderDirectPlayProfileHelp": "Adiciona perfis de reprodução direta que indiquem quais formatos o dispositivo pode suportar nativamente.",
    "HeaderDisplay": "Exibição",
    "HeaderDownloadSync": "Download e Sincronização",
    "HeaderEasyPinCode": "Código Pin Fácil",
    "HeaderEditImages": "Editar Imagens",
    "HeaderEnabledFields": "Campos Ativados",
    "HeaderEnabledFieldsHelp": "Desmarque um campo para bloqueá-lo e evitar que seus dados sejam alterados.",
    "HeaderEpisodes": "Episódios",
    "HeaderError": "Erro",
    "HeaderExternalIds": "IDs Externos:",
    "HeaderFeatureAccess": "Acesso aos Recursos",
    "HeaderFeatures": "Recursos",
    "HeaderFetchImages": "Buscar Imagens:",
    "HeaderFetcherSettings": "Configurações do Buscador",
    "HeaderFilters": "Filtros",
    "HeaderForKids": "Para Crianças",
    "HeaderForgotPassword": "Esqueci a Senha",
    "HeaderFrequentlyPlayed": "Reproduzidos Frequentemente",
    "HeaderGenres": "Gêneros",
    "HeaderGuideProviders": "Provedores de Dados do Guia da TV",
    "HeaderHttpHeaders": "Cabeçalhos de Http",
    "HeaderIdentification": "Identificação",
    "HeaderIdentificationCriteriaHelp": "Digite, ao menos, um critério de identificação.",
    "HeaderIdentificationHeader": "Cabeçalho de Identificação",
    "HeaderIdentifyItemHelp": "Digite um ou mais critérios de busca. Exclua o critério para aumentar os resultados da busca.",
    "HeaderImageOptions": "Opções de Imagem",
    "HeaderImageSettings": "Configurações de Imagem",
    "HeaderInstall": "Instalar",
    "HeaderInstantMix": "Mix Instantâneo",
    "HeaderItems": "Itens",
    "HeaderKeepRecording": "Continuar Gravando",
    "HeaderKeepSeries": "Manter Série",
    "HeaderKodiMetadataHelp": "Para ativar ou desativar metadados NFO, edite uma biblioteca na configuração da Biblioteca do Jellyfin e localize a seção de gravadores de metadados.",
    "HeaderLatestEpisodes": "Episódios Recentes",
    "HeaderLatestMedia": "Mídias Recentes",
    "HeaderLatestMovies": "Filmes Recentes",
    "HeaderLatestMusic": "Músicas Recentes",
    "HeaderLatestRecordings": "Gravações Recentes",
    "HeaderLibraries": "Bibliotecas",
    "HeaderLibraryAccess": "Acesso à Biblioteca",
    "HeaderLibraryFolders": "Pastas da Biblioteca",
    "HeaderLibraryOrder": "Ordem da Biblioteca",
    "HeaderLibrarySettings": "Configurações da Biblioteca",
    "HeaderLiveTV": "TV ao Vivo",
    "HeaderLiveTv": "TV ao Vivo",
    "HeaderLiveTvTunerSetup": "Configuração do Sintonizador da TV ao Vivo",
    "HeaderLoginFailure": "Falha no Login",
    "HeaderMedia": "Mídia",
    "HeaderMediaFolders": "Pastas de Mídia",
    "HeaderMediaInfo": "Informações de Mídia",
    "HeaderMetadataSettings": "Configurações dos Metadados",
    "HeaderMoreLikeThis": "Mais Disso",
    "HeaderMovies": "Filmes",
    "HeaderMusicQuality": "Qualidade da Música",
    "HeaderMusicVideos": "Videoclipes",
    "HeaderMyDevice": "Meu Dispositivo",
    "HeaderMyMedia": "Minha Mídia",
    "HeaderMyMediaSmall": "Minha Mídia (pequeno)",
    "HeaderNewApiKey": "Nova Chave de API",
    "HeaderNewDevices": "Novos Dispositivos",
    "HeaderNextEpisodePlayingInValue": "Reproduzindo Próximo Episódio em {0}",
    "HeaderNextUp": "A Seguir",
    "HeaderNextVideoPlayingInValue": "Reproduzindo Próximo Vídeo em {0}",
    "HeaderOnNow": "Em Exibição",
    "HeaderOtherItems": "Outros Itens",
    "HeaderParentalRatings": "Classificações Etárias",
    "HeaderPassword": "Senha",
    "HeaderPasswordReset": "Redefinição de Senha",
    "HeaderPaths": "Locais",
    "HeaderPendingInvitations": "Convites pendentes",
    "HeaderPeople": "Pessoas",
    "HeaderPhotoAlbums": "Álbuns de Fotos",
    "HeaderPinCodeReset": "Redefinir Código Pin",
    "HeaderPlayAll": "Reproduzir Tudo",
    "HeaderPlayOn": "Reproduzir em",
    "HeaderPlayback": "Reprodução de Mídia",
    "HeaderPlaybackError": "Erro na Reprodução",
    "HeaderPleaseSignIn": "Por favor, inicie a sessão",
    "HeaderPluginInstallation": "Instalação do plugin",
    "HeaderPreferredMetadataLanguage": "Idioma Preferido dos Metadados",
    "HeaderProfile": "Perfil",
    "HeaderProfileInformation": "Informação do Perfil",
    "HeaderProfileServerSettingsHelp": "Estes valores controlam como o Servidor Jellyfin se apresentará ao dispositivo.",
    "HeaderRecentlyPlayed": "Reproduzido Recentemente",
    "HeaderRecordingOptions": "Opções de Gravação",
    "HeaderRecordingPostProcessing": "Processamento Pós-Gravação",
    "HeaderRemoteControl": "Controle Remoto",
    "HeaderRemoveMediaFolder": "Excluir Pasta de Mídia",
    "HeaderRemoveMediaLocation": "Remover Local de Mídia",
    "HeaderResponseProfile": "Perfil de Resposta",
    "HeaderResponseProfileHelp": "Perfis de resposta oferecem uma forma de personalizar a informação enviada para o dispositivo ao reproduzir certos tipos de mídia.",
    "HeaderRestart": "Reiniciar",
    "HeaderRevisionHistory": "Histórico de Versões",
    "HeaderRunningTasks": "Tarefas em Execução",
    "HeaderScenes": "Cenas",
    "HeaderSchedule": "Programação",
    "HeaderSeasons": "Temporadas",
    "HeaderSecondsValue": "{0} Segundos",
    "HeaderSelectCertificatePath": "Selecionar Local do Certificado",
    "HeaderSelectMetadataPath": "Selecionar Local dos Metadados",
    "HeaderSelectMetadataPathHelp": "Navegue ou digite o local que você gostaria de armazenar os metadados. A pasta deve ter permissão de gravação.",
    "HeaderSelectPath": "Selecionar Local",
    "HeaderSelectServer": "Selecionar Servidor",
    "HeaderSelectServerCachePath": "Selecionar Local do Cache do Servidor",
    "HeaderSelectServerCachePathHelp": "Navegue ou digite o local para armazenar os arquivos de cache do servidor. A pasta deve ter permissão de gravação.",
    "HeaderSelectTranscodingPath": "Selecionar Local Temporário da Transcodificação",
    "HeaderSelectTranscodingPathHelp": "Navegue ou digite o local para usar para arquivos temporários de transcodificação. A pasta deve ter permissão de gravação.",
    "HeaderSendMessage": "Enviar Mensagem",
    "HeaderSeries": "Séries",
    "HeaderSeriesOptions": "Opções da Série",
    "HeaderSeriesStatus": "Status da Série",
    "HeaderServerSettings": "Configurações de Servidor",
    "HeaderSettings": "Configurações",
    "HeaderSetupLibrary": "Configurar suas bibliotecas de mídias",
    "HeaderShutdown": "Desligar",
    "HeaderSortBy": "Ordenar Por",
    "HeaderSortOrder": "Ordem",
    "HeaderSpecialEpisodeInfo": "Informação do Episódio Especial",
    "HeaderSpecialFeatures": "Recursos Especiais",
    "HeaderStartNow": "Iniciar Agora",
    "HeaderStopRecording": "Parar Gravação",
    "HeaderSubtitleAppearance": "Aparência da Legenda",
    "HeaderSubtitleDownloads": "Download de Legendas",
    "HeaderSubtitleProfile": "Perfil de Legenda",
    "HeaderSubtitleProfiles": "Perfis de Legenda",
    "HeaderSubtitleProfilesHelp": "Perfis de legenda descrevem os formatos de legenda suportados pelo dispositivo.",
    "HeaderSystemDlnaProfiles": "Perfis do Sistema",
    "HeaderTaskTriggers": "Disparadores de Tarefa",
    "HeaderThisUserIsCurrentlyDisabled": "Este usuário está desativado atualmente",
    "HeaderTracks": "Faixas",
    "HeaderTranscodingProfile": "Perfil da Transcodificação",
    "HeaderTranscodingProfileHelp": "Adiciona perfis de transcodificação que indiquem quais formatos deverão ser usados quando a transcodificação é necessária.",
    "HeaderTunerDevices": "Sintonizadores",
    "HeaderTuners": "Sintonizadores",
    "HeaderTypeImageFetchers": "{0} Buscadores de Imagem",
    "HeaderTypeText": "Digitar texto",
    "HeaderUpcomingOnTV": "A seguir na TV",
    "HeaderUploadImage": "Enviar Imagem",
    "HeaderUser": "Usuário",
    "HeaderUsers": "Usuários",
    "HeaderVideoQuality": "Qualidade do Vídeo",
    "HeaderVideoType": "Tipo de Vídeo",
    "HeaderVideoTypes": "Tipos de Vídeo",
    "HeaderVideos": "Vídeos",
    "HeaderXmlDocumentAttribute": "Atributo do Documento Xml",
    "HeaderXmlDocumentAttributes": "Atributos do Documento Xml",
    "HeaderXmlSettings": "Configurações Xml",
    "HeaderYears": "Anos",
    "HeadersFolders": "Pastas",
    "Help": "Ajuda",
    "Hide": "Ocultar",
    "HideWatchedContentFromLatestMedia": "Ocultar conteúdo assistido das mídias recentes",
    "Home": "Início",
    "HttpsRequiresCert": "Para ativar conexões seguras, você precisa fornecer um certificado SSL confiável, como o Let's Encrypt. Por favor, forneça um certificado ou desative as conexões seguras.",
    "Identify": "Identificar",
    "Images": "Imagens",
    "ImportFavoriteChannelsHelp": "Se ativado, apenas canais que estão marcados como favoritos no sintonizador serão importados.",
    "ImportMissingEpisodesHelp": "Se ativado, as informações dos episódios que faltam serão importadas para seu banco de dados do Jellyfin e exibidas dentro das temporadas e séries. Isto pode causar lentidão no rastreamento da biblioteca.",
    "InstallingPackage": "Instalando {0}",
    "InstantMix": "Mix instântaneo",
    "ItemCount": "{0} itens",
    "Items": "itens",
    "Kids": "Crianças",
    "Label3DFormat": "Formato 3D:",
    "LabelAccessDay": "Dia da semana:",
    "LabelAccessEnd": "Hora final:",
    "LabelAccessStart": "Hora inicial:",
    "LabelAirDays": "Dias da estreia:",
    "LabelAirTime": "Horário da estreia:",
    "LabelAirsAfterSeason": "Estreia depois da temporada:",
    "LabelAirsBeforeEpisode": "Estreia antes do episódio:",
    "LabelAirsBeforeSeason": "Estreia antes da temporada:",
    "LabelAlbum": "Álbum:",
    "LabelAlbumArtHelp": "PN usado para a arte do álbum, dentro do atributo dlna:profileID em upnp:albumArtURI. Alguns dispositivos requerem um valor específico, independente do tamanho da imagem.",
    "LabelAlbumArtMaxHeight": "Altura máxima da arte do álbum:",
    "LabelAlbumArtMaxHeightHelp": "Resolução máxima da arte do álbum exposta via upnp:albumArtURI.",
    "LabelAlbumArtMaxWidth": "Largura máxima da arte do álbum:",
    "LabelAlbumArtMaxWidthHelp": "Resolução máxima da arte do álbum exposta via upnp:albumArtURI.",
    "LabelAlbumArtPN": "PN da arte do álbum:",
    "LabelAlbumArtists": "Artistas do álbum:",
    "LabelAll": "Todos",
    "LabelAllowHWTranscoding": "Permitir a transcodificação de hardware",
    "LabelAllowServerAutoRestart": "Permitir ao servidor reiniciar automaticamente para aplicar as atualizações",
    "LabelAllowServerAutoRestartHelp": "O servidor só reiniciará durante os períodos ociosos quando nenhum usuário estiver ativo.",
    "LabelAllowedRemoteAddresses": "Filtro de endereço IP remoto:",
    "LabelAllowedRemoteAddressesMode": "Modo do filtro de endereço IP remoto:",
    "LabelAppName": "Nome do app",
    "LabelAppNameExample": "Exemplo: Sickbeard, Sonarr",
    "LabelArtists": "Artistas:",
    "LabelArtistsHelp": "Separa vários usando ;",
    "LabelAudio": "Áudio:",
    "LabelAudioLanguagePreference": "Idioma preferido de áudio:",
    "LabelAutomaticallyRefreshInternetMetadataEvery": "Atualizar automaticamente os metadados da internet:",
    "LabelBindToLocalNetworkAddress": "Vincular a um endereço de rede local:",
    "LabelBindToLocalNetworkAddressHelp": "Opcional. Sobrepor o endereço de IP local para vincular o servidor http. Se deixar em branco, o servidor será vinculado a todos os endereços disponíveis. Para alterar este valor é necessário reiniciar o Servidor Jellyfin.",
    "LabelBirthDate": "Data de nascimento:",
    "LabelBirthYear": "Ano de nascimento:",
    "LabelBlastMessageInterval": "Intervalo das mensagens ao vivo (segundos)",
    "LabelBlastMessageIntervalHelp": "Determina a duração em segundos entre as mensagens ao vivo enviadas pelo servidor.",
    "LabelBlockContentWithTags": "Bloquear itens com marcadores:",
    "LabelBurnSubtitles": "Gravar legendas:",
    "LabelCachePath": "Local do cache:",
    "LabelCachePathHelp": "Defina um local personalizado para os arquivos de cache como, por exemplo, imagens. Deixe em branco para usar o local padrão do servidor.",
    "LabelCancelled": "Cancelado",
    "LabelCertificatePassword": "Senha do certificado:",
    "LabelCertificatePasswordHelp": "Se o seu certificado exige uma senha, por favor digite aqui.",
    "LabelChannels": "Canais:",
    "LabelCollection": "Coletânea:",
    "LabelCommunityRating": "Avaliação da comunidade:",
    "LabelContentType": "Tipo de conteúdo:",
    "LabelCountry": "País:",
    "LabelCriticRating": "Avaliação da crítica:",
    "LabelCurrentPassword": "Senha atual:",
    "LabelCustomCertificatePath": "Local personalizado do certificado SSL:",
    "LabelCustomCertificatePathHelp": "Local do arquivo PKCS #12 contendo certificado e chave privada para ativar o suporte TLS em um domínio personalizado.",
    "LabelCustomCss": "CSS personalizado:",
    "LabelCustomCssHelp": "Aplica o seu estilo personalizado para a interface web.",
    "LabelCustomDeviceDisplayName": "Nome para exibição:",
    "LabelCustomDeviceDisplayNameHelp": "Fornece um nome para exibição ou deixe em branco para usar o nome informado pelo dispositivo.",
    "LabelCustomRating": "Avaliação personalizada:",
    "LabelDashboardTheme": "Tema do painel do servidor:",
    "LabelDateAdded": "Data de adição:",
    "LabelDateAddedBehavior": "Comportamento da data de adição para novo conteúdo:",
    "LabelDateAddedBehaviorHelp": "Se um valor de metadados estiver presente, ele sempre será utilizado antes destas opções.",
    "LabelDateTimeLocale": "Hora local:",
    "LabelDay": "Dia:",
    "LabelDeathDate": "Data da morte:",
    "LabelDefaultScreen": "Tela padrão:",
    "LabelDefaultUser": "Usuário padrão:",
    "LabelDefaultUserHelp": "Determina qual usuário será exibido nos dispositivos conectados. Isto pode ser ignorado para cada dispositivo usando perfis.",
    "LabelDeviceDescription": "Descrição do dispositivo",
    "LabelDidlMode": "Modo DIDL:",
    "LabelDiscNumber": "Número do disco:",
    "LabelDisplayLanguage": "Idioma de exibição:",
    "LabelDisplayLanguageHelp": "A tradução do Jellyfin é um projeto em andamento.",
    "LabelDisplayMissingEpisodesWithinSeasons": "Exibir episódios em falta nas temporadas",
    "LabelDisplayMode": "Modo de exibição:",
    "LabelDisplayName": "Nome para exibição:",
    "LabelDisplayOrder": "Ordem de exibição:",
    "LabelDisplaySpecialsWithinSeasons": "Exibir especiais das temporadas em que estrearam",
    "LabelDownMixAudioScale": "Aumento do áudio ao executar downmix:",
    "LabelDownMixAudioScaleHelp": "Aumenta o áudio quando executa o downmix. O valor 1 preservará o volume original.",
    "LabelDownloadLanguages": "Download de idiomas:",
    "LabelDropImageHere": "Solte a imagem aqui ou clique para navegar.",
    "LabelDropShadow": "Sombra:",
    "LabelDynamicExternalId": "Id de {0}:",
    "LabelEasyPinCode": "Código pin fácil:",
    "LabelEmbedAlbumArtDidl": "Arte do álbum incorporada no Didl",
    "LabelEmbedAlbumArtDidlHelp": "Alguns dispositivos preferem este método para obter a arte do álbum. Outros podem falhar ao reproduzir com esta opção ativada.",
    "LabelEnableAutomaticPortMap": "Ativar mapeamento automático de portas",
    "LabelEnableAutomaticPortMapHelp": "Tentativa de mapear automaticamente a porta pública para a porta local através de UPnP. Isto poderá não funcionar em alguns modelos de roteadores.",
    "LabelEnableBlastAliveMessages": "Mensagens ao vivo",
    "LabelEnableBlastAliveMessagesHelp": "Ative esta função se o servidor não for detectado por outros dispositivos UPnP em sua rede.",
    "LabelEnableDlnaClientDiscoveryInterval": "Intervalo para descoberta do cliente (segundos)",
    "LabelEnableDlnaClientDiscoveryIntervalHelp": "Determina a duração em segundos entre buscas SSDP executadas pelo Jellyfin.",
    "LabelEnableDlnaDebugLogging": "Ativar o log de depuração de DLNA",
    "LabelEnableDlnaDebugLoggingHelp": "Cria arquivos de log grandes e só deve ser usado para resolver um problema.",
    "LabelEnableDlnaPlayTo": "Ativar DLNA Play To",
    "LabelEnableDlnaPlayToHelp": "Detecta dispositivos dentro de sua rede e oferece a possibilidade de controlá-los remotamente.",
    "LabelEnableDlnaServer": "Ativar servidor DLNA",
    "LabelEnableDlnaServerHelp": "Permite que dispositivos UPnP em sua rede naveguem e reproduzam conteúdo.",
    "LabelEnableHardwareDecodingFor": "Ativar decodificação de hardware para:",
    "LabelEnableRealtimeMonitor": "Ativar monitoramento em tempo real",
    "LabelEnableRealtimeMonitorHelp": "As alterações nos arquivos serão processadas imediatamente em sistemas de arquivos suportados.",
    "LabelEnableSingleImageInDidlLimit": "Limitar a uma imagem incorporada",
    "LabelEnableSingleImageInDidlLimitHelp": "Alguns dispositivos não interpretarão apropriadamente se múltiplas imagens estiverem incorporadas ao Didl.",
    "LabelEndDate": "Data de encerramento:",
    "LabelEpisodeNumber": "Número do episódio:",
    "LabelEvent": "Evento:",
    "LabelEveryXMinutes": "A cada:",
    "LabelExtractChaptersDuringLibraryScan": "Extrair imagens dos capítulos durante o rastreamento da biblioteca",
    "LabelExtractChaptersDuringLibraryScanHelp": "Gera as imagens dos capítulos quando os vídeos forem importados durante o rastreamento da biblioteca. De outra forma, elas serão extraídas durante a tarefa agendada de imagens dos capítulos, permitindo que a tarefa de rastreamento da biblioteca seja mais rápida.",
    "LabelFailed": "Falhou",
    "LabelFileOrUrl": "Arquivo ou URL:",
    "LabelFinish": "Terminar",
    "LabelFont": "Fonte:",
    "LabelForgotPasswordUsernameHelp": "Digite o seu usuário, se lembrar.",
    "LabelFormat": "Formato:",
    "LabelFriendlyName": "Nome amigável:",
    "LabelServerNameHelp": "Este nome será usado para identificar o servidor e por padrão o nome do computador será usado.",
    "LabelGroupMoviesIntoCollections": "Agrupar filmes em coletâneas",
    "LabelGroupMoviesIntoCollectionsHelp": "Ao exibir listas de filmes, filmes que pertençam a uma coletânea serão exibidos como um único item agrupado.",
    "LabelH264Crf": "CRF de codificação H264:",
    "LabelEncoderPreset": "Preset de codificação H264:",
    "LabelHardwareAccelerationType": "Aceleração de hardware:",
    "LabelHardwareAccelerationTypeHelp": "Esta é uma função experimental disponível apenas em sistemas suportados.",
    "LabelHomeNetworkQuality": "Qualidade da rede local:",
    "LabelHomeScreenSectionValue": "Seção {0} da tela inicial:",
    "LabelHttpsPort": "Número da porta local de HTTPS:",
    "LabelHttpsPortHelp": "O número da porta TCP que o servidor https do Jellyfin deveria se conectar.",
    "LabelIconMaxHeight": "Altura máxima do ícone:",
    "LabelIconMaxHeightHelp": "Resolução máxima do ícone que é exposto via upnp:icon.",
    "LabelIconMaxWidth": "Largura máxima do ícone:",
    "LabelIconMaxWidthHelp": "Resolução máxima do ícone que é exposto via upnp:icon.",
    "LabelIdentificationFieldHelp": "Uma substring ou expressão regex que não diferencia maiúsculas de minúsculas.",
    "LabelImageFetchersHelp": "Ativa e classifica por ordem de prioridade seus buscadores de imagem preferidos.",
    "LabelImageType": "Tipo de imagem:",
    "LabelImportOnlyFavoriteChannels": "Restringir a canais marcados como favoritos",
    "LabelInNetworkSignInWithEasyPassword": "Ativar acesso dentro da rede com meu código pin fácil",
    "LabelInNetworkSignInWithEasyPasswordHelp": "Usa o código pin fácil para entrar nos clientes dentro de sua rede local. Sua senha normal só será necessária fora de sua casa. Se o código pin for deixado em branco, não será necessária uma senha dentro de sua rede doméstica.",
    "LabelInternetQuality": "Qualidade da internet:",
    "LabelKeepUpTo": "Manter até:",
    "LabelKidsCategories": "Categorias para crianças:",
    "LabelKodiMetadataDateFormat": "Formato da data de lançamento:",
    "LabelKodiMetadataDateFormatHelp": "Todas as datas dentro dos NFO's serão analisadas usando este formato.",
    "LabelKodiMetadataEnableExtraThumbs": "Copiar extrafanart para campo de extrathumbs",
    "LabelKodiMetadataEnableExtraThumbsHelp": "Ao baixar imagens, elas podem ser salvas tanto em extrafanart como em extrathumbs para uma maior compatibilidade com as skins do Kodi.",
    "LabelKodiMetadataEnablePathSubstitution": "Ativar substituição de local",
    "LabelKodiMetadataEnablePathSubstitutionHelp": "Ativa a substituição do local das imagens usando as configurações de substituição de local do servidor.",
    "LabelKodiMetadataSaveImagePaths": "Salvar o local das imagens dentro dos arquivos nfo",
    "LabelKodiMetadataSaveImagePathsHelp": "Isto é recomendado se os nomes dos arquivos de imagem não estão de acordo com as recomendações do Kodi.",
    "LabelKodiMetadataUser": "Salvar informações do que o usuário assiste aos NFO's para:",
    "LabelKodiMetadataUserHelp": "Salva os dados para arquivos NFO para que outras aplicações possam usar.",
    "LabelLanNetworks": "Redes LAN:",
    "LabelLanguage": "Idioma:",
    "LabelLineup": "Programação:",
    "LabelLocalHttpServerPortNumber": "Número da porta local de HTTP:",
    "LabelLocalHttpServerPortNumberHelp": "O número da porta TCP que o servidor HTTP do Jellyfin deveria se conectar.",
    "LabelLockItemToPreventChanges": "Bloquear este item para evitar alterações futuras",
    "LabelLoginDisclaimer": "Aviso legal no login:",
    "LabelLoginDisclaimerHelp": "Um aviso será exibido na parte inferior da página de login.",
    "LabelManufacturer": "Fabricante",
    "LabelManufacturerUrl": "URL do fabricante",
    "LabelMatchType": "Tipo de correspondência:",
    "LabelMaxBackdropsPerItem": "Número máximo de imagens de fundo por item:",
    "LabelMaxChromecastBitrate": "Qualidade do streaming do Chromecast:",
    "LabelMaxParentalRating": "Classificação etária máxima permitida:",
    "LabelMaxResumePercentage": "Porcentagem máxima para retomar:",
    "LabelMaxResumePercentageHelp": "Títulos são considerados totalmente reproduzidos se parados depois deste tempo.",
    "LabelMaxScreenshotsPerItem": "Número máximo de capturas de tela por item:",
    "LabelMaxStreamingBitrate": "Qualidade máxima de streaming:",
    "LabelMaxStreamingBitrateHelp": "Define o bitrate máximo do streaming.",
    "LabelMessageText": "Texto da mensagem:",
    "LabelMessageTitle": "Título da mensagem:",
    "LabelMetadata": "Metadados:",
    "LabelMetadataDownloadLanguage": "Idioma preferido de download:",
    "LabelMetadataDownloadersHelp": "Ative e classifique por ordem de prioridade seus downloaders de metadados preferidos. Downloaders com prioridade mais baixa só serão usados para baixar informações que ainda não existam.",
    "LabelMetadataPath": "Local dos metadados:",
    "LabelMetadataPathHelp": "Define um local personalizado para as artes e metadados baixados.",
    "LabelMetadataReaders": "Leitores de metadados:",
    "LabelMetadataReadersHelp": "Classifica por ordem de prioridade suas fontes de metadados locais preferidas. O primeiro arquivo encontrado será lido.",
    "LabelMetadataSavers": "Gravadores de metadados:",
    "LabelMetadataSaversHelp": "Escolha os formatos de arquivos nos quais deseja gravar seus metadados.",
    "LabelMethod": "Método:",
    "LabelMinBackdropDownloadWidth": "Tamanho mínimo da imagem de fundo para download:",
    "LabelMinResumeDuration": "Duração mínima para retomar:",
    "LabelMinResumeDurationHelp": "A menor duração de vídeo em segundos que salvará o local de reprodução e permitirá que retome.",
    "LabelMinResumePercentage": "Porcentagem mínima para retomar:",
    "LabelMinResumePercentageHelp": "Títulos são considerados como não reproduzidos se parados antes deste tempo.",
    "LabelMinScreenshotDownloadWidth": "Tamanho mínimo da captura de tela para download:",
    "LabelModelDescription": "Descrição do modelo",
    "LabelModelName": "Nome do modelo",
    "LabelModelNumber": "Número do modelo",
    "LabelModelUrl": "URL do modelo",
    "LabelMonitorUsers": "Monitorar atividade de:",
    "LabelMovieCategories": "Categorias de filmes:",
    "LabelMoviePrefix": "Prefixo dos filmes:",
    "LabelMoviePrefixHelp": "Se os títulos dos filmes devem ter um prefixo, digite-o aqui para que o servidor possa usá-lo corretamente.",
    "LabelMovieRecordingPath": "Local de gravação de filme (opcional):",
    "LabelMusicStreamingTranscodingBitrate": "Bitrate da transcodificação de músicas:",
    "LabelMusicStreamingTranscodingBitrateHelp": "Define o bitrate máximo do streaming de músicas",
    "LabelName": "Nome:",
    "LabelNewName": "Novo nome:",
    "LabelNewPassword": "Nova senha:",
    "LabelNewPasswordConfirm": "Confirmar nova senha:",
    "LabelNewsCategories": "Categorias de notícias:",
    "LabelNext": "Próximo",
    "LabelNotificationEnabled": "Ativar esta notificação",
    "LabelNumber": "Número:",
    "LabelNumberOfGuideDays": "Número de dias de dados do guia para baixar:",
    "LabelNumberOfGuideDaysHelp": "Baixar mais dias do guia da TV permite agendar com maior antecedência e visualizar mais listas, mas também levará mais tempo para baixar. Se selecionar Automático, será escolhido o período baseado no número de canais.",
    "LabelOptionalNetworkPath": "(Opcional) Pasta compartilhada em rede:",
    "LabelOptionalNetworkPathHelp": "Se esta pasta estiver compartilhada em sua rede, fornecendo o local do compartilhamento em rede permitirá que os apps Jellyfin em outros dispositivos acessem arquivos de mídia diretamente.",
    "LabelOriginalAspectRatio": "Proporção original da tela:",
    "LabelOriginalTitle": "Título original:",
    "LabelOverview": "Sinopse:",
    "LabelParentNumber": "Número do elemento pai:",
    "LabelParentalRating": "Classificação etária:",
    "LabelPassword": "Senha:",
    "LabelPasswordConfirm": "Senha (confirmar):",
    "LabelPasswordRecoveryPinCode": "Código pin:",
    "LabelPath": "Local:",
    "LabelPersonRole": "Personagem:",
    "LabelPersonRoleHelp": "Exemplo: motorista do carrinho de sorvete",
    "LabelPlaceOfBirth": "Local de nascimento:",
    "LabelPlayDefaultAudioTrack": "Reproduzir a faixa de áudio padrão, independente do idioma",
    "LabelPlaylist": "Lista de Reprodução:",
    "LabelPostProcessor": "Aplicação de pós-processamento:",
    "LabelPostProcessorArguments": "Argumentos de linha de comando do pós-processador:",
    "LabelPostProcessorArgumentsHelp": "Usar {path} como o local do arquivo de gravação.",
    "LabelPreferredDisplayLanguage": "Idioma preferido de exibição:",
    "LabelPreferredDisplayLanguageHelp": "A tradução do Jellyfin é um projeto em andamento.",
    "LabelPreferredSubtitleLanguage": "Idioma de legendas preferido:",
    "LabelPrevious": "Anterior",
    "LabelProfileAudioCodecs": "Codecs de áudio:",
    "LabelProfileCodecsHelp": "Separados por vírgula. Deixe em branco para aplicar a todos os codecs.",
    "LabelProfileContainersHelp": "Separados por vírgula. Deixe em branco para aplicar a todos os formatos.",
    "LabelProfileVideoCodecs": "Codecs de vídeo:",
    "LabelProtocol": "Protocolo:",
    "LabelProtocolInfo": "Informação do protocolo:",
    "LabelProtocolInfoHelp": "O valor que será usado ao responder os pedidos GetProtocolInfo do dispositivo.",
    "LabelPublicHttpPort": "Número da porta pública de HTTP:",
    "LabelPublicHttpPortHelp": "O número da porta pública que deverá ser mapeada para a porta local de HTTP.",
    "LabelPublicHttpsPort": "Número da porta pública de HTTPS:",
    "LabelPublicHttpsPortHelp": "O número da porta pública que deverá ser mapeada para a porta local de HTTPS.",
    "LabelReadHowYouCanContribute": "Aprenda como você pode contribuir.",
    "LabelReasonForTranscoding": "Motivo da transcodificação:",
    "LabelRecord": "Gravar:",
    "LabelRecordingPath": "Local de gravação padrão:",
    "LabelRecordingPathHelp": "Define o local padrão para salvar as gravações. Se deixar em branco, a pasta de dados do programa do servidor será usada.",
    "LabelRefreshMode": "Modo de atualização:",
    "LabelReleaseDate": "Data do lançamento:",
    "LabelRemoteClientBitrateLimit": "Limite do bitrate para streaming da internet (Mbps):",
    "LabelRemoteClientBitrateLimitHelp": "Um limite opcional da taxa de bits por-stream para todos os dispositivos fora da rede. Esta opção é útil para evitar que os dispositivos demandem uma taxa de bits maior que a permitida pela sua conexão. Isto pode causar um aumento na carga da CPU de seu servidor para que possa transcodificar os vídeos em tempo real para uma taxa mais baixa.",
    "LabelRuntimeMinutes": "Duração (minutos):",
    "LabelSaveLocalMetadata": "Salvar as artes nas pastas de mídia",
    "LabelSaveLocalMetadataHelp": "Salvando as artes nas pastas de mídia, permitirá deixá-las em um local fácil para editá-las.",
    "LabelScheduledTaskLastRan": "Última execução {0}, demorando {1}.",
    "LabelScreensaver": "Protetor de tela:",
    "LabelSeasonNumber": "Número da temporada:",
    "LabelSecureConnectionsMode": "Modo de conexão segura:",
    "LabelSelectFolderGroups": "Agrupar automaticamente o conteúdo das seguintes pastas em visualizações como Filmes, Músicas e TV:",
    "LabelSelectFolderGroupsHelp": "Pastas que não estão marcadas serão exibidas em sua própria visualização.",
    "LabelSelectUsers": "Selecionar usuários:",
    "LabelSelectVersionToInstall": "Selecione a versão para instalar:",
    "LabelSendNotificationToUsers": "Enviar notificação para:",
    "LabelSerialNumber": "Número de série",
    "LabelSeriesRecordingPath": "Local de gravação de séries (opcional):",
    "LabelServerHost": "Servidor:",
    "LabelServerHostHelp": "192.168.1.100:8096 ou https://meuservidor.com",
    "LabelSimultaneousConnectionLimit": "Limite de stream simultâneo:",
    "LabelSkipBackLength": "Tamanho do intervalo para retroceder:",
    "LabelSkipForwardLength": "Tamanho do intervalo para avançar:",
    "LabelSkipIfAudioTrackPresent": "Ignorar se a faixa de áudio padrão coincidir com o idioma baixado",
    "LabelSkipIfAudioTrackPresentHelp": "Desmarque esta opção para que todos os vídeos tenham legendas, independente do idioma do áudio.",
    "LabelSkipIfGraphicalSubsPresent": "Ignorar se o vídeo já possuir legendas incorporadas",
    "LabelSkipIfGraphicalSubsPresentHelp": "Manter versões das legendas em texto resultará em uma entrega mais eficiente e diminuirá a necessidade de transcodificação do vídeo.",
    "LabelSonyAggregationFlags": "Flags de agregação da Sony:",
    "LabelSonyAggregationFlagsHelp": "Determina o conteúdo do elemento aggregationFlags no namespace urn:schemas-sonycom:av.",
    "LabelSortBy": "Ordenar por:",
    "LabelSortOrder": "Ordem:",
    "LabelSortTitle": "Ordenar por título:",
    "LabelSoundEffects": "Efeitos sonoros:",
    "LabelSource": "Fonte:",
    "LabelSpecialSeasonsDisplayName": "Nome de exibição da temporada especial:",
    "LabelSportsCategories": "Categorias de esportes:",
    "LabelStartWhenPossible": "Iniciar quando possível:",
    "LabelStopWhenPossible": "Parar quando possível:",
    "LabelStopping": "Parando",
    "LabelSubtitleDownloaders": "Downloaders de legendas:",
    "LabelSubtitleFormatHelp": "Exemplo: srt",
    "LabelSubtitlePlaybackMode": "Modo de legenda:",
    "LabelSubtitles": "Legendas:",
    "LabelSupportedMediaTypes": "Tipos de Mídia Suportados:",
    "LabelTVHomeScreen": "Tela inicial do modo TV:",
    "LabelTagline": "Slogan:",
    "LabelTextBackgroundColor": "Cor de fundo do texto:",
    "LabelTextColor": "Cor do texto:",
    "LabelTextSize": "Tamanho do texto:",
    "LabelTheme": "Tema:",
    "LabelTime": "Hora:",
    "LabelTimeLimitHours": "Limite de tempo (horas):",
    "LabelTitle": "Título:",
    "LabelTrackNumber": "Número da faixa:",
    "LabelTranscodingAudioCodec": "Codec de áudio:",
    "LabelTranscodingTempPathHelp": "Define um local personalizado para os arquivos transcodificados enviados aos clientes. Deixe em branco para usar o local padrão do servidor.",
    "LabelTranscodingThreadCount": "Contagem de threads da transcodificação:",
    "LabelTranscodingThreadCountHelp": "Selecione o número máximo de threads a ser usado quando transcodificar. Reduzir o número de threads irá diminuir o uso da CPU, mas pode não converter rápido o suficiente para uma experiência de reprodução suave.",
    "LabelTranscodingVideoCodec": "Codec de vídeo:",
    "LabelTriggerType": "Tipo de Disparador:",
    "LabelTunerIpAddress": "Endereço IP do Sintonizador:",
    "LabelTunerType": "Tipo de sintonizador:",
    "LabelType": "Tipo:",
    "LabelTypeMetadataDownloaders": "{0} downloaders de metadados:",
    "LabelTypeText": "Texto",
    "LabelUseNotificationServices": "Usar os seguintes serviços:",
    "LabelUser": "Usuário:",
    "LabelUserAgent": "User agent:",
    "LabelUserLibrary": "Biblioteca de usuário:",
    "LabelUserLibraryHelp": "Selecione qual biblioteca de usuário para exibir no dispositivo. Deixe em branco para usar a configuração padrão.",
    "LabelUserRemoteClientBitrateLimitHelp": "Sobrescreve o valor global padrão definido nas configurações de reprodução do servidor.",
    "LabelUsername": "Usuário:",
    "LabelVaapiDevice": "Dispositivo VA API:",
    "LabelVaapiDeviceHelp": "Este é o nó de renderização utilizado para aceleração via hardware.",
    "LabelValue": "Valor:",
    "LabelVersion": "Versão:",
    "LabelVersionInstalled": "{0} instalado",
    "LabelVersionNumber": "Versão {0}",
    "LabelVideo": "Vídeo:",
    "LabelXDlnaCapHelp": "Determina o conteúdo do elemento X_DLNACAP no namespace urn:schemas-dlna-org:device-1-0.",
    "LabelXDlnaDocHelp": "Determina o conteúdo do elemento X_DLNADOC no namespace urn:schemas-dlna-org:device-1-0.",
    "LabelYear": "Ano:",
    "LabelYourFirstName": "Seu primeiro nome:",
    "LabelYoureDone": "Pronto!",
    "LabelZipCode": "CEP:",
    "LabelffmpegPath": "Local do FFmpeg:",
    "LabelffmpegPathHelp": "O local para o arquivo de aplicação ffmpeg, ou pasta contendo ffmpeg.",
    "LanNetworksHelp": "Lista separada por vírgula de endereços IP ou entradas IP/máscara de rede para redes que serão consideradas como redes locais ao forçar restrições de banda. Se definida, todos os outros endereços  IP serão considerados como estando em uma rede externa e estarão sujeitos a restrições de banda externa. Se deixada em branco, apenas a sub-rede do servidor é considerada como rede local.",
    "Large": "Grande",
    "LatestFromLibrary": "Recentes {0}",
    "LearnHowYouCanContribute": "Saiba como você pode contribuir.",
    "LibraryAccessHelp": "Selecione as bibliotecas para compartilhar com este usuário. Administradores poderão editar todas as pastas usando o gerenciador de metadados.",
    "Like": "Curti",
    "List": "Lista",
    "Live": "Ao vivo",
    "LiveBroadcasts": "Transmissões ao vivo",
    "LiveTV": "TV ao Vivo",
    "ManageLibrary": "Gerenciar biblioteca",
    "ManageRecording": "Gerenciar gravação",
    "MapChannels": "Mapear Canais",
    "MarkPlayed": "Marcar como reproduzido",
    "MarkUnplayed": "Marcar como não reproduzido",
    "MaxParentalRatingHelp": "Conteúdo com classificação maior será ocultado do usuário.",
    "MediaInfoAnamorphic": "Anamórfico",
    "MediaInfoAspectRatio": "Proporção da tela",
    "MediaInfoBitDepth": "Profundidade de bits",
    "MediaInfoBitrate": "Bitrate",
    "MediaInfoChannels": "Canais",
    "MediaInfoCodecTag": "Marcador do codec",
    "MediaInfoContainer": "Formato",
    "MediaInfoDefault": "Padrão",
    "MediaInfoExternal": "Externa",
    "MediaInfoForced": "Forçada",
    "MediaInfoInterlaced": "Entrelaçado",
    "MediaInfoLanguage": "Idioma",
    "MediaInfoLevel": "Nível",
    "MediaInfoPath": "Local",
    "MediaInfoPixelFormat": "Formato de pixel",
    "MediaInfoProfile": "Perfil",
    "MediaInfoRefFrames": "Quadros de referência",
    "MediaInfoResolution": "Resolução",
    "MediaInfoSampleRate": "Taxa da amostra",
    "MediaInfoSize": "Tamanho",
    "MediaInfoTimestamp": "Data e hora",
    "MediaIsBeingConverted": "A mídia está sendo convertida para um formato que é compatível com o dispositivo que reproduz a mídia.",
    "MessageAlreadyInstalled": "Esta versão já está instalada.",
    "MessageAreYouSureDeleteSubtitles": "Deseja realmente excluir este arquivo de legendas?",
    "MessageAreYouSureYouWishToRemoveMediaFolder": "Deseja realmente excluir esta pasta de mídia?",
    "MessageConfirmDeleteGuideProvider": "Deseja realmente excluir este provedor do guia?",
    "MessageConfirmDeleteTunerDevice": "Deseja realmente excluir este dispositivo?",
    "MessageConfirmProfileDeletion": "Deseja realmente excluir este perfil?",
    "MessageConfirmRecordingCancellation": "Cancelar gravação?",
    "MessageConfirmRemoveMediaLocation": "Deseja realmente remover este local?",
    "MessageConfirmRestart": "Deseja realmente reiniciar o Servidor Jellyfin?",
    "MessageConfirmRevokeApiKey": "Deseja realmente revogar esta chave de api? A conexão da aplicação com o Servidor Jellyfin será abruptamente encerrada.",
    "MessageConfirmShutdown": "Deseja realmente desligar o servidor ?",
    "MessageContactAdminToResetPassword": "Por favor, contate o administrador do sistema para redefinir sua senha.",
    "MessageCreateAccountAt": "Criar uma conta em {0}",
    "MessageDeleteTaskTrigger": "Deseja realmente excluir este disparador de tarefa?",
    "MessageDirectoryPickerBSDInstruction": "Para BSD, você precisará configurar o armazenamento dentro de seu Jail do FreeNAS para permitir que o Jellyfin tenha acesso a ele.",
    "MessageDirectoryPickerInstruction": "Os locais de rede podem ser inseridos manualmente caso o botão de rede falhe em localizar seus dispositivos. Por exemplo, {0} ou {1}.",
    "MessageDirectoryPickerLinuxInstruction": "Para Linux no Arch Linux, CentOS, Debian, Fedora, openSUSE ou Ubuntu, você deve permitir que o usuário do serviço tenha ao menos acesso de leitura ao seu armazenamento.",
    "MessageDownloadQueued": "Download enfileirado.",
    "MessageEnablingOptionLongerScans": "Ativar esta opção pode resultar em rastreamentos de biblioteca significativamente mais demorados.",
    "MessageFileReadError": "Ocorreu um erro ao ler o arquivo. Por favor, tente novamente.",
    "MessageForgotPasswordFileCreated": "O seguinte arquivo foi criado no seu servidor e contém instruções de como proceder:",
    "MessageForgotPasswordInNetworkRequired": "Por favor, tente novamente dentro da rede local para iniciar o processo para redefinir a senha.",
    "MessageInstallPluginFromApp": "Este plugin deve ser instalado de dentro do app em que deseja usá-lo.",
    "MessageInvalidForgotPasswordPin": "Foi digitado um código PIN inválido ou expirado. Por favor, tente novamente.",
    "MessageInvalidUser": "Usuário ou senha inválidos. Por favor, tente novamente.",
    "MessageItemSaved": "Item salvo.",
    "MessageItemsAdded": "Itens adicionados.",
    "MessageLeaveEmptyToInherit": "Deixe em branco para herdar as configurações do item pai ou o valor padrão global.",
    "MessageNoAvailablePlugins": "Não existem plugins disponíveis.",
    "MessageNoMovieSuggestionsAvailable": "Não existem sugestões de filmes disponíveis atualmente. Comece a assistir e avaliar seus filmes e então retorne para ver suas recomendações.",
    "MessageNoPluginsInstalled": "Você não tem plugins instalados.",
    "MessageNoTrailersFound": "Nenhum trailer encontrado. Instale o canal Trailer para melhorar sua experiência com filmes, adicionando uma biblioteca de trailers da internet.",
    "MessageNothingHere": "Nada aqui.",
    "MessagePasswordResetForUsers": "As senhas foram removidas dos seguintes usuários. Para entrar, eles devem acessar com o código pin usado para fazer a redefinição de senha.",
    "MessagePlayAccessRestricted": "A reprodução para este conteúdo está atualmente restrita. Por favor, contate o administrador do servidor para mais informações.",
    "MessagePleaseEnsureInternetMetadata": "Por favor, verifique se o download de metadados da internet está ativado.",
    "MessagePleaseWait": "Por favor, aguarde. Isto pode demorar um pouco.",
    "MessagePluginConfigurationRequiresLocalAccess": "Para configurar este plugin, por favor entre em seu servidor local diretamente.",
    "MessagePluginInstallDisclaimer": "Plugins feitos por membros da comunidade Jellyfin são uma grande forma de melhorar sua experiência Jellyfin com funcionalidades e benefícios adicionais. Antes de instalar, por favor certifique-se de conhecer os efeitos que podem causar no seu Servidor Jellyfin, tais como rastreamentos de biblioteca mais demorados, processamento adicional e diminuição na estabilidade do sistema.",
    "MessageReenableUser": "Veja abaixo para reativar",
    "MessageSettingsSaved": "Configurações salvas.",
    "MessageTheFollowingLocationWillBeRemovedFromLibrary": "As seguintes localizações de mídia serão excluídas de sua biblioteca:",
    "MessageUnableToConnectToServer": "Não foi possível conectar ao servidor selecionado. Por favor, verifique se está sendo executado e tente novamente.",
    "MessageUnsetContentHelp": "O conteúdo será exibido como pastas simples. Para melhores resultados, use o gerenciador de metadados para definir os tipos de conteúdo das sub-pastas.",
    "MessageYouHaveVersionInstalled": "Você possui a versão {0} instalada.",
    "Metadata": "Metadados",
    "MetadataManager": "Gerenciador de Metadados",
    "MetadataSettingChangeHelp": "Alterar as configurações dos metadados afetará o novo conteúdo que será adicionado. Para atualizar o conteúdo existente, abra a tela de detalhes e clique no botão de atualizar ou atualize usando o gerenciador de metadados.",
    "MinutesAfter": "minutos após",
    "MinutesBefore": "minutos antes",
    "Mobile": "Celular",
    "Monday": "Segunda-feira",
    "MoreFromValue": "Mais de {0}",
    "MoreUsersCanBeAddedLater": "Mais usuários poderão ser adicionados depois dentro do painel.",
    "MoveLeft": "Mover para esquerda",
    "MoveRight": "Mover para direita",
    "MovieLibraryHelp": "Verifique o {0}guia de nomes de filmes{1}.",
    "Movies": "Filmes",
    "Mute": "Mudo",
    "MySubtitles": "Minhas Legendas",
    "Name": "Nome",
    "Never": "Nunca",
    "NewCollection": "Nova Coletânea",
    "NewCollectionHelp": "Coletâneas permitem que você crie grupos personalizados de filmes e outros conteúdos da biblioteca.",
    "NewCollectionNameExample": "Exemplo: Coletânea Star Wars",
    "NewEpisodes": "Novos episódios",
    "NewEpisodesOnly": "Apenas novos episódios",
    "News": "Notícias",
    "Next": "Próximo",
    "NextUp": "A Seguir",
    "No": "Não",
    "NoNewDevicesFound": "Nenhum novo dispositivo encontrado. Para adicionar um novo sintonizador, feche esta mensagem e digite as informações do dispositivo manualmente.",
    "NoNextUpItemsMessage": "Nada encontrado. Comece a assistir suas séries!",
    "NoPluginConfigurationMessage": "Este plugin não tem configurações disponíveis.",
    "NoSubtitleSearchResultsFound": "Nenhum resultado encontrado.",
    "NoSubtitles": "Nenhuma legenda",
    "NoSubtitlesHelp": "Legendas não serão carregadas por padrão. Elas podem ser carregadas manualmente durante a reprodução.",
    "None": "Nenhum(a)",
    "NumLocationsValue": "{0} pastas",
    "Off": "Desligado",
    "OneChannel": "Um canal",
    "OnlyForcedSubtitles": "Apenas legendas forçadas",
    "OnlyForcedSubtitlesHelp": "Apenas legendas marcadas como forçadas serão carregadas.",
    "OnlyImageFormats": "Apenas formatos de imagens (VOBSUB, PGS, SUB, etc.)",
    "OptionAdminUsers": "Administradores",
    "OptionAlbum": "Álbum",
    "OptionAlbumArtist": "Artista do Álbum",
    "OptionAllUsers": "Todos os usuários",
    "OptionAllowAudioPlaybackTranscoding": "Permitir reprodução de áudio que necessite de transcodificação",
    "OptionAllowBrowsingLiveTv": "Permitir acesso à TV ao Vivo",
    "OptionAllowContentDownloading": "Permitir download e sincronização de mídia",
    "OptionAllowLinkSharing": "Permitir compartilhamento com mídia social",
    "OptionAllowLinkSharingHelp": "Apenas páginas web que contenham informações de mídia são compartilhadas. Arquivos de mídia nunca são compartilhados publicamente. Os compartilhamentos têm um limite de tempo e expiram depois de {0} dias.",
    "OptionAllowManageLiveTv": "Permitir gerenciamento de gravações da TV ao Vivo",
    "OptionAllowMediaPlayback": "Permitir reprodução de mídia",
    "OptionAllowMediaPlaybackTranscodingHelp": "Restringir o acesso à transcodificação pode ocasionar falhas na reprodução nos apps do Jellyfin devido a formatos de mídias não suportados.",
    "OptionAllowRemoteControlOthers": "Permitir controle remoto de outros usuários",
    "OptionAllowRemoteSharedDevices": "Permitir controle remoto de dispositivos compartilhados",
    "OptionAllowRemoteSharedDevicesHelp": "Dispositivos DLNA são considerados compartilhados até que um usuário comece a controlá-los.",
    "OptionAllowSyncTranscoding": "Permitir download e sincronização de mídia que necessite de transcodificação",
    "OptionAllowUserToManageServer": "Permitir este usuário administrar o servidor",
    "OptionAllowVideoPlaybackRemuxing": "Permitir reprodução de vídeos que requeiram conversão sem re-encodação",
    "OptionAllowVideoPlaybackTranscoding": "Permitir reprodução de vídeo que necessite de transcodificação",
    "OptionArtist": "Artista",
    "OptionAscending": "Crescente",
    "OptionAutomaticallyGroupSeries": "Mesclar automaticamente séries que estão em várias pastas",
    "OptionAutomaticallyGroupSeriesHelp": "Se ativado, séries que estiverem em várias pastas dentro desta biblioteca serão automaticamente mescladas em uma única série.",
    "OptionBlockBooks": "Livros",
    "OptionBlockChannelContent": "Conteúdo do Canal de Internet",
    "OptionBlockLiveTvChannels": "Canais de TV ao Vivo",
    "OptionBlockMovies": "Filmes",
    "OptionBlockMusic": "Música",
    "OptionBlockTvShows": "Séries",
    "OptionCommunityRating": "Avaliação da Comunidade",
    "OptionContinuing": "Continuando",
    "OptionCriticRating": "Avaliação da Crítica",
    "OptionCustomUsers": "Personalizado",
    "OptionDaily": "Diário",
    "OptionDateAdded": "Data de Adição",
    "OptionDateAddedFileTime": "Usar a data de criação do arquivo",
    "OptionDateAddedImportTime": "Usar a data obtida na biblioteca",
    "OptionDatePlayed": "Data de Reprodução",
    "OptionDescending": "Decrescente",
    "OptionDisableUser": "Desativar este usuário",
    "OptionDisableUserHelp": "Se desativado, o servidor não permitirá nenhuma conexão deste usuário. Conexões existentes serão encerradas imediatamente.",
    "OptionDislikes": "Não Curtidos",
    "OptionDisplayFolderView": "Exibe uma visualização de pasta para exibir pastas de mídias",
    "OptionDisplayFolderViewHelp": "Exibe pastas ao lado de suas outras biblioteca de mídia. Isto pode ser útil se quiser uma visualização por pasta.",
    "OptionDownloadArtImage": "Arte",
    "OptionDownloadBackImage": "Traseira",
    "OptionDownloadBoxImage": "Caixa",
    "OptionDownloadDiscImage": "Disco",
    "OptionDownloadImagesInAdvance": "Fazer download de imagens antecipadamente",
    "OptionDownloadImagesInAdvanceHelp": "Por padrão, a maioria das imagens são baixadas só quando um app Jellyfin solicita. Ativando esta opção, baixará todas as imagens antecipadamente, assim que novas mídias são importadas. Isto pode ocasionar um tempo maior para escanear a biblioteca.",
    "OptionDownloadPrimaryImage": "Principal",
    "OptionDownloadThumbImage": "Miniatura",
    "OptionDvd": "DVD",
    "OptionEmbedSubtitles": "Incorporado ao formato",
    "OptionEnableAccessFromAllDevices": "Ativar o acesso de todos os dispositivos",
    "OptionEnableAccessToAllChannels": "Ativar o acesso a todos os canais",
    "OptionEnableAccessToAllLibraries": "Ativar o acesso a todas as bibliotecas",
    "OptionEnableExternalContentInSuggestions": "Ativar conteúdo externo nas sugestões",
    "OptionEnableExternalContentInSuggestionsHelp": "Permitir que trailers da internet e programas de TV ao vivo sejam incluídos em conteúdos sugeridos.",
    "OptionEnableForAllTuners": "Ativar para todos os sintonizadores",
    "OptionEnableM2tsMode": "Ativar modo M2ts",
    "OptionEnableM2tsModeHelp": "Ative o modo m2ts quando codificar para mpegts.",
    "OptionEnded": "Finalizada",
    "OptionEquals": "Igual",
    "OptionEstimateContentLength": "Estimar o tamanho do conteúdo quando transcodificar",
    "OptionEveryday": "Todos os dias",
    "OptionExternallyDownloaded": "Download externo",
    "OptionExtractChapterImage": "Ativar extração de imagens de capítulos",
    "OptionFavorite": "Favoritos",
    "OptionFriday": "Sexta-feira",
    "OptionHasSpecialFeatures": "Recursos Especiais",
    "OptionHasSubtitles": "Legendas",
    "OptionHasThemeSong": "Música-Tema",
    "OptionHasThemeVideo": "Vídeo-Tema",
    "OptionHideUser": "Ocultar este usuário das telas de login",
    "OptionHideUserFromLoginHelp": "Útil para contas de administrador privadas ou ocultas. O usuário necessitará entrar manualmente, digitando seu usuário e senha.",
    "OptionHlsSegmentedSubtitles": "Legendas segmentadas HLS",
    "OptionHomeVideos": "Fotos",
    "OptionIgnoreTranscodeByteRangeRequests": "Ignorar requisições de extensão do byte de transcodificação",
    "OptionIgnoreTranscodeByteRangeRequestsHelp": "Se ativado, estas requisições serão honradas mas irão ignorar o cabeçalho da extensão do byte.",
    "OptionImdbRating": "Avaliação IMDb",
    "OptionLikes": "Curtidas",
    "OptionMax": "Máx",
    "OptionMissingEpisode": "Episódios em Falta",
    "OptionMonday": "Segunda-feira",
    "OptionNameSort": "Nome",
    "OptionNew": "Novo...",
    "OptionNone": "Nenhum",
    "OptionOnAppStartup": "Ao iniciar a aplicação",
    "OptionOnInterval": "Em um intervalo",
    "OptionParentalRating": "Classificação Etária",
    "OptionPlainStorageFolders": "Exibir todas as pastas como pastas de armazenamento",
    "OptionPlainStorageFoldersHelp": "Se ativado, todas as pastas são representadas no DIDL como \"object.container.storageFolder\" ao invés de um tipo mais específico como, por exemplo, \"object.container.person.musicArtist\".",
    "OptionPlainVideoItems": "Exibir todos os vídeos como itens de vídeo",
    "OptionPlainVideoItemsHelp": "Se ativado, todos os vídeos são representados no DIDL como \"object.item.videoItem\" ao invés de um tipo mais específico como, por exemplo, \"object.item.videoItem.movie\".",
    "OptionPlayCount": "Número de Reproduções",
    "OptionPlayed": "Reproduzido",
    "OptionPremiereDate": "Data da Estréia",
    "OptionProfileAudio": "Áudio",
    "OptionProfilePhoto": "Foto",
    "OptionProfileVideo": "Vídeo",
    "OptionProfileVideoAudio": "Áudio do Vídeo",
    "OptionReleaseDate": "Data de Lançamento",
    "OptionReportByteRangeSeekingWhenTranscoding": "Reportar que o servidor suporta busca de byte quando transcodificar",
    "OptionReportByteRangeSeekingWhenTranscodingHelp": "Isto é necessário para alguns dispositivos que não buscam  o tempo muito bem.",
    "OptionRequirePerfectSubtitleMatch": "Fazer download apenas de legendas que correspondam exatamente aos meus arquivos de vídeo",
    "OptionRequirePerfectSubtitleMatchHelp": "Ao solicitar uma combinação perfeita, filtrará as legendas para incluir somente aquelas que foram testadas e verificadas com o arquivo de vídeo. Ao desmarcar isto, aumentará a quantidade de legendas baixadas, mas aumentará as chances de ter legendas que não estejam sincronizadas.",
    "OptionResElement": "elemento res",
    "OptionResumable": "Retomável",
    "OptionRuntime": "Duração",
    "OptionSaturday": "Sábado",
    "OptionSaveMetadataAsHidden": "Salvar metadados e imagens como arquivos ocultos",
    "OptionSaveMetadataAsHiddenHelp": "Isto será aplicado sobre novos metadados salvos. Os arquivos de metadados existentes serão atualizados na próxima vez que forem salvos no Servidor Jellyfin.",
    "OptionSpecialEpisode": "Especiais",
    "OptionSunday": "Domingo",
    "OptionThursday": "Quinta-feira",
    "OptionTrackName": "Nome da Faixa",
    "OptionTuesday": "Terça-feira",
    "OptionTvdbRating": "Avaliação TVDB",
    "OptionUnairedEpisode": "Episódios a Estrear",
    "OptionUnplayed": "Não reproduzido",
    "OptionWakeFromSleep": "Despertar da hibernação",
    "OptionWednesday": "Quarta-feira",
    "OptionWeekdays": "Dias da semana",
    "OptionWeekends": "Fins de semana",
    "OptionWeekly": "Semanal",
    "OriginalAirDateValue": "Data de exibição original: {0}",
    "Overview": "Sinopse",
    "PackageInstallCancelled": "Instalação de {0} cancelada.",
    "PackageInstallCompleted": "Instalação de {0} concluída.",
    "PackageInstallFailed": "Instalação de {0} falhou.",
    "ParentalRating": "Classificação etária",
    "PasswordMatchError": "A senha e a confirmação da senha devem ser iguais.",
    "PasswordResetComplete": "A senha foi redefinida.",
    "PasswordResetConfirmation": "Deseja realmente redefinir a senha?",
    "PasswordResetHeader": "Redefinir Senha",
    "PasswordSaved": "Senha salva.",
    "People": "Pessoas",
    "PerfectMatch": "Combinação perfeita",
    "Photos": "Fotos",
    "PinCodeResetComplete": "O código pin foi redefinido.",
    "PinCodeResetConfirmation": "Deseja realmente redefinir o código pin?",
    "PlaceFavoriteChannelsAtBeginning": "Colocar canais favoritos no início",
    "Play": "Reproduzir",
    "PlayAllFromHere": "Reproduzir tudo a partir daqui",
    "PlayCount": "Número de reproduções",
    "PlayFromBeginning": "Reproduzir do início",
    "PlayNext": "Reproduzir próximo",
    "PlayNextEpisodeAutomatically": "Reproduzir próximo episódio automaticamente",
    "Played": "Reproduzido",
    "Playlists": "Listas de Reprodução",
    "PleaseAddAtLeastOneFolder": "Por favor, adicione ao menos uma pasta a esta biblioteca, clicando no botão Adicionar.",
    "PleaseConfirmPluginInstallation": "Por favor, clique em OK para confirmar que você leu e deseja prosseguir com a instalação do plugin.",
    "PleaseEnterNameOrId": "Por favor, digite um nome ou ID externa.",
    "PleaseRestartServerName": "Por favor, reinicie o Servidor Jellyfin - {0}.",
    "PleaseSelectTwoItems": "Por favor, selecione pelo menos dois itens.",
    "PluginInstalledMessage": "O plugin foi instalado com sucesso. O Servidor Jellyfin precisa ser reiniciado para que as alterações sejam aplicadas.",
    "PreferEmbeddedTitlesOverFileNames": "Preferir títulos incorporados ao invés de nomes de arquivos",
    "PreferEmbeddedTitlesOverFileNamesHelp": "Isto determina a exibição padrão do título quando não houverem metadados da internet ou locais disponíveis.",
    "PreferredNotRequired": "Preferível, mas não necessário",
    "Premieres": "Estreias",
    "Previous": "Anterior",
    "Primary": "Principal",
    "Producer": "Produtor",
    "ProductionLocations": "Locais de produção",
    "Programs": "Programas",
    "Quality": "Qualidade",
    "QueueAllFromHere": "Enfileirar todas a partir daqui",
    "Raised": "Criado",
    "Rate": "Avaliação",
    "RecentlyWatched": "Assistido recentemente",
    "RecommendationBecauseYouLike": "Porque você curtiu {0}",
    "RecommendationBecauseYouWatched": "Porque você assistiu {0}",
    "RecommendationDirectedBy": "Dirigido por {0}",
    "RecommendationStarring": "Estrelando {0}",
    "Record": "Gravar",
    "RecordSeries": "Gravar série",
    "RecordingCancelled": "Gravação cancelada.",
    "RecordingPathChangeMessage": "Alterar a sua pasta de gravações não migrará as gravações existentes do local anterior para o novo. Se desejar, você necessitará movê-los manualmente.",
    "RecordingScheduled": "Gravação agendada.",
    "Recordings": "Gravações",
    "Refresh": "Atualizar",
    "RefreshDialogHelp": "Os metadados são atualizados com base nas configurações e nos serviços de internet que estão ativados no painel do Servidor Jellyfin.",
    "RefreshMetadata": "Atualizar metadados",
    "RefreshQueued": "Atualização enfileirada.",
    "ReleaseDate": "Data de lançamento",
    "RememberMe": "Lembre-me",
    "RemoveFromCollection": "Remover da coletânea",
    "RemoveFromPlaylist": "Remover da lista de reprodução",
    "Repeat": "Repetir",
    "RepeatAll": "Repetir todos",
    "RepeatEpisodes": "Repetir episódios",
    "RepeatMode": "Modo de repetição",
    "RepeatOne": "Repetir uma vez",
    "ReplaceAllMetadata": "Substituir todos os metadados",
    "ReplaceExistingImages": "Substituir imagens existentes",
    "RequiredForAllRemoteConnections": "Necessário para todas as conexões remotas",
    "RestartPleaseWaitMessage": "Por favor, aguarde enquanto o Servidor Jellyfin reinicia. Isto pode levar um ou dois minutos.",
    "ResumeAt": "Retomar de {0}",
    "Rewind": "Retroceder",
    "RunAtStartup": "Executar ao iniciar",
    "Runtime": "Duração",
    "Saturday": "Sábado",
    "Save": "Salvar",
    "SaveSubtitlesIntoMediaFolders": "Salvar legendas nas pastas de mídia",
    "SaveSubtitlesIntoMediaFoldersHelp": "Ao armazenar legendas junto com os arquivos de vídeo torna mais fácil gerenciá-las.",
    "ScanForNewAndUpdatedFiles": "Rastrear por arquivos novos e atualizados",
    "ScanLibrary": "Rastrear biblioteca",
    "Schedule": "Programação",
    "Screenshot": "Captura de tela",
    "Search": "Busca",
    "SearchForCollectionInternetMetadata": "Buscar artes e metadados na internet",
    "SearchForMissingMetadata": "Buscar por metadados que faltam",
    "SearchForSubtitles": "Buscar Legendas",
    "SearchResults": "Resultados da Busca",
    "SendMessage": "Enviar mensagem",
    "Series": "Séries",
    "SeriesCancelled": "Série cancelada.",
    "SeriesDisplayOrderHelp": "Ordenar episódios por data de estreia, lançamento em DVD ou números absolutos.",
    "SeriesRecordingScheduled": "Gravação de série agendada.",
    "SeriesSettings": "Configurações de Séries",
    "SeriesYearToPresent": "{0} - Presente",
    "ServerNameIsRestarting": "Servidor Jellyfin - {0} está reiniciando.",
    "ServerNameIsShuttingDown": "Servidor Jellyfin - {0} está desligando.",
    "ServerRestartNeededAfterPluginInstall": "O Servidor Jellyfin precisa ser reiniciado após a instalação de um plugin.",
    "ServerUpdateNeeded": "Este Servidor Jellyfin precisa ser atualizado. Para fazer download da versão mais recente, por favor visite {0}",
    "Settings": "Configurações",
    "SettingsSaved": "Configurações salvas.",
    "SettingsWarning": "Alterar estes valores pode causar instabilidade ou falhas de conectividade. Se tiver algum problema, recomendamos retornar ao padrão.",
    "Share": "Compartilhar",
    "ShowAdvancedSettings": "Exibir configurações avançadas",
    "ShowIndicatorsFor": "Exibir indicadores para:",
    "ShowTitle": "Exibir título",
    "ShowYear": "Exibir ano",
    "Shows": "Séries",
    "Shuffle": "Aleatório",
    "SimultaneousConnectionLimitHelp": "O número máximo permitido de streams simultâneos. Digitar 0 para não haver limite.",
    "SkipEpisodesAlreadyInMyLibrary": "Não gravar episódios que já estejam em minha biblioteca",
    "SkipEpisodesAlreadyInMyLibraryHelp": "Episódios serão comparados utilizando temporada e números de episódios, quando disponíveis.",
    "Small": "Pequena",
    "SmallCaps": "Versaletes",
    "Smaller": "Menor",
    "Smart": "Inteligente",
    "SmartSubtitlesHelp": "As legendas que combinarem com a preferência do idioma serão carregadas quando o áudio estiver em um idioma estrangeiro.",
    "Songs": "Músicas",
    "Sort": "Ordenar",
    "SortByValue": "Ordenar por {0}",
    "SortChannelsBy": "Ordenar canais por:",
    "SortName": "Ordenar por nome",
    "Sports": "Esportes",
    "StopRecording": "Parar gravação",
    "Studios": "Estúdios",
    "SubtitleAppearanceSettingsAlsoPassedToCastDevices": "Estas configurações também se aplicam a qualquer reprodução do Chromecast iniciada por este dispositivo.",
    "SubtitleAppearanceSettingsDisclaimer": "Estas configurações não serão aplicadas a legendas gráficas (PGS, DVD, etc) ou a legendas que têm seus próprios estilos incorporados (ASS/SSA).",
    "SubtitleDownloadersHelp": "Ativar e classificar seus downloaders de legendas preferidos em ordem de prioridade.",
    "Subtitles": "Legendas",
    "Suggestions": "Sugestões",
    "Sunday": "Domingo",
    "Sync": "Sincronizar",
    "SystemDlnaProfilesHelp": "Os perfis do sistema estão apenas em modo leitura. As alterações feitas no perfil do sistema serão salvas em um novo perfil personalizado.",
    "TabAccess": "Acesso",
    "TabAdvanced": "Avançado",
    "TabAlbumArtists": "Artistas do Álbum",
    "TabAlbums": "Álbuns",
    "TabArtists": "Artistas",
    "TabCatalog": "Catálogo",
    "TabChannels": "Canais",
    "TabCollections": "Coletâneas",
    "TabDashboard": "Painel",
    "TabDevices": "Dispositivos",
    "TabDirectPlay": "Reprodução Direta",
    "TabDisplay": "Exibição",
    "TabEpisodes": "Episódios",
    "TabFavorites": "Favoritos",
    "TabGenres": "Gêneros",
    "TabGuide": "Guia",
    "TabLatest": "Recentes",
    "TabLiveTV": "TV ao Vivo",
    "TabMetadata": "Metadados",
    "TabMovies": "Filmes",
    "TabMusic": "Música",
    "TabMusicVideos": "Videoclipes",
    "TabMyPlugins": "Meus Plugins",
    "TabNetworks": "Emissoras",
    "TabNfoSettings": "Configurações de NFO",
    "TabNotifications": "Notificações",
    "TabOther": "Outros",
    "TabParentalControl": "Controle dos Pais",
    "TabPassword": "Senha",
    "TabPlayback": "Reprodução",
    "TabPlaylist": "Lista de Reprodução",
    "TabPlaylists": "Listas de Reprodução",
    "TabProfile": "Perfil",
    "TabProfiles": "Perfis",
    "TabRecordings": "Gravações",
    "TabResponses": "Respostas",
    "TabResumeSettings": "Retomar",
    "TabScheduledTasks": "Tarefas Agendadas",
    "TabSeries": "Séries",
    "TabServer": "Servidor",
    "TabSettings": "Configurações",
    "TabShows": "Séries",
    "TabSongs": "Músicas",
    "TabSuggestions": "Sugestões",
    "TabTranscoding": "Transcodificação",
    "TabUpcoming": "A Seguir",
    "TabUsers": "Usuários",
    "TellUsAboutYourself": "Conte-nos sobre você",
    "ThemeSongs": "Músicas-tema",
    "ThemeVideos": "Vídeos-tema",
    "TheseSettingsAffectSubtitlesOnThisDevice": "Estas configurações afetam as legendas neste dispositivo",
    "ThisWizardWillGuideYou": "Este assistente irá guiá-lo pelo processo de instalação. Para começar, por favor selecione seu idioma preferido.",
    "Thumb": "Miniatura",
    "Thursday": "Quinta-feira",
    "TitleHardwareAcceleration": "Aceleração de Hardware",
    "TitleHostingSettings": "Configurações de Hospedagem",
    "TitlePlayback": "Reprodução",
    "TrackCount": "{0} faixas",
    "Transcoding": "Transcodificação",
    "Tuesday": "Terça-feira",
    "TvLibraryHelp": "Verifique o {0}guia de nomes de séries{1}.",
    "Uniform": "Uniforme",
    "UninstallPluginConfirmation": "Deseja realmente desinstalar {0}?",
    "UninstallPluginHeader": "Desinstalar Plugin",
    "Unmute": "Sair do Mudo",
    "Unplayed": "Não reproduzido",
    "Unrated": "Não avaliado",
    "Up": "Para cima",
    "Upload": "Carregar",
    "UserAgentHelp": "Fornece um cabeçalho HTTP personalizado para o user-agent.",
    "UserProfilesIntro": "O Jellyfin inclui suporte para perfis de usuários com configurações precisas de exibição, estado de reprodução e controle dos pais.",
    "ValueAlbumCount": "{0} álbuns",
    "ValueAudioCodec": "Codec de Áudio: {0}",
    "ValueConditions": "Condições: {0}",
    "ValueDiscNumber": "Disco {0}",
    "ValueEpisodeCount": "{0} episódios",
    "ValueMovieCount": "{0} filmes",
    "ValueMusicVideoCount": "{0} videoclipes",
    "ValueOneAlbum": "1 álbum",
    "ValueOneEpisode": "1 episódio",
    "ValueOneMovie": "1 filme",
    "ValueOneMusicVideo": "1 videoclipe",
    "ValueOneSeries": "1 série",
    "ValueOneSong": "1 música",
    "ValueSeconds": "{0} segundos",
    "ValueSeriesCount": "{0} séries",
    "ValueSongCount": "{0} músicas",
    "ValueSpecialEpisodeName": "Especial - {0}",
    "ValueTimeLimitMultiHour": "Limite de tempo: {0} horas",
    "ValueTimeLimitSingleHour": "Limite de tempo: 1 hora",
    "ValueVideoCodec": "Codec de Vídeo: {0}",
    "VideoRange": "Faixa de vídeo",
    "ViewAlbum": "Exibir álbum",
    "ViewArtist": "Exibir artista",
    "ViewPlaybackInfo": "Exibir informação de reprodução",
    "Watched": "Assistido",
    "Wednesday": "Quarta-feira",
    "WelcomeToProject": "Bem-vindo ao Jellyfin!",
    "WizardCompleted": "Isto é tudo que precisamos no momento. O Jellyfin começou a coletar informações de sua biblioteca de mídia. Confira alguns de nossos apps e então clique em <b>Terminar</b> para ver o <b>Painel</b>.",
    "Writer": "Escritor",
    "XmlDocumentAttributeListHelp": "Estes atributos são aplicados ao elemento principal de cada resposta XML.",
    "XmlTvKidsCategoriesHelp": "Programas com estas categorias serão exibidos como programas para crianças. Separados com '|'.",
    "XmlTvMovieCategoriesHelp": "Programas com estas categorias serão exibidos como filmes. Separados com '|'.",
    "XmlTvNewsCategoriesHelp": "Programas com estas categorias serão exibidos como programas de notícias. Separados com '|'.",
    "XmlTvPathHelp": "Um local para um arquivo XML de séries. O Jellyfin irá ler este arquivo e verificará periodicamente se existem atualizações. Você é responsável por criar e atualizar o arquivo.",
    "XmlTvSportsCategoriesHelp": "Programas com estas categorias serão exibidos como programas de esportes. Separados com '|'.",
    "Yes": "Sim",
    "Yesterday": "Ontem",
    "Alerts": "Alertas",
    "Auto": "Automático",
    "Banner": "Cartaz",
    "Blacklist": "Lista negra",
    "ButtonDownload": "Download",
    "ButtonInfo": "Informações",
    "ButtonTrailer": "Trailer",
    "ButtonWebsite": "Site",
    "ChangingMetadataImageSettingsNewContent": "Alterações nas configurações de metadados e artes baixados serão aplicadas apenas a novos conteúdos adicionados a sua biblioteca. Para aplicar as alterações nos títulos existentes, será necessário atualizar os metadados deles manualmente.",
    "Desktop": "Área de trabalho",
    "Download": "Download",
    "DownloadsValue": "{0} downloads",
    "Extras": "Extras",
    "GuideProviderLogin": "Login",
    "HeaderAdmin": "Administrador",
    "HeaderApp": "Aplicativo",
    "HeaderStatus": "Status",
    "HeaderTags": "Marcadores",
    "Horizontal": "Horizontal",
    "LabelAbortedByServerShutdown": "(Abortado devido ao desligamento do servidor)",
    "LabelCache": "Cache:",
    "LabelLogs": "Logs:",
    "LabelProfileCodecs": "Codecs:",
    "LabelSkin": "Tema:",
    "LabelStatus": "Status:",
    "LabelTag": "Marcador:",
    "LeaveBlankToNotSetAPassword": "Caso não queira definir uma senha, deixe em branco.",
    "LinksValue": "Links: {0}",
    "Logo": "Logo",
    "MediaInfoCodec": "Codec",
    "MediaInfoFramerate": "Taxa de quadros",
    "MediaInfoLayout": "Interface",
    "Menu": "Menu",
    "MessageImageFileTypeAllowed": "Apenas arquivos JPEG e PNG são suportados.",
    "MessageImageTypeNotSelected": "Por favor, selecione um tipo de imagem do menu.",
    "Normal": "Normal",
    "Option3D": "3D",
    "OptionAuto": "Automático",
    "AuthProviderHelp": "Seleciona um provedor de autenticação que será usado para autenticar a senha do usuário.",
    "HeaderFavoriteMovies": "Filmes Favoritos",
    "HeaderFavoriteShows": "Séries Favoritas",
    "HeaderFavoriteEpisodes": "Episódios Favoritos",
    "HeaderFavoriteAlbums": "Álbuns Favoritos",
    "HeaderFavoriteArtists": "Artistas Favoritos",
    "HeaderFavoriteSongs": "Músicas Favoritas",
    "HeaderFavoriteVideos": "Vídeos Favoritos",
    "HeaderHome": "Inicio",
    "HeaderRestartingServer": "Reiniciando Servidor",
    "LabelAuthProvider": "Provedor de Autenticação:",
    "LabelServerName": "Nome do servidor:",
    "LabelTranscodePath": "Local de transcodificação:",
    "LabelTranscodes": "Transcodificação:",
    "LabelUserLoginAttemptsBeforeLockout": "Tentativas de login com falha antes que o usuário seja bloqueado:",
    "DashboardVersionNumber": "Versão: {0}",
    "DashboardServerName": "Servidor: {0}",
    "DashboardOperatingSystem": "Sistema Operacional: {0}",
    "DashboardArchitecture": "Arquitetura: {0}",
    "LabelPasswordResetProvider": "Provedor para Redefinir a Senha:",
    "LabelWeb": "Web: ",
    "OptionBluray": "Blu-ray",
    "LabelProfileContainer": "Formato:",
    "LabelTranscodingContainer": "Formato:",
    "LabelXDlnaCap": "X-DLNA cap:",
    "LabelXDlnaDoc": "X-DLNA doc:",
    "LaunchWebAppOnStartup": "Executar a interface web quando iniciar o servidor",
    "LaunchWebAppOnStartupHelp": "Abre o cliente web no seu navegador padrão quando o servidor iniciar. Isso não ocorrerá ao usar a função de reiniciar o servidor.",
    "MediaInfoSoftware": "Software",
    "MediaInfoStreamTypeAudio": "Áudio",
    "MediaInfoStreamTypeData": "Dados",
    "MediaInfoStreamTypeEmbeddedImage": "Imagem Incorporada",
    "MediaInfoStreamTypeSubtitle": "Legenda",
    "MediaInfoStreamTypeVideo": "Vídeo",
    "MessageNoCollectionsAvailable": "Coletâneas permitem a você ter grupos personalizados de Filmes, Séries e Álbuns. Clique no botão + para iniciar a criação de coletâneas.",
    "MessageNoServersAvailable": "Nenhum servidor encontrado ao usar a busca automática de servidores.",
    "MusicAlbum": "Álbum de Música",
    "MusicArtist": "Artista da Música",
    "MusicVideo": "Videoclipe",
    "OptionAutomatic": "Automático",
    "OptionBanner": "Banner",
    "OptionBlockTrailers": "Trailers",
    "OptionCaptionInfoExSamsung": "CaptionInfoEx (Samsung)",
    "OptionDownloadBannerImage": "Banner",
    "OptionDownloadLogoImage": "Logo",
    "OptionDownloadMenuImage": "Menu",
    "OptionHasTrailer": "Trailer",
    "OptionIsHD": "HD",
    "OptionIsSD": "SD",
    "OptionList": "Lista",
    "OptionLoginAttemptsBeforeLockout": "Determinar quantas tentativas de logins incorretas podem ser feitas antes de ocorrer o bloqueio.",
    "OptionLoginAttemptsBeforeLockoutHelp": "Um valor de zero significa herdar o padrão de três tentativas para usuários normais e cinco para administradores. Configurar para -1 desativará o recurso.",
    "OptionPoster": "Poster",
    "OptionPosterCard": "Cartaz",
    "OptionProtocolHls": "Streaming ao Vivo por HTTP",
    "OptionProtocolHttp": "HTTP",
    "OptionRegex": "Regex",
    "OptionSubstring": "Substring",
    "OptionThumb": "Miniatura",
    "OptionThumbCard": "Cartão de miniatura",
    "PasswordResetProviderHelp": "Escolha um fornecedor de redefinição de senhas para ser usado quando este usuário solicitar a redefinição de senha",
    "PictureInPicture": "Picture in picture",
    "PlaybackData": "Dados de Reprodução",
    "Premiere": "Estreia",
    "Screenshots": "Capturas de tela",
    "SubtitleOffset": "Deslocamento de legendas",
    "TV": "TV",
    "TabCodecs": "Codecs",
    "TabContainers": "Formatos",
    "TabInfo": "Informações",
    "TabLogs": "Logs",
    "TabNetworking": "Rede",
    "TabPlugins": "Plugins",
    "TabStreaming": "Streaming",
    "TabTrailers": "Trailers",
    "Tags": "Marcadores",
    "TagsValue": "Marcadores: {0}",
    "Trailers": "Trailers",
    "ValueCodec": "Codec: {0}",
    "ValueContainer": "Formato: {0}",
    "ValueMinutes": "{0} min",
    "Vertical": "Vertical",
    "Whitelist": "Lista branca",
    "MoreMediaInfo": "Informações de mídia",
    "LabelVideoCodec": "Codec de vídeo:",
    "LabelVideoBitrate": "Bitrate de vídeo:",
    "LabelTranscodingProgress": "Progresso do Transcodificação:",
    "LabelTranscodingFramerate": "Taxa de Quadros da Transcodificação:",
    "LabelSize": "Tamanho:",
    "LabelPleaseRestart": "As mudanças serão aplicadas depois de recarregar manualmente o cliente web.",
    "LabelPlayMethod": "Método de Reprodução:",
    "LabelPlayer": "Reprodutor:",
    "LabelFolder": "Pasta:",
    "LabelBaseUrlHelp": "Você pode adicionar um subdiretório aqui para acessar o servidor de uma única URL.",
    "LabelBaseUrl": "URL Base:",
    "LabelBitrate": "Bitrate:",
    "LabelAudioSampleRate": "Taxa de amostragem do áudio:",
    "LabelAudioCodec": "Codec de áudio:",
    "LabelAudioChannels": "Canais de áudio:",
    "LabelAudioBitrate": "Bitrate do áudio:",
    "LabelAudioBitDepth": "Profundidade de bits de áudio:",
    "HeaderFavoriteBooks": "Livros Favoritos",
    "CopyStreamURLSuccess": "URL copiada com sucesso.",
    "CopyStreamURL": "Copiar URL da Stream",
    "FetchingData": "Buscando dados adicionais",
    "MusicLibraryHelp": "Verifique o {0}guia de nomes de músicas{1}.",
    "ButtonAddImage": "Adicionar Imagem",
    "HeaderFavoritePeople": "Pessoas Favoritas",
    "OptionRandom": "Aleatório",
    "SelectAdminUsername": "Por favor selecione um nome de usuário para a conta de administrador.",
    "OptionForceRemoteSourceTranscoding": "Forçar transcodificação em fontes de mídia remotas (como LiveTV)",
    "NoCreatedLibraries": "Parece que você ainda não criou nenhuma biblioteca. {0}Gostaria de criar uma agora?{1}",
    "MessageConfirmAppExit": "Você quer sair?",
    "LabelVideoResolution": "Resolução de vídeo:",
    "LabelStreamType": "Tipo de stream:",
    "EnableFastImageFadeIn": "Fade-in rápido da imagem",
    "LabelPlayerDimensions": "Dimensões do player:",
    "LabelCorruptedFrames": "Quadros corrompidos:",
    "HeaderNavigation": "Navegação",
    "CopyStreamURLError": "Houve um erro ao copiar a URL.",
    "ButtonSplit": "Dividir",
    "AskAdminToCreateLibrary": "Peça a um administrador para criar uma biblioteca."
}
