{
    "Actor": "Herec",
    "Add": "Pridať",
    "AddToCollection": "Pridať do kolekcie",
    "Albums": "Albumy",
    "All": "Všetko",
    "AllChannels": "Všetky kanály",
    "AllComplexFormats": "Všetky komplexné formáty (ASS, SSA, VOBSUB, PGS, SUB/IDX, atď.)",
    "AllEpisodes": "Všetky epizódy",
    "AllLanguages": "Všetky jazyky",
    "AllLibraries": "Všetky knižnice",
    "AllowMediaConversion": "Povoliť konverziu médií",
    "AllowRemoteAccess": "Povoliť vzdialené pripojenia k tomuto Jellyfin serveru.",
    "AllowRemoteAccessHelp": "Nezaškrtnuté znamená, že všetky vzdialené pripojenia budú blokované.",
    "AlwaysPlaySubtitles": "Vždy zobraziť titulky",
    "AnyLanguage": "Akýkoľvek jazyk",
    "AroundTime": "Okolo {0}",
    "Artists": "Umelci",
    "AsManyAsPossible": "Najviac ako je možné",
    "Ascending": "Vzostupne",
    "AspectRatio": "Pomer strán",
    "AttributeNew": "Nové",
    "AutoBasedOnLanguageSetting": "Automaticky (na základe nastavenia jazyka)",
    "Backdrops": "Pozadia",
    "BirthDateValue": "Narodený/á: {0}",
    "BirthLocation": "Miesto narodenia",
    "BirthPlaceValue": "Miesto narodenia: {0}",
    "BookLibraryHelp": "Audioknihy a učebnice sú podporované. Prečítajte si {0}pravidlá pre názvy kníh v Jellyfine{1}.",
    "Books": "Knihy",
    "ButtonAdd": "Pridať",
    "ButtonAddMediaLibrary": "Pridať knižnicu médií",
    "ButtonAddScheduledTaskTrigger": "Pridať spúšťač",
    "ButtonAddServer": "Pridať server",
    "ButtonAddUser": "Pridať používateľa",
    "ButtonArrowDown": "Dole",
    "ButtonArrowLeft": "Vľavo",
    "ButtonArrowRight": "Vpravo",
    "ButtonArrowUp": "Hore",
    "ButtonAudioTracks": "Audio stopy",
    "ButtonBack": "Späť",
    "ButtonCancel": "Zrušiť",
    "ButtonChangeServer": "Zmeniť server",
    "ButtonConnect": "Pripojiť",
    "ButtonDelete": "Zmazať",
    "ButtonDeleteImage": "Zmazať obrázok",
    "ButtonDown": "Dole",
    "ButtonDownload": "Stiahnuť",
    "ButtonEdit": "Upraviť",
    "ButtonEditImages": "Upraviť obrázky",
    "ButtonEditOtherUserPreferences": "Upraviť používateľský profil, obrázok a osobné preferencie.",
    "ButtonForgotPassword": "Zabudnuté heslo",
    "ButtonFullscreen": "Celá obrazovka",
    "ButtonGotIt": "Rozumiem",
    "ButtonHelp": "Pomoc",
    "ButtonHome": "Domov",
    "ButtonLearnMore": "Zistiť viac",
    "ButtonManualLogin": "Manuálne prihlásenie",
    "ButtonMore": "Viac",
    "ButtonNetwork": "Sieť",
    "ButtonNew": "Nové",
    "ButtonNextTrack": "Nasledujúca stopa",
    "ButtonOpen": "Otvoriť",
    "ButtonParentalControl": "Rodičovská kontrola",
    "ButtonPause": "Pozastaviť",
    "ButtonPlay": "Prehrať",
    "ButtonPreviousTrack": "Predchádzajúca stopa",
    "ButtonProfile": "Profil",
    "ButtonQuickStartGuide": "Príručka rýchleho štartu",
    "ButtonRefresh": "Obnoviť",
    "ButtonRefreshGuideData": "Obnoviť údaje sprievodcu",
    "ButtonRemove": "Odstrániť",
    "ButtonRename": "Premenovať",
    "ButtonRepeat": "Opakovať",
    "ButtonResetEasyPassword": "Obnoviť jednoduchý PIN kód",
    "ButtonResetPassword": "Obnoviť heslo",
    "ButtonRestart": "Reštartovať",
    "ButtonResume": "Pokračovať",
    "ButtonSave": "Uložiť",
    "ButtonScanAllLibraries": "Prehľadať všetky knižnice",
    "ButtonSearch": "Hľadať",
    "ButtonSelectDirectory": "Vybrať priečinok",
    "ButtonSelectServer": "Vybrať server",
    "ButtonSend": "Odoslať",
    "ButtonSettings": "Nastavenia",
    "ButtonShuffle": "Zamiešať",
    "ButtonShutdown": "Vypnúť",
    "ButtonSignIn": "Prihlásiť sa",
    "ButtonSignOut": "Odhlásiť sa",
    "ButtonSort": "Zoradiť",
    "ButtonSubmit": "Potvrdiť",
    "ButtonSubtitles": "Titulky",
    "ButtonTrailer": "Trailer",
    "ButtonUninstall": "Odinštalovať",
    "ButtonUp": "Hore",
    "ButtonViewWebsite": "Zobraziť webovú stránku",
    "ButtonWebsite": "Webové stránky",
    "Categories": "Kategórie",
    "ChannelAccessHelp": "Zvoľte kanály zdieľané s týmto používateľom. Administrátori budú schopní upraviť všetky kanály použitím správcu metadát.",
    "Channels": "Kanály",
    "Collections": "Kolekcie",
    "ColorSpace": "Farebný priestor",
    "CommunityRating": "Hodnotenie komunity",
    "Composer": "Skladateľ",
    "ConfirmDeleteImage": "Zmazať obrázok?",
    "ConfirmDeletion": "Potvrdiť zmazanie",
    "ConfirmEndPlayerSession": "Chcete vypnúť Jellyfin na {0}?",
    "Connect": "Pripojiť",
    "ContinueWatching": "Pokračovať v pozeraní",
    "CriticRating": "Hodnotenie kritikov",
    "DateAdded": "Dátum pridania",
    "DatePlayed": "Dátum prehrania",
    "DeathDateValue": "Zomrel/a: {0}",
    "DefaultErrorMessage": "Pri spracovaní požiadavky došlo k chybe. Prosím, skúste to neskôr znova.",
    "Delete": "Zmazať",
    "DeleteDeviceConfirmation": "Ste si istý, že chcete odstrániť toto zariadenie? Objaví sa znovu, keď sa ním používateľ nabudúce prihlási.",
    "DeleteImage": "Zmazať obrázok",
    "DeleteImageConfirmation": "Ste si istý, že chcete zmazať tento obrázok?",
    "DeleteMedia": "Odstrániť média",
    "DeleteUser": "Zmazať používateľa",
    "DeleteUserConfirmation": "Ste si istý, že chcete zmazať tohto používateľa?",
    "Descending": "Zostupne",
    "Desktop": "Stolný počítač",
    "DetectingDevices": "Hľadám zariadenia",
    "DeviceAccessHelp": "Táto možnosť sa vzťahuje iba na zariadenia, ktoré môžu byť jedinečne identifikované a nezabráni prístup cez prehliadač. Filtrovaním prístupu používateľských zariadení zabraňuje užívateľom použiť nové zariadenie, pokiaľ neboli tu schválené.",
    "Director": "Režisér",
    "DirectorValue": "Réžia: {0}",
    "DirectorsValue": "Režiséri: {0}",
    "Disc": "Disk",
    "Disconnect": "Odpojiť",
    "Dislike": "Nepáči sa mi to",
    "DisplayInMyMedia": "Zobraziť na domácej obrazovke",
    "DisplayMissingEpisodesWithinSeasons": "Zobraziť chýbajúce epizódy v rámci série",
    "DoNotRecord": "Nenahrávať",
    "Down": "Dole",
    "Download": "Stiahnuť",
    "DownloadsValue": "{0} stiahnutí",
    "DrmChannelsNotImported": "Kanály s DRM nebudú importované.",
    "Edit": "Upraviť",
    "EditImages": "Upraviť obrázky",
    "EditMetadata": "Upraviť metadáta",
    "EditSubtitles": "Upraviť titulky",
    "EnableExternalVideoPlayers": "Externé video prehrávače",
    "EnableHardwareEncoding": "Povoliť hardvérové kódovanie",
    "EnablePhotos": "Zobraziť fotky",
    "EndsAtValue": "Končí o {0}",
    "Episodes": "Epizódy",
    "ErrorMessageStartHourGreaterThanEnd": "Čas ukončenia musí byť väčší ako čas štartu.",
    "EveryNDays": "Každých {0} dní",
    "ExitFullscreen": "Opustiť celú obrazovku",
    "ExtraLarge": "Veľmi veľké",
    "ExtractChapterImagesHelp": "Extrahovanie obrázkov kapitol umožní klientom zobrazenie grafickej ponuky výberu scény. Proces môže byť pomalý, náročný na výkon a a môže vyžadovať niekoľko gigabajtov priestoru. Beží po objavení nových videí a taktiež ako nočná naplánovaná úloha. Plánovanie je konfigurovateľné v sekcii plánovaných úloh. Neodporúča sa spúšťanie tejto úlohy počas špičkového obdobia.",
    "Favorite": "Obľúbené",
    "Favorites": "Obľúbené",
    "File": "Súbor",
    "FileNotFound": "Súbor nebol nájdený.",
    "FileReadError": "Pri čítaní súboru nastala chyba.",
    "Filters": "Filtre",
    "FolderTypeBooks": "Knihy",
    "FolderTypeMovies": "Filmy",
    "FolderTypeMusic": "Hudba",
    "FolderTypeMusicVideos": "Hudobné videá",
    "FolderTypeTvShows": "Seriály",
    "FolderTypeUnset": "Zmiešaný obsah",
    "FormatValue": "Formát: {0}",
    "Friday": "Piatok",
    "Fullscreen": "Celá obrazovka",
    "General": "Všeobecné",
    "GenreValue": "Žáner: {0}",
    "Genres": "Žánre",
    "GenresValue": "Žánre: {0}",
    "GroupBySeries": "Zoskupiť podľa série",
    "GuestStar": "Hosťujúca hviezda",
    "Guide": "Sprievodca",
    "HDPrograms": "HD programy",
    "HeaderAccessSchedule": "Rozvrh prístupu",
    "HeaderAccessScheduleHelp": "Vytvoriť rozvrh prístupu a obmedziť tak prístup na určité hodiny.",
    "HeaderActiveDevices": "Aktívne zariadenia",
    "HeaderActiveRecordings": "Aktívne nahrávky",
    "HeaderActivity": "Aktivita",
    "HeaderAddToCollection": "Pridať do kolekcie",
    "HeaderAddUpdateImage": "Pridať/aktualizovať obrázok",
    "HeaderAddUser": "Pridať používateľa",
    "HeaderAlbums": "Albumy",
    "HeaderApiKey": "Kľúč API",
    "HeaderApiKeys": "Kľúče API",
    "HeaderAudioBooks": "Audio knihy",
    "HeaderAudioSettings": "Nastavenia zvuku",
    "HeaderAutomaticUpdates": "Automatické aktualizácie",
    "HeaderBooks": "Knihy",
    "HeaderCastAndCrew": "Obsadenie a štáb",
    "HeaderChannels": "Kanály",
    "HeaderChapterImages": "Obrázky kapitol",
    "HeaderConfigureRemoteAccess": "Nastaviť vzdialený prístup",
    "HeaderConfirmPluginInstallation": "Potvrdiť inštaláciu zásuvných modulov",
    "HeaderConfirmProfileDeletion": "Potvrdiť zmazanie profilu",
    "HeaderConnectToServer": "Propojiť sa k serveru",
    "HeaderConnectionFailure": "Chyba pripojenia",
    "HeaderContinueListening": "Pokračovať v počúvaní",
    "HeaderContinueWatching": "Pokračovať v pozeraní",
    "HeaderCustomDlnaProfiles": "Vlastné profily",
    "HeaderDateIssued": "Dátum vydania",
    "HeaderDeleteDevice": "Zmazať zariadenie",
    "HeaderDeleteItem": "Zmazať položku",
    "HeaderDeleteItems": "Zmazať položky",
    "HeaderDeleteProvider": "Zmazať poskytovateľa",
    "HeaderDeviceAccess": "Prístup k zariadeniu",
    "HeaderDevices": "Zariadenia",
    "HeaderEasyPinCode": "Jednoduchý PIN kód",
    "HeaderEditImages": "Upraviť obrázky",
    "HeaderEpisodes": "Epizódy",
    "HeaderError": "Chyba",
    "HeaderFetchImages": "Načítať obrázky:",
    "HeaderFilters": "Filtre",
    "HeaderForKids": "Pre deti",
    "HeaderForgotPassword": "Zabudnuté heslo",
    "HeaderFrequentlyPlayed": "Často hrané",
    "HeaderGenres": "Žánre",
    "HeaderHttpHeaders": "HTTP hlavičky",
    "HeaderIdentification": "Identifikácia",
    "HeaderIdentificationCriteriaHelp": "Zadajte aspoň jedno identifikačné kritérium.",
    "HeaderIdentifyItemHelp": "Zadajte jedno alebo viacero kritérií. Odstránenie kritéria zvýši počet výsledkov.",
    "HeaderImageSettings": "Nastavenia obrázkov",
    "HeaderInstall": "Inštalovať",
    "HeaderInstantMix": "Okamžitý mix",
    "HeaderItems": "Položky",
    "HeaderLatestEpisodes": "Najnovšie epizódy",
    "HeaderLatestMedia": "Najnovšie médiá",
    "HeaderLatestMovies": "Najnovšie filmy",
    "HeaderLatestMusic": "Najnovšia hudba",
    "HeaderLatestRecordings": "Najnovšie nahrávky",
    "HeaderLibraries": "Knižnice",
    "HeaderLibraryAccess": "Prístup ku knižnici",
    "HeaderLibraryFolders": "Priečinky knižnice",
    "HeaderLibraryOrder": "Poradie knižnice",
    "HeaderLibrarySettings": "Nastavenia knižnice",
    "HeaderLiveTV": "Živá TV",
    "HeaderLiveTv": "Živá TV",
    "HeaderMedia": "Médiá",
    "HeaderMediaInfo": "Informácie o médiu",
    "HeaderMetadataSettings": "Nastavenia metadát",
    "HeaderMoreLikeThis": "Podobné ako toto",
    "HeaderMovies": "Filmy",
    "HeaderMusicQuality": "Kvalita hudby",
    "HeaderMusicVideos": "Hudobné videá",
    "HeaderMyDevice": "Moje zariadenie",
    "HeaderMyMedia": "Moje média",
    "HeaderMyMediaSmall": "Moje médiá (malé)",
    "HeaderNewApiKey": "Nový kľúč API",
    "HeaderNewDevices": "Nové zariadenia",
    "HeaderNextEpisodePlayingInValue": "Ďalšia epizóda sa spustí o {0}",
    "HeaderNextUp": "Nasleduje",
    "HeaderNextVideoPlayingInValue": "Ďalšie video sa spustí o {0}",
    "HeaderOtherItems": "Iné položky",
    "HeaderPassword": "Heslo",
    "HeaderPasswordReset": "Obnoviť heslo",
    "HeaderPaths": "Cesty",
    "HeaderPendingInvitations": "Čakajúce pozvánky",
    "HeaderPeople": "Ľudia",
    "HeaderPhotoAlbums": "Albumy fotografií",
    "HeaderPinCodeReset": "Obnoviť PIN kód",
    "HeaderPlayAll": "Prehrať všetko",
    "HeaderPlaybackError": "Chyba prehrávania",
    "HeaderPleaseSignIn": "Prosím prihláste sa",
    "HeaderPreferredMetadataLanguage": "Uprednostňovaný jazyk metadát",
    "HeaderProfile": "Profil",
    "HeaderProfileInformation": "Informácie o profile",
    "HeaderRecentlyPlayed": "Nedávno prehrávané",
    "HeaderRemoteControl": "Ďiaľkové ovládanie",
    "HeaderRestart": "Reštartovať",
    "HeaderRevisionHistory": "História revízií",
    "HeaderRunningTasks": "Bežiace úlohy",
    "HeaderScenes": "Scény",
    "HeaderSchedule": "Rozvrh",
    "HeaderSeasons": "Série",
    "HeaderSecondsValue": "{0} sekúnd",
    "HeaderSelectPath": "Vybrať priečinok",
    "HeaderSelectServer": "Vybrať server",
    "HeaderSendMessage": "Poslať správu",
    "HeaderSeries": "Seriál",
    "HeaderServerSettings": "Nastavenia servera",
    "HeaderSettings": "Nastavenia",
    "HeaderSetupLibrary": "Nastavte Vaše knižnice médií",
    "HeaderShutdown": "Vypnúť",
    "HeaderSortBy": "Zoradiť podľa",
    "HeaderStartNow": "Začať teraz",
    "HeaderStopRecording": "Zastaviť nahrávanie",
    "HeaderSubtitleAppearance": "Vzhľad titulkov",
    "HeaderSubtitleProfile": "Profil titulkov",
    "HeaderSubtitleProfiles": "Profily titulkov",
    "HeaderSystemDlnaProfiles": "Systémové profily",
    "HeaderTaskTriggers": "Spúšťače úloh",
    "HeaderThisUserIsCurrentlyDisabled": "Tento používateľ je momentálne deaktivovaný",
    "HeaderTracks": "Stopy",
    "HeaderTuners": "Tunery",
    "HeaderTypeText": "Vložte text",
    "HeaderUploadImage": "Nahrať obrázok",
    "HeaderUser": "Používateľ",
    "HeaderUsers": "Užívatelia",
    "HeaderVideoQuality": "Kvalita videa",
    "HeaderVideos": "Videá",
    "HeaderXmlSettings": "Nastavenia XML",
    "HeaderYears": "Roky",
    "HeadersFolders": "Priečinky",
    "Help": "Pomoc",
    "Hide": "Skryť",
    "Home": "Domov",
    "Horizontal": "Horizontálne",
    "Identify": "Identifikovať",
    "Images": "Obrázky",
    "ImportMissingEpisodesHelp": "Ak je možnosť povolená, informácie o chýbajúcich epizódach budú importované do Vašej Jellyfin databázy a budú zobrazené v sériách a seriáloch. Toto môže spôsobiť podstatne dlhšie skenovania knižníc.",
    "InstallingPackage": "Inštalujem {0}",
    "ItemCount": "{0} položiek",
    "Items": "Položky",
    "Kids": "Detské",
    "Label3DFormat": "3D formát:",
    "LabelAccessDay": "Deň v týždni:",
    "LabelAirTime": "Čas vysielania:",
    "LabelAll": "Všetky",
    "LabelAllowHWTranscoding": "Povoliť hardvérové transkódovanie",
    "LabelAllowServerAutoRestart": "Povoliť automatický reštart servera pre aplikovanie aktualizácií",
    "LabelAllowServerAutoRestartHelp": "Server sa reštartuje iba počas obdobia bez aktivity, keď nie je žiadny používateľ aktívny.",
    "LabelAllowedRemoteAddresses": "Filter vzdialených IP adries:",
    "LabelAppName": "Názov aplikácie",
    "LabelAppNameExample": "Príklad: Sickbeard, Sonarr",
    "LabelArtists": "Umelci:",
    "LabelArtistsHelp": "Oddeľte pomocou ;",
    "LabelAudioLanguagePreference": "Uprednostňovaný jazyk zvuku:",
    "LabelAutomaticallyRefreshInternetMetadataEvery": "Automaticky obnoviť metadáta z internetu:",
    "LabelBirthDate": "Dátum narodenia:",
    "LabelBirthYear": "Rok narodenia:",
    "LabelCachePath": "Cesta k cache:",
    "LabelCachePathHelp": "Špecifikujte vlastnú cestu pre cache súbory ako sú napr. obrázky. Ponechajte prázdne pre pôvodné nastavenia servera.",
    "LabelCancelled": "Zrušené",
    "LabelCertificatePassword": "Heslo certifikátu:",
    "LabelCertificatePasswordHelp": "Ak váš certifikát vyžaduje heslo, zadajte ho tu prosím.",
    "LabelChannels": "Kanály:",
    "LabelCollection": "Kolekcia:",
    "LabelCommunityRating": "Hodnotenie komunity:",
    "LabelContentType": "Typ obsahu:",
    "LabelCountry": "Krajina:",
    "LabelCriticRating": "Hodnotenie kritikov:",
    "LabelCurrentPassword": "Aktuálne heslo:",
    "LabelCustomCertificatePath": "Vlastná cesta k SSL certifikátu:",
    "LabelCustomCertificatePathHelp": "Uveďte Váš vlastný .pfx súbor ssl certifikátu.",
    "LabelCustomCss": "Vlastné CSS:",
    "LabelCustomCssHelp": "Aplikujte svoj vlastný štýl na web rozhranie.",
    "LabelDateAdded": "Dátum pridania:",
    "LabelDateAddedBehavior": "Nový obsah zoraďovať podľa dátumu:",
    "LabelDay": "Deň:",
    "LabelDeathDate": "Dátum úmrtia:",
    "LabelDefaultScreen": "Predvolená obrazovka:",
    "LabelDefaultUser": "Predvolený používateľ:",
    "LabelDeviceDescription": "Popis zariadenia",
    "LabelDiscNumber": "Číslo disku:",
    "LabelDisplayLanguage": "Jazyk rozhrania:",
    "LabelDisplayMissingEpisodesWithinSeasons": "Zobraziť chýbajúce epizódy v sériách",
    "LabelDisplayOrder": "Poradie zobrazenia:",
    "LabelDownloadLanguages": "Prebrať jazyky:",
    "LabelDropImageHere": "Presuňte obrázok sem.",
    "LabelEasyPinCode": "Jednoduchý PIN kód:",
    "LabelEnableAutomaticPortMap": "Povoliť automatické mapovanie portov",
    "LabelEnableDlnaPlayToHelp": "Objaví zariadenia vnútri vašej siete a ponúka možnosť ich vzdialeného ovládania.",
    "LabelEnableDlnaServer": "Povoliť DLNA server",
    "LabelEnableDlnaServerHelp": "Povolí UPnP zariadeniam vo vašej sieti prechádzať a prehrávať obsah.",
    "LabelEnableHardwareDecodingFor": "Povoliť hardvérové dekódovanie pre:",
    "LabelEnableRealtimeMonitor": "Povoliť sledovanie v reálnom čase",
    "LabelEnableRealtimeMonitorHelp": "Zmeny budú na podporovaných súborových systémoch spracované okamžite.",
    "LabelEnableSingleImageInDidlLimit": "Obmedziť na jeden vložený obrázok",
    "LabelEndDate": "Dátum ukončenia:",
    "LabelEpisodeNumber": "Číslo epizódy:",
    "LabelEvent": "Udalosť:",
    "LabelExtractChaptersDuringLibraryScan": "Extrahovať obrázky kapitol počas prehľadávania knižnice",
    "LabelFailed": "Zlyhalo",
    "LabelFileOrUrl": "Súbor alebo URL:",
    "LabelFinish": "Dokončiť",
    "LabelFont": "Písmo:",
    "LabelForgotPasswordUsernameHelp": "Zadajte svoje používateľské meno, ak si ho pamätáte.",
    "LabelFormat": "Formát:",
    "LabelServerNameHelp": "Tento názov bude použitý na identifikáciu servera. Ak ostane prázdny, bude použitý názov počítača.",
    "LabelGroupMoviesIntoCollections": "Zoskupiť filmy do kolekcií",
    "LabelGroupMoviesIntoCollectionsHelp": "Pri zobrazení zoznamu filmov budú filmy patriace do kolekcie zobrazené ako jedna zoskupená položka.",
    "LabelHardwareAccelerationType": "Hardvérová akcelerácia:",
    "LabelHardwareAccelerationTypeHelp": "Hardvérová akcelerácia vyžaduje dodatočnú konfiguráciu.",
    "LabelHomeScreenSectionValue": "Sekcia domácej obrazovky {0}:",
    "LabelHttpsPort": "Lokálny HTTPS port:",
    "LabelIconMaxHeight": "Maximálna výška ikony:",
    "LabelIconMaxWidth": "Maximálna šírka ikony:",
    "LabelImageType": "Typ obrázku:",
    "LabelImportOnlyFavoriteChannels": "Obmedziť na kanály označené ako obľúbené",
    "LabelInNetworkSignInWithEasyPassword": "Povoliť prihlásenie jednoduchým PIN kódom vnútri lokálnej siete",
    "LabelKeepUpTo": "Ponechať najviac:",
    "LabelKidsCategories": "Detské kategórie:",
    "LabelKodiMetadataDateFormat": "Formát dátumu vydania:",
    "LabelKodiMetadataSaveImagePaths": "Uložiť cesty k obrázkom do NFO súborov",
    "LabelKodiMetadataSaveImagePathsHelp": "Je to odporúčané ak máte obrázky s názvami, ktoré sa neriadia pravidlami Kodi.",
    "LabelLanNetworks": "LAN siete:",
    "LabelLanguage": "Jazyk:",
    "LabelLocalHttpServerPortNumber": "Lokálny HTTP port:",
    "LabelLoginDisclaimerHelp": "Správa, ktorá bude zobrazená na dolnej časti prihlasovacej stránky.",
    "LabelManufacturer": "Výrobca:",
    "LabelManufacturerUrl": "URL výrobcu",
    "LabelMaxBackdropsPerItem": "Maximálny počet obrázkov pre pozadie na položku:",
    "LabelMaxChromecastBitrate": "Maximálny dátový tok pre Chromecast:",
    "LabelMaxParentalRating": "Maximálne povolené rodičovské hodnotenie:",
    "LabelMaxResumePercentageHelp": "Tituly budú považované za dopozerané ak budú zastavené po tomto čase.",
    "LabelMaxScreenshotsPerItem": "Maximálny počet snímkov obrazovky na položku:",
    "LabelMaxStreamingBitrateHelp": "Zadajte maximálny dátový tok pre stream.",
    "LabelMessageText": "Text správy:",
    "LabelMessageTitle": "Titulok správy:",
    "LabelMetadata": "Metadáta:",
    "LabelMetadataDownloadLanguage": "Preferovaný jazyk:",
    "LabelMetadataPath": "Umiestnenie metadát:",
    "LabelMetadataSaversHelp": "Vyberte formát súboru, do ktorého chcete ukladať vaše metadáta.",
    "LabelMinResumeDurationHelp": "Najkratšia dĺžka videa v sekundách, ktorá uloží rozpozeranú polohu a dovolí sa k nej vrátiť.",
    "LabelMinResumePercentageHelp": "Tituly budú považované za neprehrané ak budú zastavené pred týmto časom.",
    "LabelModelDescription": "Popis modelu",
    "LabelModelName": "Názov modelu",
    "LabelModelNumber": "Číslo modelu",
    "LabelModelUrl": "Model URL",
    "LabelMovieCategories": "Kategórie filmov:",
    "LabelMovieRecordingPath": "Umiestnenie filmových nahrávok (voliteľné):",
    "LabelName": "Meno:",
    "LabelNewName": "Nové meno:",
    "LabelNewPassword": "Nové heslo:",
    "LabelNewPasswordConfirm": "Potvrdenie nového hesla:",
    "LabelNewsCategories": "Kategórie správ:",
    "LabelNext": "Ďalej",
    "LabelNotificationEnabled": "Povoliť toto hlásenie",
    "LabelNumber": "Číslo:",
    "LabelOptionalNetworkPath": "(Voliteľné) Zdieľaný sieťový priečinok:",
    "LabelOriginalAspectRatio": "Pôvodný pomer strán:",
    "LabelOriginalTitle": "Pôvodný názov:",
    "LabelOverview": "Prehľad:",
    "LabelParentalRating": "Rodičovské hodnotenie:",
    "LabelPassword": "Heslo:",
    "LabelPasswordConfirm": "Heslo (potvrdenie):",
    "LabelPasswordRecoveryPinCode": "PIN kód:",
    "LabelPath": "Cesta:",
    "LabelPersonRole": "Úloha:",
    "LabelPlaceOfBirth": "Miesto narodenia:",
    "LabelPlayDefaultAudioTrack": "Prehrať predvolenú zvukovú stopu bez ohľadu na jazyk",
    "LabelPreferredDisplayLanguage": "Preferovaný jazyk:",
    "LabelPreferredSubtitleLanguage": "Preferovaný jazyk titulkov:",
    "LabelPrevious": "Predchádzajúce",
    "LabelProfileAudioCodecs": "Audio kodeky:",
    "LabelProfileCodecs": "Kodeky:",
    "LabelProfileContainer": "Kontajner:",
    "LabelProfileVideoCodecs": "Video kodeky:",
    "LabelProtocol": "Protokol:",
    "LabelProtocolInfo": "Info o protokole:",
    "LabelPublicHttpPort": "Verejný HTTP port:",
    "LabelPublicHttpsPort": "Verejný HTTPS port:",
    "LabelReadHowYouCanContribute": "Zistite, ako môžete prispieť.",
    "LabelRecordingPath": "Predvolené umiestnenie nahrávok:",
    "LabelRecordingPathHelp": "Uveďte predvolené umiestnenie pre ukladanie nahrávok. Ak je ponechané prázdne, použije sa priečinok s programovými dátami servera.",
    "LabelReleaseDate": "Dátum vydania:",
    "LabelRuntimeMinutes": "Dĺžka (minúty):",
    "LabelSaveLocalMetadata": "Uložiť obaly a metadáta do priečinka s médiami",
    "LabelScreensaver": "Šetrič obrazokvy:",
    "LabelSeasonNumber": "Číslo série:",
    "LabelSelectUsers": "Zvoľte užívateľov:",
    "LabelSelectVersionToInstall": "Vyberte verziu, ktorú chcete nainštalovať:",
    "LabelSerialNumber": "Sériové číslo",
    "LabelSeriesRecordingPath": "Umiestnenie seriálových nahrávok (voliteľné):",
    "LabelServerHostHelp": "192.168.1.100:8096 alebo https://mojserver.sk",
    "LabelSkipBackLength": "Dĺžka skoku dozadu:",
    "LabelSkipForwardLength": "Dĺžka skoku dopredu:",
    "LabelSkipIfGraphicalSubsPresent": "Preskočiť ak video obsahuje vložené titulky",
    "LabelSortBy": "Zoradiť podľa:",
    "LabelSoundEffects": "Zvukové efekty:",
    "LabelSource": "Zdroj:",
    "LabelSportsCategories": "Športové kategórie:",
    "LabelStartWhenPossible": "Spustiť akonáhle je možné:",
    "LabelStatus": "Stav:",
    "LabelSubtitleFormatHelp": "Príklad: srt",
    "LabelSubtitles": "Titulky:",
    "LabelSupportedMediaTypes": "Podporované typy médií:",
    "LabelTextBackgroundColor": "Farba pozadia textu:",
    "LabelTextColor": "Farba textu:",
    "LabelTextSize": "Veľkosť textu:",
    "LabelTheme": "Téma:",
    "LabelTime": "Čas:",
    "LabelTimeLimitHours": "Časový limit (v hodinách):",
    "LabelTitle": "Názov:",
    "LabelTrackNumber": "Číslo stopy:",
    "LabelTranscodingAudioCodec": "Audio kodek:",
    "LabelTranscodingContainer": "Obal:",
    "LabelTranscodingVideoCodec": "Video kodek:",
    "LabelTunerIpAddress": "IP adresa tunera:",
    "LabelTunerType": "Typ tunera:",
    "LabelType": "Typ:",
    "LabelUseNotificationServices": "Použiť nasledovné služby:",
    "LabelUser": "Používateľ:",
    "LabelUsername": "Používateľské meno:",
    "LabelValue": "Hodnota:",
    "LabelVersion": "Verzia:",
    "LabelVersionInstalled": "{0} nainštalovaný",
    "LabelVersionNumber": "Verzia {0}",
    "LabelYear": "Rok:",
    "LabelYourFirstName": "Meno:",
    "LabelYoureDone": "Hotovo!",
    "LabelZipCode": "PSČ:",
    "LabelffmpegPath": "Cesta k FFmpeg:",
    "Large": "Veľké",
    "LatestFromLibrary": "Najnovšie {0}",
    "LearnHowYouCanContribute": "Zistite, ako môžete prispieť.",
    "LibraryAccessHelp": "Zvoľte knižnice zdieľané s týmto používateľom. Administrátori budú schopní upraviť všetky priečinky použitím správcu metadát.",
    "Like": "Páči sa mi to",
    "Live": "Naživo",
    "LiveBroadcasts": "Živé vysielania",
    "LiveTV": "Živý TV prenos",
    "ManageLibrary": "Spravovať knižnicu",
    "ManageRecording": "Spravovať nahrávanie",
    "MarkPlayed": "Označiť ako prehrané",
    "MarkUnplayed": "Označiť ako neprehrané",
    "MaxParentalRatingHelp": "Obsah s vyšším rodičovským hodnotením bude skrytý pre tohto používateľa.",
    "MediaInfoAspectRatio": "Pomer strán",
    "MediaInfoBitDepth": "Bitová hĺbka",
    "MediaInfoChannels": "Kanály",
    "MediaInfoCodec": "Kodek",
    "MediaInfoContainer": "Kontajner",
    "MediaInfoExternal": "Externé",
    "MediaInfoForced": "Vynútené",
    "MediaInfoInterlaced": "Prekladané",
    "MediaInfoLanguage": "Jazyk",
    "MediaInfoLayout": "Rozloženie",
    "MediaInfoLevel": "Úroveň",
    "MediaInfoPath": "Cesta",
    "MediaInfoProfile": "Profil",
    "MediaInfoResolution": "Rozlíšenie",
    "MediaInfoSize": "Veľkosť",
    "MediaInfoTimestamp": "Časová značka",
    "MessageAlreadyInstalled": "Táto verzia už je nainštalovaná.",
    "MessageAreYouSureDeleteSubtitles": "Ste si istý, že chcete zmazať súbor s titulkami?",
    "MessageAreYouSureYouWishToRemoveMediaFolder": "Ste si istý, že chcete odstrániť tento priečinok s médiami?",
    "MessageConfirmDeleteGuideProvider": "Ste si istý, že chcete zmazať tohto poskytovateľa programu?",
    "MessageConfirmDeleteTunerDevice": "Ste si istý, že chcete zmazať toto zariadenie?",
    "MessageConfirmProfileDeletion": "Ste si istý, že chcete zmazať tento profil?",
    "MessageConfirmRecordingCancellation": "Zrušiť nahrávanie?",
    "MessageConfirmRemoveMediaLocation": "Ste si istý, že chcete odobrať toto umiestnenie?",
    "MessageConfirmRestart": "Ste si istý, že chcete reštartovať Jellyfin Server?",
    "MessageConfirmShutdown": "Ste si istý, že chcete vypnúť server?",
    "MessageEnablingOptionLongerScans": "Povolenie tejto možnosti môže mať za následok podstatne dlhšie skenovania knižníc.",
    "MessageFileReadError": "Pri čítaní súboru nastala chyba.",
    "MessageInvalidForgotPasswordPin": "Bol zadaný neplatný alebo expirovaný PIN. Prosím, skúste to znova.",
    "MessageInvalidUser": "Nesprávne meno alebo heslo. Skúste prosím znovu.",
    "MessageItemSaved": "Položka uložená.",
    "MessageItemsAdded": "Položky pridané.",
    "MessageNoAvailablePlugins": "Žiadne dostupné zásuvné moduly.",
    "MessageNoPluginsInstalled": "Nemáte nainštalované žiadne zásuvné moduly.",
    "MessageNothingHere": "Nič tu nie je.",
    "MessagePleaseEnsureInternetMetadata": "Prosím, uistite sa, že sťahovanie internetových metadát je povolené.",
    "MessagePleaseWait": "Prosím počkajte. Toto môže chvíľu trvať.",
    "MessageSettingsSaved": "Nastavenia uložené.",
    "MessageTheFollowingLocationWillBeRemovedFromLibrary": "Nasledujúce umiestnenia médií budú odobraté z vašej knižnice:",
    "MessageYouHaveVersionInstalled": "Teraz máte nainštalovanú verziu {0}.",
    "Metadata": "Metadáta",
    "MetadataManager": "Správca metadát",
    "MinutesAfter": "minút po",
    "MinutesBefore": "minút pred",
    "Mobile": "Mobil",
    "Monday": "Pondelok",
    "MoreFromValue": "Viac od {0}",
    "MoreUsersCanBeAddedLater": "Ďalší používatelia môžu byť pridaný neskôr cez Dashboard.",
    "MoveLeft": "Posunúť vľavo",
    "MoveRight": "Posunúť vpravo",
    "Movies": "Filmy",
    "Mute": "Stíšiť",
    "MySubtitles": "Moje titulky",
    "Name": "Meno",
    "Never": "Nikdy",
    "NewCollection": "Nová kolekcia",
    "NewCollectionNameExample": "Príklad: Kolekcia Star Wars",
    "NewEpisodes": "Nové epizódy",
    "NewEpisodesOnly": "Iba nové epizódy",
    "News": "Správy",
    "Next": "Ďalšie",
    "NextUp": "Nasleduje",
    "No": "Nie",
    "NoNextUpItemsMessage": "Nič nenájdené. Začnite pozerať vaše seriály!",
    "NoPluginConfigurationMessage": "Tento zásuvný modul nemá žiadne nastavenia.",
    "NoSubtitleSearchResultsFound": "Žiadne výsledky.",
    "NoSubtitles": "Žiadne titulky",
    "None": "Žiadne",
    "Normal": "Normálne",
    "NumLocationsValue": "{0} priečinkov",
    "OneChannel": "Jeden kanál",
    "OnlyForcedSubtitles": "Iba vynútené titulky",
    "OnlyForcedSubtitlesHelp": "Budú zobrazené iba titulky označené ako vynútené.",
    "OptionAdminUsers": "Administrátori",
    "OptionAllUsers": "Všetci používatelia",
    "OptionAllowAudioPlaybackTranscoding": "Povoliť prehrávanie audia, ktoré vyžaduje prekódovanie",
    "OptionAllowBrowsingLiveTv": "Povoliť prístup k živému TV prenosu",
    "OptionAllowContentDownloading": "Povoliť preberanie médií",
    "OptionAllowLinkSharing": "Povoliť zdieľanie na sociálnych médiách",
    "OptionAllowLinkSharingHelp": "Zdieľané sú iba webové stránky obsahujúce informácie o médiách. Súbory médií nie sú nikdy verejne zdieľané. Zdieľania sú časovo obmedzené a ich platnosť vyprší o {0} dní.",
    "OptionAllowManageLiveTv": "Povoliť spravovanie nahrávok živého TV prenosu",
    "OptionAllowMediaPlayback": "Povoliť prehrávanie médií",
    "OptionAllowRemoteControlOthers": "Povoliť vzdialené ovládanie ostatných užívateľov",
    "OptionAllowRemoteSharedDevices": "Povoliť vzdialené ovládanie zdieľaných zariadení",
    "OptionAllowRemoteSharedDevicesHelp": "DLNA zariadenia sa považujú za zdieľané, dokým ich nejaký používateľ nezačne ovládať.",
    "OptionAllowUserToManageServer": "Povoliť tomuto používateľovi spravovať server",
    "OptionAllowVideoPlaybackTranscoding": "Povoliť prehrávanie videa, ktoré vyžaduje prekódovanie",
    "OptionArtist": "Umelec",
    "OptionAscending": "Vzostupne",
    "OptionAuto": "Automaticky",
    "OptionAutomatic": "Automaticky",
    "OptionAutomaticallyGroupSeries": "Automaticky zlúčiť série, ktoré sú uložené v rôznych priečinkoch",
    "OptionBlockBooks": "Knihy",
    "OptionBlockMovies": "Filmy",
    "OptionBlockMusic": "Hudba",
    "OptionBlockTrailers": "Trailery",
    "OptionCommunityRating": "Hodnotenie komunity",
    "OptionContinuing": "Pokračuje",
    "OptionCriticRating": "Hodnotenie kritikov",
    "OptionCustomUsers": "Vlastné",
    "OptionDaily": "Denne",
    "OptionDateAdded": "Dátum pridania",
    "OptionDateAddedFileTime": "Použiť dátum vytvorenia súboru",
    "OptionDateAddedImportTime": "Podľa dátumu pridania do knižnice",
    "OptionDatePlayed": "Dátum prehrania",
    "OptionDescending": "Zostupne",
    "OptionDisableUser": "Zakázať tohto používateľa",
    "OptionDisableUserHelp": "Ak možnosť nie je povolená, server nepovolí žiadne pripojenia od tohto používateľa. Aktívne pripojenia budú ihneď ukončené.",
    "OptionDislikes": "Nepáči sa",
    "OptionDownloadArtImage": "Obal",
    "OptionDownloadBackImage": "Späť",
    "OptionDownloadDiscImage": "Disk",
    "OptionDownloadImagesInAdvance": "Sťahovať obrázky dopredu",
    "OptionDownloadThumbImage": "Miniatúra",
    "OptionEmbedSubtitles": "Vložené v kontajneri",
    "OptionEnableAccessFromAllDevices": "Povoliť prístup zo všetkých zariadení",
    "OptionEnableAccessToAllChannels": "Povoliť prístup ku všetkým kanálom",
    "OptionEnableAccessToAllLibraries": "Povoliť prístup ku všetkým knižniciam",
    "OptionEnableM2tsMode": "Povoliť M2ts mód",
    "OptionEnableM2tsModeHelp": "Povoliť režim M2TS pri kódovaní do MPEGTS.",
    "OptionEnded": "Ukončené",
    "OptionEquals": "Sa rovná",
    "OptionEveryday": "Každý deň",
    "OptionFavorite": "Obľúbené",
    "OptionFriday": "Piatok",
    "OptionHasSubtitles": "Titulky",
    "OptionHasThemeSong": "Tématická hudba",
    "OptionHasThemeVideo": "Tématické video",
    "OptionHideUser": "Nezobrazovať tohto používateľa v prihlasovacích obrazovkách",
    "OptionHideUserFromLoginHelp": "Užitočné pre súkromné alebo ukryté administrátorské účty. Používateľ sa bude musieť prihlásiť manuálne zadaním mena a hesla.",
    "OptionHomeVideos": "Fotky",
    "OptionImdbRating": "Hodnotenie IMDb",
    "OptionLikes": "Páči sa",
    "OptionMissingEpisode": "Chýbajúce epizódy",
    "OptionMonday": "Pondelok",
    "OptionNameSort": "Názov",
    "OptionNew": "Nové...",
    "OptionNone": "Žiadne",
    "OptionOnAppStartup": "Pri spustení aplikácie",
    "OptionParentalRating": "Rodičovské hodnotenie",
    "OptionPlainVideoItems": "Zobraziť všetky videá ako obyčajné video položky",
    "OptionPlayCount": "Počet prehraní",
    "OptionPlayed": "Prehrané",
    "OptionPremiereDate": "Dátum premiéry",
    "OptionProfilePhoto": "Fotografie",
    "OptionProtocolHttp": "HTTP",
    "OptionReleaseDate": "Dátum vydania",
    "OptionResumable": "Pozastaviteľný",
    "OptionRuntime": "Dĺžka",
    "OptionSaturday": "Sobota",
    "OptionSaveMetadataAsHidden": "Uložiť metadáta a obrázky ako skryté súbory",
    "OptionSunday": "Nedeľa",
    "OptionThursday": "Štvrtok",
    "OptionTrackName": "Názov skladby",
    "OptionTuesday": "Utorok",
    "OptionTvdbRating": "TVDB hodnotenie",
    "OptionUnairedEpisode": "Nevysielané epizódy",
    "OptionUnplayed": "Neprehrané",
    "OptionWakeFromSleep": "Zobudiť zo spánku",
    "OptionWednesday": "Streda",
    "OptionWeekdays": "Pracovné dni",
    "OptionWeekends": "Víkendy",
    "OptionWeekly": "Týždenne",
    "OriginalAirDateValue": "Pôvodný dátum vysielania: {0}",
    "Overview": "Prehľad",
    "PackageInstallCancelled": "{0} inštalácia zrušená.",
    "PackageInstallCompleted": "{0} inštalácia dokončená.",
    "PackageInstallFailed": "{0} inštalácia zlyhala.",
    "ParentalRating": "Parental Rating",
    "PasswordMatchError": "Heslo a potvrdenie hesla sa musia zhodovať.",
    "PasswordResetComplete": "Heslo bolo obnovené.",
    "PasswordResetConfirmation": "Naozaj chcete obnoviť heslo?",
    "PasswordResetHeader": "Obnoviť heslo",
    "PasswordSaved": "Heslo uložené.",
    "People": "Ľudia",
    "PerfectMatch": "Perfektná zhoda",
    "Photos": "Fotky",
    "PictureInPicture": "Obraz v obraze",
    "PinCodeResetComplete": "PIN kód bol obnovený.",
    "PinCodeResetConfirmation": "Ste si istý, že chcete obnoviť PIN kód?",
    "PlaceFavoriteChannelsAtBeginning": "Umiestniť obľúbené kanály na začiatok",
    "Play": "Prehrať",
    "PlayCount": "Počet prehraní",
    "PlayFromBeginning": "Prehrať od začiatku",
    "PlayNext": "Prehrať ďalšie",
    "PlayNextEpisodeAutomatically": "Automaticky prehrať ďalšiu epizódu",
    "Played": "Prehrané",
    "PleaseAddAtLeastOneFolder": "Pridajte prosím aspoň jeden priečinok do tejto knižnice kliknutím na tlačidlo Pridať.",
    "PleaseEnterNameOrId": "Prosím, zadajte meno alebo externé ID.",
    "PleaseRestartServerName": "Prosím reštartujte Jellyfin Server - {0}.",
    "PleaseSelectTwoItems": "Vyberte prosím aspoň dve položky.",
    "PluginInstalledMessage": "Rozšírenie bolo úspešne nainštalované. Je potrebný reštart Jellyfin Server aby sa prejavili zmeny.",
    "Premiere": "Premiéra",
    "Premieres": "Premiéry",
    "Previous": "Predchádzajúce",
    "Producer": "Producent",
    "ProductionLocations": "Miesta produkcie",
    "Programs": "Programy",
    "Quality": "Kvalita",
    "RecentlyWatched": "Nedávno pozreté",
    "RecommendationBecauseYouLike": "Pretože sa vám páči {0}",
    "RecommendationBecauseYouWatched": "Pretože ste pozreli {0}",
    "RecommendationDirectedBy": "Režíroval {0}",
    "RecommendationStarring": "V hlavnej úlohe {0}",
    "RecordingCancelled": "Nahrávanie zrušené.",
    "RecordingScheduled": "Plán nahrávania.",
    "Refresh": "Obnoviť",
    "RefreshMetadata": "Obnoviť metadáta",
    "ReleaseDate": "Dátum vydania",
    "RememberMe": "Zapamätať si ma",
    "RemoveFromCollection": "Odobrať z kolekcie",
    "Repeat": "Opakovať",
    "RepeatAll": "Opakovať všetko",
    "RepeatOne": "Opakovať jedno",
    "ReplaceAllMetadata": "Nahradiť všetky metadáta",
    "ReplaceExistingImages": "Nahradiť existujúce obrázky",
    "RestartPleaseWaitMessage": "Počkajte prosím kým sa Jellyfin Server vypne a znova naštartuje. Môže to trvať minútu alebo dve.",
    "ResumeAt": "Pokračovať od {0}",
    "RunAtStartup": "Spustiť pri štarte",
    "Saturday": "Sobota",
    "Save": "Uložiť",
    "SaveSubtitlesIntoMediaFolders": "Ukladať titulky do priečinkov s médiami",
    "SaveSubtitlesIntoMediaFoldersHelp": "Uloženie titulkov k video súborom uľahčí ich spravovanie.",
    "ScanForNewAndUpdatedFiles": "Hľadať nové a aktualizované súbory",
    "ScanLibrary": "Skenovať knižnicu",
    "Screenshot": "Snímka obrazovky",
    "Screenshots": "Snímky obrazovky",
    "Search": "Hľadať",
    "SearchForCollectionInternetMetadata": "Vyhľadať metadáta a obrázky na Internete",
    "SearchForMissingMetadata": "Hľadať chýbajúce metadáta",
    "SearchForSubtitles": "Hľadať titulky",
    "SearchResults": "Výsledky vyhľadávania",
    "SendMessage": "Poslať správu",
    "Series": "Seriály",
    "SeriesSettings": "Nastavenia série",
    "ServerNameIsRestarting": "Jellyfin Server - {0} sa reštartuje.",
    "ServerNameIsShuttingDown": "Jellyfin Server - {0} sa vypína.",
    "ServerRestartNeededAfterPluginInstall": "Po inštalácii zásuvného modulu bude potrebný reštart Jellyfin servera.",
    "ServerUpdateNeeded": "Tento Jellyfin server treba aktualizovať. Najnovšiu verziu nájdete na {0}",
    "Settings": "Nastavenia",
    "SettingsSaved": "Nastavenia uložené.",
    "Share": "Zdieľať",
    "ShowAdvancedSettings": "Zobraziť pokročilé nastavenia",
    "ShowYear": "Zobraz rok",
    "Shows": "Seriály",
    "Shuffle": "Zamiešať",
    "SkipEpisodesAlreadyInMyLibrary": "Nenahrávať epizódy, ktoré už sú v mojej knižnici",
    "Small": "Malé",
    "Songs": "Piesne",
    "Sort": "Zoradiť",
    "SortByValue": "Zoradiť podľa {0}",
    "SortChannelsBy": "Zoradiť kanály podľa:",
    "Sports": "Športy",
    "StopRecording": "Zastaviť nahrávanie",
    "Studios": "Štúdiá",
    "Subtitles": "Titulky",
    "Suggestions": "Návrhy",
    "Sunday": "Nedeľa",
    "TabAccess": "Prístup",
    "TabAdvanced": "Pokročilé",
    "TabAlbums": "Albumy",
    "TabArtists": "Umelci",
    "TabCatalog": "Katalóg",
    "TabChannels": "Kanály",
    "TabCodecs": "Kodeky",
    "TabCollections": "Zbierky",
    "TabContainers": "Kontajnery",
    "TabDashboard": "Dashboard",
    "TabDevices": "Zariadenia",
    "TabEpisodes": "Epizódy",
    "TabFavorites": "Obľúbené",
    "TabGenres": "Žánre",
    "TabGuide": "Sprievodca",
    "TabLatest": "Najnovšie",
    "TabLiveTV": "Živá TV",
    "TabMetadata": "Metadáta",
    "TabMovies": "Filmy",
    "TabMusic": "Hudba",
    "TabMusicVideos": "Hudobné videá",
    "TabMyPlugins": "Moje zásuvné moduly",
    "TabNetworks": "Siete",
    "TabNfoSettings": "NFO nastavenia",
    "TabNotifications": "Upozornenia",
    "TabOther": "Iné",
    "TabParentalControl": "Rodičovská kontrola",
    "TabPassword": "Heslo",
    "TabPlugins": "Zásuvné moduly",
    "TabProfile": "Profil",
    "TabProfiles": "Profily",
    "TabRecordings": "Nahrávky",
    "TabResponses": "Odpovede",
    "TabResumeSettings": "Pokračovať",
    "TabScheduledTasks": "Naplánované úlohy",
    "TabSeries": "Seriály",
    "TabSettings": "Nastavenia",
    "TabShows": "Seriály",
    "TabSongs": "Skladby",
    "TabSuggestions": "Návrhy",
    "TabTrailers": "Trailery",
    "TabTranscoding": "Transkódovanie",
    "TabUpcoming": "Nadchádzajúce",
    "TabUsers": "Užívatelia",
    "TellUsAboutYourself": "Povedzte nám niečo o sebe",
    "ThisWizardWillGuideYou": "Tento sprievodca Vám pomôže prejsť inštalačným procesom. Pre začatie zvoľte preferovaný jazyk.",
    "Thursday": "Štvrtok",
    "TitleHardwareAcceleration": "Hardvérová akcelerácia",
    "TrackCount": "{0} stôp",
    "Trailers": "Trailery",
    "Tuesday": "Utorok",
    "UninstallPluginConfirmation": "Ste si istý, že chcete odinštalovať {0}?",
    "UninstallPluginHeader": "Odinštalovať rozšírenie",
    "Unmute": "Zapnúť zvuk",
    "Unplayed": "Neprehrané",
    "Unrated": "Nehodnotené",
    "Up": "Hore",
    "Upload": "Nahrať",
    "UserProfilesIntro": "Jellyfin zahŕňa podporu pre používaľské profily s rôznymi nastavaniami obrazovky, stavom prehrávania a rodičovskou kontrolou.",
    "ValueAlbumCount": "{0} albumov",
    "ValueAudioCodec": "Audio kodek: {0}",
    "ValueCodec": "Video kodeky: {0}",
    "ValueConditions": "Podmienky: {0}",
    "ValueContainer": "Kontajner: {0}",
    "ValueDiscNumber": "Disk {0}",
    "ValueEpisodeCount": "{0} epizód",
    "ValueMovieCount": "{0} filmov",
    "ValueMusicVideoCount": "{0} hudobných videí",
    "ValueOneEpisode": "1 epizóda",
    "ValueOneMovie": "1 film",
    "ValueOneMusicVideo": "1 hudobné video",
    "ValueOneSeries": "1 séria",
    "ValueOneSong": "1 skladba",
    "ValueSeconds": "{0} sekúnd",
    "ValueSeriesCount": "{0} sérií",
    "ValueSongCount": "{0} skladieb",
    "ValueSpecialEpisodeName": "Špeciál - {0}",
    "ValueTimeLimitMultiHour": "Časový limit: {0} hodín",
    "ValueTimeLimitSingleHour": "Časový limit: 1 hodina",
    "ValueVideoCodec": "Video kodeky: {0}",
    "Vertical": "Vertikálne",
    "ViewAlbum": "Zobraziť album",
    "ViewArtist": "Zobraziť umelca",
    "Wednesday": "Streda",
    "WelcomeToProject": "Vitajte v Jellyfin!",
    "WizardCompleted": "To je zatiaľ všetko, čo potrebujeme. Jellyfin začal zhromažďovať údaje o vašej multimediálnej knižnici. Pozrite si niektoré z našich aplikácií a potom kliknite na <b>Dokončiť</b> pre zobrazenie <b>Dashboardu</b>.",
    "Yes": "Áno",
    "Yesterday": "Včera",
    "AccessRestrictedTryAgainLater": "Prístup je momentálne obmedzený. Prosím, skúste to znova neskôr.",
    "AddedOnValue": "Pridané {0}",
    "Anytime": "Kedykoľvek",
    "Audio": "Zvuk",
    "Backdrop": "Pozadie",
    "ButtonGuide": "Sprievodca",
    "ButtonRevoke": "Odvolať",
    "ButtonSelectView": "Výber zobrazenia",
    "CancelRecording": "Zrušiť nahrávanie",
    "AirDate": "Dátum vysielania",
    "Aired": "Odvysielané",
    "Alerts": "Upozornenia",
    "AllowOnTheFlySubtitleExtraction": "Povoliť extrahovanie titulkov za behu",
    "ButtonFilter": "Filter",
    "ButtonInfo": "Info",
    "ButtonOff": "Vypnúť",
    "ButtonOk": "Ok",
    "ButtonStart": "Štart",
    "ButtonStop": "Zastaviť",
    "ChannelNameOnly": "Iba kanál {0}",
    "ChannelNumber": "Číslo kanálu",
    "DirectPlaying": "Priame prehrávanie",
    "Disabled": "Vypnuté",
    "Display": "Zobrazenie",
    "EnableBackdrops": "Pozadia",
    "EnableDisplayMirroring": "Zrkadlenie obrazu",
    "Ended": "Ukončený",
    "FileReadCancelled": "Čítanie súboru bolo zrušené.",
    "Folders": "Priečinky",
    "GuideProviderLogin": "Prihlásenie",
    "HeaderCancelRecording": "Zrušiť nahrávanie",
    "HeaderDetectMyDevices": "Nájsť moje zariadenia",
    "HeaderFavoriteMovies": "Obľúbené filmy",
    "HeaderFavoriteShows": "Obľúbené seriály",
    "HeaderFavoriteEpisodes": "Obľúbené epizódy",
    "HeaderFavoriteAlbums": "Obľúbené albumy",
    "HeaderFavoriteArtists": "Obľúbení umelci",
    "HeaderFavoriteSongs": "Obľúbené piesne",
    "HeaderFavoriteVideos": "Obľúbené videá",
    "HeaderRecordingOptions": "Nastavenia nahrávania",
    "HeaderStatus": "Stav",
    "LabelAccessEnd": "Koniec:",
    "LabelAccessStart": "Začiatok:",
    "LabelAirsAfterSeason": "Vysielané po sérií:",
    "LabelAlbum": "Album:",
    "LabelCustomRating": "Vlastné hodnotenie:",
    "LabelDynamicExternalId": "{0} Id:",
    "LabelTypeMetadataDownloaders": "{0} sťahovače metadát:",
    "LabelTypeText": "Text",
    "DashboardVersionNumber": "Verzia: {0}",
    "DashboardServerName": "Server: {0}",
    "DashboardOperatingSystem": "Operačný systém: {0}",
    "DashboardArchitecture": "Architektúra: {0}",
    "LabelWeb": "Web:",
    "LeaveBlankToNotSetAPassword": "Toto pole môžete nechať prázdne pre nastavenie bez hesla.",
    "LinksValue": "Odkazy: {0}",
    "List": "Zoznam",
    "Logo": "Logo",
    "MediaInfoSoftware": "Softvér",
    "MediaInfoStreamTypeAudio": "Audio",
    "MediaInfoStreamTypeData": "Dáta",
    "MediaInfoStreamTypeSubtitle": "Titulky",
    "MediaInfoStreamTypeVideo": "Video",
    "MessageImageFileTypeAllowed": "Sú podporované iba súbory JPEG a PNG.",
    "Playlists": "Playlisty",
    "Sync": "Synchronizácia",
    "Box": "Obal",
    "BoxRear": "Obal (zadná časť)",
    "ButtonLibraryAccess": "Prístup ku knižnici",
    "ConfirmDeleteItem": "Zmazaním tejto položky odstránite súbor zo súborového systému aj z knižnice médií. Ste si istý/á, že chcete pokračovať?",
    "ConfirmDeleteItems": "Zmazaním týchto položiek odstránite súbory zo súborového systému aj z knižnice médií. Ste si istý/á, že chcete pokračovať?",
    "Continuing": "Pokračujúci",
    "Default": "Predvolené",
    "DirectStreamHelp2": "Priame streamovanie súboru používa veľmi málo procesorového výkonu bez straty kvality videa.",
    "DirectStreaming": "Priame streamovanie",
    "DisplayMissingEpisodesWithinSeasonsHelp": "Toto musí byť povolené pre TV knižnice v nastavení servera.",
    "DisplayModeHelp": "Zvoľte typ obrazovky, na ktorej používate Jellyfin.",
    "EnableCinemaMode": "Kino režim",
    "EnableNextVideoInfoOverlay": "Zobraziť informácie o nasledujúcom videu počas prehrávania",
    "EnableNextVideoInfoOverlayHelp": "Na konci videa sa zobrazia informácie o nasledujúcom videu v aktuálnom playliste.",
    "ErrorAddingMediaPathToVirtualFolder": "Pri pridávaní cesty k mediám nastala chyba. Uistite sa prosím, že cesta je platná, a že proces Jellyfin servera má prístup k umiestneniu.",
    "HeaderAddScheduledTaskTrigger": "Pridať spúšťač",
    "HeaderAddToPlaylist": "Pridať do playlistu",
    "HeaderAlert": "Upozornenie",
    "HeaderCastCrew": "Obsadenie a štáb",
    "HeaderDownloadSync": "Sťahovanie a synchronizácia",
    "HeaderExternalIds": "Externé ID:",
    "HeaderFeatureAccess": "Prístup k funkciám",
    "HeaderFeatures": "Funkcie",
    "HeaderHome": "Domov",
    "HeaderLoginFailure": "Prihlásenie zlyhalo",
    "HeaderMediaFolders": "Priečinky médií",
    "HeaderRemoveMediaFolder": "Odstrániť priečinok médií",
    "HeaderSelectCertificatePath": "Vybrať cestu k certifikátu",
    "HeaderSortOrder": "Poradie zoraďovania",
    "HeaderSpecialEpisodeInfo": "Informácie o špeciálnej epizóde",
    "HeaderSpecialFeatures": "Bonusové materiály",
    "HeaderSubtitleDownloads": "Sťahovanie titulkov",
    "HeaderTags": "Tagy",
    "HeaderVideoType": "Typ videa",
    "HeaderVideoTypes": "Typy videí",
    "LabelAirsBeforeSeason": "Vysielané pred sériou:",
    "LabelAudio": "Zvuk:",
    "LabelBlockContentWithTags": "Blokovať položky s tagmi:",
    "LabelDisplayMode": "Režim zobrazenia:",
    "LabelDisplaySpecialsWithinSeasons": "Zobraziť špeciálne epizódy v sérií, v ktorej boli odvysielané",
    "Option3D": "3D",
    "OptionAlbum": "Album",
    "OptionBluray": "Blu-ray",
    "OptionCaptionInfoExSamsung": "CaptionInfoEx (Samsung)",
    "OptionDownloadLogoImage": "Logo",
    "OptionDownloadMenuImage": "Ponuka",
    "OptionDownloadPrimaryImage": "Primárne",
    "OptionDvd": "DVD",
    "OptionExtractChapterImage": "Povoliť extrakciu obrázkov z videa",
    "OptionHasSpecialFeatures": "Bonusové materiály",
    "OptionHasTrailer": "Trailer",
    "OptionIsHD": "HD",
    "OptionIsSD": "SD",
    "OptionList": "Zoznam",
    "OptionMax": "Max",
    "OptionPoster": "Plagát",
    "OptionProfileAudio": "Zvuk",
    "OptionProfileVideo": "Video",
    "OptionProtocolHls": "Živý HTTP stream",
    "OptionRequirePerfectSubtitleMatch": "Sťahovať iba titulky, ktoré perfektne sedia k mojim video súborom",
    "OptionThumb": "Náhľad",
    "Rate": "Hodnotenie",
    "Recordings": "Nahrávky",
    "RemoveFromPlaylist": "Odobrať z playlistu",
    "RepeatMode": "Režim opakovania",
    "RequiredForAllRemoteConnections": "Vyžadované pre všetky vzdialené pripojenia",
    "Rewind": "Pretočiť späť",
    "Runtime": "Dĺžka",
    "Schedule": "Naplánovné úlohy",
    "SeriesDisplayOrderHelp": "Zoradiť epizódy podľa dátumu vysielania, poradia na DVD alebo absolútneho číslovania.",
    "SeriesYearToPresent": "{0} - Súčasnosť",
    "ShowIndicatorsFor": "Zobraziť indikátory pre:",
    "ShowTitle": "Zobraziť názov",
    "Smaller": "Menšie",
    "SortName": "Zoradiť podľa názvu",
    "TabDirectPlay": "Priame prehrávanie",
    "TabLogs": "Záznamy",
    "TabPlayback": "Prehrávanie",
    "TabPlaylist": "Playlist",
    "TabPlaylists": "Playlisty",
    "TabServer": "Server",
    "TabStreaming": "Streamovanie",
    "Tags": "Tagy",
    "TagsValue": "Tagy: {0}",
    "TitlePlayback": "Prehrávanie",
    "Transcoding": "Prekódovavanie",
    "ValueMinutes": "{0} min",
    "ValueOneAlbum": "1 album",
    "Absolute": "Absolútne",
    "LabelDidlMode": "DIDL režim:",
    "LabelDateTimeLocale": "Lokálne nastavenia dátumu:",
    "LabelBlastMessageInterval": "Doba zobrazenie správy (sekundy)",
    "LabelAlbumArtMaxWidth": "Maximálna šírka obrázku albumu:",
    "LabelAlbumArtMaxHeight": "Maximálna výška obrázku albumu:",
    "LabelAirDays": "Vysielané:",
    "HeaderTunerDevices": "Tunery",
    "ViewPlaybackInfo": "Zobraziť info o prehrávaní",
    "Uniform": "Jednotné",
    "ThemeVideos": "Tematické videá",
    "ThemeSongs": "Tématická hudba",
    "TabInfo": "Info",
    "TV": "TV",
    "SkipEpisodesAlreadyInMyLibraryHelp": "Epizódy budú porovnané na základe čísla série a epizódy, ak sú k dispozícii.",
    "SimultaneousConnectionLimitHelp": "Maximálny povolený počet súčasných streamov. Zadajte 0 pre vypnutie obmedzenia.",
    "RepeatEpisodes": "Opakovanie epizód",
    "Record": "Nahrávať",
    "PreferredNotRequired": "Preferované, ale nevyžadované",
    "OptionRegex": "Regex",
    "OptionEstimateContentLength": "Odhadnúť dĺžku obsahu pri prekódovávaní",
    "OptionEnableForAllTuners": "Povoliť pre všetky tunery",
    "OptionEnableExternalContentInSuggestions": "Povoliť externý obsah v návrhoch",
    "OptionBlockChannelContent": "Obsah internetového kanála",
    "OnlyImageFormats": "Iba obrazové formáty (VOBSUB, PGS, SUB, atď)",
    "Off": "Vypnuté",
    "MusicVideo": "Videoklip",
    "MusicArtist": "Interpret",
    "LabelAirsBeforeEpisode": "Vysielané pred epizódou:",
    "LabelAbortedByServerShutdown": "(Prerušené vypnutím serveru)",
    "HideWatchedContentFromLatestMedia": "Skryť pozreté položky zo zoznamu najnovších médií",
    "HeaderTranscodingProfile": "Profil prekódovania",
    "HeaderSeriesOptions": "Nastavenia seriálov",
    "HeaderRestartingServer": "Server sa reštartuje",
    "HeaderParentalRatings": "Rodičovské hodnotenia",
    "HeaderEnabledFields": "Povolené polia",
    "HeaderAudioLanguages": "Jazyk zvuku",
    "HeaderAllowMediaDeletionFrom": "Povoliť zmazanie médií z",
    "HeaderAdmin": "Admin",
    "EnableThemeVideos": "Videá úvodných zvučiek",
    "EnableThemeSongs": "Úvodné zvučky",
    "EnablePhotosHelp": "Obrázky budú detekované a zobrazené spolu s ostatnými multimediálnymi súbormi.",
    "EnableColorCodedBackgrounds": "Farebne označené pozadia",
    "DropShadow": "Vrhať tieň",
    "Auto": "Auto",
    "AllowMediaConversionHelp": "Povoliť alebo zakázať prístup k funkcií konverzie médií.",
    "AddToPlaylist": "Pridať do playlistu",
    "HeaderAlbumArtists": "Umelci albumu",
    "AddToPlayQueue": "Pridať do fronty prehrávania",
    "AdditionalNotificationServices": "Prehľadávať katalóg zásuvných modulov pre inštaláciu dodatočných služieb oznámení.",
    "AllowHWTranscodingHelp": "Povoliť tuneru transkódovať stream za behu. Toto môže znížiť objem transkódovania požadovaný serverom.",
    "LabelEnableBlastAliveMessages": "Vysielať správu o serveri",
    "LabelEmbedAlbumArtDidl": "Vložiť obrázok albumu do Didl",
    "LabelDropShadow": "Vrhať tieň:",
    "LabelDownMixAudioScaleHelp": "Zosilnenie zvuku pri downmixe. Nastavenie hodnoty na 1 zachová pôvodnú hlasitosť.",
    "LabelDownMixAudioScale": "Zosilnenie zvuku pri downmixe:",
    "LabelDisplayName": "Zobrazovaný názov:",
    "LabelDisplayLanguageHelp": "Preklad Jellyfinu je v neustálom vývoji.",
    "LabelDefaultUserHelp": "Určuje, ktorá používateľská knižnica by mala byť zobrazená na pripojenom zariadení. Toto nastavenie môže byť prepísané pomocou profilov pre každé zariadenie.",
    "LabelDateAddedBehaviorHelp": "Pokiaľ majú metadáta hodnotu, bude vždy použitá pred niektorou z týchto možností.",
    "LabelDashboardTheme": "Téma dashboardu servera:",
    "LabelCustomDeviceDisplayNameHelp": "Nahradte vlastným názvom alebo ponechajte prázdne, aby názov určilo zariadenie.",
    "LabelCustomDeviceDisplayName": "Zobrazený názov:",
    "LabelCache": "Cache:",
    "LabelBurnSubtitles": "Vypáliť titulky:",
    "LabelBitrate": "Dátový tok:",
    "LabelBindToLocalNetworkAddress": "Viazať na lokálnu sieťovú adresu:",
    "LabelAuthProvider": "Poskytovateľ overenia:",
    "LabelAudioSampleRate": "Vzorkovacia frekvencia zvuku:",
    "LabelAudioCodec": "Audio kodek:",
    "LabelAudioChannels": "Počet zvukových kanálov:",
    "LabelAudioBitrate": "Dátový tok zvuku:",
    "LabelAudioBitDepth": "Bitová hĺbka zvuku:",
    "LabelAllowedRemoteAddressesMode": "Režim filtrácie vzdialenej IP adresy:",
    "LabelAlbumArtists": "Album umelca:",
    "InstantMix": "Okamžitý mix",
    "ImportFavoriteChannelsHelp": "Pokiaľ je možnosť povolená, tak len kanály označené ako obľúbené budú importované na zariadenie tuneru.",
    "HttpsRequiresCert": "Pre povolenie zabezpečeného pripojenia budete musieť dodať dôveryhodný SSL certifikát, ako napríklad Let's Encrypt. Prosím, buď dodajte certifikát alebo zakážte zabezpečené pripojenie.",
    "HeaderXmlDocumentAttributes": "Atribúty XML dokumentu",
    "HeaderXmlDocumentAttribute": "Atribúty XML dokumentu",
    "HeaderUpcomingOnTV": "Bude vysielané v TV",
    "HeaderTypeImageFetchers": "{0} sťahovač/če/ov obrázkov",
    "HeaderTranscodingProfileHelp": "Pridať transkódovacie profily pre určenie, ktoré formáty by mali byť použité, keď je transkódovanie vyžadované.",
    "HeaderSubtitleProfilesHelp": "Profily titulkov popisujú formáty titulkov, ktoré dané zariadenie podporuje.",
    "HeaderSeriesStatus": "Stav seriálu",
    "HeaderSelectTranscodingPathHelp": "Prechádzať alebo zadať cestu, kde by ste chceli uložiť dočasné transkódované súbory. Priečinok musí mať oprávnenie na zapisovanie.",
    "HeaderSelectTranscodingPath": "Vyberte cestu pre dočasné transkódované súbory",
    "HeaderSelectServerCachePathHelp": "Prechádzať alebo zadať cestu, kde by ste chceli uložiť cache súbory. Priečinok musí mať oprávnenie na zapisovanie.",
    "HeaderSelectServerCachePath": "Vyberte cestu pre Server Cache",
    "HeaderSelectMetadataPathHelp": "Prechádzať alebo zadať cestu, kde by ste chceli uložiť metadáta. Priečinok musí mať oprávnenie na zapisovanie.",
    "HeaderSelectMetadataPath": "Vyberte cestu k metadátam",
    "HeaderResponseProfileHelp": "Profil odozvy poskytuje spôsob, ako prispôsobiť informácie zaslané do zariadenia pri prehrávaní určitých druhov medií.",
    "HeaderResponseProfile": "Profil odozvy",
    "HeaderRemoveMediaLocation": "Odobrať cestu medií",
    "HeaderRecordingPostProcessing": "Spracovanie nahratých nahrávok",
    "HeaderProfileServerSettingsHelp": "Tieto hodnoty určujú, ako sa bude Jellyfin Server prezentovať v zariadeniach.",
    "HeaderPluginInstallation": "Inštalácia zásuvných modulov",
    "HeaderPlayback": "Prehrávanie medií",
    "HeaderPlayOn": "Prehrať na",
    "HeaderOnNow": "Práve teraz",
    "HeaderLiveTvTunerSetup": "Nastavenie TV tuneru pre živé vysielanie",
    "HeaderKodiMetadataHelp": "Pokiaľ chcete povoliť alebo zakázať NFO metadáta, upravte knižnicu v nastavení Jellyfin knižníc v sekcii ukladania metadát.",
    "HeaderKeepSeries": "Zachovať seriál",
    "HeaderKeepRecording": "Zachovať nahrávanie",
    "HeaderImageOptions": "Možnosti obrázkov",
    "HeaderIdentificationHeader": "Hlavička identifikácie",
    "HeaderGuideProviders": "Poskytovatelia TV sprievodcov",
    "HeaderFetcherSettings": "Nastavenie sťahovača",
    "HeaderFavoritePeople": "Obľúbené osoby",
    "HeaderFavoriteBooks": "Obľúbené knihy",
    "HeaderEnabledFieldsHelp": "Zrušte zaškrtnutie, aby ste zabránili zmenám dát.",
    "HeaderDisplay": "Zobrazenie",
    "HeaderDirectPlayProfile": "Profil Priameho prehrávania",
    "HeaderDeveloperInfo": "Informácie pre vývojára",
    "HeaderDeleteTaskTrigger": "Vymazať spúšťač úlohy",
    "HeaderDefaultRecordingSettings": "Predvolené nastavenia nahrávania",
    "HeaderCodecProfileHelp": "Profily kodekov označujú obmedzenia zariadenia pri prehrávaní pomocou špecifických kodekov. Pokiaľ je obmedzenie aplikované, médium bude transkódované aj pokiaľ je kodek nakonfigurovaný na priame prehrávanie.",
    "HeaderContainerProfileHelp": "Profily kontajnerov označujú obmedzenia zariadenia pri prehrávaní pomocou špecifických formátov. Pokiaľ je obmedzenie aplikované, médium bude transkódované aj pokiaľ je formát nakonfigurovaný na priame prehrávanie.",
    "HeaderContainerProfile": "Profily kontajnerov",
    "HeaderConfirmRevokeApiKey": "Odňať API kľúč",
    "HeaderCodecProfile": "Profil kodekov",
    "HeaderChannelAccess": "Prístup ku kanálu",
    "HeaderCancelSeries": "Ukončiť seriál",
    "HeaderBranding": "Značka",
    "HeaderBlockItemsWithNoRating": "Blokované položky so žiadnymi alebo nerozpoznanými informáciami o hodnotení:",
    "HeaderAppearsOn": "Objaví sa",
    "HeaderApp": "Appka",
    "HeaderApiKeysHelp": "Externé aplikácie musia mať vlastný API kľúč, aby mohli komunikovať s Jellyfin Serverom. Kľúče sú vydávané pomocou prihlásenia sa cez Jellyfin účet alebo manuálnym priradením kľúča aplikácií.",
    "HeaderAdditionalParts": "Dodatočné časti",
    "HardwareAccelerationWarning": "Povolenie hardvérovej akcelerácie môže spôsobiť nestabilitu v niektorých podmienkach. Uistite sa, že váš operačný systém a grafické ovládače sú plne aktualizované. Pokiaľ máte po zapnutí problémy s prehrávaním videa, budete musieť zmeniť nastavenie späť na Žiadne.",
    "AddItemToCollectionHelp": "Pridať položku do kolekcie jej vyhľadaním a použitím pravého tlačítka myši alebo kliknutím na tlačidlo ponuky a pridať do kolekcie.",
    "HandledByProxy": "Spracované pomocou reverznej proxy",
    "EncoderPresetHelp": "Vyberte hodnotu faster pre zlepšenie výkonu alebo hodnotu slower pre zlepšenie kvality.",
    "H264CrfHelp": "Constant Rate Factor (CRF) je východzím nastavením kvality pre x264 enkodér. Môžete mu nadstaviť hodnotu medzi 0 a 51, kde nižšia hodnota vedie k vyššej kvalite (za cenu väčšieho súboru). Rozumné hodnoty sú medzi 18 a 28. Východzia hodnota pre x264 je 23, ktorú môžete použiť ako začiatočný bod.",
    "GuideProviderSelectListings": "Výber zobrazenia",
    "GroupVersions": "Skupinové verzie",
    "FetchingData": "Načítavanie dodatočných dát",
    "Extras": "Extras",
    "FastForward": "Rýchlo dopredu",
    "FFmpegSavePathNotFound": "Nepodarilo sa nám nájsť FFmpeg pomocou vami zadanej cesty. FFprobe je taktiež potrebná a musí existovať v rovnakom priečinku. Tieto komponenty sú za normálnych okolností zabalené spolu do toho istého priečinku. Prosím, overte zadanú cestu a skúste to znova.",
    "ErrorSavingTvProvider": "Nastala chyba pri ukladaní sprostredkovateľa TV vysielania. Prosím, uistite sa, že je prístupný a skúste to znova.",
    "ErrorPleaseSelectLineup": "Prosím, vyberte lineup a skúste to znova. Pokiaľ nie je k dispozícií žiaden lineup, skontrolujte, či je vaše používateľské meno, heslo a PSČ správne.",
    "ErrorGettingTvLineups": "Nastala chyba pri sťahovaní rozpisov TV programov. Prosím, uistite sa že vaše informácie sú správne a skúste to znova.",
    "ErrorDeletingItem": "Nastala chyba pri vymazávaní položky z Jellyfin Servera. Prosím, overte, či Jellyfin Server má práva pre zapisovanie do priečinku s médiami a skúste to znova.",
    "ErrorAddingXmlTvFile": "Nastala chyba pri prístupe k XMLTV súboru. Prosím, uistite sa že súbor existuje a skúste to znova.",
    "ErrorAddingTunerDevice": "Nastala chyba pri pridávaní tunera. Prosím, uistite sa že je dostupný a skúste to znova.",
    "EnableThemeVideosHelp": "Prehrať videá úvodných zvučiek na pozadí počas prechádzania knižnice.",
    "EnableThemeSongsHelp": "Prehrať úvodnú zvučku na pozadí pri prechádzaní knižnice.",
    "EnableStreamLoopingHelp": "Povolte, pokiaľ živé vysielanie obsahuje len pár sekúnd dát a nemusí byť nepretržite požadované. Pokiaľ bude táto funkcia povolená v prípade, že nebude potrebná, môže spôsobiť problémy.",
    "EnableStreamLooping": "Auto cyklenie živých vysielaní",
    "EnableExternalVideoPlayersHelp": "Ponuka externého prehrávača sa zobrazí pri spustení prehrávania videa.",
    "EnableBackdropsHelp": "Zobraziť pozadia na pozadí pre niektoré stránky pri prechádzaní knižnice.",
    "DisplayInOtherHomeScreenSections": "Zobrazenie v sekciách domovskej obrazovky, ako sú najnovšie médiá a pokračovať v pozeraní",
    "DirectStreamHelp1": "Médium je kompatibilné zo zariadením nezávisle na rozlíšení alebo type média (H.264, AC3, atď.), je však v nekompatibilnom kontajneri (mkv, avi, wmv, atď.). Video bude za behu prebalené do kompatibilného kontajnera ešte pred streamovaním do zariadenia.",
    "Depressed": "Stlačený",
    "DefaultSubtitlesHelp": "Titulky sú načítané v závislosti od predvolených a vynútených nastavení v zabudovaných metadátach. Jazykové predvoľby sú zobrané do úvahy až vtedy, keď je k dispozícií viacero možností.",
    "DefaultMetadataLangaugeDescription": "Toto sú vaše predvolené hodnoty ktoré môžu byť prispôsobené na základe jednotlivých knižníc.",
    "CustomDlnaProfilesHelp": "Vytvorte si vlastný profil pre nové zariadenie alebo pre prepísanie systémového profilu.",
    "CopyStreamURLSuccess": "URL úspešne skopírovaná.",
    "CopyStreamURL": "Kopírovať URL adresu streamu",
    "ConfigureDateAdded": "Konfigurácia, ako sa pridáva dátum, je definovaná v dashboarde Jellyfin Servera pod nastavením Knižnice",
    "ColorTransfer": "Farba prenosu",
    "ColorPrimaries": "Primárna farba",
    "CinemaModeConfigurationHelp": "Kino režim prináša zážitok ako z kina priamo do vašej obývačky s možnosťou prehrať trailery a vlastné intrá pred hlavným programom.",
    "ChangingMetadataImageSettingsNewContent": "Zmeny v nastavení metadát alebo v sťahovaní artworkov sa budú vzťahovať len na nový obsah pridaný do vašej knižnice. Pokiaľ chcete aplikovať zmeny na existujúce položky, musíte ich aktualizovať manuálne.",
    "CancelSeries": "Ukončiť seriál",
    "ButtonSplit": "Rozdeliť",
    "ButtonAddImage": "Pridať obrázok",
    "BurnSubtitlesHelp": "Určuje, či má server vypaľovať titulky počas prevodu videa v závislosti na formáte tituliek. Vynechanie tejto možnosti výrazne zvýši výkon serveru. Vyberte možnosť Auto, pokiaľ chcete vypalovať do obrazu titulky v grafickom formáte (VOBSUB, PGS, SUB/IDX, atď.) a niektoré ASS/SSA titulky.",
    "BrowsePluginCatalogMessage": "Prehliadnite si náš katalóg dostupných zásuvných modulov.",
    "Browse": "Prechádzať",
    "Blacklist": "Blacklist",
    "Banner": "Banner",
    "AuthProviderHelp": "Vyberte poskytovateľa overenia, ktorý bude použitý pre overenie hesla tohoto používateľa.",
    "Art": "Umenie",
    "AlwaysPlaySubtitlesHelp": "Titulky odpovedajúce jazykovej preferencií sa načítajú bez ohľadu na jazyk zvuku.",
    "AllowedRemoteAddressesHelp": "Zoznam IP adries alebo IP/netmask záznamov pre siete oddelené čiarkami z ktorých sa dá vzdialene pripojiť. Pokiaľ zoznam bude prázdny, všetky adresy budú povolené.",
    "AllowOnTheFlySubtitleExtractionHelp": "Vložené titulky môžu byť extrahované z videa a prenesené na klienta vo forme jednoduchého textu aby sa zabránilo transkódovaniu videa. Na niektorých systémoch táto operácia môže trvať dlhší čas a a spôsobiť sekanie videa počas počas extrahovania. Vypnutie tejto funkcie bude mať za následok, že titulky budú počas transkódovania vypálené do samotného videa pokiaľ klientské zariadenie natívne nepodporuje ich formát.",
    "Watched": "Pozreté",
    "TvLibraryHelp": "Pozrite sa na {0}sprievodcu pomenovania TV programov{1}.",
    "LabelLineup": "Lineup:",
    "ErrorAddingListingsToSchedulesDirect": "Nastala chyba pri pridávaní lineupu do účtu vášho Direct plánovača. Direct plánovač umožňuje len obmedzený počet lineupov na účet. Možno sa budete musieť prihlásiť na web Direct plánovača a odstrániť ostatné záznamy z vášho účtu pred pokračovaním.",
    "Features": "Funkcie",
    "XmlTvPathHelp": "Cesta k XMLTV súboru. Jellyfin tento súbor načíta a pravidelne ho skontroluje, či neobsahuje aktualizácie. Ste zodpovedný za vytvorenie a aktualizovanie tohoto súboru.",
    "XmlTvNewsCategoriesHelp": "Programy s týmito kategóriami budú zobrazené ako spravodajské programy. Viacej kategórií oddelte \"|\".",
    "XmlTvMovieCategoriesHelp": "Programy s týmito kategóriami budú zobrazené ako filmy. Viacej kategórií oddelte \"|\".",
    "XmlTvKidsCategoriesHelp": "Programy s týmito kategóriami budú zobrazené ako programy pre deti. Viacej kategórií oddelte \"|\".",
    "XmlDocumentAttributeListHelp": "Tieto atribúty sú aplikované do koreňového prvku každej XML odpovede.",
    "Writer": "Napísal",
    "Whitelist": "Whitelist",
    "VideoRange": "Rozsah videa",
    "UserAgentHelp": "Zadajte vlastnú HTTP hlavičku pre user agenta.",
    "TitleHostingSettings": "Nastavenie hostingu",
    "Thumb": "Náhľad",
    "TheseSettingsAffectSubtitlesOnThisDevice": "Toto nastavenie ovplyvní titulky na tomto zariadení",
    "TabNetworking": "Sieť",
    "TabDisplay": "Zobrazenie",
    "TabAlbumArtists": "Umelec albumu",
    "SystemDlnaProfilesHelp": "Systémové profily sú len na čítanie. Zmeny systémových profilov budú uložené do nového vlastné profilu.",
    "SubtitleOffset": "Odchýlka titulkov",
    "SubtitleDownloadersHelp": "Povolí a ohodnotí vaše preferované sťahovače titulkov podľa priority.",
    "SubtitleAppearanceSettingsDisclaimer": "Tieto nastavenia sa nevzťahujú na grafické (PGS, DVD, atď) alebo ASS/SSA titulky, ktoré majú vložené svoje vlastne štýly.",
    "SubtitleAppearanceSettingsAlsoPassedToCastDevices": "Tieto nastavenia platia pre akékoľvek Chromecast prehrávanie spustené týmto zariadením.",
    "SmartSubtitlesHelp": "Titulky odpovedajúce jazykovým preferenciám budú načítané, pokiaľ je ako zvuk zvolený cudzí jazyk.",
    "Smart": "Inteligentný",
    "SmallCaps": "Malé písmená",
    "SettingsWarning": "Zmenou týchto hodnôt je možné spôsobiť nestabilitu alebo zlyhanie pripojenia. Pokiaľ máte akékoľvek problémy, odporúčame toto nastavenie vrátiť na východziu hodnotu.",
    "SeriesRecordingScheduled": "Nahrávanie seriálu bolo naplánované.",
    "SeriesCancelled": "Seriál zrušený.",
    "SelectAdminUsername": "Prosím, vyberte si používateľské meno pre účet administrátora.",
    "RefreshQueued": "Obnovenie zaradené do fronty.",
    "RefreshDialogHelp": "Metadáta sa obnovujú na základe nastavení a internetových služieb, ktoré sú povolené v dashboarde Jellyfin Serveru.",
    "RecordingPathChangeMessage": "Zmenou priečinku pre nahrávanie sa existujúce nahrávky automaticky nepresunú zo starej lokácie na na novú. Budete ich musieť presunúť ručne, pokiaľ budete chcieť.",
    "RecordSeries": "Nahrať sériu",
    "Raised": "Vyvolané",
    "QueueAllFromHere": "Všetko odtiaľto zaradiť do fronty",
    "Primary": "Primárna",
    "PreferEmbeddedTitlesOverFileNamesHelp": "Toto určuje východzí názov zobrazenia, pokiaľ nie sú k dispozícií internetové metadáta alebo lokálne metadáta.",
    "PreferEmbeddedTitlesOverFileNames": "Preferovať vložené názvy nad názvami súborov",
    "PleaseConfirmPluginInstallation": "Prosím, kliknite na OK pre potvrdenie, že ste prečítali text uvedený vyššie a chcete pokračovať v inštalácií zásuvného modulu.",
    "PlaybackData": "Podrobnosti prehrávania",
    "PlayAllFromHere": "Prehrať všetko odtiaľto",
    "PasswordResetProviderHelp": "Zvoľte poskytovateľa obnovy hesla, ktorý bude použitý, keď používateľ požiada o obnovu hesla",
    "OptionThumbCard": "Náhľadové kartičky",
    "OptionSubstring": "Podreťazec",
    "OptionSpecialEpisode": "Špeciály",
    "OptionSaveMetadataAsHiddenHelp": "Zmena bude platiť pre nové metadáta uložené v budúcnosti. Existujúce metadáta budú aktualizované na ďalší raz, akonáhle budú uložené Jellyfin Serverom.",
    "OptionResElement": "Zdrojový element",
    "OptionRequirePerfectSubtitleMatchHelp": "Vyžadovanie dokonalej zhody filtruje titulky tak, aby obsahovali iba tie ktoré boli odskúšané a overené pre váš konkrétny video súbor. Zrušenie zaškrtnutia tohoto zvýši pravdepodobnosť sťahovania tituliek, ale zvýši šancu chybného časovania alebo nesprávneho textu tituliek.",
    "OptionReportByteRangeSeekingWhenTranscodingHelp": "Toto je vyžadované pre niektoré zariadenia, ktoré nevedia moc dobre časovo pretáčať.",
    "OptionReportByteRangeSeekingWhenTranscoding": "Hlásiť, že server podporuje bajtové pretáčanie pri transkódovaní",
    "OptionRandom": "Náhodne",
    "OptionProfileVideoAudio": "Video Zvuk",
    "OptionPosterCard": "Plagátová karta",
    "OptionPlainVideoItemsHelp": "Pokiaľ je povolené, všetky videá sú reprezentované v DIDL ako \"object.item.videoItem\" namiesto viac špecifického typu, ako napríklad \"object.item.videoItem.movie\".",
    "OptionPlainStorageFoldersHelp": "Pokiaľ je povolené, všetky priečinky sú reprezentované v DIDL ako \"object.container.storageFolder\" namiesto viac špecifického typu, ako napríklad \"object.container.person.musicArtist\".",
    "OptionPlainStorageFolders": "Zobraziť všetky priečinky ako jednoduché priečinky pre ukladanie",
    "OptionOnInterval": "V intervale",
    "OptionLoginAttemptsBeforeLockoutHelp": "Hodnota 0 znamená zdedenie východzej hodnoty troch pokusov pre bežného používateľa a päť pre administrátora. Nastavením na -1 sa táto funkcia zakáže.",
    "OptionLoginAttemptsBeforeLockout": "Určuje, koľko chybných prihlásení môže byť urobených pred uzamknutím.",
    "OptionIgnoreTranscodeByteRangeRequestsHelp": "Pokiaľ je povolené, budú tieto požiadavky aj naďalej plnené, avšak hlavičky bajtových rozsahov budú ignorované.",
    "OptionIgnoreTranscodeByteRangeRequests": "Ignorovať požiadavky na transkódovanie bajtového rozsahu",
    "OptionHlsSegmentedSubtitles": "HLS segmentované titulky",
    "OptionExternallyDownloaded": "Externé sťahovanie",
    "OptionEnableExternalContentInSuggestionsHelp": "Povoliť zahrnutie internetových trailerov a živých TV programov do navrhovaného obsahu.",
    "OptionDownloadImagesInAdvanceHelp": "Vo východzom stave sa väčšina obrázkov sťahuje až po vyžiadaní Jellyfin aplikáciou. Povolením tejto možnosti sa budú všetky obrázky sťahovať popredu, keď sa budú importovať nové médiá. Toto môže spôsobiť výrazne dlhšie skenovanie knižnice.",
    "OptionDownloadBoxImage": "Krabica",
    "OptionDownloadBannerImage": "Banner",
    "OptionDisplayFolderViewHelp": "Zobraziť priečinky popri ostatných médiách v knižnici. Toto môže byť užitočné, pokiaľ chcete vidieť jednoduché zobrazenie priečinku.",
    "OptionDisplayFolderView": "Zobraziť priečinok s jednoduchým zobrazením priečinkov medií",
    "OptionBlockTvShows": "Seriál",
    "OptionBlockLiveTvChannels": "Živé TV kanály",
    "OptionBanner": "Banner",
    "OptionAutomaticallyGroupSeriesHelp": "Pokiaľ je povolené, tak sa série, ktoré sú rozhádzané skrz rôzne priečinky, budú automaticky v tejto knižnici zlučovať do jedného seriálu.",
    "OptionAllowVideoPlaybackRemuxing": "Povoliť prehrávanie videa, ktoré vyžaduje konverziu bez opätovného enkódovania",
    "OptionAllowSyncTranscoding": "Povoliť sťahovanie a synchronizáciu medií, ktoré vyžadujú transkódovanie",
    "OptionAllowMediaPlaybackTranscodingHelp": "Obmedzenie prístupu ku transkódovaniu môže spôsobiť zlyhania prehrávania v Jellyfin aplikáciách kvôli nepodporovaným formátom medií.",
    "MessageNoTrailersFound": "Neboli nájdené žiadne trailery. Nainštalujte Trailer kanál pre rozšírenie vášho filmového zážitku pridaním knižnice trailerov z internetu.",
    "LanNetworksHelp": "Zoznam IP adries alebo IP/netmask záznamov pre všetky siete oddelené čiarkami ktoré budú považované za lokálnu sieť pri vynucovaní obmedzenia šírky pásma. Pokiaľ je toto nastavené, všetky ostatné IP adresy budú považované za vonkajšiu sieť a budú podliehať obmedzeniam šírky pásma vonkajšej siete. Pokiaľ pole ostane prázdne, podsieť serveru bude považovaná za lokálnu sieť.",
    "LabelUserAgent": "User agent:",
    "LabelEnableBlastAliveMessagesHelp": "Povolte v prípade, že server nie je viditeľný inými UPnP zariadeniami na vašej sieti.",
    "XmlTvSportsCategoriesHelp": "Programy s týmito kategóriami budú zobrazené ako športové programy. Viacej kategórií oddelte \"|\".",
    "OptionAlbumArtist": "Umelec albumu",
    "NoSubtitlesHelp": "Vo východzom nastavení nebudú titulky načítané. Stále však môžu byť manuálne zapnuté počas prehrávania.",
    "MessageLeaveEmptyToInherit": "Zanechajte prázdne pre zdedenie nastavení z rodičovskej položky alebo z východzej globálnej hodnoty.",
    "NoNewDevicesFound": "Nebolo nájdené žiadne nové zariadenie. Pre pridanie nového tunera, zatvorte tento dialóg a zadajte informácie o zariadení manuálne.",
    "NewCollectionHelp": "Kolekcie dovoľujú vytvorenie personalizovaných zoskupení filmov a ostatného obsahu knižnice.",
    "MovieLibraryHelp": "Pozrite si {0}príručku pomenovania filmov{1}.",
    "MusicLibraryHelp": "Pozrite si {0}príručku pomenovania hudby{1}.",
    "MusicAlbum": "Hudobný album",
    "MoreMediaInfo": "Informácie o médiu",
    "MetadataSettingChangeHelp": "Zmena nastavení metadát ovplyvní nový obsah, ktorý bude pridávaný v budúcnosti. Pre obnovenie existujúceho obsahu, otvorte obrazovku s detailom a kliknite na tlačítko obnoviť alebo vykonajte hromadnú obnovu cez metadata manažér.",
    "MessageUnsetContentHelp": "Obsah bude zobrazený ako jednoduché priečinky. Pre lepšie výsledky použite manažér metadát na nastavenie typu obsahu podpriečinkov.",
    "MessageUnableToConnectToServer": "Nie sme schopný sa aktuálne pripojiť k vybranému serveru. Prosím, uistite sa že je spustený a skúste to znovu.",
    "MessageReenableUser": "Pozrite nižšie pre znovu-povolenie",
    "MessagePluginInstallDisclaimer": "Zásuvné moduly vytvorené členmi Jellyfin komunity sú úžasná cesta ako zlepšiť váš Jellyfin zážitok s dodatočnými funkciami a benefitmi. Pred inštaláciou sa prosím oboznámte s efektmi, ktoré môžu mať vplyv na váš Jellyfin Server, ako dlhšie prehľadávanie knižníc, dodatočné procesy na pozadí a zníženie stability systému.",
    "MessagePluginConfigurationRequiresLocalAccess": "Pre konfiguráciu tohoto zásuvného modulu sa prihláste priamo na lokálny server.",
    "MessagePlayAccessRestricted": "Prehrávanie tohoto obsahuje je aktuálne obmedzené. Prosím, kontaktujte svojho administrátora servera pre viac informácií.",
    "MessagePasswordResetForUsers": "Nasledujúci používatelia si nechali obnoviť heslo. Teraz sa môžu prihlásiť s PIN kódom, ktorý použijú k vykonaniu obnovy hesla.",
    "MessageNoServersAvailable": "Žiadne servery neboli nájdené pomocou automatického objavovania serverov.",
    "MessageNoMovieSuggestionsAvailable": "Žiadne filmové návrhy nie sú v súčastnosti k dispozícií. Začnite pozerať a hodnotiť vaše filmy, potom sa sem vráťte pre vaše odporúčania.",
    "MessageNoCollectionsAvailable": "Kolekcie vám umožnia užiť si vlastné zoskupenia filmov, seriálov a albumov. Kliknite na tlačítko + pre začatie vytvárania kolekcie.",
    "MessageInstallPluginFromApp": "Tento zásuvný modul musí byť nainštalovaný z aplikácie, ktorú chcete používať.",
    "MessageImageTypeNotSelected": "Prosím, vyberte typ obrázku z rozbalovacieho menu.",
    "MessageForgotPasswordInNetworkRequired": "Prosím, skúste to znova vo vašej domácej sieti pre zahájenie procesu obnovy hesla.",
    "MessageForgotPasswordFileCreated": "Nasledujúci súbor bol vytvorený na vašom serveri a obsahuje inštrukcie, ako postupovať:",
    "MessageDownloadQueued": "Sťahovanie zaradené do fronty.",
    "MessageDirectoryPickerLinuxInstruction": "Pre Linuxové distribúcie Arch Linux, CentOS, Debian, Fedora, openSUSE alebo Ubuntu, je potrebné udeliť používateľovi služby oprávnenie aspoň na čítanie.",
    "MessageDirectoryPickerInstruction": "Sieťové cesty môžu byť zadané manuálne v prípade, že tlačítko pre Sieť nedokáže lokalizovať vaše zariadenie. Napríklad, {0} alebo {1}.",
    "MessageDirectoryPickerBSDInstruction": "Pre BSD možno budete potrebovať nakonfigurovať úložisko priamo vo vašom FreeNAS Jail aby k nim mohol pristupovať Jellyfin.",
    "MessageDeleteTaskTrigger": "Naozaj chcete vymazať tento trigger úlohy?",
    "MessageCreateAccountAt": "Vytvoriť účet v {0}",
    "MessageContactAdminToResetPassword": "Prosím, kontaktujte vášho systémového administrátora k obnoveniu hesla.",
    "MessageConfirmRevokeApiKey": "Ste si istý, že chcete odvolať tento API kľúč? Aplikácie pripojené k Jellyfin Serveru budú rázne ukončené.",
    "Menu": "Menu",
    "MediaIsBeingConverted": "Médium sa konvertuje do formátu, ktorý je kompatibilný so zariadením, kde sa médium prehráva.",
    "MediaInfoStreamTypeEmbeddedImage": "Vložený obrázok",
    "MediaInfoSampleRate": "Vzorkovacia frekvencia",
    "MediaInfoRefFrames": "Ref snímky",
    "MediaInfoPixelFormat": "Pixel formát",
    "MediaInfoFramerate": "Snímková frekvencia",
    "MediaInfoDefault": "Východzí",
    "MediaInfoCodecTag": "Štítok kodeku",
    "MediaInfoBitrate": "Dátový tok",
    "MediaInfoAnamorphic": "Anamorfné",
    "MapChannels": "Nájdi kanály",
    "LaunchWebAppOnStartupHelp": "Otvorí webového klienta vo vašom východzom webovom prehliadači pri prvotnom spustení servera. Toto nenastane pokiaľ použijete funkciu reštartovania servera.",
    "LaunchWebAppOnStartup": "Spustiť webové rozhranie pri štarte servera",
    "LabelffmpegPathHelp": "Cesta k aplikačnému súboru ffmpeg alebo k priečinku obsahujúcemu ffmpeg.",
    "LabelXDlnaDocHelp": "Určuje obsah prvku X_DLNADOC v namespace urn:schemas-dlna-org:device-1-0.",
    "LabelXDlnaDoc": "X-DLNA dokumentácia:",
    "LabelXDlnaCapHelp": "Určuje obsah prvku X_DLNACAP v namespace urn:schemas-dlna-org:device-1-0.",
    "LabelXDlnaCap": "X-DLNA cap:",
    "LabelVideoCodec": "Video kodek:",
    "LabelVideoBitrate": "Dátový tok videa:",
    "LabelVideo": "Video:",
    "LabelVaapiDeviceHelp": "Toto je vykreslovací node, ktorý sa používa na hardvérovú akceleráciu.",
    "LabelVaapiDevice": "VA API zariadenie:",
    "LabelUserRemoteClientBitrateLimitHelp": "Prepíše východzie globálne hodnoty nastavené v nastavení prehrávania servera.",
    "LabelUserLoginAttemptsBeforeLockout": "Neúspešné pokusy o prihlásenie pred uzamknutím používateľa:",
    "LabelUserLibraryHelp": "Vyberte, ktorá používateľská knižnica sa zobrazí na zariadení. Ponechajte prázdne pre zdedenie východzích nastavení.",
    "LabelUserLibrary": "Používateľská knižnica:",
    "LabelTriggerType": "Typ triggra:",
    "LabelTranscodingThreadCountHelp": "Vyberte maximálny počet vlákien, ktoré sa môžu použiť na transkódovanie. Znížením počtu vlákien sa zníži aj využitie CPU, to však môže spôsobiť, že prevod nemusí byť dostatočne rýchly pre plynulé prehrávanie.",
    "LabelTranscodingThreadCount": "Počet vlákien pre transkódovanie:",
    "LabelTranscodingProgress": "Priebeh transkódovania:",
    "LabelTranscodingFramerate": "Snímková frekvencia transkódovania:",
    "LabelTranscodes": "Transkódovanie:",
    "LabelTranscodingTempPathHelp": "Špecifikujte vlastnú cestu pre súbory transkódovania pre klientov. Nechajte pole prázdne pre použitie východzích nastavení serveru.",
    "LabelTranscodePath": "Cesta transkódéru:",
    "LabelTagline": "Slogan:",
    "LabelTag": "Štítok:",
    "LabelTVHomeScreen": "Domáca obrazovka TV režimu:",
    "LabelSubtitlePlaybackMode": "Mód titulkov:",
    "LabelSubtitleDownloaders": "Sťahovač titulkov:",
    "LabelStopping": "Zastavuje",
    "LabelStopWhenPossible": "Zastav hneď ako sa dá:",
    "LabelSpecialSeasonsDisplayName": "Zobrazovaný názov špeciálnej série:",
    "LabelSortTitle": "Zoradiť podľa názvu:",
    "LabelSortOrder": "Poradie zoradenia:",
    "LabelSonyAggregationFlagsHelp": "Určuje obsah prvku aggregationFlags v namespace urn:schemas-sonycom:av.",
    "LabelSonyAggregationFlags": "Agregačné príznaky Sony:",
    "LabelSkipIfGraphicalSubsPresentHelp": "Textové verzie titulkov môžu mať za následok efektívnejšiu dodávku a zníženie šance na transkódovanie videa.",
    "LabelSkipIfAudioTrackPresentHelp": "Zrušte zaškrtnutie pre zobrazenie titulkov pri všetkých videách, bez ohľadu na jazyk zvuku.",
    "LabelSkipIfAudioTrackPresent": "Preskočiť, pokiaľ je východzia zvuková stopa rovnaká ako sťahovaný jazyk",
    "LabelSkin": "Vzhľad:",
    "LabelSize": "Veľkosť:",
    "LabelSimultaneousConnectionLimit": "Limit simultánnych streamov:",
    "LabelServerName": "Názov serveru:",
    "LabelServerHost": "Host:",
    "LabelSendNotificationToUsers": "Odoslať oznámenie pre:",
    "LabelSelectFolderGroupsHelp": "Priečinky, ktoré nie sú zaškrtnuté, budú zobrazené vo vlastnom zobrazení.",
    "LabelSelectFolderGroups": "Automaticky zoskupiť obsah z nasledujúcich priečinkov do zobrazenia, ako sú Filmy, Hudba a TV:",
    "LabelSecureConnectionsMode": "Režim zabezpečeného pripojenia:",
    "LabelScheduledTaskLastRan": "Naposledy pustené {0}, trvalo {1}.",
    "LabelSaveLocalMetadataHelp": "Ukladanie artworkov do priečinkov s médiami umožní ich jednoduchšiu úpravu.",
    "LabelRemoteClientBitrateLimitHelp": "Voliteľný limit dátových tokov jednotlivých streamov pre všetky sieťové zariadenia. Toto je užitočné ako prevencia voči požiadavkám zariadení o vyšší dátový tok ako dokáže zvládnuť internetové pripojenie. To môže mať za následok zvýšenie nárokov na CPU vášho servera, aby bolo možné transkódovať videá za behu na nižší dátový tok.",
    "LabelRemoteClientBitrateLimit": "Dátový tok pre streamovanie na internet (Mbps):",
    "LabelRefreshMode": "Obnovovací mód:",
    "LabelRecord": "Záznam:",
    "LabelReasonForTranscoding": "Dôvod pre transkódovanie:",
    "LabelPublicHttpsPortHelp": "Číslo verejného portu, ktoré by malo byť namapované na lokálny HTTPS port.",
    "LabelPublicHttpPortHelp": "Číslo verejného portu, ktoré by malo byť namapované na lokálny HTTP port.",
    "LabelProtocolInfoHelp": "Hodnota, ktorá sa použije pri odpovedi na požiadavky GetProtocolInfo z tohoto zariadenia.",
    "LabelProfileContainersHelp": "Oddelené čiarkou. Pokiaľ zostane pole prázdne, aplikuje sa na všetky kontajnery.",
    "LabelProfileCodecsHelp": "Oddelené čiarkou. Pokiaľ zostane pole prázdne, aplikuje sa na všetky kodeky.",
    "LabelPreferredDisplayLanguageHelp": "Preklad Jellyfinu je v neustálom vývoji.",
    "LabelPostProcessorArgumentsHelp": "Použi {path} ako cestu k nahrávanému súboru.",
    "LabelPostProcessorArguments": "Argumenty príkazového riadku pre následné spracovanie:",
    "LabelPostProcessor": "Aplikácia pre následné spracovanie:",
    "LabelPleaseRestart": "Zmeny sa prejavia až po ručnom obnovení webového klienta.",
    "LabelPlayMethod": "Spôsob prehrávania:",
    "LabelPlaylist": "Playlist:",
    "LabelPlayer": "Prehrávač:",
    "LabelPersonRoleHelp": "Príklad: Vodič nákladiaku so zmrzlinou",
    "LabelPasswordResetProvider": "Poskytovateľ obnovy hesla:",
    "LabelParentNumber": "Číslo rodiča:",
    "LabelOptionalNetworkPathHelp": "Pokiaľ je tento priečinok zdielaný vo vašej sieti, môže poskytovanie cesty k zdielanému priečinku umožniť Jellyfin aplikáciám priamy prístup k mediálnym súborom.",
    "LabelNumberOfGuideDaysHelp": "Stiahnutím viacerých dní umožní sprievodca naplánovať a zobraziť viac vecí do budúcnosti, sťahovanie však môže trvať dlhšie. Auto vyberie možnosť podľa počtu kanálov.",
    "LabelNumberOfGuideDays": "Počet dní pre stiahnutie dát sprievodcu:",
    "LabelMusicStreamingTranscodingBitrateHelp": "Špecifikujte maximálny dátový tok pre streamovanie hudby.",
    "LabelMusicStreamingTranscodingBitrate": "Dátový tok pre transkódovanie hudby:",
    "LabelMoviePrefixHelp": "Pokiaľ film obsahuje v názve predponu, napíšte ju sem, aby ju server mohol správne spracovať.",
    "LabelMoviePrefix": "Predpona filmu:",
    "LabelMonitorUsers": "Sledovať aktivitu z:",
    "LabelMinScreenshotDownloadWidth": "Minimálna šírka pre stiahnutie screenshotu:",
    "LabelMinResumePercentage": "Minimálne percento pre pokračovanie:",
    "LabelMinResumeDuration": "Minimálna doba pre pokračovanie:",
    "LabelMinBackdropDownloadWidth": "Minimálna šírka pre stiahnutie pozadia:",
    "LabelMethod": "Metóda:",
    "LabelMetadataSavers": "Ukladači metadát:",
    "LabelMetadataReadersHelp": "Ohodnotí vaše preferované lokálne zdroje metadát podľa priority. Prvý nájdený súbor bude načítaný.",
    "LabelMetadataReaders": "Čítačky metadát:",
    "LabelMetadataPathHelp": "Špecifikujte vlastné umiestnenie pre sťahovanie artworkov a metadát.",
    "LabelMetadataDownloadersHelp": "Povolí a ohodnotí vaše preferované sťahovače obrázkov podľa priority. Nižšia priorita sťahovača znamená, že bude pravdepodobne použitý len na doplnenie chýbajúcich informácií.",
    "LabelMaxStreamingBitrate": "Maximálna kvalita streamovania:",
    "LabelMaxResumePercentage": "Maximálne percento pre pokračovanie:",
    "LabelMatchType": "Typ spárovania:",
    "LabelLogs": "Logy:",
    "LabelLoginDisclaimer": "Vyrozumenie prihlásenia:",
    "LabelLockItemToPreventChanges": "Uzamknúť túto položku pre zabránenie zmien v budúcnosti",
    "LabelLocalHttpServerPortNumberHelp": "Číslo TCP portu, na ktoré by sa mal naviazať Jellyfin HTTP server.",
    "LabelKodiMetadataUserHelp": "Uložiť dáta o pozeraní do NFO súboru pre využitie ostatnými aplikáciami.",
    "LabelKodiMetadataUser": "Ukladá dáta používateľa o pozeraní do NFO súboru pre:",
    "LabelKodiMetadataEnablePathSubstitutionHelp": "Povoľuje nahradenie ciest k obrázkom pomocou nastavenej cesty serveru pre nahradené cesty.",
    "LabelKodiMetadataEnablePathSubstitution": "Povoliť nahradenie ciest",
    "LabelKodiMetadataEnableExtraThumbsHelp": "Sťahované obrázky môžu byť ukladané do oboch extrafanart a extrathumbs pre zaistenie čo najväčšej kompatibility s Kodi skinmi.",
    "LabelKodiMetadataEnableExtraThumbs": "Kopírovať extrafanart do extrathumbs",
    "LabelKodiMetadataDateFormatHelp": "Všetky dátumy z NFO súboru budú prenesené s použitím tohoto formátu.",
    "LabelInternetQuality": "Internetová kvalita:",
    "LabelImageFetchersHelp": "Povolí a ohodnotí vaše preferované sťahovače obrázkov podľa priority.",
    "LabelIdentificationFieldHelp": "Podreťazec citlivý na veľkosť písmen alebo na regulárne výrazy.",
    "LabelIconMaxWidthHelp": "Maximálne rozlíšenie ikon pomocou prostredníctvom upnp:icon.",
    "LabelIconMaxHeightHelp": "Maximálne rozlíšenie ikon pomocou prostredníctvom upnp:icon.",
    "LabelHttpsPortHelp": "Číslo TCP portu, na ktoré by sa mal naviazať Jellyfin HTTPS server.",
    "LabelHomeNetworkQuality": "Kvalita na domácej sieti:",
    "LabelEncoderPreset": "Prednastavené H264 enkódovanie:",
    "LabelH264Crf": "H264 enkódovanie CRF:",
    "LabelFriendlyName": "Priateľský názov:",
    "LabelFolder": "Priečinok:",
    "LabelExtractChaptersDuringLibraryScanHelp": "Generovať obrázky kapitol počas toho, ako sú videá importované v prvotnom prehľadávaní knižnice. Inak sa budú extrahovať počas naplánovanej úlohy generovania obrázkov kapitol, čo dovoľuje rýchlejšie dokončenie bežného prehľadávania knižnice.",
    "LabelBaseUrlHelp": "Tu môžete pridať vlastný podpriečinok, aby bolo možné pristupovať k serveru z viac unikátnej URL.",
    "LabelBaseUrl": "Východzia URL:",
    "LabelEveryXMinutes": "Každý:",
    "LabelEnableSingleImageInDidlLimitHelp": "Niektoré zariadenia nebudú zobrazovať správne pokiaľ je viacero obrázkov uložených v Didl.",
    "LabelEnableDlnaPlayTo": "Povoliť DLNA prehrávanie",
    "LabelEnableDlnaDebugLoggingHelp": "Vytvára veľké súbory s logami a mal by sa použiť len v prípade potreby odstraňovania problémov.",
    "LabelEnableDlnaDebugLogging": "Povoliť loggovanie DLNA debugu",
    "LabelEnableDlnaClientDiscoveryIntervalHelp": "Určuje dobu trvania v sekundách medzi SSDP vyhľadávaniami vykonanými Jellyfinom.",
    "LabelEnableDlnaClientDiscoveryInterval": "Interval pre objavenie klienta (sekundy)",
    "LabelEnableAutomaticPortMapHelp": "Pokus o automatické namapovanie vejerného portu na lokálny port cez UPnP. Toto nemusí fungovať so všetkými modelmi routerov. Zmeny sa vykonajú až po reštarte servera.",
    "LabelEmbedAlbumArtDidlHelp": "Niektoré zariadenia preferujú túto metódu pre získavanie obrázku albumu. Ostatným môže zlyhať prehrávanie pokiaľ je táto možnosť povolená.",
    "LabelBlastMessageIntervalHelp": "Určuje dobu v sekundách medzi vysielaniami správ o serveri.",
    "LabelBindToLocalNetworkAddressHelp": "Voliteľné. Prepísať lokálnu IP adresu viazanú na http server. Pokiaľ zostane prázdna, server sa naviaže na všetky dostupné adresy. Pri zmene tejto hodnoty sa vyžaduje reštart Jellyfin Servera.",
    "LabelAlbumArtPN": "Obrázok albumu PN:",
    "LabelAlbumArtMaxWidthHelp": "Maximálne rozlíšenie obrázku albumu prostredníctvom upnp:albumArtURI.",
    "LabelAlbumArtMaxHeightHelp": "Maximálne rozlíšenie obrázku albumu prostredníctvom upnp:albumArtURI.",
    "LabelAlbumArtHelp": "PN používa obrázok albumu, vrámci dlna:profileID atribútu upnp:albumArtURI. Niektoré zariadenia vyžadujú špecifickú hodnotu, bez ohľadu na veľkosť obrázku.",
    "HeaderDirectPlayProfileHelp": "Pridať profil priameho prehrávania pre definovanie, ktorý formát môže zariadenie natívne zvládnuť.",
    "LabelInNetworkSignInWithEasyPasswordHelp": "Použite jednoduchý PIN kód na prihlásenie v klientoch vo vnútri lokálnej siete. Vaše bežné heslo bude potrebné len pokiaľ ste mimo domova. Pokiaľ je PIN kód ponechaný prázdny, tak nebude potrebovať heslo vo vašej domácej sieti.",
    "EasyPasswordHelp": "Váš jednoduchý PIN kód sa dá používať v režime offline na podporovaných zariadeniach a taktiež môže byť použitý ako jednoduché prihlásenie v lokálnej sieti.",
    "HeaderNavigation": "Navigácia",
    "MessageConfirmAppExit": "Chceli by ste odísiť?",
    "LabelVideoResolution": "Rozlíšenie videa:",
    "LabelStreamType": "Typ streamu:",
    "EnableFastImageFadeInHelp": "Povoliť animáciu rýchleho rozjasnenia pre nahrané obrázky",
    "EnableFastImageFadeIn": "Rýchle rozjasnenie obrázku",
    "LabelPlayerDimensions": "Rozmery prehrávača:",
    "LabelDroppedFrames": "Vynechané snímky:",
    "LabelCorruptedFrames": "Poškodené snímky:",
    "CopyStreamURLError": "Pri kopírovaní URL nastala chyba.",
    "OptionForceRemoteSourceTranscoding": "Vynútiť transkódovanie vzdialených mediálnych zdrojov (ako napr. živá TV)",
    "NoCreatedLibraries": "Vyzerá to tak, že ste zatiaľ nevytvorili žiadnu knižnicu. {0}Chceli by ste nejakú vytvoriť teraz?{1}",
    "AskAdminToCreateLibrary": "Pokiaľ chcete vytvoriť knižnicu, musíte sa spýtať administrátora.",
    "PlaybackErrorNoCompatibleStream": "Nastal problém s profilom klienta a server preto neposiela kompatibilný mediálny formát.",
    "AllowFfmpegThrottlingHelp": "Keď sa transkódovanie alebo remuxovanie dostane do bodu, kedy je dostatočne vopred voči súčasnej polohe prehrávania, pozastaví proces aby spotrebovával menej zdrojov. Toto je najviac užitočné, keď sa pozerá obsah bez pretáčania. Vypnite túto možnosť, pokiaľ má vaše prehrávanie problémy.",
    "AllowFfmpegThrottling": "Obmedzenie transkódovania"
}
