{
    "ButtonAddUser": "Dodaj Uporabnika",
    "ButtonDeleteImage": "Izbrisi sliko",
    "ButtonQuickStartGuide": "Vodnik za hiter zacetek",
    "ButtonResetPassword": "Ponastavitev gesla",
    "ButtonSignOut": "Odjava",
    "FolderTypeTvShows": "TV",
    "HeaderAddToCollection": "Dodaj v Zbirko",
    "HeaderAddUser": "Dodaj Uporabnika",
    "HeaderAutomaticUpdates": "Samodejne Posodobitve",
    "HeaderEasyPinCode": "Enostavna Pin koda",
    "HeaderFrequentlyPlayed": "Pogosto Predvajano",
    "HeaderPaths": "Poti",
    "HeaderRecentlyPlayed": "Nazadnje Predvajano",
    "HeaderSeries": "Serije",
    "HeaderSettings": "Nastavitve",
    "HeaderUser": "Uporabnik",
    "LabelArtists": "Izvajalci:",
    "LabelContentType": "Tip vsebine:",
    "LabelCountry": "Država:",
    "LabelCurrentPassword": "Trenutno geslo:",
    "LabelFinish": "Zaključi",
    "LabelLanguage": "Jezik:",
    "LabelNewPassword": "Novo geslo:",
    "LabelNewPasswordConfirm": "Potrditev novega gesla:",
    "LabelNext": "Naprej",
    "LabelPrevious": "Nazaj",
    "LabelSelectUsers": "Izberi uporabnike:",
    "LabelTimeLimitHours": "Casovna omejitev (ure):",
    "LabelYourFirstName": "Ime:",
    "LabelYoureDone": "Koncano!",
    "MoreUsersCanBeAddedLater": "Uporabnike lahko dodate tudi kasneje preko Nadzorne plošče.",
    "OptionAllowMediaPlayback": "Dovoli predvajanje vsebin",
    "OptionDisableUser": "Onemogoci tega uporabnika",
    "OptionEnableAccessFromAllDevices": "Omogoči dostop iz vseh naprav",
    "OptionEnableAccessToAllChannels": "Omogoci dostop do vseh kanalov",
    "OptionEnableAccessToAllLibraries": "Omogoci dostop do vseh knjiznic",
    "OptionFavorite": "Priljubljene",
    "OptionHasSubtitles": "Podnapisi",
    "OptionLikes": "Všeč mi je",
    "OptionPlayed": "Predvajano",
    "OptionReleaseDate": "Datum izida",
    "OptionUnplayed": "Nepredvajano",
    "ParentalRating": "Ocena za starše",
    "Settings": "Nastavitve",
    "TabAccess": "Dostop",
    "TabAlbumArtists": "Izvajalci Albumov",
    "TabArtists": "Izvajalci",
    "TabCatalog": "Katalog",
    "TabGenres": "Zvrsti",
    "TabLatest": "Zadnje",
    "TabMusic": "Glasba",
    "TabMyPlugins": "Moji Vticniki",
    "TabNetworks": "Omrezja",
    "TabPassword": "Geslo",
    "TabPlaylist": "Playlista",
    "TabProfile": "Profil",
    "TabProfiles": "Profili",
    "TabShows": "Oddaje",
    "TabSuggestions": "Predlogi",
    "TabUpcoming": "Prihajajoče",
    "TellUsAboutYourself": "Povej nam nekaj o sebi",
    "ThisWizardWillGuideYou": "Čarovnik vas bo vodil skozi postopek namestitve. Za začetek, izberite jezik.",
    "WelcomeToProject": "Dobrodosli v Jellyfin!",
    "Absolute": "Absolutno",
    "AccessRestrictedTryAgainLater": "Dostop je trenutno omejen. Poskusite ponovno kasneje.",
    "Actor": "Igralec",
    "Add": "Dodaj",
    "AddToCollection": "Dodaj v zbirko",
    "AddToPlayQueue": "Dodaj v čakalno vrsto",
    "AddToPlaylist": "Dodaj na seznam predvajanja",
    "AddedOnValue": "Dodano {0}",
    "AdditionalNotificationServices": "Prebrskaj katalog dodatkov za namestitev dodatnih storitev obveščanja.",
    "AirDate": "Datum predvajanja",
    "Aired": "Predvajano",
    "Albums": "Albumi",
    "Alerts": "Alarmi",
    "All": "Vse",
    "AllChannels": "Vsi kanali",
    "AllComplexFormats": "Vsi kompleksni formati (ASS, SSA, VOBSUB, PGS, SUB/IDX, itd.)",
    "AllEpisodes": "Vse epizode",
    "AllLanguages": "Vsi jeziki",
    "AllLibraries": "Vse knjižnice",
    "AllowHWTranscodingHelp": "Omogoči predvajalniku sprotno prekodiranje videa. To lahko pomaga zmanjšati potrebo po prekodiranju na strežniku.",
    "AllowMediaConversion": "Dovoli pretvarjanje predstavnosti",
    "AllowMediaConversionHelp": "Dovoli ali zavrni dostop do pretvarjanja predstavnosti.",
    "AllowOnTheFlySubtitleExtraction": "Dovoli sprotno izluščenje podnapisov",
    "AllowOnTheFlySubtitleExtractionHelp": "Vdelani podnapisi so lahko izluščeni iz videa in poslani odjemalcem kot navaden tekst, kar zmanjša potrebo po prekodiranju. Na nekaterih napravah lahko to traja dalj časa in povzroča zatikanje med predvajanjem. Onemogočite, za vžig vdelanih podnapisov v video med prekodiranjem, za naprave ki ne podpirajo podnapisov.",
    "AllowRemoteAccess": "Dovoli oddaljene povezave s tem Jellyfin strežnikom.",
    "AllowRemoteAccessHelp": "Če ni označeno, bodo vse oddaljene povezave blokirane.",
    "Artists": "Izvajalci",
    "Books": "Knjige",
    "Channels": "Kanali",
    "Collections": "Zbirke",
    "Favorites": "Priljubljeno",
    "Folders": "Mape",
    "Genres": "Zvrsti",
    "HeaderAlbumArtists": "Izvajalci albuma",
    "HeaderContinueWatching": "Nadaljuj gledanje",
    "HeaderLiveTV": "TV v živo",
    "HeaderNextUp": "Sledi",
    "HeaderRecordingGroups": "Zbirke posnetkov",
    "LabelIpAddressValue": "IP naslov: {0}",
    "LabelRunningTimeValue": "Čas trajanja: {0}",
    "MessageApplicationUpdated": "Jellyfin Server je bil posodobljen",
    "MessageServerConfigurationUpdated": "Nastavitve strežnika so bile posodobljene",
    "Movies": "Filmi",
    "AddItemToCollectionHelp": "Dodajte elemente v zbirke tako, da jih poiščete in jih z desnim klikom ali dotikom menija dodate v zbirko.",
    "AllowedRemoteAddressesHelp": "Z vejico ločen seznam IP naslovov ali IP/maska omrežij, ki jim je dovoljen oddaljeni dostop. Če pustite prazno, bodo dovoljeni vsi oddaljeni naslovi.",
    "AlwaysPlaySubtitles": "Vedno predvajaj podnapise",
    "AlwaysPlaySubtitlesHelp": "Podnapisi, ki se ujemajo s prednostnim jezikom bodo naloženi ne glede na jezik zvoka.",
    "AnamorphicVideoNotSupported": "Anamorfni video ni podprt",
    "AnyLanguage": "Poljubni jezik",
    "Anytime": "Kadarkoli",
    "AroundTime": "Okrog {0}",
    "Art": "Umetnost",
    "AsManyAsPossible": "Kolikor je mogoče",
    "Ascending": "Naraščajoče",
    "AspectRatio": "Razmerje stranic",
    "AttributeNew": "Novo",
    "Audio": "Zvok",
    "AudioBitDepthNotSupported": "Bitna globina zvoka ni podprta",
    "AudioBitrateNotSupported": "Bitna hitrost zvoka ni podprta",
    "AudioChannelsNotSupported": "Zvočni kanali niso podprti",
    "AudioCodecNotSupported": "Zvočni kodek ni podprt",
    "AudioProfileNotSupported": "Zvočni profil ni podprt",
    "AudioSampleRateNotSupported": "Frekvenca vzorčenja zvoka ni podprta",
    "Auto": "Samodejno",
    "AutoBasedOnLanguageSetting": "Samodejno (na podlagi nastavitve jezika)",
    "AutomaticallyConvertNewContent": "Samodejno pretvori novo vsebino",
    "AutomaticallyConvertNewContentHelp": "Nova vsebina dodana v to mapo bo samodejno pretvorjena.",
    "AutomaticallySyncNewContent": "Samodejno prenesi novo vsebino",
    "AutomaticallySyncNewContentHelp": "Nova vsebina dodana v to mapo bo samodejno prenesena na to napravo.",
    "Backdrop": "Ozadje",
    "Backdrops": "Ozadja",
    "BestFit": "Najboljše prileganje",
    "BirthDateValue": "Rojen: {0}",
    "BirthLocation": "Kraj rojstva",
    "BirthPlaceValue": "Kraj rojstva: {0}",
    "BookLibraryHelp": "Zvočne in e-knjige so podprte. Preglej {0}navodila za poimenovanje knjig{0}.",
    "Box": "Ovitek",
    "BoxRear": "Ovitek (zadnja stran)",
    "Browse": "Brskaj",
    "BrowsePluginCatalogMessage": "Poišči razpoložljive dodatke v našem katalogu.",
    "BurnSubtitlesHelp": "Na podlagi formata podnapisov določi, ali naj strežnik vžge podnapise pri pretvarjanju videa. Izogibanje vžiganju podnapisov izboljša delovanje strežnika. Izberi Samodejno za vžig slikovnih formatov podnapisov (VOBSUB, PGS, SUB/IDX, itd.) in nekaterih ASS/SSA podnapisov.",
    "ButtonAccept": "Sprejmi",
    "ButtonAdd": "Dodaj",
    "MessageNamedServerConfigurationUpdatedWithValue": "Oddelek nastavitve strežnika {0} je bil posodobljen",
    "Photos": "Fotografije",
    "Playlists": "Seznami predvajanja",
    "PluginInstalledWithName": "{0} je bil nameščen",
    "PluginUninstalledWithName": "{0} je bil odstranjen",
    "PluginUpdatedWithName": "{0} je bil posodobljen",
    "Songs": "Pesmi",
    "Sync": "Sinhroniziraj",
    "AuthProviderHelp": "Izberi ponudnika preverjanja pristnosti za preverjanje gesla tega uporabnika.",
    "Banner": "Pasica",
    "Blacklist": "Črna lista",
    "ButtonAddMediaLibrary": "Dodaj knjižnico predstavnosti",
    "ButtonAddScheduledTaskTrigger": "Dodaj sprožilec",
    "ButtonAddServer": "Dodaj strežnik",
    "ButtonArrowDown": "Dol",
    "ButtonArrowLeft": "Levo",
    "ButtonArrowRight": "Desno",
    "ButtonArrowUp": "Gor",
    "ButtonAudioTracks": "Zvočna sled",
    "ButtonBack": "Nazaj",
    "ButtonCancel": "Prekliči",
    "ButtonChangeContentType": "Spremeni tip vsebine",
    "ButtonChangeServer": "Spremeni strežnik",
    "ButtonConnect": "Poveži",
    "ButtonDelete": "Izbriši",
    "ButtonDown": "Dol",
    "ButtonDownload": "Prenesi",
    "ButtonEdit": "Uredi",
    "ButtonEditImages": "Uredi slike",
    "ButtonEditOtherUserPreferences": "Uredi profil tega uporabnika, slike in osebne nastavitve.",
    "ButtonFilter": "Filter",
    "ButtonForgotPassword": "Pozabljeno geslo",
    "ButtonFullscreen": "Polni zaslon",
    "ButtonGotIt": "Razumem",
    "ButtonGuide": "Vodič",
    "ButtonHelp": "Pomoč",
    "ButtonHome": "Domov",
    "ButtonInfo": "Info",
    "ButtonLearnMore": "Nauči se več",
    "ButtonLibraryAccess": "Dostop do knjižnic",
    "ButtonManualLogin": "Ročna prijava",
    "ButtonMore": "Več",
    "ButtonMoreInformation": "Več informacij",
    "ButtonNetwork": "Omrežje",
    "ButtonNew": "Novo",
    "ButtonNextTrack": "Naslednja skladba",
    "ButtonOff": "Izključi",
    "ButtonOk": "Ok",
    "ButtonOpen": "Odpri",
    "ButtonParentalControl": "Starševski nadzor",
    "ButtonPause": "Premor",
    "ButtonPlay": "Predvajaj",
    "ButtonPreviousTrack": "Prejšnja skladba",
    "ButtonProfile": "Profil",
    "ButtonRefresh": "Osveži",
    "ButtonRefreshGuideData": "Osveži TV vodič",
    "ButtonRemove": "Odstrani",
    "ButtonRename": "Preimenuj",
    "ButtonRepeat": "Ponovi",
    "ButtonResetEasyPassword": "Ponastavi preprosto PIN kodo",
    "ButtonRestart": "Ponovno zaženi",
    "ButtonResume": "Nadaljuj",
    "ButtonRevoke": "Razveljavi",
    "ButtonSave": "Shrani",
    "ButtonScanAllLibraries": "Preišči vse knjižnice",
    "ButtonSearch": "Išči",
    "ButtonSelectDirectory": "Izberi mapo",
    "ButtonSelectServer": "Izberi strežnik",
    "ButtonSelectView": "Izberi pogled",
    "ButtonSend": "Pošlji",
    "ButtonSettings": "Nastavitve",
    "ButtonShuffle": "Premešaj",
    "ButtonShutdown": "Ugasni",
    "ButtonSignIn": "Prijava",
    "ButtonSort": "Razvrsti",
    "ButtonStart": "Začetek",
    "ButtonStop": "Stop",
    "ButtonSubtitles": "Podnapisi",
    "ButtonTrailer": "Napovednik",
    "ButtonUninstall": "Odstrani",
    "ButtonUp": "Gor",
    "ButtonViewWebsite": "Obišči spletno stran",
    "ButtonWebsite": "Spletna stran",
    "CancelRecording": "Prekini snemanje",
    "CancelSeries": "Prekini serijo",
    "Categories": "Kategorije",
    "ChangingMetadataImageSettingsNewContent": "Spremembe nastavitev prenosa meta podatkov in slik bodo veljale samo za nove vsebine. Za uveljavitev nastavitev pri obstoječih vsebinah morate ročno osvežiti njihove metapodatke.",
    "ChannelAccessHelp": "Izberite kanale za deljenje s tem uporabnikom. Administratorji bodo lahko uredili vse kanale z urejevalnikom metapodatkov.",
    "ChannelNameOnly": "Samo kanal {0}",
    "ChannelNumber": "Številka kanala",
    "CinemaModeConfigurationHelp": "Kino način prinese kino izkušnjo neposredno v vašo dnevno sobo z možnostjo predvajanja napovednikov in uvodnikov pred glavnim filmom.",
    "ColorPrimaries": "Osnovne barve",
    "ColorSpace": "Barvni prostor",
    "ColorTransfer": "Prenos barve",
    "CommunityRating": "Ocena skupnosti",
    "Composer": "Skladatelj",
    "ConfigureDateAdded": "Nastavi kako je določen datum dodajanja v nadzorni plošči Jellyfin Server-ja v kategoriji Knjižnice",
    "ConfirmDeleteImage": "Izbriši sliko?",
    "ConfirmDeleteItem": "Brisanje tega elementa ga bo izbrisalo iz datotečnega sistema in medijske knjižnice. Ste prepričani da želite nadaljevati?",
    "ConfirmDeleteItems": "Brisanje teh elementov jih bo izbrisalo iz datotečnega sistema in medijske knjižnice. Ste prepričani da želite nadaljevati?",
    "ConfirmDeletion": "Potrdi brisanje",
    "ConfirmEndPlayerSession": "Želite ugasniti Jellyfin na {0} ?",
    "Connect": "Poveži",
    "ContinueWatching": "Nadaljuj ogled",
    "Continuing": "Nadaljuje se",
    "CriticRating": "Ocena kritikov",
    "HeaderFavoriteShows": "Priljubljene serije",
    "HeaderFavoriteEpisodes": "Priljubljene epizode",
    "HeaderFavoriteAlbums": "Priljubljeni albumi",
    "HeaderFavoriteArtists": "Priljubljeni izvajalci",
    "HeaderFavoriteSongs": "Priljubljene pesmi",
    "DirectPlaying": "Neposredno predvajanje",
    "DeviceAccessHelp": "To za nanaša zgolj na naprave, ki jih je možno unikatno identificirati in ne bo preprečilo dostopa z brskalnikom. Filtriranje uporabniških naprav bo preprečilo uporabo novih naprav dokler te ne bodo potrjene.",
    "DeleteUserConfirmation": "Ste prepričani, da želite izbrisati tega uporabnika?",
    "DeleteImageConfirmation": "Ste prepričani, da želite izbrisati to sliko?",
    "DeleteDeviceConfirmation": "Ste prepričani da želite odstraniti to napravo? Ko se bo uporabnik z njo znova prijavil se bo ponovno pojavila.",
    "Download": "Prenesi",
    "EditSubtitles": "Uredi podnapise",
    "EditMetadata": "Uredi metapodatke",
    "EditImages": "Uredi slike",
    "Edit": "Uredi",
    "DrmChannelsNotImported": "Kanali z DRM ne bodo uvoženi.",
    "DownloadsValue": "{0} prenosi",
    "Down": "Dol",
    "Dislike": "Ni mi všeč",
    "Disabled": "Onemogočen",
    "DirectorsValue": "Režiserji: {0}",
    "DirectorValue": "Režiser: {0}",
    "Director": "Režiser",
    "DetectingDevices": "Zaznavanje naprav",
    "Desktop": "Namizje",
    "Descending": "Padajoče",
    "DeleteUser": "Izbriši uporabnika",
    "DeleteMedia": "Izbriši predstavnost",
    "DeleteImage": "Izbriši sliko",
    "Delete": "Izbiši",
    "DefaultMetadataLangaugeDescription": "To so vaše privzete nastavitve, ki jih lahko spreminjate za posamezno knjižnico.",
    "DefaultErrorMessage": "Prišlo je do težave pri obdelavi zahteve. Poskusite ponovno kasneje.",
    "Default": "Privzeto",
    "DeathDateValue": "Smrt: {0}",
    "DatePlayed": "Predvajano",
    "DateAdded": "Dodano",
    "CustomDlnaProfilesHelp": "Ustvari prilagojen profil za novo napravo ali preglasi sistemski profil.",
    "CopyStreamURLSuccess": "URL uspešno kopiran.",
    "CopyStreamURL": "Kopiraj URL pretakanja",
    "ButtonSubmit": "Oddaj",
    "ButtonAddImage": "Dodaj sliko",
    "ValueSpecialEpisodeName": "Poseben - {0}",
    "Shows": "Serije",
    "DoNotRecord": "Ne snemaj",
    "DisplayModeHelp": "Izberite tip zaslona na katerem uporabljate Jellyfin.",
    "DisplayMissingEpisodesWithinSeasonsHelp": "To mora biti omogočeno tudi za TV knjižnice v nastavitvah strežnika.",
    "DisplayMissingEpisodesWithinSeasons": "Prikaži manjkajoče epizode znotraj sezon",
    "DisplayInOtherHomeScreenSections": "Prikaži na razdelkih domačega zaslona kot so najnovejše in nadaljuj gledanje",
    "DisplayInMyMedia": "Prikaži na začetnem zaslonu",
    "Display": "Prikaz",
    "Disconnect": "Prekini povezavo",
    "Disc": "Disk",
    "DirectStreaming": "Neposredno pretakanje",
    "DirectStreamHelp2": "Neposredno pretakanje porabi zelo malo procesorske moči in ne povzroči izgube kvalitete videa.",
    "DirectStreamHelp1": "Predstavnost je kompatibilna z napravo glede resolucije in vrste (H.264, AC3, itd.), vendar je v nepodprtem kontejnerju (mkv, avi, wmv, itd.). Predstavnost bo sproti prepakirana pred prenosom na napravo.",
    "DefaultSubtitlesHelp": "Podnapisi so naloženi na podlagi privzetih in prisiljenih oznak v metapodatkih. Če je na voljo več podnapisov, so upoštevane jezikovne nastavitve.",
    "HeaderSelectServerCachePathHelp": "Izberite ali vnesite pot, v katero se bodo zapisovali predpomnjeni podatki. Mapa mora omogočati pisanje.",
    "HeaderSelectServerCachePath": "Izberite pot predpomnjenih podatkov",
    "HeaderSelectServer": "Izberi strežnik",
    "HeaderSelectPath": "Izberi pot",
    "HeaderSelectMetadataPathHelp": "Poiščite ali vnesite pot, v kateri želite shranjevati metapodatke. Datoteka mora omogočati pisanje.",
    "HeaderSelectMetadataPath": "Izberi pot metapodatkov",
    "HeaderSelectCertificatePath": "Izberi pot certifikata",
    "HeaderSecondsValue": "{0} sekund",
    "HeaderSeasons": "Sezone",
    "HeaderSchedule": "Urnik",
    "HeaderScenes": "Scene",
    "HeaderRunningTasks": "Aktivni procesi",
    "HeaderRestartingServer": "Ponovno zaganjanje",
    "HeaderRestart": "Ponovni zagon",
    "HeaderResponseProfileHelp": "Profili odziva omogočajo prilagoditev informacij poslanih sprejemniku pri predvajanju določenih vrst predstavnosti.",
    "HeaderResponseProfile": "Profil odziva",
    "HeaderRemoveMediaLocation": "Odstrani lokacijo predstavnosti",
    "HeaderRemoveMediaFolder": "Odstrani mapo predstavnosti",
    "HeaderRemoteControl": "Upravljanje na daljavo",
    "HeaderRecordingOptions": "Možnosti snemanja",
    "HeaderProfileServerSettingsHelp": "Te vrednosti določajo, kako se bo Jellyfin strežnik predstavil napravi.",
    "HeaderProfileInformation": "Informacije o profilu",
    "HeaderProfile": "Profil",
    "HeaderPreferredMetadataLanguage": "Prednostni jezik metapodatkov",
    "HeaderPluginInstallation": "Namestitev dodatka",
    "HeaderPleaseSignIn": "Prosimo prijavite se",
    "HeaderPlaybackError": "Napaka predvajanja",
    "HeaderPlayback": "Predvajanje predstavnosti",
    "HeaderPlayOn": "Predvajaj na",
    "HeaderPlayAll": "Predvajaj vse",
    "HeaderPinCodeReset": "Ponastavi PIN kodo",
    "HeaderPhotoAlbums": "Foto albumi",
    "HeaderPeople": "Osebe",
    "HeaderPendingInvitations": "Povabila na čakanju",
    "HeaderPasswordReset": "Ponastavi geslo",
    "HeaderPassword": "Geslo",
    "HeaderParentalRatings": "Ocena za starše",
    "HeaderOnNow": "Zdaj",
    "HeaderNextVideoPlayingInValue": "Naslednji video se bo predvajal čez {0}",
    "HeaderNextEpisodePlayingInValue": "Naslednja epizoda se bo predvajala čez {0}",
    "HeaderNewDevices": "Nove naprave",
    "HeaderNewApiKey": "Nov APi ključ",
    "HeaderMyMediaSmall": "Moja predstavnost (majhno)",
    "HeaderMyMedia": "Moja predstavnost",
    "HeaderMyDevice": "Moja naprava",
    "HeaderMusicVideos": "Glasbeni video posnetki",
    "HeaderMusicQuality": "Kvaliteta glasbe",
    "HeaderMovies": "Filmi",
    "HeaderMoreLikeThis": "Podobno",
    "HeaderMetadataSettings": "Nastavitve metapodatkov",
    "HeaderMediaInfo": "Informacije o predstavnosti",
    "HeaderMediaFolders": "Mape predstavnosti",
    "HeaderMedia": "Predstavnost",
    "HeaderLoginFailure": "Neuspešna prijava",
    "HeaderLiveTvTunerSetup": "Nastavitev sprejemnika za TV v živo",
    "HeaderLiveTv": "TV v živo",
    "HeaderLibrarySettings": "Nastavitve knjižnice",
    "HeaderLibraryOrder": "Vrstni red knjižnic",
    "HeaderLibraryFolders": "Mape knjižnjice",
    "HeaderLibraryAccess": "Dostop do knjižnic",
    "HeaderLibraries": "Knjižnice",
    "HeaderLatestRecordings": "Najnovejši posnetki",
    "HeaderLatestMusic": "Najnovejša glasba",
    "HeaderLatestMovies": "Najnovejši filmi",
    "HeaderLatestMedia": "Najnovejša predstavnost",
    "HeaderLatestEpisodes": "Najnovejše epizode",
    "HeaderKodiMetadataHelp": "Za omogočanje NFO metapodatkov uredite knjižnico v Jellyfin nastavitvah knjižnice v razdelku shranjevanje metapodatkov.",
    "HeaderKeepSeries": "Ohrani serijo",
    "HeaderKeepRecording": "Ohrani posnetek",
    "HeaderInstall": "Namesti",
    "HeaderImageSettings": "Nastavitve slike",
    "HeaderImageOptions": "Možnosti slike",
    "HeaderIdentifyItemHelp": "Vnesite vsaj en kriterij iskanja. Odstranitr kriterije za več rezultatov.",
    "HeaderIdentificationCriteriaHelp": "Vnesite vsaj en kriterij za identifikacijo.",
    "HeaderIdentification": "Identifikacija",
    "HeaderHome": "Domov",
    "HeaderGuideProviders": "Ponudniki TV vodiča",
    "HeaderGenres": "Žanri",
    "HeaderForgotPassword": "Pozabljeno geslo",
    "HeaderForKids": "Za otroke",
    "HeaderFilters": "Filtri",
    "HeaderFetcherSettings": "Nastavitve pridobivanja",
    "HeaderFetchImages": "Pridobi slike:",
    "HeaderFavoriteVideos": "Priljubljeni videi",
    "HeaderFavoriteMovies": "Priljubljeni filmi",
    "HeaderFavoriteBooks": "Priljubljene knjige",
    "HeaderExternalIds": "Zunanji ID-ji:",
    "HeaderError": "Napaka",
    "HeaderEpisodes": "Epizode",
    "HeaderEnabledFieldsHelp": "Odznači polja in s tem prepreči njihovo urejanje.",
    "HeaderEnabledFields": "Omogočena polja",
    "HeaderEditImages": "Uredi slike",
    "HeaderDownloadSync": "Prenos in sinhronizacija",
    "HeaderDisplay": "Prikaz",
    "HeaderDirectPlayProfileHelp": "Dodaj profil za neposredno predvajanje in določi katere formate naprava podpira",
    "HeaderDirectPlayProfile": "Profil za neposredno predvajanje",
    "HeaderDevices": "Naprave",
    "HeaderDeveloperInfo": "Informacije o razvijalcu",
    "HeaderDetectMyDevices": "Zaznaj moje naprave",
    "HeaderDeleteTaskTrigger": "Izbriši sprožilec opravila",
    "HeaderDeleteProvider": "Izbriši ponudnika",
    "HeaderDeleteItems": "Izbriši predmete",
    "HeaderDeleteItem": "Izbriši predmet",
    "HeaderDeleteDevice": "Izbriši napravo",
    "HeaderDefaultRecordingSettings": "Privzete nastavitve snemanja",
    "HeaderDateIssued": "Datum izdaje",
    "HeaderCustomDlnaProfiles": "Profili po meri",
    "HeaderContinueListening": "Nadaljuj s poslušanjem",
    "HeaderConnectionFailure": "Napaka pri povezovanju",
    "HeaderConnectToServer": "Poveži s strežnikom",
    "HeaderConfirmRevokeApiKey": "Prekliči API ključ",
    "HeaderConfirmProfileDeletion": "Potrdi brisanje profila",
    "HeaderConfirmPluginInstallation": "Potrdi namestitev dodatka",
    "HeaderConfigureRemoteAccess": "Nastavi oddaljen dostop",
    "HeaderCodecProfileHelp": "Profili kodeka določajo omejitve naprave pri predvajanju specifičnih kodekov. Če je omejitev dosežena bo predstavnost prekodirana, tudi če je kodek nastavljen za neposredno predvajanje.",
    "HeaderCodecProfile": "Profil kodeka",
    "HeaderChapterImages": "Slike poglavij",
    "HeaderChannels": "Kanali",
    "HeaderChannelAccess": "Dostop kanalov",
    "HeaderCastCrew": "Igralci in ekipa",
    "HeaderCastAndCrew": "Igralci in ekipa",
    "HeaderCancelSeries": "Prekini serijo",
    "HeaderCancelRecording": "Prekini snemanje",
    "HeaderBooks": "Knjige",
    "HeaderAudioSettings": "Nastavitve zvoka",
    "HeaderAudioBooks": "Zvočne knjige",
    "HeaderAppearsOn": "Pojavi se",
    "HeaderApp": "Aplikacija",
    "HeaderApiKeysHelp": "Zunanje aplikacije potrebujejo API ključ za komunikacijo z Jellyfin strežnikom. Ključi so izdani s prijavo z Jellyfin računom ali z ročno dodelitvijo ključa aplikaciji.",
    "HeaderApiKeys": "API ključi",
    "HeaderApiKey": "API ključ",
    "HeaderAllowMediaDeletionFrom": "Dovoli brisanje predstavnosti iz",
    "HeaderAlert": "Alarm",
    "HeaderAlbums": "Albumi",
    "HeaderAdmin": "Administrator",
    "HeaderAdditionalParts": "Dodatni deli",
    "HeaderAddUpdateImage": "Dodaj/posodobi sliko",
    "HeaderAddToPlaylist": "Dodaj na seznam predvajanja",
    "HeaderAddScheduledTaskTrigger": "Dodaj sprožilec",
    "HeaderActivity": "Aktivnost",
    "HeaderActiveRecordings": "Aktivna snemanja",
    "HeaderActiveDevices": "Aktivne naprave",
    "HeaderAccessScheduleHelp": "Ustvarite urnik dostopa in omejite dostop v določenih urah.",
    "HeaderAccessSchedule": "Urnik dostopa",
    "HardwareAccelerationWarning": "Omogočanje strojnega pospeševanja lahko povzroči nestabilnost v določenih okoljih. Zagotovite, da so vaš operacijski sistem in gonilniki posodobljeni. Če imate po omogočanju te nastavitve težave s predvajanjem videa, jo nastavite nazaj na brez.",
    "HandledByProxy": "Upravlja reverse proxy",
    "HDPrograms": "HD programi",
    "EncoderPresetHelp": "Izberite hitrejšo vrednost za boljšo zmogljivost ali počasnejšo vrednost za boljšo kakovost.",
    "H264CrfHelp": "Faktor stalne hitrosti (CRF) je privzeta nastavitev kakovosti za kodirnik x264. Vrednosti lahko nastavite med 0 in 51, pri čemer nižje vrednosti dosežejo boljšo kakovost (na račun večjih velikosti datotek). Razumne vrednosti so med 18 in 28. Privzeta vrednost za x264 je 23, zato lahko to uporabite kot izhodišče.",
    "GuideProviderSelectListings": "Izberi sezname",
    "GuideProviderLogin": "Prijava",
    "Guide": "TV vodič",
    "GuestStar": "Gostujoči igralec",
    "GroupVersions": "Združi različice",
    "GroupBySeries": "Združi bo serijah",
    "GenresValue": "Zvrsti: {0}",
    "GenreValue": "Zvrst: {0}",
    "General": "Splošno",
    "Fullscreen": "Celoten zaslon",
    "Friday": "Petek",
    "FormatValue": "Format: {0}",
    "ForAdditionalLiveTvOptions": "Za dodatne ponudnike TV v živo kliknite zavihek storitve in poglejte možnosti, ki so na voljo.",
    "FolderTypeUnset": "Mešane vsebine",
    "FolderTypeMusicVideos": "Glasbeni videi",
    "FolderTypeMusic": "Glasba",
    "FolderTypeMovies": "Filmi",
    "FolderTypeBooks": "Knjige",
    "Filters": "Filtri",
    "FileReadError": "Prišlo je do napake pri branju datoteke.",
    "FileReadCancelled": "Branje datoteke je bilo preklicano.",
    "FileNotFound": "Datoteka ni najdena.",
    "File": "Datoteka",
    "FetchingData": "Pridobivanje dodatnih podatkov",
    "Features": "Lastnosti",
    "Favorite": "Priljubljeno",
    "FastForward": "Hitro naprej",
    "FFmpegSavePathNotFound": "Nismo mogli locirati FFmpeg na navedeni poti. FFprobe je prav tako zahtevan in mora biti v isti mapi. Ti komponenti sta običajno združeni skupaj v istem prenosu. Preverite pot in poskusite znova.",
    "Extras": "Dodatki",
    "ExtractChapterImagesHelp": "Izločanje slik poglavij omogoča odjemalcem prikaz grafičnih menijev za izbor scene. Ta proces je lahko počasen, procesorsko zahteven in lahko potrebuje več gigabajtov prostora na disku. Teče ob odkritju novih videov in kot načrtovana naloga ponoči. Urnik izvajanja lahko nastavite v nastavitvah načrtovanih nalog. Zaganjanje tega procesa med urami visoke obremenitve ni priporočeno.",
    "ExtraLarge": "Zelo veliko",
    "ExitFullscreen": "Izhod in celozaslonskega načina",
    "ErrorSavingTvProvider": "Prišlo je do težave pri shranjevanju TV ponudnika. Preverite ali je dostopen in poskusite znova.",
    "ErrorPleaseSelectLineup": "Prosimo izberite postajo in poskusite znova. Če ni na voljo nobene postaje, preverite ali so vaše uporabniško ime, geslo in poštna številka pravilni.",
    "ErrorAddingListingsToSchedulesDirect": "Prišlo je do težave pri dodajanju postaj na vaš  Schedules Direct račun.  Schedules Direct omogoča omejeno število postaj na posameznem računu. Preden nadaljujete se morate prijaviti v vaš  Schedules Direct in odstraniti ostale postaje z računa.",
    "ErrorGettingTvLineups": "Prišlo je do težave pri prenosu TV postaj. Preverite ali so podatki pravilni in poskusite znova.",
    "ErrorAddingTunerDevice": "Prišlo je do težave pri dodajanju sprejemnika. Preverite ali je dostopen in poskusite znova.",
    "EnableStreamLooping": "Samodejno ponavljaj prenose v živo",
    "DropShadow": "Senca",
    "EveryNDays": "Vsakih {0} dni",
    "ErrorMessageStartHourGreaterThanEnd": "Čas konca mora biti večji od časa začetka.",
    "ErrorDeletingItem": "Prišlo je do težave pri brisanju predstavnosti s strežnika. Preverite ali ima Jellyfin strežnik dovoljenje za pisanje v mapi s predstavnostjo in poskusite znova.",
    "ErrorAddingXmlTvFile": "Prišlo je do težave pri dostopu do XMLTV datoteke. Preverite ali datoteka obstaja in poskusite znova.",
    "ErrorAddingMediaPathToVirtualFolder": "Prišlo je do težave pri dodajanju poti predstavnosti. Preverite ali je pot veljavna in da ima Jellyfin strežnik dovoljenja za dostop.",
    "Episodes": "Epizode",
    "EndsAtValue": "Konec ob {0}",
    "Ended": "Zaključeno",
    "EnableThemeVideosHelp": "Predvajaj tematske videe v ozadju med brskanjem knjižnice.",
    "EnableThemeVideos": "Tematski videi",
    "EnableThemeSongsHelp": "Predvajaj tematske pesmi v ozadju med brskanjem knjižnice.",
    "EnableThemeSongs": "Tematske pesmi",
    "EnableStreamLoopingHelp": "Omogoči za prenose v živo ki vsebujejo zgolj nekaj sekund podatkov in jih je treba neprestano znova zahtevati. Če to ni potrebno lahko omogočanje povzroči težave.",
    "EnablePhotosHelp": "Fotografije bodo zaznane in prikazane skupaj z drugo predstavnostjo.",
    "EnablePhotos": "Prikaži fotografije",
    "EnableNextVideoInfoOverlayHelp": "Ob koncu predvajanja prikaži informacije o naslednjem videu v trenutni vrsti predvajana.",
    "EnableNextVideoInfoOverlay": "Prikaži informacije o naslednjem videu med predvajanjem",
    "EnableHardwareEncoding": "Omogoči strojno kodiranje",
    "EnableExternalVideoPlayersHelp": "Meni za zunanji video predvajalnik bo prikazan ob začetku predvajanja.",
    "EnableExternalVideoPlayers": "Zunanji video predvajalniki",
    "EnableDisplayMirroring": "Zrcaljenje zaslona",
    "EnableColorCodedBackgrounds": "Barvno usklajena ozadja",
    "EnableCinemaMode": "Kino način",
    "EnableBackdropsHelp": "Prikaži ozadja na nekaterih straneh med brskanjem knjižnice.",
    "EnableBackdrops": "Ozadja",
    "EasyPasswordHelp": "Vaša enostavna PIN koda je uporabna za dostop brez povezave na podprtih napravah in za enostavno prijavo v lokalnem omrežju.",
    "Images": "Slike",
    "Identify": "Identificiraj",
    "HttpsRequiresCert": "Za omogočanje varnih povezav potrebujete zaupanja vreden SSL certifikat, npr. Let's Encrypt. Prosimo priskrbite ustrezen certifikat ali onemogočite varne povezave.",
    "Horizontal": "Vodoravno",
    "Home": "Domov",
    "HideWatchedContentFromLatestMedia": "Skrij ogledane vsebine iz razdelka Najnovejša predstavnost",
    "Hide": "Skrij",
    "Help": "Pomoč",
    "HeadersFolders": "Mape",
    "HeaderYears": "Leta",
    "HeaderXmlSettings": "Xml nastavitve",
    "HeaderXmlDocumentAttributes": "Xml lastnosti dokumenta",
    "HeaderXmlDocumentAttribute": "Xml lastnost dokumenta",
    "HeaderVideos": "Videi",
    "HeaderVideoTypes": "Tipi videa",
    "HeaderVideoType": "Tip videa",
    "HeaderVideoQuality": "Kvaliteta videa",
    "HeaderUsers": "Uporabniki",
    "HeaderUploadImage": "Naloži sliko",
    "HeaderUpcomingOnTV": "Prihaja na TV",
    "HeaderTypeText": "Vnesi besedilo",
    "HeaderTypeImageFetchers": "{0} pridobivanje slik",
    "HeaderTuners": "Sprejemniki",
    "HeaderTunerDevices": "Sprejemniki",
    "LabelAllowHWTranscoding": "Dovoli strojno pospešeno prekodiranje",
    "HeaderSelectTranscodingPathHelp": "Izberite ali vnesite pot za začasne datoteka prekodiranja. Mapa mora dovoliti zapisovanje.",
    "HeaderContainerProfileHelp": "Profil kontejnerja določa omejitve naprave pri predvajanju določenih formatov. Če je omejitev dosežena, bo predstavnost prekodirana, tudi če je format sicer nastavljen za neposredno predvajanje.",
    "HeaderTranscodingProfileHelp": "Dodaj profil prekodiranja za izbiro uporabljenih formatov, ko je potrebno prekodiranje.",
    "HeaderTranscodingProfile": "Profil prekodiranja",
    "HeaderTracks": "Skladbe",
    "HeaderThisUserIsCurrentlyDisabled": "Ta uporabnik je trenutno onemogočen",
    "HeaderTaskTriggers": "Sprožilci opravil",
    "HeaderTags": "Oznake",
    "HeaderSystemDlnaProfiles": "Sistemski profili",
    "HeaderSubtitleProfilesHelp": "Profili podnapisov določajo formate podnapisov, ki je naprava podpira.",
    "HeaderSubtitleProfiles": "Profili podnapisov",
    "HeaderSubtitleProfile": "Profil podnapisov",
    "HeaderSubtitleDownloads": "Prenosi podnapisov",
    "HeaderSubtitleAppearance": "Izgled podnapisov",
    "HeaderStopRecording": "Ustavi snemanje",
    "HeaderStatus": "Status",
    "HeaderStartNow": "Začni zdaj",
    "HeaderSpecialFeatures": "Dodatki",
    "HeaderSpecialEpisodeInfo": "Informacije o posebni epizodi",
    "HeaderSortOrder": "Vrstni red",
    "HeaderSortBy": "Razvrsti po",
    "HeaderShutdown": "Ugasni",
    "HeaderSetupLibrary": "Nastavite vaše knjižnjice predstavnosti",
    "HeaderServerSettings": "Nastavitve strežnika",
    "HeaderSeriesStatus": "Status serije",
    "HeaderSeriesOptions": "Možnosti serije",
    "HeaderSendMessage": "Pošlji sporočilo",
    "HeaderSelectTranscodingPath": "Izberi pot začasnih datotek prekodiranja",
    "HeaderRevisionHistory": "Pregled zgodovine",
    "HeaderFeatures": "Funkcije",
    "HeaderFeatureAccess": "Dostop funkcij",
    "HeaderDeviceAccess": "Dostop naprav",
    "HeaderContainerProfile": "Profil kontejnerja",
    "Kids": "Otroci",
    "LabelAbortedByServerShutdown": "(Prekinjeno zaradi zaustavitve strežnika)",
    "LabelAirsBeforeEpisode": "Predvajanje pred epizodo:",
    "LabelAlbumArtMaxWidth": "Največja širina slike albuma:",
    "LabelAlbumArtMaxWidthHelp": "Največja ločljivost slike albuma dostopna preko UPnP:albumArtURI.",
    "LabelAlbumArtPN": "Slika albuma PN:",
    "LabelAlbum": "Album:",
    "LabelAlbumArtMaxHeight": "Največja višina slike albuma:",
    "LabelAlbumArtMaxHeightHelp": "Največja ločljivost slike albuma dostopna preko UPnP:albumArtURI.",
    "LabelAudioBitDepth": "Bitna globina zvoka:",
    "LabelAllowServerAutoRestart": "Dovoli, da se strežnik samodejno znova zažene in uveljavi posodobitve",
    "LabelAllowServerAutoRestartHelp": "Strežnik se bo samodejno zagnal zgolj v času mirovanja, ko ne bo aktivnih uporabnikov.",
    "LabelAllowedRemoteAddresses": "Filter oddaljenih IP naslovov:",
    "LabelAllowedRemoteAddressesMode": "Način filtra oddaljenih IP naslovov:",
    "LabelAppName": "Ime aplikacije",
    "LabelAppNameExample": "Primer: Sickbeard, Sonarr",
    "LabelArtistsHelp": "Loči več z ;",
    "LabelAudio": "Zvok:",
    "LabelAudioBitrate": "Bitna hitrost zvoka:",
    "LabelAudioChannels": "Kanali zvoka:",
    "LabelAudioCodec": "Zvočni kodek:",
    "LabelAudioSampleRate": "Hitrost vzorčenja zvoka:",
    "LabelAuthProvider": "Ponudnik preverjanja pristnosti:",
    "LabelBindToLocalNetworkAddress": "Poveži na lokalni omrežni naslov:",
    "LabelAudioLanguagePreference": "Prednostni jezik zvoka:",
    "LabelAutomaticallyRefreshInternetMetadataEvery": "Samodejno posodobi metapodatke z interneta:",
    "Label3DFormat": "Format 3D:",
    "LabelAccessDay": "Dan v tednu:",
    "LabelAccessEnd": "Ura konca:",
    "LabelAccessStart": "Čas začetka:",
    "LabelAirDays": "Dnevi predvajanja:",
    "LabelAirTime": "Čas predvajanja:",
    "LabelAirsAfterSeason": "Predvajanje po sezoni:",
    "LabelAirsBeforeSeason": "Predvajanje pred sezono:",
    "LabelAlbumArtists": "Izvajalci albuma:",
    "LabelAll": "Vse",
    "LabelCustomRating": "Prilagojena ocena:",
    "LabelDashboardTheme": "Tema nadzorne plošče strežnika:",
    "LabelBirthDate": "Datum rojstva:",
    "LabelCache": "Predpomnilnik:",
    "LabelCachePath": "Pot predpomnilnika:",
    "LabelCancelled": "Prekinjeno",
    "LabelCertificatePassword": "Geslo certifikata:",
    "LabelCertificatePasswordHelp": "V kolikor vaš certifikat potrebuje geslo ga prosimo vnesite tukaj.",
    "LabelChannels": "Kanali:",
    "LabelCommunityRating": "Ocena skupnosti:",
    "LabelCriticRating": "Ocena kritikov:",
    "LabelCustomCertificatePathHelp": "Pot do  PKCS #12 datoteke, ki vsebuje certifikat in zasebni ključ, za omogočanje TLS povezave na domenah po meri.",
    "LabelCustomCss": "CSS po meri:",
    "LabelCustomCssHelp": "Določite vaš lasten stil spletnega vmesnika.",
    "LabelCustomDeviceDisplayName": "Prikazano ime:",
    "LabelCustomDeviceDisplayNameHelp": "Določi prikazano ime naprave. Pusti prazno za uporabo imena kot ga sporoči naprava sama.",
    "LabelDefaultScreen": "Privzeti zaslon:",
    "LabelDateAdded": "Datum dodajanja:",
    "LabelDateAddedBehavior": "Vedenje datuma dodajanja za nove vsebine:",
    "LabelDateAddedBehaviorHelp": "V kolikor so prisotni ustrezni metapodatki bodo ti vedno  uporabljeni najprej.",
    "LabelDateTimeLocale": "Lokacija datuma/časa:",
    "LabelDefaultUser": "Privzeti uporabnik:",
    "LabelDeviceDescription": "Opis naprave",
    "LabelDiscNumber": "Številka diska:",
    "LabelDisplayLanguage": "Jezik prikaza:",
    "LabelDisplayLanguageHelp": "Prevajanje Jellyfin strežnika je tekoči projekt.",
    "LabelBirthYear": "Letnica rojstva:",
    "LabelBlastMessageIntervalHelp": "Določi dolžino intervala v sekundah med pošiljanjem sporočil o dostopnosti.",
    "LabelBurnSubtitles": "Vžgi podnapise:",
    "LabelCachePathHelp": "Določi lokacijo po meri za predpomnjene podatke, na primer slike. Pusti prazno za uporabo privzete lokacije.",
    "LabelCollection": "Zbirka:",
    "LabelCustomCertificatePath": "Lokacija SSL certifikata po meri:",
    "LabelDidlMode": "DIDL način:",
    "LabelDisplayMissingEpisodesWithinSeasons": "Prikaži manjkajoče epizode znotraj sezon",
    "LabelDay": "Dan:",
    "LabelDeathDate": "Datum smrti:",
    "LabelBitrate": "Bitna hitrost:",
    "LabelBlastMessageInterval": "Interval sporočila o dostopnosti (sekunde)",
    "LabelDefaultUserHelp": "Določi knjižnica katerega uporabnika bo prikazana na povezanih napravah. To lahko preglasite s profili za posamezno napravo.",
    "LabelEnableDlnaClientDiscoveryIntervalHelp": "Določi trajanje v sekundah med SSDP iskanji, ki jih izvede Jellyfin.",
    "LabelEnableDlnaClientDiscoveryInterval": "Interval odkrivanja sprejemnikov (sekunde)",
    "LabelEnableBlastAliveMessagesHelp": "Omogočite, če imajo UPnP naprave težave z zaznavanjem strežnika v omrežju.",
    "LabelEnableBlastAliveMessages": "Oddajaj sporočila o dostopnosti",
    "LabelEnableAutomaticPortMapHelp": "Poskuša avtomatično povezati javna vrata z lokalnimi preko UPnP. To ne deluje z nekaterimi usmerjevalniki. Spremembe bodo uveljavljene po ponovnem zagonu strežnika.",
    "LabelEnableAutomaticPortMap": "Omogoči avtomatično mapiranje vrat",
    "LabelEmbedAlbumArtDidl": "Vdelaj grafike albuma v Didl",
    "LabelEasyPinCode": "Enostavna PIN koda:",
    "LabelDropImageHere": "Povleci in spusti sliko sem, klikni za brskanje.",
    "LabelDownloadLanguages": "Jeziki za prenos:",
    "LabelDownMixAudioScaleHelp": "Ojačaj jakost zvoka pri pretvarjanju v manj kanalov. Vrednost 1 ohrani izvirno glasnost.",
    "LabelDownMixAudioScale": "Ojačanje zvoka pri pretvarjanju v manj kanalov:",
    "LabelDisplaySpecialsWithinSeasons": "Prikaži posebne epizode znotraj sezon v katerih so bile predvajane",
    "LabelDisplayOrder": "Vrstni red prikaza:",
    "LabelDisplayName": "Prikazano ime:",
    "LabelDisplayMode": "Način prikaza:",
    "LabelBindToLocalNetworkAddressHelp": "Neobvezno. Preglasi lokalni IP naslov za povezavo s HTTP strežnikom. V kolikor pustite prazno se strežnik poveže z vsemi možnimi naslovi. Sprememba vrednosti zahteva ponovni zagon Jellyfin strežnika.",
    "InstallingPackage": "Nameščanje {0}",
    "ImportMissingEpisodesHelp": "Če je omogočeno, bodo podatki o manjkajočih epizodah dodani v Jellyfin bazo podatkov in prikazani znotraj sezon in serij. To lahko občutno podaljša uvoz v knjižnjico.",
    "ImportFavoriteChannelsHelp": "Če je omogočeno, bodo uvoženi zgolj kanali, ki so na sprejemniku označeni kot priljubljeni.",
    "LabelEnableDlnaServerHelp": "Omogoči UPnP napravam v omrežju da brskajo in predvajajo vsebine.",
    "LabelFolder": "Mapa:",
    "LabelIconMaxWidth": "Največja širina ikon:",
    "LabelManufacturer": "Proizvajalec:",
    "LabelMessageText": "Besedilo sporočila:",
    "LabelMetadataSavers": "Shranjevanje metapodatkov:",
    "LabelMetadataSaversHelp": "Izberi format datoteke za zapis metapodatkov.",
    "LabelMethod": "Način:",
    "LabelMinBackdropDownloadWidth": "Minimalna širina prenesenih ozadij:",
    "LabelFailed": "Neuspešno",
    "LabelFileOrUrl": "Datoteka ali URL:",
    "LabelFont": "Pisava:",
    "LabelGroupMoviesIntoCollections": "Združi filme v zbirke",
    "LabelEncoderPreset": "Predloga kodiranja H264:",
    "LabelHardwareAccelerationType": "Strojno pospeševanje:",
    "LabelHardwareAccelerationTypeHelp": "Strojno pospeševanje zahteva dodatno konfiguracijo.",
    "LabelHomeNetworkQuality": "Kvaliteta v domačem omrežju:",
    "LabelHttpsPort": "Lokalna HTTPS vrata:",
    "LabelHttpsPortHelp": "Vrata TCP s katerimi se poveže Jellyfin HTTPS strežnik.",
    "LabelLocalHttpServerPortNumber": "Lokalna HTTP vrata:",
    "LabelLocalHttpServerPortNumberHelp": "Vrata TCP s katerimi se poveže Jellyfin HTTP strežnik.",
    "LabelLockItemToPreventChanges": "Zakleni ta element in prepreči spreminjanje v prihodnosti",
    "LabelMetadataReadersHelp": "Uredi želene lokalne vire metapodatkov po prioriteti. Uporabljena bo prva najdena datoteka.",
    "LabelMinResumeDuration": "Najkrajša dolžina za nadaljevanje:",
    "LabelMinResumeDurationHelp": "Najkrajša dolžina videa v sekundah, za katerega je omogočeno shranjevanje mesta predvajanja in nadaljevanje.",
    "LabelMinResumePercentageHelp": "Predstavnost se smatra za nepredvajano če se predvajanje ustavi pred tem časom.",
    "LabelNewsCategories": "Kategorije novic:",
    "LabelEnableDlnaDebugLogging": "Omogoči beleženje napak DLNA",
    "LabelEnableDlnaDebugLoggingHelp": "Ustvari podrobne dnevnike dogodkov. Uporabi zgolj za potrebe odpravljanja težav.",
    "LabelEnableDlnaPlayTo": "Omogoči DLNA predvajanje na",
    "LabelEnableDlnaPlayToHelp": "Zaznaj naprave znotraj omrežja in omogoči upravljanje z njimi.",
    "LabelEnableDlnaServer": "Omogoči DLNA strežnik",
    "LabelEnableHardwareDecodingFor": "Omogoči strojno pospešeno predvajanje za:",
    "LabelEnableRealtimeMonitor": "Omogoči spremljanje v realnem času",
    "LabelEnableRealtimeMonitorHelp": "Spremembe datotek bodo na podprtih datotečnih sistemih obdelane takoj.",
    "LabelEnableSingleImageInDidlLimit": "Omeji na eno vdelano sliko",
    "LabelEnableSingleImageInDidlLimitHelp": "Nekatere naprave ne bodo prikazovale pravilno, če je več slik vdelanih v Didl.",
    "LabelEndDate": "Datum zaključka:",
    "LabelEpisodeNumber": "Številka epizode:",
    "LabelEveryXMinutes": "Vsak:",
    "LabelBaseUrl": "Osnovni URL:",
    "LabelExtractChaptersDuringLibraryScan": "Izvleči slike poglavij med preiskovanjem knjižnjice",
    "LabelFormat": "Format:",
    "LabelServerNameHelp": "To ime bo uporabljeno za identifikacijo strežnika in je privzeto enako imenu računalnika.",
    "LabelGroupMoviesIntoCollectionsHelp": "Pri prikazovanju seznama filmov bodo filmi iz iste zbirke prikazani kot en združen element.",
    "LabelH264Crf": "H264 kodiranje CRF:",
    "LabelIconMaxHeight": "Največja višina ikone:",
    "LabelIconMaxHeightHelp": "Največja resolucija ikon dostopnih prek upnp:icon.",
    "LabelIconMaxWidthHelp": "Največja resolucija ikon dostopnih prek upnp:icon.",
    "LabelIdentificationFieldHelp": "Za velike ali male črke neobčutljiv podizraz ali regex izraz.",
    "LabelImageFetchersHelp": "Omogoči in razvrsti vire za pridobivanje slik po prioriteti.",
    "LabelImageType": "Tip slike:",
    "LabelImportOnlyFavoriteChannels": "Omeji na priljubljene kanale",
    "LabelInNetworkSignInWithEasyPassword": "Omogoči prijavo z enostavno PIN kodo znotraj omrežja",
    "LabelInternetQuality": "Internetna kvaliteta:",
    "LabelKeepUpTo": "Obdrži do:",
    "LabelKidsCategories": "Otroške kategorije:",
    "LabelKodiMetadataDateFormat": "Format datuma izida:",
    "LabelKodiMetadataDateFormatHelp": "Vsi datumi znotraj NFO datotek bodo urejeni v tem formatu.",
    "LabelKodiMetadataEnablePathSubstitution": "Omogoči zamenjavo poti",
    "LabelKodiMetadataSaveImagePathsHelp": "To je priporočeno za slike, katerih imena ne ustrezajo Kodi smernicam.",
    "LabelKodiMetadataUser": "Shrani stanje ogleda v NFO za:",
    "LabelKodiMetadataUserHelp": "Shrani stanje ogleda v NFO datoteke za druge aplikacije.",
    "LabelLanNetworks": "LAN omrežja:",
    "LabelLoginDisclaimer": "Sporočilo pri prijavi:",
    "LabelLoginDisclaimerHelp": "Sporočilo, ki bo prikazano na dnu strani za prijavo.",
    "LabelLogs": "Dnevniki:",
    "LabelManufacturerUrl": "URL proizvajalca",
    "LabelMatchType": "Vrsta ujemanja:",
    "LabelMaxBackdropsPerItem": "Največje število ozadij na element:",
    "LabelMaxChromecastBitrate": "Kvaliteta pretakanja na Chromecast:",
    "LabelMaxParentalRating": "Največja dovoljena ocena za starše:",
    "LabelMaxResumePercentage": "Največji odstotek za nadaljevanje:",
    "LabelEvent": "Dogodek:",
    "LabelMaxResumePercentageHelp": "Predstavnost se smatra za predvajano v celoti če se predvajanje ustavi po tem času.",
    "LabelMaxScreenshotsPerItem": "Največje število posnetkov zaslona na element:",
    "LabelMaxStreamingBitrateHelp": "Določi največjo bitno hitrost pri pretakanju.",
    "LabelMessageTitle": "Naslov sporočila:",
    "LabelMetadata": "Metapodatki:",
    "LabelMetadataPath": "Pot metapodatkov:",
    "LabelMetadataPathHelp": "Določi lokacijo po meri za prenesene slike in metapodatke.",
    "LabelMetadataReaders": "Bralniki metapodatkov:",
    "LabelMinScreenshotDownloadWidth": "Najmanjša širina prenesenih posnetkov zaslona:",
    "LabelModelDescription": "Opis modela",
    "LabelModelNumber": "Številka modela",
    "LabelModelUrl": "URL modela",
    "LabelMonitorUsers": "Spremljaj aktivnost iz:",
    "LabelMovieCategories": "Kategorije filmov:",
    "LabelMoviePrefix": "Predpona filma:",
    "LabelMovieRecordingPath": "Pot za snemanje filmov (neobvezno):",
    "LabelMusicStreamingTranscodingBitrate": "Bitna hitrost pretvarjanja glasbe:",
    "LabelMusicStreamingTranscodingBitrateHelp": "Določi največjo bitno hitrost pretakanja glasbe.",
    "LabelName": "Ime:",
    "LabelFriendlyName": "Uporabniku prijazno ime:",
    "LabelKodiMetadataEnablePathSubstitutionHelp": "Omogoči zamenjavo poti za poti slik glede na nastavitve zamenjave poti strežnika.",
    "LabelKodiMetadataSaveImagePaths": "Shrani poti slik znotraj nfo datotek",
    "LabelMetadataDownloadersHelp": "Omogoči in uredi želene vire metapodatkov po prioriteti. Viri z nižjo prioriteto bodo uporabljeni zgolj za dopolnjevanje manjkajočih informacij.",
    "LabelBaseUrlHelp": "Tukaj lahko dodate podmapo po meri, za dostop do strežnika z bolj unikatnega URL naslova.",
    "LabelExtractChaptersDuringLibraryScanHelp": "Ustvari slike poglavij med uvozom videov pri preiskovanju knjižnjice. Sicer bodo ustvarjene med načrtovanim opravilom, kar omogoča hitrejše preiskovanje knjižnjice.",
    "LabelForgotPasswordUsernameHelp": "Vpišite svoje uporabniško ime, v kolikor se ga spomnite.",
    "LabelInNetworkSignInWithEasyPasswordHelp": "Uporabi enostavno PIN kodo za prijavo v naprave znotraj lokalnega omrežja. Vaše geslo bo potrebno zgolj za prijave zunaj domačega omrežja. Če pustite prazno, za prijavo v domačem omrežju omrežju ne boste potrebovali gesla.",
    "LabelMaxStreamingBitrate": "Največja kvaliteta pretakanja:",
    "LabelMetadataDownloadLanguage": "Prednostni jezik prenosa:",
    "LabelMinResumePercentage": "Najmanjši odstotek za nadaljevanje:",
    "LabelModelName": "Ime modela",
    "LabelMoviePrefixHelp": "Če naslovi filmov vsebujejo predpono,  jo vnesite tukaj da jo lahko strežnik pravilno obdela.",
    "LabelNewName": "Novo ime:",
    "Raised": "Dvignjeni",
    "TabCollections": "Zbirke",
    "Small": "Majhno",
    "SmartSubtitlesHelp": "Podnapisi, ki se ujemajo z želenim jezikom, bodo naloženi, ko je zvok v tujem jeziku.",
    "SubtitleAppearanceSettingsDisclaimer": "Te nastavitve ne vplivajo na grafične podnapise (PGS, DVD, itd.) ali ASS/SSA podnapise, ki imajo vdelan svoj lasten slog.",
    "PluginInstalledMessage": "Dodatek je bil uspešno nameščen. Za uveljavitev sprememb je potreben ponovni zagon Jellyfin strežnika.",
    "MessageNoMovieSuggestionsAvailable": "Trenutno ni na voljo nobenih predlogov za filme. Začnite gledati in ocenjevati vaše filme, ter se nato vrnite sem in si oglejte predloge.",
    "LabelSelectFolderGroups": "Samodejno združi vsebine iz spodnjih map v poglede kot so Filmi, Glasba in TV:",
    "TabPlayback": "Predvajanje",
    "TitlePlayback": "Predvajanje",
    "MessagePasswordResetForUsers": "Gesla naslednjih uporabnikov so bila ponastavljena. Zdaj se lahko prijavijo s PIN kodami, ki so bile uporabljene za ponastavitev.",
    "OptionHideUserFromLoginHelp": "Koristno za zasebne ali skrite skrbniške račune. Uporabnik se bo moral prijaviti ročno z vpisom svojega uporabniškega imena in gesla.",
    "OnlyForcedSubtitlesHelp": "Naložijo se zgolj podnapisi, ki so označeni kot prisiljeni.",
    "OptionEnableExternalContentInSuggestionsHelp": "Dovoli, da so spletni napovedniki in TV kanali v živo vključeni med priporočenimi vsebinami.",
    "LabelDropShadow": "Senca:",
    "LabelHomeScreenSectionValue": "Razdelek domačega zaslona {0}:",
    "LabelPreferredSubtitleLanguage": "Prednostni jezik podnapisov:",
    "NoSubtitles": "Brez podnapisov",
    "OnlyImageFormats": "Samo slikovni formati (VOBSUB, PGS, SUB, itd.)",
    "OnlyForcedSubtitles": "Samo prisiljeni podnapisi",
    "OptionAllowAudioPlaybackTranscoding": "Dovoli predvajanje zvoka, ki zahteva prekodiranje",
    "OptionAllowVideoPlaybackTranscoding": "Dovoli predvajanje videoposnetkov, ki zahtevajo prekodiranje",
    "OptionBlockLiveTvChannels": "TV kanali v živo",
    "OptionEnableExternalContentInSuggestions": "Dovoli predlaganje zunanjih vsebin",
    "Depressed": "Vdrti",
    "LabelPreferredDisplayLanguage": "Prednostni jezik prikaza:",
    "LabelSelectFolderGroupsHelp": "Neoznačene mape bodo prikazane same zase v lastnem pogledu.",
    "LabelSkipBackLength": "Dolžina preskoka nazaj:",
    "LabelSkipForwardLength": "Dolžina preskoka naprej:",
    "LabelSkipIfAudioTrackPresent": "Preskoči, če se privzeti jezik zvoka ujema z jezikom za prenos",
    "LabelSkipIfGraphicalSubsPresent": "Preskoči, če videoposnetek že vsebuje vdelane podnapise",
    "LabelTVHomeScreen": "Domači zaslon TV načina:",
    "LabelTextSize": "Velikost besedila:",
    "LabelTheme": "Tema:",
    "Large": "Veliko",
    "LiveTV": "TV v živo",
    "LabelTranscodingThreadCountHelp": "Izberi največje število niti za uporabo pri prekodiranju. Zmanjšanje števila niti bo zmanjšalo uporabo CPU-ja, vendar prekodiranje morda ne bo dovolj hitro za nemoteno predvajanje.",
    "MessageNoCollectionsAvailable": "Zbirke vam omogočajo uživanje v prilagojenih skupinah filmov, serij in albumov. Kliknite gumb +, da začnete ustvarjati zbirke.",
    "None": "Brez",
    "OptionAllowBrowsingLiveTv": "Dovoli dostop do TV v živo",
    "OptionAllowManageLiveTv": "Dovoli upravljanje snemanja TV v živo",
    "MessagePlayAccessRestricted": "Predvajanje te vsebine je trenutno omejeno. Za več informacij se obrnite na skrbnika strežnika.",
    "NoSubtitlesHelp": "Podnapisi se privzeto ne bodo naložili. Med predvajanjem jih lahko še vedno ročno vklopite.",
    "MessagePluginConfigurationRequiresLocalAccess": "Za nastavitev tega dodatka se prosimo prijavite neposredno na vaš lokalni strežnik.",
    "OptionAllowMediaPlaybackTranscodingHelp": "Omejitev dostopa do prekodiranja lahko povzroči napake pri predvajanju v Jellyfin aplikacijah zaradi nepodprtih formatov predstavnosti.",
    "OptionAllowVideoPlaybackRemuxing": "Dovoli predvajanje videoposnetkov, ki zahtevajo pretvarjanje brez prekodiranja",
    "ViewPlaybackInfo": "Oglejte si informacije o predvajanju",
    "WizardCompleted": "To je vse kar potrebujemo za zdaj. Jellyfin je začel zbirati informacije o vaši knjižnici predstavnosti. Oglejte si nekaj naših aplikacij in nato kliknite <b>Zaključi</b> za ogled <b>Nadzorne pološče</b>.",
    "Suggestions": "Predlogi",
    "SubtitleDownloadersHelp": "Omogočite in razvrstite želene vire podnapisov po prioriteti.",
    "NewCollectionHelp": "Zbirke vam omogočajo ustvarjanje prilagojenih skupin filmov in drugih vsebin.",
    "TheseSettingsAffectSubtitlesOnThisDevice": "Te nastavitve vplivajo na podnapise na tej napravi",
    "PlaybackData": "Podatki o predvajanju",
    "PreferredNotRequired": "Prednostno, vendar ni potrebno",
    "PlayNext": "Predvajaj naslednje",
    "PlayNextEpisodeAutomatically": "Samodejno predvajaj naslednjo epizodo",
    "Smaller": "Manjše",
    "Smart": "Pametno",
    "SubtitleAppearanceSettingsAlsoPassedToCastDevices": "Te nastavitve veljajo tudi za predvajanja Chromecast, ki jih začne ta naprava.",
    "TabDashboard": "Nadzorna plošča",
    "TabLiveTV": "TV v živo",
    "PinCodeResetConfirmation": "Ali ste prepričani, da želite ponastaviti PIN kodo?",
    "PreferEmbeddedTitlesOverFileNames": "Prioritiziraj vdelane naslove pred imeni datotek",
    "PreferEmbeddedTitlesOverFileNamesHelp": "To vpliva na privzeto prikazan naslov, ko ni na voljo internetnih ali lokalnih metapodatkov.",
    "Rate": "Oceni",
    "RecentlyWatched": "Nedavno ogledano",
    "RecommendationBecauseYouLike": "Ker vam je všeč {0}",
    "OptionSunday": "Nedelja",
    "OptionTvdbRating": "TVDB ocena",
    "OptionUnairedEpisode": "Nepredvajane epizode",
    "PleaseEnterNameOrId": "Prosimo vnesite ime ali zunanji ID.",
    "OptionWednesday": "Sreda",
    "OptionWeekends": "Vikendi",
    "Previous": "Prejšnji",
    "People": "Ljudje",
    "NoNewDevicesFound": "Najdena ni bila nobena nova naprava. Za dodajanje novega TV/radio sprejemnika, zaprite to pogovorno okno in ročno vnesite podatke o napravi.",
    "OptionEnableForAllTuners": "Omogoči za vse TV/radio sprejemnike",
    "OptionReportByteRangeSeekingWhenTranscoding": "Sporoči, da strežnik podpira iskanje po bajtih pri prekodiranju",
    "Quality": "Kvaliteta",
    "PlaceFavoriteChannelsAtBeginning": "Postavi priljubljene kanale na začetek",
    "LabelOptionalNetworkPath": "(Neobvezno) Omrežna mapa:",
    "LabelOptionalNetworkPathHelp": "V primeru, da je mapa deljena v vašem omrežju, lahko Jellyfin deli omrežno pot z ostalimi napravami in jim omogoči neposreden dostop do predstavnosti.",
    "LabelRemoteClientBitrateLimitHelp": "Neobvezna omejitev bitne hitrosti na posamezno predvajanje za vse naprave izven domačega omrežja. S tem lahko preprečite, da bi naprave zahtevale višjo bitno hitrost predvajanja, kot jo lahko prenese vaše omrežje. To lahko poveča obremenitev CPU-ja, saj bo morda potrebno sprotno prekodiranje za zmanjšanje bitne hitrosti.",
    "LanNetworksHelp": "Z vejico ločen seznam IP naslovov ali IP/maska omrežji, ki bodo upoštevana kot lokalna pri uveljavljanju omejitev pasovne širine. Če nastavite, se bodo vsi ostali naslovi upoštevali kot zunanji in bodo predmet omejitve pasovne širine. Če pustite prazno, bo kot lokalno omrežje upoštevano zgolj omrežje strežnika.",
    "MessageDirectoryPickerInstruction": "Omrežne poti lahko vnesete ročno, v kolikor gumb Omrežje ne uspe najti vaših naprav. Primer {0} ali {1}.",
    "MessageForgotPasswordInNetworkRequired": "Za začetek ponastavitve gesla prosimo poskusite znova v vašem domačem omrežju.",
    "OptionReportByteRangeSeekingWhenTranscodingHelp": "To je potrebno za nekatere naprave, ki slabo iščejo po času.",
    "OptionRequirePerfectSubtitleMatch": "Prenesi zgolj podnapise, ki se popolnoma ujemajo z mojimi video datotekami",
    "OptionRequirePerfectSubtitleMatchHelp": "Zahtevanje popolnega ujemanja bo omejilo iskanje podnapisov na zgolj tiste, ki se preverjeno ujemajo z vašimi video datotekami. Če to možnost počistite, se bo povečala verjetnost, da bodo podnapisi preneseni, vendar tudi, da se ne bodo ujemali.",
    "PleaseConfirmPluginInstallation": "Prosimo kliknite OK, da potrdite, da se strinjate z zgoraj napisanim in želite nadaljevati z namestitvijo dodatka.",
    "Programs": "Programi",
    "LabelTunerIpAddress": "IP naslov TV/radio sprejemnika:",
    "PleaseRestartServerName": "Prosimo ponovno zaženite Jellyfin strežnik - {0}.",
    "ProductionLocations": "Kraj produkcije",
    "OptionAllowRemoteSharedDevices": "Dovoli daljinsko upravljanje skupnih naprav",
    "OptionAllowRemoteSharedDevicesHelp": "DLNA naprave veljajo za skupne, dokler jih ne začne nadzirati uporabnik.",
    "OptionSaveMetadataAsHidden": "Shrani metapodatke in slike kot skrite datoteke",
    "TabLogs": "Dnevniki",
    "TabNetworking": "Omrežje",
    "OptionSaveMetadataAsHiddenHelp": "Spreminjanje tega bo veljalo za metapodatke shranjene v prihodnje. Obstoječi metapodatki bodo posodobljeni, ko jih bo strežnik naslednjič spremenil.",
    "OptionSubstring": "Podniz",
    "OptionThursday": "Četrtek",
    "OptionTrackName": "Ime skladbe",
    "OptionTuesday": "Torek",
    "OptionWakeFromSleep": "Prebudi iz spanja",
    "OptionWeekdays": "Delovni dnevi",
    "OptionWeekly": "Tedensko",
    "OriginalAirDateValue": "Prvotni datum predvajanja: {0}",
    "Overview": "Pregled",
    "PackageInstallCancelled": "{0} namestitev preklicana.",
    "PackageInstallCompleted": "{0} namestitev uspešna.",
    "PackageInstallFailed": "{0} namestitev neuspešna.",
    "PasswordMatchError": "Geslo in potrditev gesla se moreta ujemati.",
    "PasswordResetComplete": "Geslo je bilo ponastavljeno.",
    "PasswordResetConfirmation": "Ali ste prepričani, da želite ponastaviti geslo?",
    "PasswordResetHeader": "Ponastavi geslo",
    "PasswordResetProviderHelp": "Izberite ponudnika ponastavitve gesla, ki bo uporabljen, ko bo ta uporabnik zahteval ponastavitev gesla",
    "PasswordSaved": "Geslo shranjeno.",
    "PerfectMatch": "Popolno ujemanje",
    "PictureInPicture": "Slika v sliki",
    "PinCodeResetComplete": "PIN koda je bila ponastavljena.",
    "Play": "Predvajaj",
    "PlayAllFromHere": "Predvajaj vse od tu",
    "PlayCount": "Število predvajanj",
    "PlayFromBeginning": "Predvajaj od začetka",
    "Played": "Predvajano",
    "PleaseAddAtLeastOneFolder": "Prosimo dodajte vsaj eno mapo v to knjižnico s klikom na gumb Dodaj.",
    "PleaseSelectTwoItems": "Prosimo izberite vsaj dva elementa.",
    "Premieres": "Premiere",
    "Producer": "Producent",
    "QueueAllFromHere": "Dodaj vse tukaj v čakalno vrsto",
    "Premiere": "Premiera",
    "OptionRuntime": "Trajanje",
    "OptionSaturday": "Sobota",
    "MediaInfoLayout": "Razporeditev",
    "Like": "Všeč mi je",
    "LinksValue": "Povezave: {0}",
    "LabelPlayDefaultAudioTrack": "Predvajaj privzeti zvočni posnetek ne glede na jezik",
    "LabelOriginalTitle": "Izvirni naslov:",
    "LabelRefreshMode": "Način osveževanja:",
    "LabelSkipIfAudioTrackPresentHelp": "Odznačite to, če želite, da bodo imeli vsi videoposnetki podnapise ne glede na jezik zvoka.",
    "LabelTagline": "Slogan:",
    "LabelTitle": "Naslov:",
    "MediaInfoForced": "Prisiljeni",
    "MediaInfoLanguage": "Jezik",
    "Tags": "Oznake",
    "MediaInfoExternal": "Zunanji",
    "Refresh": "Osveži",
    "MetadataManager": "Upravitelj metapodatkov",
    "MetadataSettingChangeHelp": "Spreminjanje nastavitev metapodatkov bo vplivalo na nove vsebine. Za osvežitev obstoječih vsebin, odprite okno s podrobnostmi in kliknite gumb Osveži, ali množično osvežite metapodatke z upraviteljem metapodatkov.",
    "RefreshMetadata": "Osveži metapodatke",
    "RefreshQueued": "Osvežitev v čakalni vrsti.",
    "Shuffle": "Premešaj",
    "Watched": "Ogledano",
    "OptionExternallyDownloaded": "Zunanji prenos",
    "TagsValue": "Oznake: {0}",
    "LabelPublicHttpPort": "Javna HTTP vrata:",
    "LabelProtocolInfoHelp": "Vrednost, ki bo uporabljena kot odgovor na GetProtocolInfo zahteve naprave.",
    "LabelProtocolInfo": "Informacije o protokolu:",
    "LabelProtocol": "Protokol:",
    "LabelProfileVideoCodecs": "Video kodeki:",
    "LabelProfileCodecsHelp": "Ločeno z vejico. Če pustite prazno, velja za vse kodeke.",
    "LabelPreferredDisplayLanguageHelp": "Prevajanje Jellyfin je projekt v teku.",
    "LabelPleaseRestart": "Spremembe bodo začele veljati po ročni osvežitvi spletnega vmesnika.",
    "LabelPlaylist": "Seznam predvajanja:",
    "LabelPlaceOfBirth": "Kraj rojstva:",
    "LabelPersonRoleHelp": "Primer: Voznik tovornjaka za sladoled",
    "LabelPersonRole": "Vloga:",
    "LabelPath": "Pot:",
    "LabelPasswordRecoveryPinCode": "PIN:",
    "LabelPasswordResetProvider": "Ponudnik ponastavitve gesla:",
    "LabelPasswordConfirm": "Potrditev gesla:",
    "LabelPassword": "Geslo:",
    "OptionDisableUserHelp": "Če onemogočite strežnik ne bo dovolil povezav od tega uporabnika. Obstoječe povezave bodo prekinjene.",
    "OptionDescending": "Padajoče",
    "OptionDatePlayed": "Datum predvajanja",
    "OptionDateAddedImportTime": "Uporabi datum dodajanja v knjižnico",
    "OptionDateAddedFileTime": "Uporabi datum nastanka datoteke",
    "OptionDateAdded": "Datum dodajanja",
    "OptionDaily": "Dnevno",
    "OptionCustomUsers": "Po meri",
    "OptionCriticRating": "Ocena kritikov",
    "OptionContinuing": "Se nadaljuje",
    "OptionCommunityRating": "Ocena skupnosti",
    "OptionCaptionInfoExSamsung": "CaptionInfoEx (Samsung)",
    "OptionBluray": "Blu-ray",
    "OptionBlockTvShows": "TV serije",
    "OptionBlockTrailers": "Napovedniki",
    "OptionBlockMusic": "Glasba",
    "OptionBlockMovies": "Filmi",
    "OptionBlockBooks": "Knjige",
    "OptionBanner": "Pasica",
    "OptionAutomaticallyGroupSeriesHelp": "Če je omogočeno, bodo serije, ki so razdeljene v več mapah znotraj knjižnice samodejno združene v eno serijo.",
    "OptionAutomaticallyGroupSeries": "Samodejno združi serije, ki so razdeljene po več mapah",
    "OptionAscending": "Naraščajoče",
    "OptionArtist": "Izvajalec",
    "OptionAllowUserToManageServer": "Dovoli temu uporabniku upravljanje strežnika",
    "MessageTheFollowingLocationWillBeRemovedFromLibrary": "Naslednja mesta predstavnosti bodo odstranjena iz vaše knjižnice:",
    "MessageSettingsSaved": "Nastavitve so bile shranjene.",
    "MessagePluginInstallDisclaimer": "Dodatki ustvarjeni s strani članov Jellyfin skupnosti so odličen način za izboljšanje vaše izkušnje z Jellyfin z dodatnimi funkcijami in prednostmi. Preden namestite dodatke se zavedajte, da imajo lahko ti različne vplive na vaš Jellyfin strežnik, kot na primer počasnejše preiskovanje knjižnic, dodatna obdelava podatkov v ozadju in zmanjšana stabilnost sistema.",
    "MessagePleaseWait": "Prosimo počakajte. To lahko traja nekaj minut.",
    "MessagePleaseEnsureInternetMetadata": "Prosimo poskrbite, da je prenašanje spletnih metapodatkov omogočeno.",
    "MessageNothingHere": "Tu ni nič.",
    "MessageNoTrailersFound": "Napovednikov ni bilo mogoče najti. Namestite kanal napovednikov in izboljšajte svojo filmsko izkušnjo s knjižnico spletnih napovednikov.",
    "MessageNoServersAvailable": "Z samodejnim odkrivanjem strežnikov ni bilo mogoče najti nobenega strežnika.",
    "MessageNoPluginsInstalled": "Nameščenih nimate nobenih dodatkov.",
    "MessageNoAvailablePlugins": "Dodatki niso na voljo.",
    "MessageInvalidUser": "Napačno uporabniško ime ali geslo. Prosimo poskusite znova.",
    "MessageInvalidForgotPasswordPin": "Vnesena je bila napačna ali potekla PIN koda. Prosimo poskusite znova.",
    "MessageInstallPluginFromApp": "Ta dodatek mora biti nameščen znotraj aplikacije, v kateri ga nameravate uporabljati.",
    "MessageImageTypeNotSelected": "Prosimo izberite tip slike v spustnem meniju.",
    "MessageImageFileTypeAllowed": "Podprte so zgolj JPEG in PNG datoteke.",
    "MessageForgotPasswordFileCreated": "Sledeča datoteka je bila ustvarjena na vašem strežniku in vsebuje navodila za nadaljevanje:",
    "MessageFileReadError": "Pri branju datoteke je prišlo do napake. Prosimo poskusite znova.",
    "MessageEnablingOptionLongerScans": "Če omogočite to možnost, se lahko trajanje preiskovanja knjižnic občutno podaljša.",
    "MessageDownloadQueued": "Prenos na čakanju.",
    "MessageDirectoryPickerLinuxInstruction": "Za Linux na sistemu Arch Linux, CentOS, Debian, Fedora, openSUSE ali Ubuntu morate uporabniku storitve dodeliti vsaj dovoljenje za branje vaših shramb.",
    "MessageDirectoryPickerBSDInstruction": "Za BSD boste morda morali nastaviti shrambo znotraj vašega FreeNAS Jail-a, da omogočite Jellyfin dostop.",
    "MessageDeleteTaskTrigger": "Ali ste prepričani, da želite izbrisati ta sprožilec opravil?",
    "MessageCreateAccountAt": "Ustvarite račun pri {0}",
    "MessageContactAdminToResetPassword": "Za ponastavitev gesla se obrnite na skrbnika sistema.",
    "MessageConfirmShutdown": "Ali ste prepričani, da želite zaustaviti strežnik?",
    "MessageConfirmRevokeApiKey": "Ali ste prepričani, da želite razveljaviti ta API ključ? Povezava aplikacije z Jellyfin strežnikom bo nenadoma prekinjena.",
    "MessageConfirmRestart": "Ali ste prepričani, da želite ponovno zagnati Jellyfin strežnik?",
    "MessageConfirmRemoveMediaLocation": "Ali ste prepričani, da želite odstraniti to mesto?",
    "MessageConfirmRecordingCancellation": "Prekliči snemanje?",
    "MessageConfirmProfileDeletion": "Ali ste prepričani, da želite izbrisati ta profil?",
    "MessageConfirmDeleteTunerDevice": "Ali ste prepričani, da želite odstraniti to napravo?",
    "MessageConfirmDeleteGuideProvider": "Ali ste prepričani, da želite odstraniti tega ponudnika TV vodiča?",
    "MessageAreYouSureYouWishToRemoveMediaFolder": "Ali ste prepričani, da želite odstraniti to mapo predstavnosti?",
    "MessageAreYouSureDeleteSubtitles": "Ali ste prepričani, da želite izbrisati ta podnapis?",
    "MessageAlreadyInstalled": "Ta različica je že nameščena.",
    "Menu": "Meni",
    "MediaIsBeingConverted": "Predstavnost se pretvarja v format, ki je združljiv z napravo, ki predstavnost predvaja.",
    "MediaInfoStreamTypeVideo": "Video",
    "MediaInfoStreamTypeSubtitle": "Podnapis",
    "MediaInfoStreamTypeEmbeddedImage": "Vdelana sličica",
    "MediaInfoStreamTypeData": "Podatki",
    "MediaInfoStreamTypeAudio": "Zvok",
    "MediaInfoSoftware": "Programska oprema",
    "MediaInfoTimestamp": "Časovni žig",
    "MediaInfoSize": "Velikost",
    "MediaInfoSampleRate": "Vzorčna hitrost",
    "MediaInfoResolution": "Ločljivost",
    "MediaInfoRefFrames": "Ref sličice",
    "MediaInfoProfile": "Profil",
    "MediaInfoPixelFormat": "Format pik",
    "MediaInfoPath": "Pot",
    "MediaInfoLevel": "Stopnja",
    "MediaInfoInterlaced": "Prepleteno",
    "MediaInfoFramerate": "Hitrost sličic",
    "MediaInfoDefault": "Privzeto",
    "MediaInfoCodecTag": "Oznaka kodeka",
    "MediaInfoCodec": "Kodek",
    "MediaInfoChannels": "Kanali",
    "MediaInfoBitrate": "Bitna hitrost",
    "MediaInfoBitDepth": "Bitna globina",
    "HeaderFavoritePeople": "Priljubljene osebe",
    "ReleaseDate": "Datum izida",
    "LabelReleaseDate": "Datum izida:",
    "Runtime": "Trajanje",
    "UserProfilesIntro": "Jellyfin podpira uporabniške profile z natančnimi nastavitvami prikaza, stanjem predvajanja in starševskim nadzorom.",
    "TabParentalControl": "Starševski nadzor",
    "OptionParentalRating": "Ocena za starše",
    "LabelParentalRating": "Ocena za starše:",
    "OptionPlayCount": "Število predvajanj",
    "LabelTranscodingThreadCount": "Število niti prekodiranja:",
    "OptionBlockChannelContent": "Vsebina spletnega kanala",
    "OneChannel": "En kanal",
    "SortName": "Ime razvrščanja",
    "SortChannelsBy": "Razvrsti kanale po:",
    "SortByValue": "Razvrsti po {0}",
    "Sort": "Razvrsti",
    "LabelSortTitle": "Naslov razvrščanja:",
    "LabelSortOrder": "Vrstni red:",
    "LabelSortBy": "Razvrsti po:",
    "Thumb": "Sličica",
    "OptionThumbCard": "Sličica",
    "OptionThumb": "Sličica",
    "OptionDownloadThumbImage": "Sličica",
    "ButtonSplit": "Razdeli",
    "MessageYouHaveVersionInstalled": "Trenutno je nameščena različica {0}.",
    "DashboardVersionNumber": "Različica: {0}",
    "LabelVersion": "Različica:",
    "LabelSelectVersionToInstall": "Izberite različico za namestitev:",
    "Never": "Nikoli",
    "ServerUpdateNeeded": "Jellyfin strežnik je potrebno posodobiti. Za prenos najnovejše različice prosimo obiščite {0}",
    "LatestFromLibrary": "Najnovejši {0}",
    "LabelScheduledTaskLastRan": "Nazadnje zagnano {0}. Čas trajanja {1}.",
    "OptionRandom": "Naključno",
    "OptionProtocolHttp": "HTTP",
    "OptionProfilePhoto": "Slika",
    "OptionProfileAudio": "Zvok",
    "OptionPremiereDate": "Datum premiere",
    "OptionOnInterval": "V intervalu",
    "OptionOnAppStartup": "Ob zagonu aplikacije",
    "OptionNew": "Novo...",
    "OptionMonday": "Ponedeljek",
    "OptionMissingEpisode": "Manjkajoče epizode",
    "OptionLoginAttemptsBeforeLockoutHelp": "Vrednost nič (0) pomeni  3 poskuse za običajne uporabnike in 5 za skrbnike. Nastavite na -1 za onemogočanje te funkcije.",
    "OptionLoginAttemptsBeforeLockout": "Določa število spodletelih poskusov prijave pred zaklenitvijo uporabnika.",
    "OptionIsSD": "SD",
    "OptionIsHD": "HD",
    "OptionImdbRating": "IMDb ocena",
    "OptionHomeVideos": "Slike",
    "OptionHideUser": "Skrij tega uporabnika z vstopne strani",
    "OptionHasTrailer": "Napovednik",
    "OptionFriday": "Petek",
    "OptionEveryday": "Vsak dan",
    "OptionEnableAutomaticServerUpdates": "Omogoči samodejno posodabljanje strežnika",
    "OptionDvd": "DVD",
    "OptionDownloadMenuImage": "Meni",
    "OptionDownloadLogoImage": "Logotip",
    "OptionDownloadImagesInAdvanceHelp": "Privzeto se večina slik prenese šele, ko jih zahtevajo aplikacije. Omogočite to možnost za prenos slik vnaprej, pri uvozu predstavnosti. To lahko občutno podaljša preiskovanje knjižnice.",
    "OptionDownloadImagesInAdvance": "Prenesi slike vnaprej",
    "OptionAllowSyncTranscoding": "Dovoli prenašanje in sinhronizacijo predstavnosti ki zahteva pretvarjanje",
    "OptionAllowRemoteControlOthers": "Dovoli daljinsko upravljanje drugih uporabnikov",
    "OptionAllowLinkSharingHelp": "Deljene so zgolj spletne strani z informacijami o predstavnosti. Predstavnostne datoteke niso nikoli javno deljene. Deljene strani so časovno omejene in potečejo po {0} dneh.",
    "OptionAllowLinkSharing": "Dovoli deljenje na družbenih omrežjih",
    "OptionAllowContentDownloading": "Dovoli prenašanje in sinhronizacijo predstavnosti",
    "OptionAllUsers": "Vsi uporabniki",
    "OptionAlbumArtist": "Izvajalec albuma",
    "OptionAlbum": "Album",
    "OptionAdminUsers": "Skrbniki",
    "Option3D": "3D",
    "NumLocationsValue": "{0} mape",
    "NoPluginConfigurationMessage": "Ta dodatek nima nobenih nastavitev.",
    "No": "Ne",
    "News": "Novice",
    "NewEpisodesOnly": "Samo nove epizode",
    "NewEpisodes": "Nove epizode",
    "NewCollectionNameExample": "Primer: Star Wars zbirka",
    "NewCollection": "Nova zbirka",
    "Name": "Ime",
    "MySubtitles": "Moji podnapisi",
    "Mute": "Utišaj",
    "MoveLeft": "Premakni levo",
    "MoveRight": "Premakni desno",
    "LabelSkin": "Preobleka:",
    "LabelSize": "Velikost:",
    "LabelSimultaneousConnectionLimit": "Omejitev števila sočasnih predvajanj:",
    "LabelServerName": "Ime strežnika:",
    "LabelServerHostHelp": "192.168.1.100:8096 ali https://myserver.com",
    "LabelServerHost": "Naslov:",
    "LabelSeriesRecordingPath": "Pot za snemanje serij (neobvezno):",
    "LabelSerialNumber": "Serijska številka",
    "LabelSendNotificationToUsers": "Pošlji obvestila na:",
    "LabelSecureConnectionsMode": "Način varne povezave:",
    "LabelSeasonNumber": "Številka sezone:",
    "LabelScreensaver": "Ohranjevalnik zaslona:",
    "LabelSaveLocalMetadataHelp": "Shranjevanje slik v mape predstavnosti omogoča lažji dostop in urejanje slik.",
    "LabelSaveLocalMetadata": "Shrani slike v mape predstavnosti",
    "LabelRuntimeMinutes": "Čas trajanja (minute):",
    "LabelRemoteClientBitrateLimit": "Omejitev bitne hitrosti pretakanja preko interneta (Mbps):",
    "LabelRecordingPathHelp": "Določite privzeto lokacijo za shranjevanje posnetkov. Če pustite prazno bo uporabljena mapa namestitve strežnika.",
    "LabelRecordingPath": "Privzeta pot posnetkov:",
    "LabelRecord": "Snemaj:",
    "LabelReasonForTranscoding": "Razlog za prekodiranje:",
    "LabelReadHowYouCanContribute": "Naučite se, kako lahko prispevate.",
    "LabelPublicHttpsPortHelp": "Številka javnih vrat ki bodo povezana na lokalna HTTPS vrata.",
    "LabelPublicHttpsPort": "Številka javnih HTTPS vrat:",
    "LabelPublicHttpPortHelp": "Številka javnih vrat ki bodo povezana na lokalna HTTP vrata.",
    "LabelProfileContainersHelp": "Ločeno z vejico. Lahko pustite prazno da velja za vse kontejnerje.",
    "LabelProfileContainer": "Kontejner:",
    "LabelProfileCodecs": "Kodeki:",
    "LabelProfileAudioCodecs": "Zvočni kodeki:",
    "LabelPostProcessorArgumentsHelp": "Uporabi {path} kot pot do datoteke posnetka.",
    "LabelPostProcessorArguments": "Argumenti ukazne vrstice za naknadno obdelavo:",
    "LabelPostProcessor": "Aplikacija za naknadno obdelavo:",
    "LabelPlayMethod": "Način predvajanja:",
    "LabelPlayerDimensions": "Velikost predvajalnika:",
    "LabelPlayer": "Predvajalnik:",
    "LabelOverview": "Pregled:",
    "LabelOriginalAspectRatio": "Izvirno razmerje stranic:",
    "LabelNumberOfGuideDaysHelp": "Prenos TV vodiča za več dni omogoča nastavitev snemanja za več dni vnaprej vendar bo prenos trajal dlje. Samodejno prilagodi število dni za prenos glede na število kanalov.",
    "LabelNumberOfGuideDays": "Število dni vodiča za prenos:",
    "LabelNumber": "Številka:",
    "LabelNotificationEnabled": "Omogoči to obvestilo",
    "CopyStreamURLError": "Pri kopiranju naslova URL je prišlo do napake.",
    "AskAdminToCreateLibrary": "Prosite skrbnika, da ustvari knjižnico.",
    "AllowFfmpegThrottlingHelp": "Ko je napredek prekodiranja dovolj pred mestom predvajanja se proces ustavi in porablja manj sredstev. To je najbolj uporabno pri gledanju brez pogostega premikanja mesta predvajanja. Če naletite na težave s predvajanjem onemogočite to možnost.",
    "AllowFfmpegThrottling": "Zaviraj prekodiranje",
    "LabelStreamType": "Vrsta pretakanja:",
    "LabelStopping": "Ustavljanje",
    "LabelStopWhenPossible": "Ustavi, ko je mogoče:",
    "LabelStatus": "Status:",
    "LabelStartWhenPossible": "Začni, ko je mogoče:",
    "LabelSportsCategories": "Športne kategorije:",
    "LabelSource": "Vir:",
    "LabelSoundEffects": "Zvočni učinki:",
    "LabelSkipIfGraphicalSubsPresentHelp": "Ohranjanje besedilnih različic podnapisov omogoča učinkovitejše predvajanje in zmanjša potrebo po prekodiranju."
}
