{
    "Add": "Ajouter",
    "AddToCollection": "Ajouter à la collection",
    "AddToPlaylist": "Ajouter à la liste de lecture",
    "AttributeNew": "Nouveau",
    "ButtonCancel": "Annuler",
    "ButtonGotIt": "J'ai compris",
    "ButtonQuickStartGuide": "Guide de démarrage rapide",
    "ButtonRestart": "Redémarrer",
    "ButtonSignOut": "Sign out",
    "ConfirmDeleteItem": "La suppression de cet élément le supprimera à la fois du système de fichiers et de votre médiathèque. Êtes-vous sûr de vouloir continuer ?",
    "Delete": "Supprimer",
    "Disconnect": "Se déconnecter",
    "Download": "Télécharger",
    "Edit": "Modifier",
    "EnableDisplayMirroring": "Activer l'affichage mirroir",
    "EndsAtValue": "Se termine à {0}",
    "File": "Fichier",
    "FolderTypeTvShows": "Séries TV",
    "Friday": "Vendredi",
    "HeaderAddToCollection": "Ajouter à la Collection",
    "HeaderAddToPlaylist": "Ajouter à la liste de lecture",
    "HeaderContinueWatching": "Continuer à regarder",
    "HeaderDeleteItem": "Supprimer l'élément",
    "HeaderMyMedia": "Mes Médias",
    "HeaderMyMediaSmall": "Mes médias (petit)",
    "HeaderNextUp": "À Suivre",
    "HeaderRemoteControl": "Télécommande",
    "HeaderSeries": "Series:",
    "Help": "Aide",
    "ItemCount": "{0} articles",
    "LabelFinish": "Terminer",
    "LabelLanguage": "Langue :",
    "LabelName": "Nom :",
    "LabelNext": "Suivant",
    "LabelPlaylist": "Liste de lecture :",
    "LabelPrevious": "Précédent",
    "LabelYear": "Année :",
    "LabelYourFirstName": "Votre prénom :",
    "LabelYoureDone": "Vous avez terminé !",
    "Live": "En direct",
    "MessageItemsAdded": "Éléments ajoutés.",
    "Monday": "Lundi",
    "MoreUsersCanBeAddedLater": "D'autres utilisateurs pourront être ajoutés ultérieurement à partir du tableau de bord.",
    "NewCollection": "Nouvelle Collection",
    "NewCollectionHelp": "Les collections vous permettent de créer des regroupements personnalisés de films et d'autres contenus de la bibliothèque.",
    "NewCollectionNameExample": "Exemple: Collection Star Wars",
    "NoSubtitleSearchResultsFound": "Aucun résultat trouvé.",
    "OptionNew": "Nouveau...",
    "OriginalAirDateValue": "Date de diffusion originale: {0}",
    "ParentalRating": "Classement parentale",
    "Premiere": "Première",
    "Quality": "Qualité",
    "Record": "Enregistrement",
    "RecordingCancelled": "Enregistrement annulé.",
    "RecordingScheduled": "Enregistrement programmé.",
    "Refresh": "Rafraîchir",
    "RefreshQueued": "Rafraîchir la file d'attente.",
    "Repeat": "Répéter",
    "Saturday": "Samedi",
    "Save": "Sauvegarder",
    "Search": "Rechercher",
    "SearchForSubtitles": "Rechercher des sous-titres",
    "SeriesCancelled": "Série annulée.",
    "SeriesRecordingScheduled": "Enregistrement en série programmé.",
    "ServerUpdateNeeded": "Ce serveur Jellyfin doit être mis à jour. Pour télécharger la dernière version, veuillez visiter {0}",
    "Share": "Partager",
    "Subtitles": "Sous-titres",
    "Sunday": "Dimanche",
    "TellUsAboutYourself": "Parlez-nous de vous",
    "ThisWizardWillGuideYou": "Cet assistant vous guidera dans le processus de configuration. Pour commencer, merci de sélectionner votre langue préférée.",
    "Thursday": "Jeudi",
    "TrackCount": "{0} pistes",
    "Tuesday": "Mardi",
    "UserProfilesIntro": "Jellyfin supporte nativement les profils utilisateurs, les préférences d'affichage, la sauvegarde de l'état de lecture et le contrôle parental.",
    "ValueSpecialEpisodeName": "Spécial - {0}",
    "Wednesday": "Mercredi",
    "WelcomeToProject": "Bienvenue dans Jellyfin !",
    "WizardCompleted": "C'est tout ce dont nous avons besoin pour l'instant. Jellyfin a commencé à collecter les informations de votre bibliothèque de médias. Jetez un oeil à quelques unes de nos applications, puis cliquez sur <b>Terminer</b> pour consulter le <b>Tableau de bord du serveur</b>.",
    "Absolute": "Absolu",
    "AccessRestrictedTryAgainLater": "L'accès est actuellement restreint. Veuillez réessayer plus tard.",
    "Actor": "Acteur(trice)",
    "AddItemToCollectionHelp": "Ajoutez des éléments à des collections en les recherchant et en utilisant leurs menus contextuels (clic droit ou appuyez longtemps).",
    "AddToPlayQueue": "Ajouter à la file d'attente",
    "AddedOnValue": "Ajouté le {0}",
    "AdditionalNotificationServices": "Visitez le catalogue d'extensions pour installer des services de notifications supplémentaires.",
    "AirDate": "Date de diffusion",
    "Aired": "Diffusé",
    "Albums": "Albums",
    "Alerts": "Alertes",
    "All": "Tout",
    "AllChannels": "Toutes les chaînes",
    "AllComplexFormats": "Tous les formats complexes (ASS, SSA, VOBSUB, PGS, SUB/IDX etc)",
    "AllEpisodes": "Tous les épisodes",
    "AllLanguages": "Toutes les langues",
    "AllLibraries": "Toutes les médiathèques",
    "AllowMediaConversion": "Autoriser la conversion des médias",
    "AllowMediaConversionHelp": "Autoriser ou refuser l'accès à la fonctionnalité de conversion des médias.",
    "AllowOnTheFlySubtitleExtraction": "Autoriser l'extraction des sous-titres à la volée",
    "AllowOnTheFlySubtitleExtractionHelp": "Les sous-titres intégrés peuvent être extraits des vidéos et distribués aux applications Jellyfin au format texte pour éviter le transcodage. Sur certains systèmes, cela peut prendre du temps et arrêter la lecture de la vidéo pendant le processus d'extraction. Désactivez cette option pour graver les sous-titres avec un transcodage quand l'appareil ne les prend pas en charge nativement.",
    "AllowRemoteAccess": "Autoriser les connexions distantes à ce serveur Jellyfin.",
    "AllowRemoteAccessHelp": "Si l'option est désactivée, toutes les connexions distantes seront bloquées.",
    "Artists": "Artistes",
    "Books": "Livres",
    "Channels": "Chaînes",
    "Collections": "Collections",
    "Favorites": "Favoris",
    "Folders": "Dossiers",
    "Genres": "Genres",
    "HeaderAlbumArtists": "Artistes de l'album",
    "HeaderLiveTV": "TV en direct",
    "Movies": "Films",
    "Photos": "Photos",
    "Playlists": "Listes de lecture",
    "Shows": "Émissions",
    "Songs": "Chansons",
    "Sync": "Synchroniser",
    "AllowedRemoteAddressesHelp": "Liste d'adresses IP ou d'IP/masque de sous-réseau séparées par des virgules qui seront autorisées à se connecter à distance. Si la liste est vide, toutes les adresses distantes seront autorisées.",
    "AlwaysPlaySubtitles": "Toujours afficher les sous-titres",
    "AlwaysPlaySubtitlesHelp": "Les sous-titres correspondant à la préférence linguistique seront chargés indépendamment de la langue de l'audio.",
    "AnyLanguage": "N'importe quelle langue",
    "Anytime": "N'importe quand",
    "AroundTime": "Aux environs de {0}",
    "Art": "Illustration",
    "AsManyAsPossible": "Autant que possible",
    "Ascending": "Croissant",
    "Audio": "Audio",
    "Auto": "Auto",
    "AutoBasedOnLanguageSetting": "Auto (basé sur le réglage de la langue)",
    "Backdrop": "Arrière-plan",
    "Backdrops": "Arrière-plans",
    "Banner": "Bannière",
    "BirthDateValue": "Né(e) le {0}",
    "BirthLocation": "Lieu de naissance",
    "BirthPlaceValue": "Lieu de naissance : {0}",
    "Blacklist": "Liste noire",
    "BookLibraryHelp": "Les livres audios et numériques sont supportés. Consultez le {0}Guide de nommage pour livre de Jellyfin{1}.",
    "Box": "Boîtier",
    "BoxRear": "Dos de boîtier",
    "Browse": "Parcourir",
    "BrowsePluginCatalogMessage": "Explorer notre catalogue des plugins pour voir les plugins disponibles.",
    "AllowHWTranscodingHelp": "Si l'option est activée, permet au récepteur TV de transcoder les flux à la volée. Cela peut aider à réduire le transcodage requis par le serveur Jellyfin.",
    "BurnSubtitlesHelp": "Détermine si le serveur doit graver les sous-titres lors de la conversion vidéo en fonction du format des sous-titres. Éviter la gravure des sous-titres améliorera les performances du serveur. Sélectionnez Auto pour graver les formats basés sur l'image (par exemple, VOBSUB, PGS, SUB/IDX etc) ainsi que certains sous-titres ASS/SSA",
    "ButtonAccept": "Accepter",
    "ButtonAdd": "Ajouter",
    "ButtonAddMediaLibrary": "Ajouter une médiathèque",
    "ButtonAddScheduledTaskTrigger": "Ajouter un déclencheur",
    "ButtonAddServer": "Ajouter un serveur",
    "ButtonAddUser": "Ajouter un utilisateur",
    "ButtonArrowDown": "Bas",
    "ButtonArrowLeft": "Gauche",
    "ButtonArrowRight": "Droite",
    "ButtonArrowUp": "Haut",
    "ButtonAudioTracks": "Pistes Audio",
    "ButtonBack": "Retour arrière",
    "ButtonCancelSeries": "Annuler séries",
    "ButtonChangeServer": "Changer de serveur",
    "ButtonClear": "Effacer",
    "ButtonClose": "Fermer",
    "ButtonConfigurePassword": "Configurer le mot de passe",
    "ButtonConfigurePinCode": "Configurer le code PIN",
    "ButtonConnect": "Connexion",
    "ButtonCreate": "Créer",
    "ButtonDelete": "Supprimer",
    "ButtonDeleteImage": "Supprimer l'image",
    "ButtonDown": "Bas",
    "ButtonDownload": "Téléchargement",
    "ButtonEdit": "Modifier",
    "ButtonEditImages": "Modifier les images",
    "ButtonEditOtherUserPreferences": "Modifier ce profil utilisateur, son avatar et ses préférences personnelles.",
    "ButtonExit": "Quitter",
    "ButtonFilter": "Filtre",
    "ButtonForgotPassword": "Mot de passe oublié",
    "ButtonFullscreen": "Plein écran",
    "ButtonGuide": "Guide",
    "ButtonHelp": "Aide",
    "ButtonHide": "Cacher",
    "ButtonHome": "Accueil",
    "ButtonInfo": "Informations",
    "ButtonInviteUser": "Inviter un utilisateur",
    "ButtonLearnMore": "En savoir plus",
    "ButtonLibraryAccess": "Accès à la médiathèque",
    "ButtonManageFolders": "Gérer les dossiers",
    "ButtonManageServer": "Gérer le serveur",
    "ButtonManualLogin": "Connexion manuelle",
    "ButtonMenu": "Menu",
    "ButtonMore": "Plus",
    "ButtonNetwork": "Réseau"
}
