{
    "Absolute": "絶対",
    "AccessRestrictedTryAgainLater": "アクセスは現在制限されています。後でもう一度やり直してください。",
    "Actor": "アクター",
    "Add": "追加",
    "AddToCollection": "コレクションに追加",
    "AddToPlayQueue": "再生リストに追加",
    "AddToPlaylist": "プレイリストに追加",
    "AddedOnValue": "{0}を追加しました",
    "AdditionalNotificationServices": "プラグインカタログから通知サービスを追加してください。",
    "AirDate": "放送日",
    "Aired": "放映された",
    "Albums": "アルバム",
    "Alerts": "アーティスト",
    "All": "すべて",
    "AllChannels": "すべてのチャンネル",
    "AllComplexFormats": "すべての複雑なフォーマット (ASS, SSA, VOBSUB, PGS, SUB/IDX, etc.)",
    "AllEpisodes": "すべてのエピソード",
    "AllLanguages": "すべての言語",
    "AllLibraries": "すべてのライブラリ",
    "AllowHWTranscodingHelp": "これを有効にした場合チューナーからトランスコードしてストリーミングします。 これによりJellyfin Serverによるトランスコードを減らします。",
    "AllowMediaConversion": "メディアの変換を許可する",
    "AllowMediaConversionHelp": "メディア変換機能へのアクセスを許可もしくは、拒否します。",
    "AllowOnTheFlySubtitleExtraction": "字幕の抽出の許可/拒否",
    "AllowOnTheFlySubtitleExtractionHelp": "埋め込まれた字幕は、ビデオのトランスコーディングを防ぐために、ビデオから抽出してプレーンテキストでJellyfin クライアントに配信できます。 システムによっては、これに時間がかかり、抽出プロセス中にビデオの再生が止まることがあります。 これを無効にすると、埋め込み字幕がクライアントデバイスでネイティブにサポートされていないときにビデオのトランスコーディングが強制されます。",
    "AllowRemoteAccess": "Jellyfin Serverへのリモート接続の許可。",
    "AllowRemoteAccessHelp": "チェックが入っていない場合すべてのリモート接続をブロックします。",
    "AllowedRemoteAddressesHelp": "リモート接続を許可するネットワークのIPアドレスまたはIPアドレス/マスク長 空白のままにすると、すべてのリモートアドレスが許可されます。",
    "AlwaysPlaySubtitles": "字幕を常に有効にする",
    "AlwaysPlaySubtitlesHelp": "言語に合った字幕が音声言語に関係なく読み込まれます。",
    "AnyLanguage": "いずれかの言語",
    "Anytime": "いつでも",
    "AroundTime": "{0}頃",
    "Art": "アート",
    "Artists": "アーティスト",
    "AsManyAsPossible": "できるだけ多く",
    "Ascending": "昇順",
    "AspectRatio": "アスペクト比",
    "Audio": "オーディオ",
    "AuthProviderHelp": "認証プロバイダを選択してください ユーザーのパスワードを認証するために使用されます",
    "Auto": "自動",
    "AutoBasedOnLanguageSetting": "自動選択(設定されている言語を優先)",
    "Backdrop": "背景",
    "Backdrops": "背景",
    "Banner": "バナー",
    "BirthDateValue": "誕生日:{0}",
    "BirthLocation": "生まれた場所",
    "BirthPlaceValue": "生まれた場所: {0}",
    "Blacklist": "ブラックリスト",
    "BookLibraryHelp": "オーディオブックとテキストブックに対応しています。{0}Jellyfin Book naming guide{1}.",
    "Books": "ブック",
    "Box": "ボックス",
    "BoxRear": "ボックス(後)",
    "Browse": "ブラウズ",
    "BrowsePluginCatalogMessage": "利用可能なプラグインを表示するには、プラグインカタログを参照してください。",
    "BurnSubtitlesHelp": "字幕フォーマットに応じて、ビデオを変換するときにサーバーが字幕を直接書き込むかどうかを決定します。 字幕の書き込みを避けると、サーバーのパフォーマンスが向上します。 特定のASS / SSA字幕だけでなく画像ベースのフォーマット(e.g. VOBSUB, PGS, SUB/IDX, etc.)を焼くには自動を選択します",
    "ButtonAdd": "追加",
    "ButtonAddMediaLibrary": "メディアライブラリを追加",
    "ButtonAddScheduledTaskTrigger": "トリガーを追加",
    "ButtonAddServer": "サーバーを追加",
    "ButtonAddUser": "ユーザーを追加",
    "ButtonArrowDown": "下",
    "ButtonArrowLeft": "左",
    "ButtonArrowRight": "右",
    "ButtonArrowUp": "上",
    "ButtonAudioTracks": "オーディオトラック",
    "ButtonBack": "戻る",
    "ButtonCancel": "キャンセル",
    "ButtonChangeServer": "サーバーを変更",
    "ButtonConnect": "接続",
    "ButtonDelete": "削除",
    "ButtonDeleteImage": "イメージを削除",
    "ButtonDown": "下",
    "ButtonDownload": "ダウンロード",
    "ButtonEdit": "編集",
    "ButtonEditImages": "イメージを編集",
    "ButtonEditOtherUserPreferences": "ユーザーのアバターイメージやプロフィールなどの個人設定を編集。",
    "ButtonFilter": "フィルタ",
    "ButtonForgotPassword": "パスワードを忘れました",
    "ButtonFullscreen": "フルスクリーン",
    "ButtonGotIt": "了解",
    "ButtonGuide": "ガイド",
    "ButtonHelp": "ヘルプ",
    "ButtonHome": "ホーム",
    "ButtonInfo": "情報",
    "ButtonLearnMore": "もっと詳しく",
    "ButtonLibraryAccess": "ライブラリへアクセス",
    "ButtonManualLogin": "マニュアルログイン",
    "ButtonMore": "もっと",
    "ButtonNetwork": "ネットワーク",
    "ButtonNextTrack": "次のトラック",
    "ButtonOk": "OK",
    "ButtonOpen": "開く",
    "ButtonOther": "その他",
    "ButtonParentalControl": "ペアレンタルコントロール",
    "ButtonPause": "一時停止",
    "ButtonPlay": "再生",
    "ButtonPreviousTrack": "前のトラック",
    "ButtonProfile": "プロフィール",
    "ButtonQuickStartGuide": "クイックスタートガイド",
    "ButtonRefresh": "更新",
    "ButtonRefreshGuideData": "ガイドデータの更新",
    "ButtonRemove": "削除",
    "ButtonRename": "名前の変更",
    "ButtonRepeat": "リピート",
    "ButtonResetEasyPassword": "easy pin code をリセット",
    "ButtonResetPassword": "パスワードをリセット",
    "ButtonRestart": "再起動",
    "ButtonResume": "レジューム",
    "ButtonRevoke": "取り消す",
    "ButtonSave": "保存",
    "ButtonScanAllLibraries": "すべてのライブラリをスキャン",
    "ButtonSearch": "検索",
    "ButtonSelectDirectory": "ディレクトリの選択",
    "ButtonSelectServer": "サーバーの選択",
    "ButtonSelectView": "ビューを選択",
    "ButtonSend": "送る",
    "ButtonSettings": "設定",
    "ButtonShuffle": "シャッフル",
    "ButtonShutdown": "シャットダウン",
    "ButtonSignIn": "サインイン",
    "ButtonSignOut": "サインアウト",
    "ButtonSort": "ソート",
    "ButtonStart": "スタート",
    "ButtonStop": "ストップ",
    "ButtonSubmit": "提出",
    "ButtonSubtitles": "字幕",
    "ButtonTrailer": "予告",
    "ButtonUninstall": "アンインストール",
    "ButtonUp": "上",
    "ButtonViewWebsite": "ウェブサイトで見る",
    "ButtonWebsite": "ウェブサイト",
    "CancelRecording": "レコーディングをキャンセル",
    "CancelSeries": "中止したシリーズ",
    "Categories": "カテゴリ",
    "ChangingMetadataImageSettingsNewContent": "メタデータまたはアートワークのダウンロード設定に対する変更は、ライブラリに追加された新しいコンテンツにのみ適用されます。 既存のタイトルに変更を適用するには、それらのメタデータを手動で更新する必要があります。",
    "ChannelAccessHelp": "ユーザーと共有するチャンネルを選択してください。管理者はメタデータマネージャを使用してすべてのチャンネルを編集できます。",
    "ChannelNameOnly": "チャンネル{0} のみ",
    "ChannelNumber": "チャンネル番号",
    "Channels": "チャンネル",
    "CinemaModeConfigurationHelp": "シネマモードでは、再生前に予告編やカスタムイントロを再生することができ、まるで映画館に居るような没入感を楽しめます。",
    "Collections": "コレクション",
    "ColorPrimaries": "プライマリカラー",
    "ColorSpace": "カラースペース",
    "CommunityRating": "コミュニティ評価",
    "Composer": "作曲者",
    "ConfigureDateAdded": "日時を設定します",
    "ConfirmDeleteImage": "イメージを削除しますか？",
    "ConfirmDeleteItem": "このアイテムを削除すると、ファイルシステムとメディアライブラリの両方から削除されます。 続行しますか？",
    "ConfirmDeleteItems": "これらの項目を削除すると、ファイルシステムとメディアライブラリの両方からそれらが削除されます。 続行しますか？",
    "ConfirmDeletion": "削除を確認",
    "ConfirmEndPlayerSession": "{0}のJellyfinをシャットダウンしますか？",
    "Connect": "接続",
    "ContinueWatching": "視聴中",
    "Continuing": "続く",
    "CriticRating": "批評家の評価",
    "CustomDlnaProfilesHelp": "カスタムプロファイルを作成して新しいデバイスをターゲットにするか、システムプロファイルを上書きします。",
    "DateAdded": "追加日時",
    "DatePlayed": "再生日時",
    "Default": "デフォルト",
    "DefaultErrorMessage": "要求の処理中にエラーが発生しました。 後でもう一度やり直してください。",
    "DefaultMetadataLangaugeDescription": "これらはデフォルトであり、ライブラリごとにカスタマイズすることができます。",
    "DefaultSubtitlesHelp": "字幕は、埋め込みメタデータのデフォルトフラグと強制フラグに基づいてロードされます。 複数のオプションが利用可能な場合は、言語設定が考慮されます。",
    "Delete": "削除",
    "DeleteDeviceConfirmation": "このデバイスを削除してよろしいですか？次回ユーザーがサインインしたときに再び表示されます。",
    "DeleteImage": "イメージを削除",
    "DeleteImageConfirmation": "この画像を削除してもよろしいですか？",
    "DeleteMedia": "メディアを削除",
    "DeleteUser": "ユーザーの削除",
    "DeleteUserConfirmation": "このユーザーを削除してよろしいですか？",
    "Descending": "降順",
    "Desktop": "デスクトップ",
    "DetectingDevices": "検出デバイス",
    "DeviceAccessHelp": "これは、識別できるデバイスにのみ適用され、ブラウザへのアクセスを妨げることはありません。 ユーザーのデバイスアクセスをフィルタリングすると、ここで承認されるまで新しいデバイスを使用できなくなります。",
    "DirectPlaying": "ダイレクト再生",
    "DirectStreamHelp1": "メディアの種類 (H.264, AC3, etc.)がお使いのデバイスに対応している場合Jellyfin Serverからメディアファイルの直接再生が可能です。互換性のないファイルコンテナ(.mkv, .avi, .wmv, etc.)はトランスコードを行い再生されます。",
    "DirectStreamHelp2": "ファイルのダイレクトストリーミングは、ビデオ品質を損なうことなく、Jellyfin Serverにもほとんど負荷がありません。",
    "DirectStreaming": "ダイレクトストリーミング",
    "Director": "ディレクター",
    "DirectorValue": "ディレクター: {0}",
    "DirectorsValue": "ディレクターズ: {0}",
    "Disabled": "無効",
    "Disc": "ディスク",
    "Disconnect": "切断",
    "Dislike": "嫌い",
    "Display": "ディスプレイ",
    "DisplayInMyMedia": "ホームスクリーンに表示",
    "DisplayInOtherHomeScreenSections": "最新のメディアなどをホーム画面に表示する",
    "DisplayMissingEpisodesWithinSeasons": "シーズンの欠けているエピソードを表示する",
    "DisplayMissingEpisodesWithinSeasonsHelp": "これは Jellyfin ServerのTVライブラリーに対しても有効にする必要があります。",
    "DisplayModeHelp": "ellyfinを実行している画面の種類を選択します。",
    "DoNotRecord": "記録しない",
    "Down": "下",
    "Download": "ダウンロード",
    "DownloadsValue": "{0} ダウンロード",
    "DrmChannelsNotImported": "DRMのあるチャンネルはインポートされません。",
    "DropShadow": "ドロップシャドウ",
    "EasyPasswordHelp": "簡単なPINコードを設定することで、サポートされているJellyfinアプリケーションとのオフラインアクセスに使用できます。また、簡単なネットワーク内サインインにも使用できます。",
    "Edit": "編集",
    "EditImages": "イメージを編集",
    "EditMetadata": "メタデータを編集",
    "EditSubtitles": "字幕を編集",
    "EnableBackdrops": "背景を有効にする",
    "EnableBackdropsHelp": "有効にすると、ライブラリを閲覧している間、背景がいくつかのページの背景に表示されます。",
    "EnableCinemaMode": "シネマモードを有効にする",
    "EnableColorCodedBackgrounds": "color coded backgrounds を有効にする",
    "EnableDisplayMirroring": "ミラー表示を有効にする",
    "EnableExternalVideoPlayers": "外部ビデオプレイヤーを有効にする",
    "EnableExternalVideoPlayersHelp": "ビデオの再生を開始すると、外部プレーヤーメニューが表示されます。",
    "EnableHardwareEncoding": "ハードウェアエンコーディングを有効にする",
    "EnableNextVideoInfoOverlay": "再生中に次のビデオ情報を有効にする",
    "EnableNextVideoInfoOverlayHelp": "動画の最後に、現在のプレイリストに表示されている次の動画に関する情報を表示します。",
    "EnablePhotos": "フォトを有効にする",
    "EnablePhotosHelp": "写真が検出され、他のメディアファイルと一緒に表示されます。",
    "EnableStreamLooping": "ライブストリームの自動ループ",
    "EnableStreamLoopingHelp": "ライブストリームに数秒のデータしか含まれず、継続的に要求する必要がある場合は、これを有効にします。不要なときにこれを有効にすると、問題が発生する可能性があります。",
    "EnableThemeSongs": "テーマソングを有効にする",
    "EnableThemeSongsHelp": "有効にした場合、テーマソングはライブラリを閲覧している間バックグラウンドで再生されます。",
    "EnableThemeVideos": "テーマ動画を有効にする",
    "EnableThemeVideosHelp": "有効にした場合、テーマビデオはライブラリを閲覧中にバックグラウンドで再生されます。",
    "Ended": "終了",
    "EndsAtValue": "{0}に終了",
    "Episodes": "エピソード",
    "HeaderInstantMix": "インスタントミックス",
    "HeaderMoreLikeThis": "これに似たもの",
    "InstantMix": "インスタントミックス",
    "MoreFromValue": "もっと詳しく {0}",
    "AddItemToCollectionHelp": "アイテムをコレクションに追加するには右クリックメニューかタップメニューから追加してください。",
    "AttributeNew": "新規",
    "ButtonNew": "新規",
    "ButtonOff": "オフ",
    "ColorTransfer": "Color transfer",
    "DeathDateValue": "死亡日:{0}",
    "Depressed": "陰鬱",
    "ErrorAddingListingsToSchedulesDirect": "Schedules Directのアカウントにラインナップを追加中にエラーが発生しました。  スケジュールダイレクトでは、アカウントごとに限られた数のラインナップしか許可されません。続けるには、Schedules Direct にログインしてアカウントから他のリストを削除する必要があります。",
    "ErrorAddingMediaPathToVirtualFolder": "メディアパスの追加中にエラーが発生しました。 パスが有効で、Jellyfin サーバープロセスがその場所にアクセスできることを確認してください。",
    "ErrorAddingTunerDevice": "チューナーデバイスの追加中にエラーが発生しました。 アクセス可能であることを確認して、もう一度やり直してください。",
    "ErrorAddingXmlTvFile": "XmlTV ファイルへのアクセス中にエラーが発生しました。 ファイルが存在することを確認して、やり直してください。",
    "ErrorDeletingItem": "Jellyfin サーバーからアイテムを削除中にエラーが発生しました。 Jellyfin サーバーがメディアフォルダーへの書き込みアクセス権を持っていることを確認して、もう一度やり直してください。",
    "ErrorGettingTvLineups": "TV ラインナップ のダウンロード中にエラーが発生しました。 あなたの情報が正しいことを確認してもう一度やり直してください。",
    "ErrorMessageStartHourGreaterThanEnd": "終了時間は開始時間より長くなければなりません。",
    "ErrorPleaseSelectLineup": "ラインナップを選択してもう一度やり直してください。 ラインナップが利用できない場合は、あなたのユーザー名、パスワード、および郵便番号が正しいことを確認してください。",
    "ErrorSavingTvProvider": "TV プロバイダの保存中にエラーが発生しました。 アクセス可能であることを確認して、もう一度やり直してください。",
    "EveryNDays": "{0}日ごと",
    "ExitFullscreen": "フルスクリーンを終了する",
    "ExtraLarge": "特大",
    "ExtractChapterImagesHelp": "チャプタ画像を抽出すると、Jellyfin アプリケーションはグラフィカルシーン選択メニューを表示できます。 このプロセスは遅く、CPUに負荷がかかり、数ギガバイトのスペースが必要になる場合があります。 動画が発見されたときに実行され、夜間のスケジュールされたタスクとしても実行されます。 スケジュールは、スケジュール済みタスク領域で構成可能です。 ピーク時にこのタスクを実行することはお勧めできません。",
    "Extras": "エクストラ",
    "FFmpegSavePathNotFound": "入力されたパスからFFmpegを見つけることができませんでした。 FFprobeも必須であり、同じフォルダーに存在しなければなりません。 これらのコンポーネントは通常、同じダウンロードにまとめられています。 パスを確認してもう一度やり直してください。",
    "FastForward": "早送り",
    "Favorite": "お気に入り",
    "Favorites": "お気に入り",
    "Features": "機能",
    "File": "ファイル",
    "FileNotFound": "ファイルが見つかりませんでした。",
    "FileReadCancelled": "ファイルの読み込みをキャンセルしました。",
    "FileReadError": "ファイルの読み込み中にエラーが発生しました。",
    "Filters": "フィルタ",
    "FolderTypeBooks": "ブック",
    "FolderTypeMovies": "ムービー",
    "FolderTypeMusic": "音楽",
    "FolderTypeMusicVideos": "音楽ビデオ",
    "FolderTypeTvShows": "テレビ番組",
    "FolderTypeUnset": "ミックスコンテンツ",
    "Folders": "フォルダー",
    "ForAdditionalLiveTvOptions": "その他のLive TV プロバイダーの場合は、[サービス]タブをクリックして利用可能なオプションを確認してください。",
    "FormatValue": "フォーマット: {0}",
    "Friday": "金曜日",
    "Fullscreen": "フルスクリーン",
    "General": "全般",
    "GenreValue": "ジャンル: {0}",
    "Genres": "ジャンル",
    "GenresValue": "ジャンル: {0}",
    "GroupBySeries": "シリーズグループ",
    "GroupVersions": "グループバージョン",
    "GuestStar": "ゲストスター",
    "Guide": "ガイド",
    "GuideProviderLogin": "ログイン",
    "GuideProviderSelectListings": "リストを選択",
    "H264CrfHelp": "固定レートファクタ（CRF）は、x264エンコーダのデフォルトの品質設定です。 0から51までの値を設定できます。値が小さいほど品質が高くなります（ファイルサイズが大きくなりますが）。 正しい値は18から28の間です。x264のデフォルトは23なので、これを出発点として使用できます。",
    "H264EncodingPresetHelp": "パフォーマンスを向上させるには小さい値を、品質を向上させるには大きい値を選択してください。",
    "HDPrograms": "HD番組",
    "HandledByProxy": "リバースプロキシで処理",
    "HardwareAccelerationWarning": "ハードウェアアクセラレーションを有効にすると、環境によっては不安定になる可能性があります。 オペレーティングシステムとビデオドライバが完全に最新であることを確認してください。 これを有効にした後でビデオの再生が困難な場合は、設定を[自動]に戻す必要があります。",
    "HeaderAccessSchedule": "アクセススケジュール",
    "HeaderAccessScheduleHelp": "アクセススケジュールを作成して、アクセスを特定の時間に制限します。",
    "HeaderActiveDevices": "アクティブデバイス",
    "HeaderActiveRecordings": "アクティブな録画",
    "HeaderActivity": "アクティビティ",
    "HeaderAddScheduledTaskTrigger": "トリガーを追加",
    "HeaderAddToCollection": "コレクションに追加",
    "HeaderAddToPlaylist": "プレイリストに追加",
    "HeaderAddUpdateImage": "イメージの追加/更新",
    "HeaderAddUser": "ユーザーの追加",
    "HeaderAdditionalParts": "追加のパーツ",
    "HeaderAdmin": "管理者",
    "HeaderAlbumArtists": "アルバムアーティスト",
    "HeaderAlbums": "アルバム",
    "HeaderAlert": "アラート",
    "HeaderAllowMediaDeletionFrom": "メディアの削除を許可",
    "HeaderApiKey": "API キー",
    "HeaderApiKeys": "API キー",
    "HeaderApiKeysHelp": "Jellyfin サーバーと通信するには、外部アプリケーション用ににAPIキーが必要です。 キーはJellyfinアカウントでログインするか、手動でアプリケーションにキーを付与することによって発行されます。",
    "HeaderApp": "アプリ",
    "HeaderAppearsOn": "表示",
    "HeaderAudioBooks": "オーディオブック",
    "HeaderAudioSettings": "音声設定",
    "HeaderAutomaticUpdates": "自動更新",
    "HeaderBlockItemsWithNoRating": "評価情報がない、または認識できないアイテムをブロックします。",
    "HeaderBooks": "ブック",
    "HeaderBranding": "ブランディング",
    "HeaderCancelRecording": "録画の停止",
    "HeaderCancelSeries": "シリーズをキャンセル",
    "HeaderCastAndCrew": "キャスト＆クルー",
    "HeaderCastCrew": "キャスト＆クルー",
    "HeaderChannelAccess": "チャンネルアクセス",
    "HeaderChannels": "チャンネル",
    "HeaderChapterImages": "チャプターイメージ",
    "HeaderCodecProfile": "コーデックプロファイル",
    "HeaderCodecProfileHelp": "コーデックプロファイルは、特定のコーデックを再生するときのデバイスの制限を示します。 制限が適用される場合、コーデックが直接再生用に設定されていても、メディアはトランスコードされます。",
    "HeaderConfigureRemoteAccess": "リモートアクセスの設定",
    "HeaderConfirmPluginInstallation": "プラグインのインストールを確認する",
    "HeaderConfirmProfileDeletion": "プロファイル削除の確認",
    "HeaderConfirmRevokeApiKey": "APIキーの取消",
    "HeaderConnectToServer": "サーバーに接続",
    "HeaderConnectionFailure": "接続失敗",
    "HeaderContainerProfile": "コンテナプロファイル",
    "HeaderContainerProfileHelp": "コンテナプロファイルは、特定のフォーマットを再生するときのデバイスの制限を示します。 制限が適用される場合は、フォーマットが直接再生用に設定されていても、メディアはトランスコードされます。",
    "HeaderContinueListening": "視聴を続ける",
    "HeaderContinueWatching": "視聴を続ける",
    "HeaderCustomDlnaProfiles": "カスタムプロファイル",
    "HeaderDateIssued": "発行日",
    "HeaderDefaultRecordingSettings": "デフォルトの録画設定",
    "HeaderDeleteDevice": "デバイスを削除",
    "HeaderDeleteItem": "アイテムの削除",
    "HeaderDeleteItems": "アイテムの削除",
    "HeaderDeleteProvider": "プロバイダの削除",
    "HeaderDeleteTaskTrigger": "タスクトリガーの削除",
    "HeaderDetectMyDevices": "デバイスを検出する",
    "HeaderDeveloperInfo": "デベロッパー情報",
    "HeaderDeviceAccess": "デバイスアクセス",
    "HeaderDevices": "デバイス",
    "HeaderDirectPlayProfile": "ダイレクトプレイ プロファイル",
    "HeaderDirectPlayProfileHelp": "ダイレクトプレイプロファイルを追加して、デバイスがどのフォーマットをネイティブに処理できるかを示します。",
    "HeaderDisplay": "ディスプレイ",
    "HeaderDownloadSync": "ダウンロード&同期",
    "HeaderEasyPinCode": "簡単なPINコード",
    "HeaderEditImages": "イメージの編集",
    "HeaderEnabledFields": "有効なフィールド",
    "HeaderEnabledFieldsHelp": "フィールドをオフにしてロックし、データが変更されないようにします。",
    "HeaderEpisodes": "エピソード",
    "HeaderError": "エラー",
    "HeaderExternalIds": "外部ID:",
    "HeaderFavoriteMovies": "お気に入りのムービー",
    "HeaderFavoriteShows": "お気に入りの番組",
    "HeaderFavoriteEpisodes": "お気に入りのエピソード",
    "HeaderFavoriteAlbums": "お気に入りのアルバム",
    "HeaderFavoriteArtists": "お気に入りのアーティスト",
    "HeaderFavoriteSongs": "お気に入りの曲",
    "HeaderFavoriteVideos": "お気に入りのビデオ",
    "HeaderFeatureAccess": "機能へのアクセス",
    "HeaderFeatures": "機能",
    "HeaderFetchImages": "画像を取得する:",
    "HeaderFetcherSettings": "フェッチャー設定",
    "HeaderFilters": "フィルタ",
    "HeaderForKids": "子供向け",
    "HeaderForgotPassword": "パスワードを忘れました",
    "HeaderFrequentlyPlayed": "よく再生する",
    "HeaderGenres": "ジャンル",
    "HeaderGuideProviders": "TV番組情報のプロバイダ",
    "HeaderHome": "ホーム",
    "HeaderHttpHeaders": "httpヘッダー",
    "HeaderIdentification": "識別",
    "HeaderIdentificationCriteriaHelp": "少なくとも1つの識別基準を入力してください。",
    "HeaderIdentificationHeader": "識別ヘッダー",
    "HeaderIdentifyItemHelp": "1つ以上の検索基準を入力してください。 検索結果を増やすために基準を削除します。",
    "HeaderImageOptions": "イメージオプション",
    "HeaderImageSettings": "イメージ設定",
    "HeaderInstall": "インストール",
    "HeaderItems": "アイテム",
    "HeaderKeepRecording": "録画を続ける",
    "HeaderKeepSeries": "シリーズを続ける",
    "HeaderKodiMetadataHelp": "NFOメタデータを有効または無効にするには、Jellyfinライブラリ設定でライブラリを編集し、メタデータ保存機能セクションを見つけます。",
    "HeaderLatestEpisodes": "最新のエピソード",
    "HeaderLatestMedia": "最新のメディア",
    "HeaderLatestMovies": "最新のムービー",
    "HeaderLatestMusic": "最新のミュージック",
    "HeaderLatestRecordings": "最新の録画",
    "HeaderLibraries": "ライブラリ",
    "HeaderLibraryAccess": "ライブラリアクセス",
    "HeaderLibraryFolders": "ライブラリフォルダ",
    "HeaderLibraryOrder": "ライブラリの順番",
    "HeaderLibrarySettings": "ライブラリ設定",
    "HeaderLiveTV": "ライブTV",
    "HeaderLiveTv": "ライブTV",
    "HeaderLiveTvTunerSetup": "ライブTV チューナーのセットアップ",
    "HeaderLoginFailure": "ログイン失敗",
    "HeaderMedia": "メディア",
    "HeaderMediaFolders": "メディアフォルダ",
    "HeaderMediaInfo": "メディア情報",
    "HeaderMetadataSettings": "メタデータ設定",
    "HeaderMovies": "ムービー",
    "HeaderMusicQuality": "ミュージックの品質",
    "HeaderMusicVideos": "ミュージックビデオ",
    "HeaderMyDevice": "マイデバイス",
    "HeaderMyMedia": "マイメディア",
    "HeaderMyMediaSmall": "マイメディア(small)",
    "HeaderNewApiKey": "新規のAPIキー",
    "HeaderNewDevices": "新規のデバイス",
    "HeaderNextEpisodePlayingInValue": "次のエピソードの再生まで {0}",
    "HeaderNextUp": "次",
    "HeaderNextVideoPlayingInValue": "次のビデオの再生まで{0}",
    "HeaderOnNow": "今",
    "HeaderOtherItems": "その他のアイテム",
    "HeaderParentalRatings": "ペアレンタルレーティング",
    "HeaderPassword": "パスワード",
    "HeaderPasswordReset": "パスワードリセット",
    "HeaderPaths": "パス",
    "HeaderPendingInvitations": "保留中の招待状",
    "HeaderPeople": "人",
    "HeaderPhotoAlbums": "フォトアルバム",
    "HeaderPinCodeReset": "PINコードのリセット",
    "HeaderPlayAll": "すべて再生",
    "HeaderPlayOn": "ここから再生",
    "HeaderPlayback": "メディア再生",
    "HeaderPlaybackError": "再生エラー",
    "HeaderPleaseSignIn": "サインインしてください",
    "HeaderPluginInstallation": "プラグインのインストール",
    "HeaderPreferredMetadataLanguage": "優先するメタデータ言語",
    "HeaderProfile": "プロファイル",
    "HeaderProfileInformation": "プロファイル情報",
    "HeaderProfileServerSettingsHelp": "これらの値はJellyfinサーバーがそれ自体をデバイスに提示する方法を制御します。",
    "HeaderRecentlyPlayed": "最近再生した",
    "HeaderRecordingOptions": "録画設定",
    "HeaderRecordingPostProcessing": "録画後の処理",
    "HeaderRemoteControl": "リモートコントロール",
    "HeaderRemoveMediaFolder": "メディアフォルダの削除",
    "HeaderRemoveMediaLocation": "メディアロケーションの削除",
    "HeaderResponseProfile": "レスポンスプロファイル",
    "HeaderResponseProfileHelp": "レスポンスプロファイルは、特定の種類のメディアを再生するときにデバイスに送信される情報をカスタマイズする方法を提供します。",
    "HeaderRestart": "リスタート",
    "HeaderRestartingServer": "サーバーの再起動",
    "HeaderRevisionHistory": "更新履歴",
    "HeaderRunningTasks": "実行中のタスク",
    "HeaderScenes": "シーン",
    "HeaderSchedule": "スケジュール",
    "HeaderSeasons": "シーズン",
    "HeaderSecondsValue": "{0} 秒",
    "HeaderSelectCertificatePath": "証明書のパスを選択",
    "HeaderSelectMetadataPath": "メタデータのパスを選択",
    "HeaderSelectMetadataPathHelp": "メタデータを保存するパスを参照または入力します。 フォルダは書き込み可能でなければなりません。",
    "HeaderSelectPath": "パスの選択",
    "HeaderSelectServer": "サーバーの選択",
    "HeaderSelectServerCachePath": "サーバーキャッシュのパスを選択",
    "HeaderSelectServerCachePathHelp": "サーバーキャッシュファイルに使用するパスを参照または入力します。 フォルダは書き込み可能でなければなりません。",
    "HeaderSelectTranscodingPath": "トランスコーディング用の一時パスの選択",
    "HeaderSelectTranscodingPathHelp": "一時ファイルのトランスコードに使用するパスを参照または入力します。 フォルダは書き込み可能でなければなりません。",
    "HeaderSendMessage": "メッセージの送信",
    "HeaderSeries": "シリーズ",
    "HeaderSeriesOptions": "シリーズオプション",
    "HeaderSeriesStatus": "シリーズの状態",
    "HeaderServerSettings": "サーバー設定",
    "HeaderSettings": "設定",
    "HeaderSetupLibrary": "メディアライブラリを設定する",
    "HeaderShutdown": "シャットダウン",
    "HeaderSortBy": "ソート",
    "HeaderSortOrder": "ソート順",
    "HeaderSpecialEpisodeInfo": "スペシャルエピソード情報",
    "HeaderSpecialFeatures": "特別な機能",
    "HeaderStartNow": "今すぐ始める",
    "HeaderStatus": "状態",
    "HeaderStopRecording": "録画停止",
    "HeaderSubtitleAppearance": "字幕の外観",
    "HeaderSubtitleDownloads": "字幕のダウンロード",
    "HeaderSubtitleProfile": "字幕のプロファイル",
    "HeaderSubtitleProfiles": "字幕のプロファイル",
    "HeaderSubtitleProfilesHelp": "字幕プロファイルは、デバイスでサポートされている字幕フォーマットを表します。",
    "HeaderSystemDlnaProfiles": "システムプロファイル",
    "HeaderTags": "タグ",
    "HeaderTaskTriggers": "タスクトリガー",
    "HeaderThisUserIsCurrentlyDisabled": "このユーザーは現在無効になっています",
    "HeaderTracks": "トラック",
    "HeaderTranscodingProfile": "トランスコーディングプロファイル",
    "HeaderTranscodingProfileHelp": "トランスコーディングが必要なときにどのフォーマットを使用するかを示すために、トランスコーディングプロファイルを追加します。",
    "HeaderTunerDevices": "チューナーデバイス",
    "HeaderTuners": "チューナー",
    "HeaderTypeImageFetchers": "{0} 件のイメージを取得",
    "HeaderTypeText": "テキストを入力",
    "HeaderUpcomingOnTV": "今後追加されるTV",
    "HeaderUploadImage": "イメージのアップロード",
    "HeaderUser": "ユーザー",
    "HeaderUsers": "ユーザー",
    "HeaderVideoQuality": "ビデオ品質",
    "HeaderVideoType": "ビデオタイプ",
    "HeaderVideoTypes": "ビデオタイプ",
    "HeaderVideos": "ビデオ",
    "HeaderXmlSettings": "XML設定",
    "HeaderYears": "年",
    "HeadersFolders": "フォルダ",
    "Help": "ヘルプ",
    "Hide": "隠す",
    "Movies": "ムービー",
    "Photos": "フォト",
    "Playlists": "プレイリスト",
    "Shows": "番組",
    "Songs": "曲",
    "Sync": "同期",
    "ValueSpecialEpisodeName": "スペシャル - {0}"
}
