{
    "All": "Allt",
    "Browse": "Vafra",
    "ButtonCancel": "Hætta við",
    "ButtonNew": "Nýtt",
    "ButtonOk": "Í lagi",
    "ButtonSignOut": "Sign out",
    "DeleteMedia": "Eyða margmiðlunarefni",
    "FolderTypeBooks": "Bækur",
    "FolderTypeMovies": "Kvikmyndir",
    "FolderTypeMusic": "Tónlist",
    "FolderTypeMusicVideos": "Tónlistarmyndbönd",
    "FolderTypeTvShows": "Sjónvarpsþættir",
    "HeaderAddUser": "Bæta við notenda",
    "HeaderDeviceAccess": "Aðgangur tækja",
    "HeaderEasyPinCode": "Auðvelt Pin númer",
    "HeaderPaths": "Slóðir",
    "HeaderPlayAll": "Spila allt",
    "LabelContentType": "Tegund efnis:",
    "LabelCountry": "Land:",
    "LabelFinish": "Ljúka",
    "LabelLanguage": "Tungumál:",
    "LabelNext": "Næsta",
    "LabelPrevious": "Fyrra",
    "LabelTimeLimitHours": "Tímamörk (í klukkustundum):",
    "LabelYourFirstName": "Fyrra nafn:",
    "MoreUsersCanBeAddedLater": "Þú getur bætt við fleiri notendum síðar undir stjórnborðinu.",
    "NextUp": "Næst á dagskrá",
    "OptionEnableAccessFromAllDevices": "Virkja aðgang frá öllum tækjum",
    "ShowAdvancedSettings": "Birta ítarlegar stillingar",
    "TabAccess": "Aðgangur",
    "TabNotifications": "Tilkynningar",
    "TabPassword": "Lykilorð",
    "TabPlaylist": "Afspilunar listi",
    "WelcomeToProject": "Velkomin/n í Jellyfin!"
}
