{
    "Absolute": "Absoluut",
    "AccessRestrictedTryAgainLater": "Toegang is momenteel beperkt, probeer later opnieuw.",
    "Actor": "Acteur",
    "Add": "Toevoegen",
    "AddItemToCollectionHelp": "Voeg items aan uw collecties toe door te zoeken en gebruik rechts klikken met de muis of tik op menu's om ze toe te voegen aan een verzameling.",
    "AddToCollection": "Toevoegen aan Collectie",
    "AddToPlayQueue": "Toevoegen aan wachtrij",
    "AddToPlaylist": "Toevoegen aan afspeellijst",
    "AddedOnValue": "Toegevoegd {0}",
    "AdditionalNotificationServices": "Blader door de Plug-in catalogus om aanvullende meldingsdiensten te installeren.",
    "AirDate": "Uitzenddatum",
    "Aired": "Uitgezonden",
    "Alerts": "Meldingen",
    "All": "Alle",
    "AllChannels": "Alle kanalen",
    "AllComplexFormats": "Alle complexe formaten (ASS, SSA, VOBSUB, PGS, SUB/IDX, etc.)",
    "AllEpisodes": "Alle afleveringen",
    "AllLanguages": "Alle talen",
    "AllLibraries": "Alle bibliotheken",
    "AllowHWTranscodingHelp": "Wanneer ingeschakeld zal de tuner streams direct transcoderen. Dit kan helpen de transcodering vereist door Jellyfin Server te verlagen.",
    "AllowMediaConversion": "Mediaconversie toestaan",
    "AllowMediaConversionHelp": "Toegang verlenen of weigeren tot de mediaconversie functie.",
    "AllowOnTheFlySubtitleExtraction": "Directe ondertitel extractie toestaan",
    "AllowOnTheFlySubtitleExtractionHelp": "Ingebakken ondertitels kunnen uit de video's gehaald worden en als tekst bezorgd worden aan de Jellyfin apps om transcodering te helpen voorkomen. Op sommige systemen kan dit een lange tijd duren en dit er voor zorgen dat het afspelen van video stopt tijdens de extractie. Schakel dit uit om ingebakken ondertiteling in de video te laten branden met transcodering als deze niet standaard ondersteund worden door het afspeelapparaat.",
    "AllowRemoteAccess": "Externe verbindingen met deze Jellyfin Server toestaan.",
    "AllowRemoteAccessHelp": "Indien niet aangevinkt worden alle externe verbindingen geblokkeerd.",
    "AllowedRemoteAddressesHelp": "Komma-gescheiden lijst van IP-adressen of IP/netmask adressen voor netwerken die op afstand verbinding mogen maken. Indien blanco, worden alle externe adressen toegestaan.",
    "AlwaysPlaySubtitles": "Altijd ondertitels weergeven",
    "AlwaysPlaySubtitlesHelp": "Ondertitels die met de taalvoorkeur overeenkomen worden weergegeven, ongeacht de audiotaal.",
    "AnyLanguage": "Elke taal",
    "Anytime": "Op elk moment",
    "AroundTime": "Rond {0}",
    "Artists": "Artiesten",
    "AsManyAsPossible": "Zo veel als mogelijk",
    "Ascending": "Oplopend",
    "AspectRatio": "Beeldverhouding",
    "AttributeNew": "Nieuw",
    "Audio": "Geluid",
    "Auto": "Automatisch",
    "AutoBasedOnLanguageSetting": "Automatisch (gebaseerd op taal instelling)",
    "Backdrop": "Achtergrond",
    "Backdrops": "Achtergronden",
    "BirthDateValue": "Geboren: {0}",
    "BirthLocation": "Geboorte Locatie",
    "BirthPlaceValue": "Geboorte plaats: {0})",
    "BookLibraryHelp": "Audio- en tekstboeken worden ondersteund. Bekijk de {0}Jellyfin Boeken naamgeving{1}.",
    "Books": "Boeken",
    "BoxRear": "Hoes (achterkant)",
    "Browse": "Bladeren",
    "BrowsePluginCatalogMessage": "Bekijk de Plugin catalogus voor beschikbare Plug-ins.",
    "BurnSubtitlesHelp": "Bepaalt of de server ondertitels moet inbranden wanneer video's op basis van het ondertitel formaat geconverteerd moeten worden. Inbranden van ondertitels hebben een negatief effect op de server performance. Selecteer Automatisch om op afbeelding gebaseerde formaten (bijv. VOBSUB, PGS, SUB/IDX etc.) en bepaalde ASS/SSA ondertitels in te branden.",
    "ButtonAdd": "Toevoegen",
    "ButtonAddMediaLibrary": "Voeg Media Bibliotheek toe",
    "ButtonAddScheduledTaskTrigger": "Trigger Toevoegen",
    "ButtonAddServer": "Voeg server toe",
    "ButtonAddUser": "Gebruiker toevoegen",
    "ButtonArrowDown": "Omlaag",
    "ButtonArrowLeft": "Links",
    "ButtonArrowRight": "Rechts",
    "ButtonArrowUp": "Omhoog",
    "ButtonAudioTracks": "Audio track",
    "ButtonBack": "Terug",
    "ButtonCancel": "Annuleren",
    "ButtonChangeServer": "Wijzig server",
    "ButtonConnect": "Verbind",
    "ButtonDelete": "Verwijderen",
    "ButtonDeleteImage": "Verwijder afbeelding",
    "ButtonDown": "Omlaag",
    "ButtonDownload": "Downloaden",
    "ButtonEdit": "Bewerken",
    "ButtonEditImages": "Bewerk afbeeldingen",
    "ButtonEditOtherUserPreferences": "Wijzig het profiel, afbeelding en persoonlijke voorkeuren van deze gebruiker.",
    "ButtonForgotPassword": "Wachtwoord vergeten",
    "ButtonFullscreen": "Volledig scherm",
    "ButtonGotIt": "Begrepen",
    "ButtonGuide": "Gids",
    "ButtonHelp": "Hulp",
    "ButtonHome": "Start",
    "ButtonLearnMore": "Meer informatie",
    "ButtonLibraryAccess": "Bibliotheek toegang",
    "ButtonManualLogin": "Handmatige Aanmelding",
    "ButtonMore": "Meer",
    "ButtonNetwork": "Netwerk",
    "ButtonNew": "Nieuw",
    "ButtonNextTrack": "Volgende track",
    "ButtonOff": "Uit",
    "ButtonOpen": "Openen",
    "ButtonOther": "Andere",
    "ButtonParentalControl": "Ouderlijk toezicht",
    "ButtonPause": "Pauze",
    "ButtonPlay": "Afspelen",
    "ButtonPreviousTrack": "Vorige track",
    "ButtonProfile": "Profiel",
    "ButtonQuickStartGuide": "Snelstart gids",
    "ButtonRefresh": "Vernieuwen",
    "ButtonRefreshGuideData": "Gidsgegevens Vernieuwen",
    "ButtonRemove": "Verwijderen",
    "ButtonRename": "Naam wijzigen",
    "ButtonRepeat": "Herhaling",
    "ButtonResetEasyPassword": "Reset eenvoudige pincode",
    "ButtonResetPassword": "Wachtwoord resetten",
    "ButtonRestart": "Herstart",
    "ButtonResume": "Hervatten",
    "ButtonRevoke": "Herroepen",
    "ButtonSave": "Opslaan",
    "ButtonScanAllLibraries": "Scan alle bibliotheken",
    "ButtonSearch": "Zoeken",
    "ButtonSelectDirectory": "Selecteer map",
    "ButtonSelectServer": "Server Selecteren",
    "ButtonSelectView": "Selecteer weergave",
    "ButtonSend": "Stuur",
    "ButtonSettings": "Instellingen",
    "ButtonShuffle": "Willekeurig",
    "ButtonShutdown": "Afsluiten",
    "ButtonSignIn": "Aanmelden",
    "ButtonSignOut": "Afmelden",
    "ButtonSort": "Sorteren",
    "ButtonSubmit": "Uitvoeren",
    "ButtonSubtitles": "Ondertiteling",
    "ButtonUp": "Omhoog",
    "ButtonViewWebsite": "Bekijk website",
    "CancelRecording": "Opname annuleren",
    "CancelSeries": "Annuleer series",
    "Categories": "Categorieën",
    "ChangingMetadataImageSettingsNewContent": "Aanpassingen aan de metadata en artwork download instellingen zullen alleen van toepassing zijn op nieuwe toegevoegde content. Om de aanpassingen toe te passen op bestaande content, moet de metadata ervan handmatig vernieuwd worden.",
    "ChannelAccessHelp": "Selecteer de kanalen om te delen met deze gebruiker. Beheerders kunnen alle kanalen bewerken met de metadata manager.",
    "ChannelNameOnly": "Alleen kanaal {0}",
    "ChannelNumber": "Kanaal nummer",
    "Channels": "Kanalen",
    "CinemaModeConfigurationHelp": "Cinema mode brengt de theater ervaring naar uw woonkamer met de mogelijkheid om trailers en eigen intro's voor de film af te spelen.",
    "Collections": "Collecties",
    "ColorPrimaries": "Primaire kleuren",
    "ColorSpace": "Kleurbereik",
    "ColorTransfer": "Kleuroverdracht",
    "CommunityRating": "Community-beoordeling",
    "Composer": "Componist",
    "ConfigureDateAdded": "Configureer hoe datum toegevoegd wordt bepaald in het Jellyfin Server dashboard  onder de instellingen van de documentbibliotheek",
    "ConfirmDeleteImage": "Afbeelding verwijderen?",
    "ConfirmDeleteItem": "Verwijderen van dit item zal het verwijderen uit zowel het bestandssysteem als de Media Bibliotheek. Weet u zeker dat u wilt doorgaan?",
    "ConfirmDeleteItems": "Het verwijderen van deze items verwijdert ze van het bestandssysteem en uit uw bibliotheek. Weet u zeker dat u verder wilt gaan?",
    "ConfirmDeletion": "Bevestigen Verwijdering",
    "ConfirmEndPlayerSession": "Wilt u Jellyfin afsluiten op {0}?",
    "Connect": "Verbind",
    "ContinueWatching": "Kijken hervatten",
    "Continuing": "Wordt vervolgd",
    "CriticRating": "Critici-beoordeling",
    "CustomDlnaProfilesHelp": "Maak een aangepast profiel om een nieuw apparaat aan te maken of overschrijf een systeemprofiel.",
    "DateAdded": "Datum toegevoegd",
    "DatePlayed": "Datum afgespeeld",
    "DeathDateValue": "Overleden: {0}",
    "Default": "Standaard",
    "DefaultErrorMessage": "Er is een fout opgetreden. Probeer later opnieuw.",
    "DefaultMetadataLangaugeDescription": "Dit zijn uw standaardinstellingen en kunnen per bibliotheek worden aangepast.",
    "DefaultSubtitlesHelp": "Ondertitels worden geladen op basis van de standaard en geforceerd markeringen in de ingesloten metadata. Indien meerdere opties aanwezig zijn zal rekening worden gehouden met de taalvoorkeuren.",
    "Delete": "Verwijderen",
    "DeleteDeviceConfirmation": "Weet u zeker dat u dit apparaat wilt verwijderen? Het zal opnieuw verschijnen als een gebruiker zich hiermee aanmeldt.",
    "DeleteImage": "Verwijder afbeelding",
    "DeleteImageConfirmation": "Weet u zeker dat u deze afbeelding wilt verwijderen?",
    "DeleteMedia": "Verwijder media",
    "DeleteUser": "Gebruiker verwijderen",
    "DeleteUserConfirmation": "Weet u zeker dat u deze gebruiker wilt verwijderen?",
    "Depressed": "Onderdrukt",
    "Descending": "Aflopend",
    "DetectingDevices": "Apparaten detecteren",
    "DeviceAccessHelp": "Dit geldt alleen voor apparaten die uniek geïdentificeerd kunnen worden en voorkomen niet toegang via een webbrowser. Filteren van apparaat toegang voor gebruikers voorkomt dat zij nieuwe apparaten gebruiken totdat deze hier zijn goedgekeurd.",
    "DirectPlaying": "Direct afspelen",
    "DirectStreamHelp1": "De media is compatible met het apparaat wat betreft resolutie en media type (H.264, AC3 etc.), maar is in een incompatible bestandscontainer (.mkv, .avi, .wmv etc.). De video zal on the fly opnieuw worden verpakt voordat deze naar het apparaat wordt gestreamd.",
    "DirectStreamHelp2": "Direct streamen van een bestand gebruikt weinig processor kracht zonder verlies van beeldkwaliteit.",
    "DirectStreaming": "Direct streamen",
    "Director": "Regiseur",
    "DirectorValue": "Regisseur: {0}",
    "DirectorsValue": "Regisseurs: {0}",
    "Disabled": "Uitgeschakeld",
    "Disc": "Disk",
    "Disconnect": "Loskoppelen",
    "Dislike": "Niet leuk",
    "Display": "Weergave",
    "DisplayInMyMedia": "Op het startscherm weergeven",
    "DisplayInOtherHomeScreenSections": "In secties van het startscherm weergeven, zoals \"Recente Media\" en \"Verder Kijken\"",
    "DisplayMissingEpisodesWithinSeasons": "Toon ontbrekende afleveringen binnen een seizoen",
    "DisplayMissingEpisodesWithinSeasonsHelp": "Dit moet ook worden ingeschakeld voor TV bibliotheken in Jellyfin Server setup.",
    "DisplayModeHelp": "Selecteer het scherm type waar u Jellyfin op draait",
    "DoNotRecord": "Niet opnemen",
    "Down": "Omlaag",
    "Download": "Downloaden",
    "DrmChannelsNotImported": "Kanalen met DRM worden niet geïmporteerd.",
    "DropShadow": "Schaduw",
    "EasyPasswordHelp": "Uw gemakkelijk pincode wordt gebruikt voor offline toegang met ondersteunde Jellyfin apps, en kan ook worden gebruikt voor eenvoudige in-netwerk aanmelden.",
    "Edit": "Bewerken",
    "EditImages": "Bewerk afbeeldingen",
    "EditMetadata": "Metadata wijzigen",
    "EditSubtitles": "Bewerk ondertiteling",
    "EnableBackdrops": "Achtergronden inschakelen",
    "EnableBackdropsHelp": "Indien ingeschakeld, zullen achtergrondafbeeldingen tijdens het bladeren op de achtergrond worden getoond.",
    "EnableCinemaMode": "Cinema Mode inschakelen",
    "EnableColorCodedBackgrounds": "Inschakelen van kleur gecodeerde achtergronden",
    "EnableDisplayMirroring": "Inschakelen beeld spiegelen",
    "EnableExternalVideoPlayers": "Externe video spelers inschakelen",
    "EnableExternalVideoPlayersHelp": "Een menu voor externe spelers zal worden getoond bij het afspelen van video's",
    "EnableHardwareEncoding": "Activeer hardwaredecodering",
    "EnableNextVideoInfoOverlay": "Toon informatie over de volgende video tijdens het afspelen",
    "EnableNextVideoInfoOverlayHelp": "Toon informatie over de volgende video in de afspeellijst aan het einde van de video",
    "EnablePhotos": "Foto's inschakelen",
    "EnablePhotosHelp": "Foto's worden herkend en weergegeven naast andere mediabestanden.",
    "EnableStreamLooping": "Livestreams automatisch herhalen",
    "EnableStreamLoopingHelp": "Schakel dit in als de livestreams slechts enkele seconden aan gegevens bevatten en continu moeten worden aangevraagd. Schakel dit niet in indien het niet nodig is.",
    "EnableThemeSongs": "Titelmuziek inschakelen",
    "EnableThemeSongsHelp": "Indien ingeschakeld, zal titelmuziek tijdens het bladeren op de achtergrond worden afgespeeld.",
    "EnableThemeVideos": "Inschakelen titelfilms",
    "EnableThemeVideosHelp": "Indien ingeschakeld, zullen titelfilms tijdens het bladeren op de achtergrond worden afgespeeld.",
    "Ended": "Gestopt",
    "EndsAtValue": "Eindigt om {0}",
    "Episodes": "Afleveringen",
    "ErrorAddingListingsToSchedulesDirect": "Er ging iets mis bij het toevoegen van de lineup aan uw Schedules Direct account. Schedules Direct staat maar een beperkt aantal lineups per account toe. Het kan nodig zijn dat u zich aan moet melden op de Schedules Direct website en andere lineups moet verwijderen voordat u verder kunt.",
    "ErrorAddingMediaPathToVirtualFolder": "Er ging iets mis bij het toevoegen van het media pad. Controleer of het pad klopt en of het Jellyfin server process toegang heeft tot het pad.",
    "ErrorAddingTunerDevice": "Er was een fout bij het toevoegen van de tuner. Controleer of deze toegankelijk is en probeer het opnieuw.",
    "ErrorAddingXmlTvFile": "Er is een fout opgetreden met de toegang tot XMLTV bestand. Zorg ervoor dat het bestand bestaat en probeer het opnieuw.",
    "ErrorDeletingItem": "Er was een probleem bij het verwijderen van het item in Jellyfin Server. Controleer dat Jellyfin Server schrijfrechten op de map heeft en probeer het opnieuw.",
    "ErrorGettingTvLineups": "Er was een fout bij het downloaden van de TV lineup. Controleer of uw gegevens correct zijn en probeer het opnieuw.",
    "ErrorMessageStartHourGreaterThanEnd": "Eind tijd moet na de start tijd liggen.",
    "ErrorPleaseSelectLineup": "Selecteer een lineup en probeer het opnieuw. Als er geen lineups beschibaar zijn, controleer dan of uw gebruikersnaam, wachtwoord en postcode correct zijn.",
    "ErrorSavingTvProvider": "Er was een fout bij het opslaan van de TV aanbieder. Controleer of deze toegankelijk is en probeer het opnieuw.",
    "EveryNDays": "Elke {0} dagen",
    "ExitFullscreen": "Volledig scherm afsluiten",
    "ExtraLarge": "Extra groot",
    "ExtractChapterImagesHelp": "Het uitpakken van beelden van het hoofdstuk zal toestaan Jellyfin apps grafische scène selectie menu's weergeven. Het proces kan worden traag, cpu-intensieve en verscheidene gigabytes ruimte kan vereisen. Het wordt uitgevoerd wanneer de video's worden ontdekt, en ook als een nachtelijke geplande taak. Het schema kan worden geconfigureerd in het gebied geplande taken. Het is niet aanbevolen voor het uitvoeren van deze taak tijdens de piekuren gebruik.",
    "Extras": "Extra's",
    "FFmpegSavePathNotFound": "We zijn niet in staat om FFmpeg te lokaliseren met behulp van het pad dat u hebt ingevoerd. FFprobe is ook nodig en moet in dezelfde map staan. Deze componenten worden gewoonlijk gebundeld in dezelfde download. Controleer het pad en probeer het opnieuw.",
    "FastForward": "Vooruitspoelen",
    "Favorite": "Favoriet",
    "Favorites": "Favorieten",
    "Features": "Kenmerken",
    "File": "Bestand",
    "FileNotFound": "Bestand niet gevonden.",
    "FileReadCancelled": "Bestand lezen is geannuleerd.",
    "FileReadError": "Er is een fout opgetreden bij het lezen van het bestand.",
    "FolderTypeBooks": "Boeken",
    "FolderTypeMovies": "Films",
    "FolderTypeMusic": "Muziek",
    "FolderTypeMusicVideos": "Muziek video's",
    "FolderTypeTvShows": "TV Series",
    "FolderTypeUnset": "Gemengde inhoud",
    "Folders": "Mappen",
    "ForAdditionalLiveTvOptions": "Voor extra Live TV providers, klik op de Diensten tab om de mogelijke opties te zien.",
    "FormatValue": "Formaat: {0}",
    "Friday": "Vrijdag",
    "Fullscreen": "Volledig scherm",
    "General": "Algemeen",
    "GroupBySeries": "Groeperen op serie",
    "GroupVersions": "Versies groeperen",
    "GuestStar": "Gast ster",
    "Guide": "Gids",
    "GuideProviderLogin": "Log in",
    "GuideProviderSelectListings": "Selecteer lijst",
    "H264CrfHelp": "De Constant Rate Factor (CRF) is de standaard kwaliteit instelling voor de x264-encoder. U kunt de waarden tussen 0 en 51, in voorkomend lagere waarden zou resulteren in een betere kwaliteit (ten koste van hogere bestandsgrootte). aanbevolen zijn waarden tussen de 18 en 28. De standaard voor de x264 is 23, zodat u deze kunt gebruiken als uitgangspunt.",
    "H264EncodingPresetHelp": "Kies een hogere waarde om de prestaties, of een tragere waarde om de kwaliteit te verbeteren.",
    "HDPrograms": "HD Programma's",
    "HandledByProxy": "Behandeld door reverse proxy",
    "HardwareAccelerationWarning": "Hardwareversnelling inschakelen kan instabiliteit veroorzaken in sommige omgevingen. Zorg ervoor dat uw besturingssysteem en videostuurprogramma's volledig up-to-date zijn. Als u problemen ondervindt bij het afspelen van video, nadat u dit hebt ingeschakeld, moet u de instelling terugzetten naar Auto.",
    "HeaderAccessSchedule": "Schema Toegang",
    "HeaderAccessScheduleHelp": "Maak een toegangsschema om de toegang tot bepaalde tijden te beperken.",
    "HeaderActiveDevices": "Actieve apparaten",
    "HeaderActiveRecordings": "Actieve Opnames",
    "HeaderActivity": "Activiteit",
    "HeaderAddScheduledTaskTrigger": "Trigger Toevoegen",
    "HeaderAddToCollection": "Toevoegen aan Collectie",
    "HeaderAddToPlaylist": "Toevoegen aan Afspeellijst",
    "HeaderAddUpdateImage": "Afbeelding Toevoegen/Bijwerken",
    "HeaderAddUser": "Gebruiker Toevoegen",
    "HeaderAdditionalParts": "Extra onderdelen",
    "HeaderAdmin": "Beheerder",
    "HeaderAlbumArtists": "Albumartiesten",
    "HeaderAlert": "Waarschuwing",
    "HeaderAllowMediaDeletionFrom": "Wissen van media toestaan van",
    "HeaderApiKey": "API Sleutel",
    "HeaderApiKeys": "API Sleutels",
    "HeaderApiKeysHelp": "Externe applicaties zijn verplicht om een API sleutel te hebben om te communiceren met Jellyfin Server. Sleutels worden uitgegeven door in te loggen met een Jellyfin account, of door het handmatig verlenen van een sleutel voor de toepassing.",
    "HeaderApp": "Applicatie",
    "HeaderAppearsOn": "Verschijnt op",
    "HeaderAudioBooks": "Luisterboeken",
    "HeaderAudioSettings": "Audio Instellingen",
    "HeaderAutomaticUpdates": "Automatische updates",
    "HeaderBlockItemsWithNoRating": "Blokkeer items met geen of niet herkende keurinformatie.",
    "HeaderBooks": "Boeken",
    "HeaderBranding": "Huisstijl",
    "HeaderCancelRecording": "Opname Annuleren",
    "HeaderCancelSeries": "Annuleren Series",
    "HeaderChannelAccess": "Kanaal toegang",
    "HeaderChannels": "Kanalen",
    "HeaderChapterImages": "Hoofdstukafbeeldingen",
    "HeaderCodecProfile": "Codec Profiel",
    "HeaderCodecProfileHelp": "Codec profielen geven de beperkingen van een apparaat bij het afspelen van bepaalde codecs. Als een beperking geldt dan zal de media getranscodeerd worden, zelfs indien de codec is geconfigureerd voor direct afspelen.",
    "HeaderConfigureRemoteAccess": "Toegang op afstand configureren",
    "HeaderConfirmPluginInstallation": "Bevestig Plugin Installatie",
    "HeaderConfirmProfileDeletion": "Bevestigen Profiel Verwijdering",
    "HeaderConfirmRevokeApiKey": "Intrekken Api Sleutel",
    "HeaderConnectToServer": "Verbind met server",
    "HeaderConnectionFailure": "Verbindingsfout",
    "HeaderContainerProfile": "Container Profiel",
    "HeaderContainerProfileHelp": "Container profielen geven de beperkingen van een apparaat bij het afspelen van bepaalde formaten. Als een beperking geldt dan zal de media getranscodeerd worden, zelfs indien het formaat is geconfigureerd voor direct afspelen.",
    "HeaderContinueListening": "Luisteren hervatten",
    "HeaderContinueWatching": "Kijken hervatten",
    "HeaderCustomDlnaProfiles": "Aangepaste profielen",
    "HeaderDateIssued": "Datum uitgegeven",
    "HeaderDefaultRecordingSettings": "Standaard opname-instellingen",
    "HeaderDeleteDevice": "Verwijder apparaat",
    "HeaderDeleteItem": "Item verwijderen",
    "HeaderDeleteItems": "Verwijder items",
    "HeaderDeleteProvider": "Verwijder aanbieder",
    "HeaderDeleteTaskTrigger": "Verwijderen Taak Trigger",
    "HeaderDetectMyDevices": "Detecteer Mijn Apparaten",
    "HeaderDeveloperInfo": "Informatie ontwikkelaar",
    "HeaderDeviceAccess": "Apparaat Toegang",
    "HeaderDevices": "Apparaten",
    "HeaderDirectPlayProfile": "Direct Afspelen Profiel",
    "HeaderDirectPlayProfileHelp": "Voeg direct afspelen profielen toe om aan te geven welke formaten het apparaat standaard aankan.",
    "HeaderDisplay": "Weergave",
    "HeaderDownloadSync": "Download & Synchronisatie",
    "HeaderEasyPinCode": "Eenvoudige Pincode",
    "HeaderEditImages": "Afbeeldingen bewerken",
    "HeaderEnabledFields": "Schakel velden in",
    "HeaderEnabledFieldsHelp": "Verwijder een vinkje om het veld te vergrendelen en voorkom dat gegevens gewijzigd kunnen worden.",
    "HeaderEpisodes": "Afleveringen",
    "HeaderError": "Fout",
    "HeaderExternalIds": "Externe id's:",
    "HeaderFeatureAccess": "Functie toegang",
    "HeaderFeatures": "Toevoegingen",
    "HeaderFetchImages": "Afbeeldingen ophalen:",
    "HeaderFetcherSettings": "Fetcher-instellingen",
    "HeaderForKids": "Voor Kinderen",
    "HeaderForgotPassword": "Wachtwoord vergeten",
    "HeaderFrequentlyPlayed": "Vaak afgespeeld",
    "HeaderGuideProviders": "TV Gids data aanbieders",
    "HeaderIdentification": "Identificatie",
    "HeaderIdentificationCriteriaHelp": "Voer tenminste één identificatiecriterium in.",
    "HeaderIdentificationHeader": "Identificatie Header",
    "HeaderIdentifyItemHelp": "Vul één of meer zoek criteria in. Verwijder criteria om zoekresultaten te vergroten.",
    "HeaderImageOptions": "Afbeeldingsopties",
    "HeaderImageSettings": "Afbeeldingsinstellingen",
    "HeaderInstall": "Installeer",
    "HeaderKeepRecording": "Bewaar opname",
    "HeaderKeepSeries": "Series behouden",
    "HeaderKodiMetadataHelp": "Om nfo-metadata in of uit te schakelen, gaat u naar de Jellyfin bibliotheekinstellingen en vervolgens naar de metadata-downloaders sectie.",
    "HeaderLatestEpisodes": "Nieuwste Afleveringen",
    "HeaderLatestMedia": "Nieuwste Media",
    "HeaderLatestMovies": "Nieuwste Films",
    "HeaderLatestMusic": "Nieuwste muziek",
    "HeaderLatestRecordings": "Nieuwste Opnames",
    "HeaderLibraries": "Bibliotheken",
    "HeaderLibraryAccess": "Bibliotheek toegang",
    "HeaderLibraryFolders": "Bibliotheek Mappen",
    "HeaderLibraryOrder": "Bibliotheek Volgorde",
    "HeaderLibrarySettings": "Bibliotheek Instellingen",
    "HeaderLiveTvTunerSetup": "Live TV Tuner Instellingen",
    "HeaderLoginFailure": "Aanmeld fout",
    "HeaderMediaFolders": "Media Mappen",
    "HeaderMediaInfo": "Media informatie",
    "HeaderMetadataSettings": "Metagegevens instellingen",
    "HeaderMoreLikeThis": "Meer als dit",
    "HeaderMovies": "Films",
    "HeaderMusicQuality": "Muziek Kwaliteit",
    "HeaderMusicVideos": "Music Video's",
    "HeaderMyDevice": "Mijn Apparaat",
    "HeaderMyMedia": "Mijn Media",
    "HeaderMyMediaSmall": "Mijn Media (klein)",
    "HeaderNewApiKey": "Nieuwe API sleutel",
    "HeaderNewDevices": "Nieuwe Apparaten",
    "HeaderNextEpisodePlayingInValue": "Volgende Aflevering over {0}",
    "HeaderNextUp": "Volgende",
    "HeaderNextVideoPlayingInValue": "Volgende Afgespeeld over {0}",
    "HeaderOnNow": "Aan het spelen",
    "HeaderOtherItems": "Overige Items",
    "HeaderParentalRatings": "Ouderlijke toezicht",
    "HeaderPassword": "Wachtwoord",
    "HeaderPasswordReset": "Wachtwoord resetten",
    "HeaderPaths": "Paden",
    "HeaderPendingInvitations": "Uitstaande uitnodigingen",
    "HeaderPeople": "Personen",
    "HeaderPhotoAlbums": "Foto-albums",
    "HeaderPinCodeReset": "Reset Pincode",
    "HeaderPlayAll": "Alles afspelen",
    "HeaderPlayOn": "Afspelen Op",
    "HeaderPlayback": "Media afspelen",
    "HeaderPlaybackError": "Afspeel Fout",
    "HeaderPleaseSignIn": "Aanmelden",
    "HeaderPluginInstallation": "Plugin installatie",
    "HeaderPreferredMetadataLanguage": "Gewenste metadata taal",
    "HeaderProfile": "Profiel",
    "HeaderProfileInformation": "Profiel Informatie",
    "HeaderProfileServerSettingsHelp": "Deze waarden bepalen hoe Jellyfin Server zich zal presenteren aan het apparaat.",
    "HeaderRecentlyPlayed": "Recent afgespeeld",
    "HeaderRecordingOptions": "Opname instellingen",
    "HeaderRecordingPostProcessing": "Opname nabewerking",
    "HeaderRemoteControl": "Afstandsbediening",
    "HeaderRemoveMediaFolder": "Verwijder media map",
    "HeaderRemoveMediaLocation": "Verwijder media locatie",
    "HeaderResponseProfile": "Antwoord Profiel",
    "HeaderResponseProfileHelp": "Responsprofielen bieden een manier om informatie, verzonden naar het apparaat bij het afspelen van bepaalde soorten media aan te passen.",
    "HeaderRestart": "Herstart",
    "HeaderRevisionHistory": "Versie geschiedenis",
    "HeaderRunningTasks": "Actieve taken",
    "HeaderScenes": "Hoofdstukken",
    "HeaderSchedule": "Schema",
    "HeaderSeasons": "Seizoenen",
    "HeaderSecondsValue": "{0} Seconden",
    "HeaderSelectCertificatePath": "Selecteer Certificaat Pad",
    "HeaderSelectMetadataPath": "Selecteer Metadata Pad",
    "HeaderSelectMetadataPathHelp": "Blader of voer het pad in dat u wilt gebruiken om metadata in op te slaan. De map moet beschrijfbaar zijn.",
    "HeaderSelectPath": "Selecteer Pad",
    "HeaderSelectServer": "Selecteer server",
    "HeaderSelectServerCachePath": "Selecteer Server Cache Pad",
    "HeaderSelectServerCachePathHelp": "Bladeren of voer het pad in om te gebruiken voor server cache-bestanden. De map moet beschrijfbaar zijn.",
    "HeaderSelectTranscodingPath": "Selecteer Tijdelijke Transcodeer Pad",
    "HeaderSelectTranscodingPathHelp": "Bladeren of voer het pad in om te gebruiken voor het transcoderen van tijdelijke bestanden. De map moet beschrijfbaar zijn.",
    "HeaderSendMessage": "Stuur bericht",
    "HeaderSeries": "Series:",
    "HeaderSeriesOptions": "Series Opties",
    "HeaderSeriesStatus": "Seriestatus",
    "HeaderServerSettings": "Server Instellingen",
    "HeaderSettings": "Instellingen",
    "HeaderSetupLibrary": "Stel uw mediabibliotheken in",
    "HeaderShutdown": "Afsluiten",
    "HeaderSortBy": "Sorteren op",
    "HeaderSortOrder": "Sorteer volgorde",
    "HeaderSpecialEpisodeInfo": "Speciale afleveringsinformatie",
    "HeaderSpecialFeatures": "Extra's",
    "HeaderStartNow": "Nu Starten",
    "HeaderStopRecording": "Stop Opname",
    "HeaderSubtitleAppearance": "Ondertitel Weergave",
    "HeaderSubtitleDownloads": "Ondertitel downloads",
    "HeaderSubtitleProfile": "Ondertitelingsprofiel",
    "HeaderSubtitleProfiles": "Ondertitelingsprofielen",
    "HeaderSubtitleProfilesHelp": "Ondertitelingsprofielen beschrijven de ondertitelings formaten ondersteund door het apparaat.",
    "HeaderSystemDlnaProfiles": "Systeem Profielen",
    "HeaderTags": "Labels",
    "HeaderTaskTriggers": "Taak Triggers",
    "HeaderThisUserIsCurrentlyDisabled": "Deze gebruiker is momenteel uitgesloten",
    "HeaderTranscodingProfile": "Direct Afspelen Profiel",
    "HeaderTranscodingProfileHelp": "Transcoding profielen toevoegen om aan te geven welke indelingen moeten worden gebruikt wanneer transcoding vereist is.",
    "HeaderTunerDevices": "Tuner apparaten",
    "HeaderTypeImageFetchers": "{0} Afbeelding downloaders",
    "HeaderTypeText": "Voer tekst in",
    "HeaderUpcomingOnTV": "Binnenkort op TV",
    "HeaderUploadImage": "Afbeelding Uploaden",
    "HeaderUser": "Gebruiker",
    "HeaderUsers": "Gebruikers",
    "HeaderVideoQuality": "Video Kwaliteit",
    "HeaderVideoType": "Videotype",
    "HeaderVideoTypes": "Video types",
    "HeaderVideos": "Video's",
    "HeaderXmlDocumentAttribute": "Xml Document Attribuut",
    "HeaderXmlDocumentAttributes": "Xml Document Attributen",
    "HeaderXmlSettings": "Xml Instellingen",
    "HeaderYears": "Jaren",
    "HeadersFolders": "Mappen",
    "Help": "Hulp",
    "Hide": "Verbergen",
    "HideWatchedContentFromLatestMedia": "Verberg gekeken inhoud uit nieuwste media",
    "Home": "Start",
    "Horizontal": "Horizontaal",
    "HttpsRequiresCert": "Om beveiligde verbindingen in te schakelen, is een vertrouwd SSL-certificaat vereist (zoals Let's Encrypt). Geef een certificaat op of schakel beveiligde verbindingen uit.",
    "Identify": "Identificeer",
    "Images": "Afbeeldingen",
    "ImportFavoriteChannelsHelp": "Bij inschakelen zullen alleen kanalen geïmporteerd worden die op de tuner als favoriet aangemerkt zijn.",
    "ImportMissingEpisodesHelp": "Indien ingeschakeld, wordt informatie over ontbrekende afleveringen in uw Jellyfin de database geïmporteerd en weergegeven in de seizoenen en series. Dit kan aanzienlijk langere bibliotheekscans veroorzaken.",
    "InstallingPackage": "Installeren van {0}",
    "Kids": "Kinderen",
    "Label3DFormat": "3D formaat",
    "LabelAbortedByServerShutdown": "(Afgebroken door afsluiten van de server)",
    "LabelAccessDay": "Dag van de week:",
    "LabelAccessEnd": "Eind tijd:",
    "LabelAccessStart": "Start tijd:",
    "LabelAirDays": "Uitzend dagen:",
    "LabelAirTime": "Uitzend tijd:",
    "LabelAirsAfterSeason": "Uitgezonden na seizoen:",
    "LabelAirsBeforeEpisode": "Uitgezonden voor aflevering:",
    "LabelAirsBeforeSeason": "Uitgezonden voor seizoen:",
    "LabelAlbumArtHelp": "PN gebruikt voor  album art, binnen het DLNA: profileID attribuut op UPnP: albumArtURI. Sommige apparaten vereisen een specifieke waarde, ongeacht de grootte van het beeld.",
    "LabelAlbumArtMaxHeight": "Albumhoes max. hoogte:",
    "LabelAlbumArtMaxHeightHelp": "Max. resolutie van albumhoezen weergegeven via upnp:albumArtURI.",
    "LabelAlbumArtMaxWidth": "Albumhoes max. breedte:",
    "LabelAlbumArtMaxWidthHelp": "Max. resolutie van albumhoezen weergegeven via upnp:albumArtURI.",
    "LabelAlbumArtPN": "Albumhoes PN:",
    "LabelAlbumArtists": "Album artiesten:",
    "LabelAll": "Alles",
    "LabelAllowHWTranscoding": "Hardware transcoding toestaan",
    "LabelAllowServerAutoRestart": "Automatisch herstarten van de server toestaan om updates toe te passen",
    "LabelAllowServerAutoRestartHelp": "De server zal alleen opnieuw opstarten tijdens inactieve perioden, wanneer er geen gebruikers actief zijn.",
    "LabelAllowedRemoteAddresses": "Externe IP-adressen filter:",
    "LabelAllowedRemoteAddressesMode": "Externe IP-adressen filter modus:",
    "LabelAppName": "Applicatie Naam",
    "LabelAppNameExample": "Voorbeeld: Sickbeard, NzbDrone",
    "LabelArtists": "Artiest:",
    "LabelArtistsHelp": "Scheidt meerdere met een ;",
    "LabelAudioLanguagePreference": "Voorkeurs audiotaal:",
    "LabelAutomaticallyRefreshInternetMetadataEvery": "Vernieuw metagegevens automatisch van het internet",
    "LabelBindToLocalNetworkAddress": "Binden aan het lokale netwerk adres:",
    "LabelBindToLocalNetworkAddressHelp": "Optioneel. Overrule het lokale IP-adres om aan de http-server te binden. Indien leeg gelaten, zal de server binden aan alle beschikbare adressen. Het veranderen van deze waarde vereist herstarten van Jellyfin Server.",
    "LabelBirthDate": "Geboortedatum:",
    "LabelBirthYear": "Geboorte jaar:",
    "LabelBlastMessageInterval": "Alive bericht interval (seconden)",
    "LabelBlastMessageIntervalHelp": "Bepaalt de duur in seconden tussen server Alive berichten.",
    "LabelBlockContentWithTags": "Blokkeer items met volgende tags:",
    "LabelBurnSubtitles": "Ondertitels inbranden:",
    "LabelCachePath": "Cache pad:",
    "LabelCachePathHelp": "Geef een aangepaste locatie voor cache bestanden zoals afbeeldingen. Laat leeg om de standaard locatie te gebruiken.",
    "LabelCancelled": "Geannuleerd",
    "LabelCertificatePassword": "Certificaat paswoord:",
    "LabelCertificatePasswordHelp": "Als je certificaat een paswoord vereist, vul het dan hier in alstublieft.",
    "LabelChannels": "Kanalen:",
    "LabelCollection": "Collectie",
    "LabelCommunityRating": "Beoordeling gemeenschap:",
    "LabelContentType": "Inhoud type:",
    "LabelCountry": "Land:",
    "LabelCriticRating": "Beoordeling critici:",
    "LabelCurrentPassword": "Huidig wachtwoord:",
    "LabelCustomCertificatePath": "Aangepast SSL-certificaatpad:",
    "LabelCustomCertificatePathHelp": "Pad naar een PKCS #12 bestand met een certificaat en privé-sleutel om TLS ondersteuning op een aangepast domein in te schakelen.",
    "LabelCustomCss": "Aangepaste css:",
    "LabelCustomCssHelp": "Uw eigen aangepaste css voor de web-interface toepassen.",
    "LabelCustomDeviceDisplayName": "Weergave naam:",
    "LabelCustomDeviceDisplayNameHelp": "Geef een eigen weergave naam op of laat deze leeg om de naam te gebruiken die het apparaat opgeeft.",
    "LabelCustomRating": "Aangepaste classificatie:",
    "LabelDashboardTheme": "Server dashboard thema:",
    "LabelDateAdded": "Datum toegevoegd:",
    "LabelDateAddedBehavior": "Datum toegevoegd gedrag voor nieuwe content:",
    "LabelDateAddedBehaviorHelp": "Als metadata gegevens aanwezig zijn hebben deze voorrang op deze opties.",
    "LabelDateTimeLocale": "Datum en tijd regio:",
    "LabelDay": "Dag:",
    "LabelDeathDate": "Overlijdens datum:",
    "LabelDefaultScreen": "Standaard scherm:",
    "LabelDefaultUser": "Standaard gebruiker:",
    "LabelDefaultUserHelp": "Bepaalt welke gebruikers bibliotheek op aangesloten apparaten moet worden weergegeven. Dit kan worden overschreven voor elk apparaat met behulp van profielen.",
    "LabelDeviceDescription": "Apparaat omschrijving",
    "LabelDiscNumber": "Disk nummer:",
    "LabelDisplayLanguage": "Schermtaal:",
    "LabelDisplayLanguageHelp": "Vertaling van Jellyfin is een voortdurend project.",
    "LabelDisplayMissingEpisodesWithinSeasons": "Toon ontbrekende afleveringen binnen een seizoen",
    "LabelDisplayMode": "Weergave mode:",
    "LabelDisplayName": "Weergave naam:",
    "LabelDisplayOrder": "Weergave volgorde:",
    "LabelDisplaySpecialsWithinSeasons": "Voeg specials toe aan het seizoen waarin ze uitgezonden zijn",
    "LabelDownMixAudioScale": "Geluidsversterking verbeteren als er gemixt wordt:",
    "LabelDownMixAudioScaleHelp": "Geluid versterken als er gemixt wordt. Zet op 1 om oorspronkelijke volume te behouden.",
    "LabelDownloadLanguages": "Download talen:",
    "LabelDropImageHere": "Sleep de afbeelding hierheen of klik om te bladeren.",
    "LabelDropShadow": "Schaduw:",
    "LabelEasyPinCode": "Eenvoudige pincode:",
    "LabelEmbedAlbumArtDidl": "Insluiten van albumhoezen in Didl",
    "LabelEmbedAlbumArtDidlHelp": "Sommige apparaten prefereren deze methode voor het verkrijgen van albumhoezen. Anderen kunnen falen om af te spelen met deze optie ingeschakeld.",
    "LabelEnableAutomaticPortMap": "Schakel automatisch poort vertalen in",
    "LabelEnableAutomaticPortMapHelp": "Probeer om de publieke poort automatisch te vertalen naar de lokale poort via UPnP. Dit werkt niet op alle routers.",
    "LabelEnableBlastAliveMessages": "Alive berichten zenden",
    "LabelEnableBlastAliveMessagesHelp": "Zet dit aan als de server niet betrouwbaar door andere UPnP-apparaten op uw netwerk wordt gedetecteerd.",
    "LabelEnableDlnaClientDiscoveryInterval": "Interval voor het zoeken naar clients (seconden)",
    "LabelEnableDlnaClientDiscoveryIntervalHelp": "Bepaalt de duur in seconden tussen SSDP zoekopdrachten uitgevoerd door Jellyfin.",
    "LabelEnableDlnaDebugLogging": "DLNA foutopsporings logboek inschakelen",
    "LabelEnableDlnaDebugLoggingHelp": "Dit zal grote logboekbestanden genereren en is alleen bedoeld voor het troubleshooting doeleinden.",
    "LabelEnableDlnaPlayTo": "DLNA \"Play To\" inschakelen",
    "LabelEnableDlnaPlayToHelp": "Jellyfin kan apparaten detecteren binnen uw netwerk en biedt de mogelijkheid om ze op afstand te controleren",
    "LabelEnableDlnaServer": "DLNA server inschakelen",
    "LabelEnableDlnaServerHelp": "Sta UPnP apparaten op uw netwerk toe om door Jellyfin inhoud te bladeren en af te spelen.",
    "LabelEnableHardwareDecodingFor": "Activeer hardwaredecodering voor:",
    "LabelEnableRealtimeMonitor": "Real time monitoring inschakelen",
    "LabelEnableRealtimeMonitorHelp": "Wijzigingen aan bestanden worden op ondersteunde bestandssystemen direct verwerkt.",
    "LabelEnableSingleImageInDidlLimit": "Beperk tot één enkele ingesloten afbeelding",
    "LabelEnableSingleImageInDidlLimitHelp": "Sommige apparaten zullen niet goed weergeven als er meerdere afbeeldingen ingesloten zijn in Didl.",
    "LabelEndDate": "Eind datum|",
    "LabelEpisodeNumber": "Afleveringsnummer:",
    "LabelEvent": "Gebeurtenis:",
    "LabelEveryXMinutes": "Iedere:",
    "LabelExtractChaptersDuringLibraryScan": "Hoofdstuk afbeeldingen uitpakken tijdens het scannen van de bibliotheek",
    "LabelExtractChaptersDuringLibraryScanHelp": "Wanneer ingeschakeld worden hoofdstuk afbeeldingen uitgepakt wanneer video's worden geïmporteerd tijdens het scannen van de bibliotheek. Wanneer uitgeschakeld worden de hoofdstuk afbeeldingen uitgepakt tijdens de geplande taak \"Hoofdstukken uitpakken\", waardoor de standaard bibliotheek scan sneller voltooid is.",
    "LabelFailed": "Mislukt",
    "LabelFileOrUrl": "Bstand of URL:",
    "LabelFinish": "Voltooien",
    "LabelFont": "Lettertype:",
    "LabelForgotPasswordUsernameHelp": "Vul uw gebruikersnaam in, als u deze weet.",
    "LabelFormat": "Formaat:",
    "LabelFriendlyName": "Gebruiksvriendelijke naam:",
    "LabelServerNameHelp": "Deze naam wordt gebruikt om deze server te identificeren. Indien leeg gelaten, zal de naam van de computer worden gebruikt.",
    "LabelGroupMoviesIntoCollections": "Groepeer films in collecties",
    "LabelGroupMoviesIntoCollectionsHelp": "Bij de weergave van film lijsten, zullen films die tot een collectie behoren worden weergegeven als een gegroepeerd object.",
    "LabelH264EncodingPreset": "H264 codering preset:",
    "LabelHardwareAccelerationType": "Hardware acceleratie:",
    "LabelHardwareAccelerationTypeHelp": "Alleen beschikbaar op ondersteunde systemen.",
    "LabelHomeNetworkQuality": "Thuisnetwerk kwaliteit:",
    "LabelHomeScreenSectionValue": "Beginscherm sectie {0}:",
    "LabelHttpsPort": "Lokale https poort nummer:",
    "LabelHttpsPortHelp": "Het tcp poort nummer waar Jellyfin's http server aan moet verbinden.",
    "LabelIconMaxHeight": "Pictogram max. hoogte:",
    "LabelIconMaxHeightHelp": "Max. resolutie van pictogrammen weergegeven via upnp:icon.",
    "LabelIconMaxWidth": "Pictogram max breedte:",
    "LabelIconMaxWidthHelp": "Max. resolutie van pictogrammen weergegeven via upnp:icon.",
    "LabelIdentificationFieldHelp": "Een niet-hoofdlettergevoelige subtekenreeks of regex expressie.",
    "LabelImageFetchersHelp": "Rangschik uw voorkeurs afbeeldingen downloader in volgorde van prioriteit.",
    "LabelImageType": "Afbeeldingstype:",
    "LabelImportOnlyFavoriteChannels": "Gebruik alleen kanalen die favoriet zijn",
    "LabelInNetworkSignInWithEasyPassword": "Schakel eenvoudige lokale aanmelding in met mijn easy pin code",
    "LabelInNetworkSignInWithEasyPasswordHelp": "Indien ingeschakeld, zult u in staat zijn om uw gemakkelijke pincode gebruiken om u aan te melden bij Jellyfin apps van binnen uw thuisnetwerk. Uw reguliere wachtwoord is nodig buiten uw thuisnetwerk. Als u de pincode leeg laat, heeft u geen wachtwoord nodig in uw thuisnetwerk.",
    "LabelInternetQuality": "Internet kwaliteit:",
    "LabelKeepUpTo": "Houd tot:",
    "LabelKidsCategories": "Kinder categorieën:",
    "LabelKodiMetadataDateFormat": "Releasedatum formaat:",
    "LabelKodiMetadataDateFormatHelp": "Alle datums in NFO's zullen gelezen en geschreven worden met dit formaat.",
    "LabelKodiMetadataEnableExtraThumbs": "Kopieer extrafanart naar extrathumbs",
    "LabelKodiMetadataEnableExtraThumbsHelp": "Gedownloade afbeeldingen kunnen direct in extrafanart en extrathumbs opgeslagen worden voor maximale Kodi skin compatibiliteit.",
    "LabelKodiMetadataEnablePathSubstitution": "Pad vervanging inschakelen",
    "LabelKodiMetadataEnablePathSubstitutionHelp": "Stelt pad vervanging in voor afbeeldingspaden en maakt gebruik van de Pad Vervangen instellingen van de server.",
    "LabelKodiMetadataSaveImagePaths": "Afbeeldingspaden opslaan in NFO-bestanden",
    "LabelKodiMetadataSaveImagePathsHelp": "Dit wordt aanbevolen als u bestandsnamen heeft die niet voldoen aan Kodi richtlijnen.",
    "LabelKodiMetadataUser": "Kijkgegevens in nfo opslaan voor:",
    "LabelKodiMetadataUserHelp": "Schakel dit in om kijk gegevens op te slaan in NFO-bestanden om in andere toepassingen te gebruiken.",
    "LabelLanNetworks": "LAN-netwerken:",
    "LabelLanguage": "Taal:",
    "LabelLocalHttpServerPortNumber": "Lokale http poort nummer:",
    "LabelLocalHttpServerPortNumberHelp": "Het tcp poort nummer waar Jellyfin's http server aan moet verbinden.",
    "LabelLockItemToPreventChanges": "Vergrendel dit item om toekomstige wijzigingen te voorkomen",
    "LabelLoginDisclaimer": "Aanmeld vrijwaring:",
    "LabelLoginDisclaimerHelp": "Dit wordt onderaan de login pagina weergegeven.",
    "LabelLogs": "Logboeken:",
    "LabelManufacturer": "Fabrikant",
    "LabelManufacturerUrl": "Url Fabrikant",
    "LabelMatchType": "Type overeenkomst:",
    "LabelMaxBackdropsPerItem": "Maximum aantal achtergronden per item:",
    "LabelMaxChromecastBitrate": "Chromecast streaming kwaliteit:",
    "LabelMaxParentalRating": "Maximaal toegestane kijkwijzer classificatie:",
    "LabelMaxResumePercentage": "Percentage (max.):",
    "LabelMaxResumePercentageHelp": "Titels worden ingesteld als volledig afgespeeld indien gestopt na deze tijd",
    "LabelMaxScreenshotsPerItem": "Maximum aantal schermafbeeldingen per item:",
    "LabelMaxStreamingBitrate": "Max streaming kwaliteit:",
    "LabelMaxStreamingBitrateHelp": "Geef een maximale bitrate voor streaming op.",
    "LabelMessageText": "Bericht tekst:",
    "LabelMessageTitle": "Titel van het bericht:",
    "LabelMetadataDownloadLanguage": "Voorkeurs taal:",
    "LabelMetadataDownloadersHelp": "Rangschik uw voorkeurs metadata downloader in volgorde van prioriteit. Lagere prioriteit downloaders zullen alleen worden gebruikt om de ontbrekende informatie in te vullen.",
    "LabelMetadataPath": "Metadata pad:",
    "LabelMetadataPathHelp": "Geef een aangepaste locatie op voor gedownloade afbeeldingen en metadata.",
    "LabelMetadataReaders": "Metadata lezers:",
    "LabelMetadataReadersHelp": "Rangschik de gewenste lokale metadata bronnen in volgorde van prioriteit. Het eerst gevonden bestand zal worden gelezen.",
    "LabelMetadataSavers": "Metadata Opslag:",
    "LabelMetadataSaversHelp": "Kies de bestandsindeling om uw metadata op te slaan.",
    "LabelMethod": "Methode:",
    "LabelMinBackdropDownloadWidth": "Minimale achtergrond breedte om te downloaden:",
    "LabelMinResumeDuration": "Minimale duur (seconden):",
    "LabelMinResumeDurationHelp": "Titels korter dan dit zullen niet hervatbaar zijn",
    "LabelMinResumePercentage": "Percentage (min.):",
    "LabelMinResumePercentageHelp": "Titels worden als niet afgespeeld beschouwd indien gestopt voor deze tijd",
    "LabelMinScreenshotDownloadWidth": "Minimale schermafbeeldings- breedte om te downloaden:",
    "LabelModelDescription": "Model omschrijving",
    "LabelModelName": "Modelnaam",
    "LabelModelNumber": "Modelnummer",
    "LabelMonitorUsers": "Monitor activiteit van:",
    "LabelMovieCategories": "Film categoriën:",
    "LabelMoviePrefix": "Film voorvoegsel:",
    "LabelMoviePrefixHelp": "Als een voorvoegsel wordt toegepast op filmtitels, typ deze dan eventueel hier zodat Jellyfin het goed kan verwerken.",
    "LabelMovieRecordingPath": "Filmopname pad (optioneel):",
    "LabelMusicStreamingTranscodingBitrate": "Muziek transcodering bitrate:",
    "LabelMusicStreamingTranscodingBitrateHelp": "Geef een maximum bitrate op voor het streamen van muziek",
    "LabelName": "Naam:",
    "LabelNewName": "Nieuwe naam:",
    "LabelNewPassword": "Nieuw wachtwoord:",
    "LabelNewPasswordConfirm": "Bevestig nieuw wachtwoord:",
    "LabelNewsCategories": "Nieuws categorieën:",
    "LabelNext": "Volgende",
    "LabelNotificationEnabled": "Deze melding inschakelen",
    "LabelNumber": "Nummer:",
    "LabelNumberOfGuideDays": "Aantal dagen van de gids om te downloaden:",
    "LabelNumberOfGuideDaysHelp": "Het downloaden van meer dagen van de gids gegevens biedt de mogelijkheid verder vooruit te plannen en een beter overzicht geven, maar het zal ook langer duren om te downloaden. Auto kiest op basis van het aantal kanalen.",
    "LabelOptionalNetworkPath": "(Optioneel) Gedeelde netwerkmap:",
    "LabelOptionalNetworkPathHelp": "Als deze map wordt gedeeld op uw netwerk, kunnen middels het netwerkpad Jellyfin apps op andere apparaten rechtstreeks toegang tot mediabestanden krijgen.",
    "LabelOriginalAspectRatio": "Originele aspect ratio:",
    "LabelOriginalTitle": "Orginele titel:",
    "LabelOverview": "Overzicht:",
    "LabelParentNumber": "Bovenliggend nummer:",
    "LabelParentalRating": "Kijkwijzer classificatie:",
    "LabelPassword": "Wachtwoord:",
    "LabelPasswordConfirm": "Wachtworod (Bevestig)",
    "LabelPasswordRecoveryPinCode": "Pincode:",
    "LabelPath": "Pad:",
    "LabelPersonRole": "Rol:",
    "LabelPersonRoleHelp": "Voorbeeld: Chauffeur Koeltransport",
    "LabelPlaceOfBirth": "Geboorteplaats:",
    "LabelPlayDefaultAudioTrack": "Standaard audio spoor afspelen ongeacht de taal",
    "LabelPlaylist": "Afspeellijst:",
    "LabelPostProcessor": "Nabewerkings toepassing:",
    "LabelPostProcessorArguments": "Nabewerkings command line argumenten:",
    "LabelPostProcessorArgumentsHelp": "Gebruik {path} als het pad naar het opnamebestand.",
    "LabelPreferredDisplayLanguage": "Voorkeurs weergavetaal:",
    "LabelPreferredDisplayLanguageHelp": "Vertaling van Jellyfin is een voortdurend project.",
    "LabelPreferredSubtitleLanguage": "Voorkeurstaal ondertitels:",
    "LabelPrevious": "Vorige",
    "LabelProfileAudioCodecs": "Geluidscodecs:",
    "LabelProfileCodecsHelp": "Gescheiden door een komma. Deze kan leeg gelaten worden om te laten gelden voor alle codecs.",
    "LabelProfileContainersHelp": "Gescheiden door een komma. Deze kan leeg gelaten worden om te laten gelden voor alle containers.",
    "LabelProtocol": "Protokol:",
    "LabelProtocolInfoHelp": "De waarde die wordt gebruikt bij het reageren op GetProtocolInfo verzoeken van het apparaat.",
    "LabelPublicHttpPort": "Publieke http poort nummer:",
    "LabelPublicHttpPortHelp": "Het publieke poortnummer dat moet worden toegewezen aan de lokale http poort.",
    "LabelPublicHttpsPort": "Publieke https poort nummer:",
    "LabelPublicHttpsPortHelp": "Het publieke poortnummer dat moet worden toegewezen aan de lokale https poort.",
    "LabelReadHowYouCanContribute": "Lees meer over hoe u kunt bijdragen.",
    "LabelReasonForTranscoding": "Reden voor transcoderen:",
    "LabelRecord": "Opnemen:",
    "LabelRecordingPath": "Standaard opname pad:",
    "LabelRecordingPathHelp": "Geef de standaard locatie op om opnamen op te slaan. Indien leeg gelaten, zal de map van de server-programma gegevens worden gebruikt.",
    "LabelRefreshMode": "Vernieuw-modus",
    "LabelReleaseDate": "Uitgave datum:",
    "LabelRemoteClientBitrateLimit": "Internet streaming bitrate limiet (Mbps):",
    "LabelRemoteClientBitrateLimitHelp": "Een optionele bitrate limiet per stream voor alle apparaten buiten het netwerk. Dit is handig om te voorkomen dat apparaten een hogere bitrate vragen dan je internetverbinding aan kan. Dit kan een verhoogde belasting van de CPU in je server veroorzaken om om videos direct te transcoderen naar een lagere bitrate.",
    "LabelRuntimeMinutes": "Speelduur (minuten):",
    "LabelSaveLocalMetadata": "Afbeeldingen opslaan in de mediamappen",
    "LabelSaveLocalMetadataHelp": "Door afbeeldingen op te slaan in de mediamappen kunnen ze makkelijker worden aangepast.",
    "LabelScheduledTaskLastRan": "Laatste keer {0}, duur {1}.",
    "LabelScreensaver": "Schermbeveiliging:",
    "LabelSeasonNumber": "Seizoensnummer:",
    "LabelSecureConnectionsMode": "Beveiligde verbinding modus:",
    "LabelSelectFolderGroups": "De inhoud van de volgende mappen automatisch groeperen in secties zoals Films, Muziek en TV:",
    "LabelSelectFolderGroupsHelp": "Mappen die niet aangevinkt zijn worden getoond in hun eigen weergave.",
    "LabelSelectUsers": "Selecteer gebruikers:",
    "LabelSelectVersionToInstall": "Selecteer de versie om te installeren:",
    "LabelSendNotificationToUsers": "Stuur de melding naar:",
    "LabelSerialNumber": "Serienummer",
    "LabelSeriesRecordingPath": "Serieopname pad (optioneel):",
    "LabelServerHost": "Server:",
    "LabelServerHostHelp": "192.168.1.100 of https://myserver.com",
    "LabelSimultaneousConnectionLimit": "Gelijktijdige streams limiet:",
    "LabelSkipBackLength": "Terugspoellengte",
    "LabelSkipForwardLength": "Vooruitspoellengte",
    "LabelSkipIfAudioTrackPresent": "Overslaan als het standaard geluidsspoor overeenkomt met de taal van de download",
    "LabelSkipIfAudioTrackPresentHelp": "Vink dit uit om ervoor te zorgen dat alle video's ondertiteings krijgen, ongeacht de geluidstaal.",
    "LabelSkipIfGraphicalSubsPresent": "Overslaan als de video al ingesloten ondertiteling heeft",
    "LabelSkipIfGraphicalSubsPresentHelp": "Tekstversies van ondertiteling opslaan zal video's efficiënter overbrengen en de kans op transcodering van video's verkleinen.",
    "LabelSonyAggregationFlags": "Sony aggregatie vlaggen:",
    "LabelSonyAggregationFlagsHelp": "Bepaalt de inhoud van het aggregationFlags element in de urn: schemas-sonycom av namespace.",
    "LabelSortBy": "Sorteren op:",
    "LabelSortOrder": "Sorteervolgorde:",
    "LabelSortTitle": "Sorteer titel:",
    "LabelSoundEffects": "Geluidseffecten:",
    "LabelSource": "Bron:",
    "LabelSpecialSeasonsDisplayName": "De weergavenaam van de speciale seizoen:",
    "LabelSportsCategories": "Sport categorieën:",
    "LabelStartWhenPossible": "Start indien mogelijk:",
    "LabelStopWhenPossible": "Stop indien mogelijk:",
    "LabelStopping": "Stoppen",
    "LabelSubtitleDownloaders": "Ondertiteldownloaders:",
    "LabelSubtitleFormatHelp": "Voorbeeld: srt",
    "LabelSubtitlePlaybackMode": "Ondertitel mode:",
    "LabelSubtitles": "Ondertitels:",
    "LabelSupportedMediaTypes": "Ondersteunde Media Types:",
    "LabelTVHomeScreen": "TV mode begin scherm",
    "LabelTextBackgroundColor": "Tekst achtergrond kleur:",
    "LabelTextColor": "Tekst kleur:",
    "LabelTextSize": "Tekst grootte:",
    "LabelTheme": "Thema:",
    "LabelTime": "Tijd:",
    "LabelTimeLimitHours": "Tijdslimiet (uren):",
    "LabelTitle": "Titel:",
    "LabelTrackNumber": "Tracknummer:",
    "LabelTranscodingAudioCodec": "Geluidscodec:",
    "LabelTranscodingTempPathHelp": "Deze map bevat werkbestanden die worden gebruikt door de transcoder. Geef een eigen locatie op of laat het leeg om de standaardlocatie te gebruiken.",
    "LabelTranscodingThreadCount": "Aantal transcodeer threads:",
    "LabelTranscodingThreadCountHelp": "Selecteer het maximale aantal threads die gebruikt mogen worden om te transcoderen. Bij een lager aantal zal het CPU gebruik lager zijn, maar kan de afspeelkwaliteit minder zijn.",
    "LabelTunerIpAddress": "Tuner IP adres:",
    "LabelTunerType": "Soort Tuner:",
    "LabelTypeText": "Tekst",
    "LabelUseNotificationServices": "Gebruik de volgende diensten:",
    "LabelUser": "Gebruiker:",
    "LabelUserAgent": "User-agent:",
    "LabelUserLibrary": "Gebruikers Bibliotheek:",
    "LabelUserLibraryHelp": "Selecteer welke gebruikers bibliotheek weergegeven moet worden op het apparaat. Laat leeg standaardinstelling te gebruiken.",
    "LabelUserRemoteClientBitrateLimitHelp": "Dit zal de standaard globale waarde in de afspeelinstellingen van de server overschrijven.",
    "LabelUsername": "Gebruikersnaam:",
    "LabelVaapiDevice": "VA API Apparaat:",
    "LabelVaapiDeviceHelp": "Dit is de render knooppunt dat wordt gebruikt voor hardwareversnelling.",
    "LabelValue": "Waarde:",
    "LabelVersion": "Versie:",
    "LabelVersionInstalled": "{0} geïnstalleerd",
    "LabelVersionNumber": "Versie {0}",
    "LabelXDlnaCapHelp": "Bepaalt de inhoud van het X_DLNACAP element in de urn: schemas-dlna-org:device-1-0 namespace.",
    "LabelXDlnaDocHelp": "Bepaalt de inhoud van het X_DLNADOC element in de urn:schemas-dlna-org:device-1-0 namespace.",
    "LabelYear": "Jaar:",
    "LabelYourFirstName": "Uw voornaam:",
    "LabelYoureDone": "Gereed!",
    "LabelZipCode": "Postcode:",
    "LabelffmpegPath": "FFmpeg pad:",
    "LabelffmpegPathHelp": "Het pad naar het ffmpeg applicatiebestand, of de folder die ffmpeg bevat.",
    "LanNetworksHelp": "Komma-gescheiden lijst van IP-adressen of IP/netmask adressen voor netwerken die als lokaal gezien worden wanneer bandbreedtebeperkingen van toepassing zijn. Indien ingesteld, worden alle overige IP-adressen gezien als externe adressen en zullen worden onderworpen aan de bandbreedte-instellingen voor externe adressen. Indien blanco, zal alleen het subnet van de server als lokaal netwerk gezien worden.",
    "Large": "Groot",
    "LatestFromLibrary": "Laatste {0}",
    "LearnHowYouCanContribute": "Lees meer over hoe u kunt bijdragen.",
    "LibraryAccessHelp": "Selecteer de mediamappen om met deze gebruiker te delen. Beheerders kunnen alle mappen bewerken via de metadata manager.",
    "Like": "Leuk",
    "List": "Lijst",
    "LiveBroadcasts": "Live uitzendingen",
    "ManageLibrary": "Bibliotheek beheren",
    "ManageRecording": "Beheren opnames",
    "MapChannels": "Map Kanalen",
    "MarkPlayed": "Markeren als Afgespeeld",
    "MarkUnplayed": "Markeren als Niet Afgespeeld",
    "MaxParentalRatingHelp": "Media met een hogere classificatie wordt niet weergegeven",
    "MediaInfoAnamorphic": "Anamorf",
    "MediaInfoAspectRatio": "Beeld verhouding",
    "MediaInfoBitDepth": "Bitdiepte",
    "MediaInfoChannels": "Kanalen",
    "MediaInfoDefault": "Standaard",
    "MediaInfoExternal": "Extern",
    "MediaInfoForced": "Geforceerd",
    "MediaInfoLanguage": "Taal",
    "MediaInfoLayout": "Opmaak",
    "MediaInfoLevel": "Niveau",
    "MediaInfoPath": "Pad",
    "MediaInfoPixelFormat": "Pixel formaat",
    "MediaInfoProfile": "Profiel",
    "MediaInfoResolution": "Resolutie",
    "MediaInfoSampleRate": "Samplesnelheid",
    "MediaInfoSize": "Grootte",
    "MediaInfoTimestamp": "Tijdstempel",
    "MediaIsBeingConverted": "De media wordt geconverteerd naar een formaat dat compatible is met het apparaat dat wordt gebruikt om de media af te spelen.",
    "MessageAlreadyInstalled": "Deze versie is al geïnstalleerd",
    "MessageAreYouSureDeleteSubtitles": "Weet u zeker dat u dit ondertitelbestand wilt verwijderen?",
    "MessageAreYouSureYouWishToRemoveMediaFolder": "Weet u zeker dat u deze media map wilt verwijderen?",
    "MessageConfirmDeleteGuideProvider": "Weet u zeker dat u deze gidsprovider wilt verwijderen?",
    "MessageConfirmDeleteTunerDevice": "Weet u zeker dat u dit apparaat wilt verwijderen?",
    "MessageConfirmProfileDeletion": "Weet u zeker dat u dit profiel wilt verwijderen?",
    "MessageConfirmRecordingCancellation": "Opnemen annuleren?",
    "MessageConfirmRemoveMediaLocation": "Weet u zeker dat u deze locatie wilt verwijderen?",
    "MessageConfirmRestart": "Weet u zeker dat u Jellyfin Server wilt herstarten?",
    "MessageConfirmRevokeApiKey": "Weet u zeker dat u deze api key in wilt trekken? De verbinding met Jellyfin Server zal direct verbroken worden.",
    "MessageConfirmShutdown": "Weet u zeker dat u Jellyfin Server wilt afsluiten?",
    "MessageContactAdminToResetPassword": "Neem contact op met de server beheerder om uw wachtwoord te resetten.",
    "MessageCreateAccountAt": "Maak een account bij {0}",
    "MessageDeleteTaskTrigger": "Weet u zeker dat u deze taak trigger wilt verwijderen?",
    "MessageDirectoryPickerBSDInstruction": "Voor BSD kan het noodzakelijk zijn opslag op uw FreeNAS Jail te configureren voordat Jellyfin het kan benaderen.",
    "MessageDirectoryPickerInstruction": "Netwerk paden kunnen handmatig worden ingevoerd in het geval de Netwerk knop faalt om uw apparatuur te lokaliseren . Bijvoorbeeld: {0} of {1}.",
    "MessageDirectoryPickerLinuxInstruction": "Voor Linux op Arch Linux, CentOS, Debian, Fedora, OpenSuse, of Ubuntu, moet u de Jellyfin systeemgebruiker ten minste leestoegang tot uw opslaglocaties verlenen.",
    "MessageDownloadQueued": "Download in de wachtrij geplaatst.",
    "MessageEnablingOptionLongerScans": "Inschakelen van deze optie kan leiden tot langere doorlooptijd van bibliotheek scans.",
    "MessageFileReadError": "Er is een fout opgetreden bij het lezen van het bestand. Probeer het opnieuw.",
    "MessageForgotPasswordFileCreated": "Het volgende bestand met instructies hoe nu verder te gaan is gemaakt:",
    "MessageForgotPasswordInNetworkRequired": "Probeer de wachtwoord herstel procedure opnieuw vanuit uw thuisnetwerk.",
    "MessageInstallPluginFromApp": "Deze plugin moet geïnstalleerd worden vanuit de app waarin u het wilt gebruiken.",
    "MessageInvalidForgotPasswordPin": "Er is een ongeldige of verlopen pincode ingegeven. Probeer opnieuw.",
    "MessageInvalidUser": "Foutieve gebruikersnaam of wachtwoord. Probeer opnieuw.",
    "MessageItemSaved": "Item opgeslagen.",
    "MessageItemsAdded": "Items toegevoegd",
    "MessageLeaveEmptyToInherit": "Leeg laten om instellingen van bovenliggend item of de algemene waarde over te nemen.",
    "MessageNoAvailablePlugins": "Geen beschikbare Plugins.",
    "MessageNoMovieSuggestionsAvailable": "Er zijn momenteel geen film suggesties beschikbaar. Begin met het bekijken en waardeer uw films, kom daarna terug om uw aanbevelingen te bekijken.",
    "MessageNoPluginsInstalled": "U heeft geen Plugins geïnstalleerd.",
    "MessageNoTrailersFound": "Geen trailers gevonden. Installeer het Trailers kanaal en verbeter uw film ervaring door middel van een bibliotheek met internet trailers.",
    "MessageNothingHere": "Lijst is leeg.",
    "MessagePasswordResetForUsers": "Wachtwoorden van de volgende gebruikers zijn verwijderd. Gebruik een leeg wachtwoord om aan te melden.",
    "MessagePlayAccessRestricted": "Afspelen hiervan is op dit moment niet toegestaan. Neem contact op met uw Jellyfin Server beheerder voor meer informatie.",
    "MessagePleaseEnsureInternetMetadata": "Zorg ervoor dat het downloaden van internet-metadata is ingeschakeld.",
    "MessagePleaseWait": "Even geduld. Dit kan even duren.",
    "MessagePluginConfigurationRequiresLocalAccess": "Meld svp. op de lokale server aan om deze plugin te configureren.",
    "MessagePluginInstallDisclaimer": "Plugins ontwikkeld door leden van de Jellyfin gemeenschap zijn een geweldige manier om uw Jellyfin ervaring met extra functies en voordelen te verbeteren. Alvorens te installeren, dient u zich bewust te zijn van de gevolgen die zij kunnen hebben op uw Jellyfin Server, zoals langere bibliotheek scans, extra achtergrondinformatie verwerking, en een verminderde stabiliteit van het systeem.",
    "MessageReenableUser": "Zie hieronder hoe opnieuw in te schakelen",
    "MessageSettingsSaved": "Instellingen opgeslagen.",
    "MessageTheFollowingLocationWillBeRemovedFromLibrary": "De volgende media locaties worden verwijderd uit de Jellyfin bibliotheek:",
    "MessageUnableToConnectToServer": "Het is momenteel niet mogelijk met de geselecteerde server te verbinden. Controleer dat deze draait en probeer het opnieuw.",
    "MessageUnsetContentHelp": "Inhoud zal als gewone folders worden getoond. Gebruik voor het beste resultaat de Metadata Manager om de inhoud types voor subfolders in te stellen.",
    "MessageYouHaveVersionInstalled": "Op dit moment is versie {0} geïnstalleerd.",
    "MetadataSettingChangeHelp": "Veranderen van metadata instellingen zal nieuwe content die wordt toegevoegd beïnvloeden. Om de bestaande inhoud te vernieuwen, opent u het detail scherm en klik op de knop Vernieuwen, of doe een bulk vernieuwing met behulp van de metadata manager.",
    "MinutesAfter": "minuten na",
    "MinutesBefore": "minuten voor",
    "Mobile": "Mobiel / Tablet",
    "Monday": "Maandag",
    "MoreFromValue": "Meer van {0}",
    "MoreUsersCanBeAddedLater": "Meer gebruikers kunnen later via het dashboard worden toegevoegd.",
    "MoveLeft": "Naar links verplaatsen",
    "MoveRight": "Naar rechts verplaatsen",
    "MovieLibraryHelp": "Bekijk de {0} Jellyfin film naamgeving gids {1}.",
    "Movies": "Films",
    "Mute": "Dempen",
    "MySubtitles": "Mijn Ondertitels",
    "Name": "Naam",
    "Never": "Nooit",
    "NewCollection": "Nieuwe Collectie",
    "NewCollectionHelp": "Collecties maken het u mogelijk om gepersonaliseerde groeperingen van films en andere bibliotheek inhoud te maken.",
    "NewCollectionNameExample": "Voorbeeld: Star Wars Collectie",
    "NewEpisodes": "Nieuwe afleveringen",
    "NewEpisodesOnly": "Alleen nieuwe afleveringen",
    "News": "Nieuws",
    "Next": "Volgende",
    "NextUp": "Volgende",
    "No": "Nee",
    "NoNewDevicesFound": "Er zijn geen nieuwe apparaten gevonden. Sluit dit melding en voer handmatig de apparaat gegevens in om een nieuwe tuner toe te voegen.",
    "NoNextUpItemsMessage": "Niets gevonden. Start met kijken!",
    "NoPluginConfigurationMessage": "Deze plugin heeft geen instellingen te configureren.",
    "NoSubtitleSearchResultsFound": "Geen resultaten gevonden.",
    "NoSubtitles": "Geen ondertitels",
    "NoSubtitlesHelp": "Ondertitels worden niet standaard weergegeven. Deze kunnen tijdens het afspelen handmatig worden ingeschakeld.",
    "None": "Geen",
    "Normal": "Normaal",
    "Off": "Uit",
    "OneChannel": "Eén kanaal",
    "OnlyForcedSubtitles": "Alleen geforceerde ondertitels",
    "OnlyForcedSubtitlesHelp": "Alleen als geforceerd gemarkeerde ondertitels worden geladen.",
    "OnlyImageFormats": "Alleen image formaten (VOBSUP, PGS, SUB/IDX etc.)",
    "OptionAdminUsers": "Beheerders",
    "OptionAlbumArtist": "Albumartiest",
    "OptionAllUsers": "Alle gebruikers",
    "OptionAllowAudioPlaybackTranscoding": "Afspelen van geluid via transcoding toestaan",
    "OptionAllowBrowsingLiveTv": "Live TV toegang toestaan",
    "OptionAllowContentDownloading": "Media downloaden en synchroniseren toestaan",
    "OptionAllowLinkSharing": "Sta social media delen toe",
    "OptionAllowLinkSharingHelp": "Alleen webpagina's met media-informatie worden gedeeld. Media-bestanden worden nooit publiekelijk gedeeld. Gedeelde items zijn beperkt in tijd en verlopen na {0} dagen.",
    "OptionAllowManageLiveTv": "Live TV opname beheer toestaan",
    "OptionAllowMediaPlayback": "Media afspelen toestaan",
    "OptionAllowMediaPlaybackTranscodingHelp": "Toegang tot transcodering beperken kan afspeelfouten in Jellyfin  apps door niet ondersteunde madiaformaten veroorzaken.",
    "OptionAllowRemoteControlOthers": "Op afstand besturen van andere gebruikers toestaan",
    "OptionAllowRemoteSharedDevices": "Op afstand besturen van gedeelde apparaten toestaan",
    "OptionAllowRemoteSharedDevicesHelp": "Dlna apparaten worden als gedeeld apparaat gezien totdat een gebruiker deze gaat gebruiken.",
    "OptionAllowSyncTranscoding": "Het downloaden en synchroniseren van media via transcoding toestaan",
    "OptionAllowUserToManageServer": "Deze gebruiker kan de server beheren",
    "OptionAllowVideoPlaybackRemuxing": "Sta afspelen toe van video die conversie vereist zonder re-encoding",
    "OptionAllowVideoPlaybackTranscoding": "Afspelen van video via transcoding toestaan",
    "OptionArtist": "Artiest",
    "OptionAscending": "Oplopend",
    "OptionAutomatic": "Automatisch",
    "OptionAutomaticallyGroupSeries": "Automatisch samenvoegen serie die zijn verspreid over meerdere mappen",
    "OptionAutomaticallyGroupSeriesHelp": "Indien ingeschakeld, zal serie die zijn verspreid over meerdere mappen binnen deze bibliotheek automatisch samengevoegd tot één serie.",
    "OptionBlockBooks": "Boeken",
    "OptionBlockChannelContent": "Internet kanaal Inhoud",
    "OptionBlockLiveTvChannels": "Live TV Kanalen",
    "OptionBlockMovies": "Films",
    "OptionBlockMusic": "Muziek",
    "OptionBlockTvShows": "TV Series",
    "OptionBluray": "Blu-ray",
    "OptionCommunityRating": "Gemeenschaps Waardering",
    "OptionContinuing": "Wordt vervolgd...",
    "OptionCriticRating": "Kritieken",
    "OptionCustomUsers": "Aangepast",
    "OptionDaily": "Dagelijks",
    "OptionDateAdded": "Datum toegevoegd",
    "OptionDateAddedFileTime": "Gebruik aanmaak datum bestand",
    "OptionDateAddedImportTime": "Gebruik scan datum",
    "OptionDatePlayed": "Datum afgespeeld",
    "OptionDescending": "Aflopend",
    "OptionDisableUser": "Dit account uitschakelen",
    "OptionDisableUserHelp": "Indien uitgeschakeld zal de server geen verbindingen van deze gebruiker toestaan. Bestaande verbindingen zullen abrupt worden beëindigd.",
    "OptionDislikes": "Niet leuk",
    "OptionDisplayFolderView": "Toon een mappenweergave als u gewoon Mediamappen wilt weergeven",
    "OptionDisplayFolderViewHelp": "Indien ingeschakeld, zullen Jellyfin apps een Folders categorie naast uw mediabibliotheek weergeven. Dit is handig als u gewone mappenweergave wilt hebben.",
    "OptionDownloadBackImage": "Terug",
    "OptionDownloadDiscImage": "Schijf",
    "OptionDownloadImagesInAdvance": "Download afbeeldingen van tevoren",
    "OptionDownloadImagesInAdvanceHelp": "Standaard worden de meeste afbeeldingen gedownload wanneer ze opgevraagd worden door een Jellyfin app. Activeer deze optie om alle afbeeldingen op voorhand te downloaden bij het importeren van nieuwe media. Dit kan aanzienlijk langere bibliotheekscans veroorzaken.",
    "OptionDownloadPrimaryImage": "Primair",
    "OptionDownloadThumbImage": "Miniatuur",
    "OptionEmbedSubtitles": "Insluiten in container",
    "OptionEnableAccessFromAllDevices": "Toegang vanaf alle apparaten toestaan",
    "OptionEnableAccessToAllChannels": "Toegang tot alle kanalen inschakelen",
    "OptionEnableAccessToAllLibraries": "Toegang tot alle bibliotheken inschakelen",
    "OptionEnableAutomaticServerUpdates": "Schakel automatische server updates in",
    "OptionEnableExternalContentInSuggestions": "Inschakelen externe inhoud in suggesties",
    "OptionEnableExternalContentInSuggestionsHelp": "Laat internet trailers en live-tv-programma's op te nemen binnen de voorgestelde inhoud.",
    "OptionEnableForAllTuners": "Inschakelen voor alle tuners",
    "OptionEnableM2tsMode": "M2ts-modus inschakelen",
    "OptionEnableM2tsModeHelp": "m2ts-modus bij het encoderen naar mpegts inschakelen",
    "OptionEnded": "Gestopt",
    "OptionEquals": "Is gelijk aan",
    "OptionEstimateContentLength": "Lengte schatten van de inhoud bij het transcoderen",
    "OptionEveryday": "Elke dag",
    "OptionExternallyDownloaded": "Externe download",
    "OptionExtractChapterImage": "Inschakelen uitpakken van hoofdstuk afbeeldingen",
    "OptionFavorite": "Favorieten",
    "OptionFriday": "Vrijdag",
    "OptionHasSpecialFeatures": "Extra's",
    "OptionHasSubtitles": "Ondertiteling",
    "OptionHasThemeSong": "Herkenningsmelodie",
    "OptionHasThemeVideo": "Thema Video",
    "OptionHideUser": "Verberg deze gebruiker op de aanmeldschermen",
    "OptionHideUserFromLoginHelp": "Handig voor pivé of verborgen beheer accounts. De gebruiker zal handmatig m.b.v. gebruikersnaam en wachtwoord aan moeten melden.",
    "OptionHlsSegmentedSubtitles": "Hls gesegmenteerde ondertiteling",
    "OptionHomeVideos": "Home Video's & foto's",
    "OptionIgnoreTranscodeByteRangeRequests": "Transcodeer byte range-aanvragen negeren",
    "OptionIgnoreTranscodeByteRangeRequestsHelp": "Indien ingeschakeld, zullen deze verzoeken worden gehonoreerd, maar zal de byte bereik header worden genegeerd.",
    "OptionImdbRating": "IMDb Waardering",
    "OptionLikes": "Leuk",
    "OptionMissingEpisode": "Ontbrekende Afleveringen",
    "OptionMonday": "Maandag",
    "OptionNameSort": "Naam",
    "OptionNew": "Nieuw ...",
    "OptionNone": "Geen",
    "OptionOnAppStartup": "Op applicatie start",
    "OptionOnInterval": "Op interval",
    "OptionParentalRating": "Kijkwijzer classificatie",
    "OptionPlainStorageFolders": "Alle mappen weergeven als gewone opslagmappen",
    "OptionPlainStorageFoldersHelp": "Indien ingeschakeld worden alle mappen in DIDL weergegeven als 'object.container.storageFolder' in plaats van een meer specifiek type, zoals 'object.container.person.musicArtist'.",
    "OptionPlainVideoItems": "Alle video's weergeven als gewone video items",
    "OptionPlainVideoItemsHelp": "Indien ingeschakeld worden alle video's in DIDL weergegeven als 'object.item.videoItem' in plaats van een meer specifiek type, zoals 'object.item.videoItem.movie'.",
    "OptionPlayCount": "Afspeel telling",
    "OptionPlayed": "Afgespeeld",
    "OptionPremiereDate": "Première Datum",
    "OptionProfileAudio": "Geluid",
    "OptionProfilePhoto": "Foto",
    "OptionProfileVideoAudio": "Video geluid",
    "OptionReleaseDate": "Uitgave datum",
    "OptionReportByteRangeSeekingWhenTranscoding": "Rapporteer dat de server byte zoeken tijdens transcoderen ondersteunt",
    "OptionReportByteRangeSeekingWhenTranscodingHelp": "Dit is vereist voor bepaalde apparaten die zo goed op tijd zoeken.",
    "OptionRequirePerfectSubtitleMatch": "Alleen ondertitels downloaden die een perfecte match geven voor mijn video bestanden",
    "OptionRequirePerfectSubtitleMatchHelp": "Een perfecte match vereisen zal de ondertitels filteren om alleen ondertitels te downloaden die getest en geverifieerd zijn met je exacte videobestand. Dit uitvinken zal de kans om ondertitels te vinden vergroten, maar ook de kans op een niet gesynchroniseerd of foute ondertitel vergroten.",
    "OptionResumable": "Hervatbaar",
    "OptionRuntime": "Speelduur",
    "OptionSaturday": "Zaterdag",
    "OptionSaveMetadataAsHidden": "Metagegevens en afbeeldingen opslaan als verborgen bestanden",
    "OptionSaveMetadataAsHiddenHelp": "Het veranderen van dit zal gelden voor nieuwe metadata die wordt opgeslagen. Bestaande metadata bestanden zullen de volgende keer dat ze worden opgeslagen door Jellyfin Server worden bijgewerkt.",
    "OptionSubstring": "Subtekenreeks",
    "OptionSunday": "Zondag",
    "OptionThursday": "Donderdag",
    "OptionTrackName": "Naam van Nummer",
    "OptionTuesday": "Dinsdag",
    "OptionTvdbRating": "Tvdb Waardering",
    "OptionUnairedEpisode": "Toekomstige Afleveringen",
    "OptionUnplayed": "Niet afgespeeld",
    "OptionWakeFromSleep": "Uit slaapstand halen",
    "OptionWednesday": "Woensdag",
    "OptionWeekdays": "Week dagen",
    "OptionWeekends": "Weekend",
    "OptionWeekly": "Wekelijks",
    "OriginalAirDateValue": "Originele uitzenddatum: {0}",
    "Overview": "Overzicht",
    "PackageInstallCancelled": "{0} installatie geannuleerd.",
    "PackageInstallCompleted": "{0} installatie voltooid.",
    "PackageInstallFailed": "{0} installatie is mislukt.",
    "ParentalRating": "Kijkwijzer classificatie",
    "PasswordMatchError": "Wachtwoord en wachtwoord bevestiging moeten hetzelfde zijn.",
    "PasswordResetComplete": "Het wachtwoord is opnieuw ingesteld.",
    "PasswordResetConfirmation": "Weet u zeker dat u het wachtwoord opnieuw in wilt stellen?",
    "PasswordResetHeader": "Reset Wachtwoord",
    "PasswordSaved": "Wachtwoord opgeslagen.",
    "People": "Personen",
    "PerfectMatch": "Perfecte match",
    "Photos": "Foto's",
    "PictureInPicture": "Beeld in beeld",
    "PinCodeResetComplete": "De pincode is gereset.",
    "PinCodeResetConfirmation": "Weet u zeker dat u de pincode wilt resetten?",
    "PlaceFavoriteChannelsAtBeginning": "Plaats favoriete kanalen aan het begin",
    "Play": "Afspelen",
    "PlayAllFromHere": "Speel allemaal vanaf hier",
    "PlayCount": "Aantal keer afsgespeeld",
    "PlayFromBeginning": "Afspelen vanaf begin",
    "PlayNext": "Volgende afspelen",
    "PlayNextEpisodeAutomatically": "Speel volgende aflevering automatisch",
    "Played": "Afgespeeld",
    "Playlists": "Afspeellijsten",
    "PleaseAddAtLeastOneFolder": "Voeg tenminste 1 map aan deze bibliotheek toe door op de Toevoegen knop te klikken.",
    "PleaseConfirmPluginInstallation": "Klik op OK om te bevestigen dat u bovenstaande heeft gelezen en door wenst te gaan met het installeren van de plugin.",
    "PleaseEnterNameOrId": "Voer een naam of een externe Id in",
    "PleaseRestartServerName": "Herstart Jellyfin Server - {0} aub.",
    "PleaseSelectTwoItems": "Selecteer ten minste twee items.",
    "PluginInstalledMessage": "Het installeren van de plugin is gelukt. Jellyfin Server zal heropgestart moeten worden om de wijzigingen door te voeren.",
    "PreferEmbeddedTitlesOverFileNames": "Prefereer ingesloten titels boven bestandsnamen",
    "PreferEmbeddedTitlesOverFileNamesHelp": "Dit bepaalt de standaard weergavetitel wanneer er geen internet metagegevens of lokale metadata beschikbaar is.",
    "PreferredNotRequired": "Gewenst, maar niet verplicht",
    "Premieres": "Premières",
    "Previous": "Vorige",
    "Primary": "Primair",
    "Producer": "Producent",
    "ProductionLocations": "Productie Locaties",
    "Programs": "Programma's",
    "Quality": "Kwaliteit",
    "QueueAllFromHere": "Plaats in de wachtrij vanaf hier",
    "Raised": "Verhoogd",
    "Rate": "Waardeer",
    "RecentlyWatched": "Onlangs bekeken",
    "RecommendationBecauseYouLike": "Omdat u {0} leuk vond.",
    "RecommendationBecauseYouWatched": "Omdat u keek naar {0}",
    "RecommendationDirectedBy": "Geregisseerd door {0}",
    "RecommendationStarring": "In de hoofdrollen {0}",
    "Record": "Opnemen",
    "RecordSeries": "Series Opnemen",
    "RecordingCancelled": "Opname geannuleerd.",
    "RecordingPathChangeMessage": "Bij het wijzigen van uw opnamemap zullen bestaande opnamen niet migreren van de oude locatie naar de nieuwe. U moet deze desgewenst handmatig verplaatsen.",
    "RecordingScheduled": "Opname schema",
    "Recordings": "Opnames",
    "Refresh": "Vernieuwen",
    "RefreshDialogHelp": "Metadata wordt vernieuwd op basis van de instellingen en internet diensten die zijn ingeschakeld in het dashboard van de Jellyfin Server.",
    "RefreshMetadata": "Metadata vernieuwen",
    "RefreshQueued": "Vernieuwen wachtrij",
    "ReleaseDate": "Uitgave datum",
    "RememberMe": "Onthoud mij",
    "RemoveFromCollection": "Verwijder uit collectie",
    "RemoveFromPlaylist": "Verwijderen uit afspeellijst",
    "Repeat": "Herhaling",
    "RepeatAll": "Alle herhalen",
    "RepeatEpisodes": "Herhaal afleveringen",
    "RepeatMode": "Herhaal mode",
    "RepeatOne": "Eén herhalen",
    "ReplaceAllMetadata": "Alle metadata vervangen",
    "ReplaceExistingImages": "Bestaande afbeeldingen vervangen",
    "RequiredForAllRemoteConnections": "Vereist voor alle externe verbindingen",
    "RestartPleaseWaitMessage": "Wacht totdat Jellyfin Server is afgesloten en opnieuw is gestart. Dit kan een paar minuten duren.",
    "ResumeAt": "Hervatten vanaf {0}",
    "Rewind": "Terugspoelen",
    "RunAtStartup": "Uitvoeren bij opstarten",
    "Runtime": "Speelduur",
    "Saturday": "Zaterdag",
    "Save": "Opslaan",
    "SaveSubtitlesIntoMediaFolders": "Ondertitels opslaan in media mappen",
    "SaveSubtitlesIntoMediaFoldersHelp": "Het opslaan van ondertitels in dezelfde map als de video's zorgt ervoor dat deze beter te beheren zijn.",
    "ScanForNewAndUpdatedFiles": "Scan op nieuwe en bijgewerkte bestanden",
    "ScanLibrary": "Scan bibliotheek",
    "Schedule": "Schema",
    "Screenshot": "Schermafdruk",
    "Search": "Zoeken",
    "SearchForCollectionInternetMetadata": "Zoeken op het internet voor afbeeldingen en metadata",
    "SearchForMissingMetadata": "Zoeken naar missende metadata",
    "SearchForSubtitles": "Zoeken naar ondertitels",
    "SearchResults": "Zoekresultaten",
    "SendMessage": "Bericht versturen",
    "SeriesCancelled": "Serie geannuleerd.",
    "SeriesDisplayOrderHelp": "Afleveringen sorteren op uitzenddatum, DVD-volgorde, of absolute nummering.",
    "SeriesRecordingScheduled": "Serieopname gepland.",
    "SeriesSettings": "Series instellingen",
    "SeriesYearToPresent": "{0} - Heden",
    "ServerNameIsRestarting": "Jellyfin Server - {0} is opnieuw aan het opstarten.",
    "ServerNameIsShuttingDown": "Jellyfin Server - {0} is aan het afsluiten.",
    "ServerRestartNeededAfterPluginInstall": "Jellyfin server zal heropgestart moeten worden na het installeren van een plugin.",
    "ServerUpdateNeeded": "Deze Jellyfin Server moet worden bijgewerkt. Om de laatste versie te downloaden, gaat u naar {0}",
    "Settings": "Instellingen",
    "SettingsSaved": "Instellingen opgeslagen.",
    "SettingsWarning": "Het veranderen van deze waarden kunnen instabiliteit of connectiviteit storingen veroorzaken. Als u problemen ondervindt, raden wij aan de veranderingen terug te zetten naar standaard.",
    "Share": "Delen",
    "ShowAdvancedSettings": "Geavanceerde instellingen weergeven",
    "ShowIndicatorsFor": "Toon indicatoren voor:",
    "ShowTitle": "Toon titel",
    "ShowYear": "Toon jaar",
    "Shows": "Series",
    "Shuffle": "Willekeurig",
    "SimultaneousConnectionLimitHelp": "Het maximum aantal toegestane gelijktijdige streams. Geef 0 in voor geen limiet.",
    "SkipEpisodesAlreadyInMyLibrary": "Neem geen afleveringen op die al in mijn bibliotheek aanwezig zijn",
    "SkipEpisodesAlreadyInMyLibraryHelp": "Afleveringen zullen worden vergeleken met behulp van seizoen en aflevering nummers, indien beschikbaar.",
    "Small": "Klein",
    "SmallCaps": "Klein kapitaal",
    "Smaller": "Kleiner",
    "Smart": "Slim",
    "SmartSubtitlesHelp": "Ondertitels worden weergegeven in de voorkeurstaal als de audio in een andere taal zijn.",
    "Songs": "Nummers",
    "Sort": "Sorteren",
    "SortByValue": "Sorteren op {0}",
    "SortChannelsBy": "Sorteer kanalen op:",
    "SortName": "Sorteerbaar",
    "Sports": "Sport",
    "StopRecording": "Stop opname",
    "Studios": "Studio's",
    "SubtitleAppearanceSettingsAlsoPassedToCastDevices": "Deze instellingen hebben ook effect op afspelen naar een Chromecast wanneer deze vanaf dit apparaat worden gestart.",
    "SubtitleAppearanceSettingsDisclaimer": "Deze instellingen hebben geen invloed op grafische ondertitels (PGS, DVD etc.) en ondertitels die hun eigen stijl ingebouwd hebben (ASS/SSA).",
    "SubtitleDownloadersHelp": "Schakel de gewenste ondertiteldownloaders in en rangschik ze in volgorde van prioritieit.",
    "Subtitles": "Ondertiteling",
    "Suggestions": "Suggesties",
    "Sunday": "Zondag",
    "Sync": "Synchronisatie",
    "SystemDlnaProfilesHelp": "Systeem profielen zijn alleen-lezen. Om een systeem profiel te overschrijven, maakt u een aangepast profiel gericht op hetzelfde apparaat.",
    "TabAccess": "Toegang",
    "TabAdvanced": "Geavanceerd",
    "TabAlbumArtists": "Albumartiesten",
    "TabArtists": "Artiesten",
    "TabCatalog": "Catalogus",
    "TabChannels": "Kanalen",
    "TabCollections": "Collecties",
    "TabDevices": "Apparaten",
    "TabDirectPlay": "Direct Afspelen",
    "TabDisplay": "Weergave",
    "TabEpisodes": "Afleveringen",
    "TabFavorites": "Favorieten",
    "TabGuide": "Gids",
    "TabLatest": "Nieuw",
    "TabLogs": "Logboeken",
    "TabMetadata": "Metagegevens",
    "TabMovies": "Films",
    "TabMusic": "Muziek",
    "TabMusicVideos": "Muziek Videos",
    "TabMyPlugins": "Mijn Plugins",
    "TabNetworks": "TV-Studio's",
    "TabNfoSettings": "Nfo Instellingen",
    "TabNotifications": "Meldingen",
    "TabOther": "Overig",
    "TabParentalControl": "Ouderlijk toezicht",
    "TabPassword": "Wachtwoord",
    "TabPlayback": "Afspelen",
    "TabPlaylist": "Afspeellijst",
    "TabPlaylists": "Afspeellijst",
    "TabProfile": "Profiel",
    "TabProfiles": "Profielen",
    "TabRecordings": "Opnamen",
    "TabResponses": "Reacties",
    "TabResumeSettings": "Instellingen voor hervatten",
    "TabScheduledTasks": "Geplande taken",
    "TabSeries": "Serie",
    "TabSettings": "Instellingen",
    "TabShows": "Series",
    "TabSongs": "Titels",
    "TabSuggestions": "Suggesties",
    "TabTranscoding": "Transcoderen",
    "TabUpcoming": "Binnenkort op TV",
    "TabUsers": "Gebruikers",
    "Tags": "Labels",
    "TagsValue": "Labels: {0}",
    "TellUsAboutYourself": "Vertel ons over uzelf",
    "ThemeSongs": "Themamuziek",
    "ThemeVideos": "Themavideo's",
    "TheseSettingsAffectSubtitlesOnThisDevice": "Deze instellingen betreffen ondertitels op dit apparaat",
    "ThisWizardWillGuideYou": "Deze wizard helpt u door het setup-proces. Om te beginnen selecteert u eerst de gewenste taal.",
    "Thumb": "Miniatuur",
    "Thursday": "Donderdag",
    "TitleHardwareAcceleration": "Hardware versnelling",
    "TitleHostingSettings": "Hosting Instellingen",
    "TitlePlayback": "Afspelen",
    "TrackCount": "{0} nummers",
    "Transcoding": "Transcoderen",
    "Tuesday": "Dinsdag",
    "TvLibraryHelp": "Bekijk de {0} Jellyfin TV naamgeving gids {1}.",
    "UninstallPluginConfirmation": "Weet u zeker dat u {0} wilt deïnstalleren?",
    "UninstallPluginHeader": "Plug-in deïnstalleren",
    "Unmute": "Dempen opheffen",
    "Unplayed": "Niet afgespeeld",
    "Unrated": "Geen rating",
    "Up": "Omhoog",
    "Upload": "Uploaden",
    "UserAgentHelp": "Indien nodig een aangepaste user-agent HTTP-header opgeven",
    "UserProfilesIntro": "Jellyfin heeft ingebouwde ondersteuning voor gebruikersprofielen, die het mogelijk maakt om elke gebruiker eigen scherminstellingen, afspeelinstellingen en ouderlijk toezicht te geven.",
    "ValueAudioCodec": "Geluidscodec: {0}",
    "ValueConditions": "Voorwaarden: {0}",
    "ValueEpisodeCount": "{0} afleveringen",
    "ValueMovieCount": "{0} films",
    "ValueMusicVideoCount": "{0} muziek video's",
    "ValueOneEpisode": "1 aflevering",
    "ValueOneMovie": "1 film",
    "ValueOneMusicVideo": "1 muziek video",
    "ValueOneSeries": "1 serie",
    "ValueOneSong": "1 titel",
    "ValueSeconds": "{0} seconden",
    "ValueSongCount": "{0} titels",
    "ValueSpecialEpisodeName": "Speciaal - {0}",
    "ValueTimeLimitMultiHour": "Tijdslimiet: {0} uren",
    "ValueTimeLimitSingleHour": "Tijdslimiet: 1 uur",
    "Vertical": "Verticaal",
    "VideoRange": "Videobereik",
    "ViewAlbum": "Bekijk album",
    "ViewArtist": "Bekijk artiest",
    "ViewPlaybackInfo": "Bekijk afspelen info",
    "Watched": "Bekeken",
    "Wednesday": "Woensdag",
    "WelcomeToProject": "Welkom bij Jellyfin!",
    "WizardCompleted": "Dat is alles wat we nu nodig hebben. Jellyfin is begonnen met het verzamelen van informatie over uw media bibliotheek. Probeer sommige van onze apps en klik dan <b>Finish</b> om het <b>Server Dashboard</b> te bekijken.",
    "Writer": "Schrijver",
    "XmlDocumentAttributeListHelp": "Deze kenmerken worden toegepast op het hoofd-element van elk XML-antwoord.",
    "XmlTvKidsCategoriesHelp": "Programma's met deze categorieën wordt weergegeven als programma's voor kinderen. Scheid meerdere met '|'.",
    "XmlTvMovieCategoriesHelp": "Programma's met deze categorieën wordt weergegeven als films. Scheid meerdere met '|'.",
    "XmlTvNewsCategoriesHelp": "Programma's met deze categorieën wordt weergegeven als nieuwsprogramma's. Scheid meerdere met '|'.",
    "XmlTvPathHelp": "Een pad naar een XML-tv-bestand. Jellyfin zal dit bestand regelmatig lezen en controleren voor updates. U bent verantwoordelijk voor het maken en bijwerken van het bestand.",
    "XmlTvSportsCategoriesHelp": "Programma's met deze categorieën wordt weergegeven als sportprogramma's. Scheid meerdere met '|'.",
    "Yes": "Ja",
    "Yesterday": "Gisteren",
    "Albums": "Albums",
    "Banner": "Banner",
    "Blacklist": "Zwarte lijst",
    "Box": "Hoes",
    "ButtonFilter": "Filter",
    "ButtonInfo": "Info",
    "ButtonOk": "Ok",
    "ButtonStart": "Start",
    "ButtonStop": "Stop",
    "ButtonTrailer": "Trailer",
    "ButtonUninstall": "Deïnstalleren",
    "ButtonWebsite": "Website",
    "Desktop": "Bureaublad",
    "DownloadsValue": "{0} downloads",
    "Filters": "Filters",
    "GenreValue": "Genre: {0}",
    "Genres": "Genres",
    "GenresValue": "Genres: {0}",
    "HeaderAlbums": "Albums",
    "HeaderCastAndCrew": "Cast & Crew",
    "HeaderCastCrew": "Cast & Crew",
    "Art": "Afbeeldingen",
    "HeaderLiveTV": "Live TV",
    "HeaderDetails": "Details",
    "HeaderExport": "Exporteer",
    "HeaderFilters": "Filters",
    "HeaderGenres": "Genres",
    "HeaderHttpHeaders": "Http Headers",
    "HeaderImageLogo": "Logo",
    "HeaderMenu": "Menu",
    "HeaderOffline": "Offline",
    "HeaderOfflineDownloads": "Offline Media",
    "HeaderResetTuner": "Ontvanger resetten",
    "HeaderReviews": "Beoordelingen",
    "HeaderStatus": "Status",
    "HeaderSync": "Synchronisatie",
    "HeaderTV": "TV",
    "HeaderTopPlugins": "Top Plugins",
    "AuthProviderHelp": "Selecteer een Authentication Provider om de gebruiker's wachtwoord te verifiëren ",
    "HeaderFavoriteMovies": "Favoriete Films",
    "HeaderFavoriteShows": "Favoriete shows",
    "HeaderFavoriteEpisodes": "Favoriete afleveringen",
    "HeaderFavoriteAlbums": "Favoriete albums",
    "HeaderFavoriteArtists": "Favoriete artiesten",
    "HeaderFavoriteSongs": "Favoriete nummers",
    "HeaderFavoriteVideos": "Favoriete Films",
    "HeaderInstantMix": "Instant Mix",
    "HeaderItems": "Items",
    "HeaderJellyfinServer": "Jellyfin Server",
    "HeaderLiveTv": "Live TV",
    "HeaderMedia": "Media",
    "HeaderRestartingServer": "Server wordt herstart",
    "HeaderTracks": "Nummers",
    "HeaderTuners": "Tuners",
    "InstantMix": "Instant mix",
    "ItemCount": "{0} items",
    "Items": "Items",
    "LabelAlbum": "Album:",
    "LabelAudio": "Audio:",
    "LabelAuthProvider": "Authenticatie Aanbieder:",
    "LabelCache": "Cache:",
    "LabelDidlMode": "DIDL mode:",
    "LabelDynamicExternalId": "{0} Id:",
    "LabelH264Crf": "H264 codering CRF:",
    "LabelMetadata": "Metagegevens:",
    "LabelModelUrl": "Model url",
    "LabelPasswordResetProvider": "Wachtwoord Reset Aanbieder:",
    "LabelProfileCodecs": "Codecs:",
    "LabelProfileContainer": "Container:",
    "LabelProfileVideoCodecs": "Video codecs:",
    "LabelProtocolInfo": "Protocol info:",
    "LabelServerName": "Server naam:",
    "LabelSkin": "Skin:"
}
