{
    "Actor": "Ator",
    "Add": "Adicionar",
    "AddToPlaylist": "Adicionar à lista de reprodução",
    "AdditionalNotificationServices": "Explore o catálogo de extensões para instalar serviços adicionais de notificação.",
    "All": "Todos",
    "AttributeNew": "Novo",
    "Audio": "Áudio",
    "Backdrops": "Imagens de Fundo",
    "BrowsePluginCatalogMessage": "Procure extensões disponíveis no nosso catálogo.",
    "ButtonAdd": "Adicionar",
    "ButtonAddMediaLibrary": "Adicionar Biblioteca de Multimédia",
    "ButtonAddScheduledTaskTrigger": "Adicionar tarefa agendada",
    "ButtonAddServer": "Adicionar Servidor",
    "ButtonAddUser": "Adicionar Utilizador",
    "ButtonArrowDown": "Baixo",
    "ButtonArrowLeft": "Esquerda",
    "ButtonArrowRight": "Direita",
    "ButtonArrowUp": "Cima",
    "ButtonBack": "Voltar",
    "ButtonCancel": "Cancelar",
    "ButtonChangeServer": "Alterar Servidor",
    "ButtonConnect": "Ligar",
    "ButtonDelete": "Remover",
    "ButtonDeleteImage": "Apagar imagem",
    "ButtonEdit": "Editar",
    "ButtonEditOtherUserPreferences": "Editar este perfil de utilizador, imagem e preferências pessoais.",
    "ButtonFilter": "Filtro",
    "ButtonForgotPassword": "Esqueci-me da palavra-passe",
    "ButtonFullscreen": "Ecrã inteiro",
    "ButtonHelp": "Ajuda",
    "ButtonHome": "Início",
    "ButtonInfo": "Informação",
    "ButtonLearnMore": "Saiba mais",
    "ButtonManualLogin": "Início de Sessão Manual",
    "ButtonMore": "Mais",
    "ButtonNetwork": "Rede",
    "ButtonNew": "Novo",
    "ButtonNextTrack": "Faixa seguinte",
    "ButtonOpen": "Abrir",
    "ButtonPause": "Pausar",
    "ButtonPlay": "Reproduzir",
    "ButtonPreviousTrack": "Faixa anterior",
    "ButtonProfile": "Perfil",
    "ButtonQuickStartGuide": "Guia de Início Rápido",
    "ButtonRefresh": "Atualizar",
    "ButtonRefreshGuideData": "Atualizar Programação de TV",
    "ButtonRemove": "Remover",
    "ButtonRepeat": "Repetir",
    "ButtonResetEasyPassword": "Redefinir código PIN",
    "ButtonResetPassword": "Redefinir palavra-passe",
    "ButtonRestart": "Reiniciar",
    "ButtonResume": "Retomar",
    "ButtonRevoke": "Revogar",
    "ButtonSave": "Guardar",
    "ButtonScanAllLibraries": "Analisar todas as Bibliotecas",
    "ButtonSearch": "Procurar",
    "ButtonSelectDirectory": "Selecione a Pasta",
    "ButtonSelectView": "Selecionar visualização",
    "ButtonSend": "Enviar",
    "ButtonSettings": "Configurações",
    "ButtonShuffle": "Aleatório",
    "ButtonShutdown": "Encerrar",
    "ButtonSignIn": "Iniciar Sessão",
    "ButtonSignOut": "Sair",
    "ButtonSort": "Organizar",
    "ButtonStart": "Iniciar",
    "ButtonStop": "Parar",
    "ButtonSubmit": "Enviar",
    "ButtonSubtitles": "Legendas",
    "ButtonUninstall": "Desinstalar",
    "ButtonViewWebsite": "Ver website",
    "ChannelAccessHelp": "Selecione os canais para partilhar com este utilizador. Os administradores poderão editar todos os canais utilizando o gestor de metadados.",
    "CinemaModeConfigurationHelp": "O modo cinema traz a experiência do cinema para a sua sala, possibilitando reproduzir trailers e introduções personalizadas antes da longa-metragem.",
    "Composer": "Compositor",
    "ConfirmDeleteItem": "Apagar este item irá removê-lo da biblioteca e do sistema de ficheiros. Tem a certeza de que deseja continuar?",
    "ConfirmDeleteItems": "Apagar estes itens irá removê-los da biblioteca e do sistema de ficheiros. Tem a certeza de que deseja continuar?",
    "ConfirmDeletion": "Confirmar Exclusão",
    "Connect": "Ligar",
    "Continuing": "A Continuar",
    "CustomDlnaProfilesHelp": "Crie um perfil personalizado para um novo dispositivo ou para sobrepor um perfil de sistema.",
    "Delete": "Remover",
    "DeleteDeviceConfirmation": "Tem a certeza de que deseja apagar este dispositivo? Irá reaparecer da próxima vez que o utilizador inicie sessão a partir dele.",
    "DeleteImage": "Apagar Imagem",
    "DeleteImageConfirmation": "Tem a certeza de que deseja apagar a imagem?",
    "DeleteMedia": "Remover multimédia",
    "DeleteUser": "Apagar Utilizador",
    "DeleteUserConfirmation": "Tem a certeza de que deseja apagar este utilizador?",
    "DeviceAccessHelp": "Apenas se aplica a dispositivos que podem ser identificados como únicos e que não impedem o acesso ao navegador. Filtrar o acesso a dispositivos do utilizador, impede-o de utilizar novos dispositivos, até estes serem aprovados aqui.",
    "Director": "Realizador",
    "EasyPasswordHelp": "O código PIN é utilizado para acesso off-line em clientes suportados e pode ser usado para um acesso fácil dentro da rede.",
    "Edit": "Editar",
    "EnableCinemaMode": "Ativar modo cinema",
    "Ended": "Terminado",
    "ErrorAddingMediaPathToVirtualFolder": "Ocorreu um erro ao adicionar a localização dos seus ficheiros. Por favor, assegure-se que o local é valido e que o processo do Jellyfin Server tenha acesso a essa localização.",
    "ErrorGettingTvLineups": "Ocorreu um erro ao transferir a programação de TV. Por favor, certifique-se que a sua informação está correta e tente novamente.",
    "ErrorPleaseSelectLineup": "Por favor selecione a programação e tente novamente. Se não houver programações disponíveis, verifique se o seu nome de utilizador, senha e código postal estão corretos.",
    "ExitFullscreen": "Sair do ecrã inteiro",
    "FastForward": "Avanço rápido",
    "FileNotFound": "Ficheiro não encontrado.",
    "FileReadCancelled": "A leitura do ficheiro foi cancelada.",
    "FileReadError": "Ocorreu um erro ao ler o ficheiro.",
    "FolderTypeBooks": "Livros",
    "FolderTypeMovies": "Filmes",
    "FolderTypeMusic": "Música",
    "FolderTypeMusicVideos": "Videoclips",
    "FolderTypeTvShows": "Programas TV",
    "Friday": "Sexta",
    "Fullscreen": "Ecrã inteiro",
    "GuideProviderSelectListings": "Selecionar Listas",
    "HeaderAccessSchedule": "Restrição Horária de Acesso",
    "HeaderAccessScheduleHelp": "Crie uma restrição horária de acesso para limitar o acesso ao Jellyfin a determinadas horas.",
    "HeaderActiveDevices": "Dispositivos Ativos",
    "HeaderActiveRecordings": "Gravações Ativas",
    "HeaderActivity": "Atividade",
    "HeaderAddScheduledTaskTrigger": "Adicionar Tarefa Agendada",
    "HeaderAddToCollection": "Adicionar à Coleção",
    "HeaderAddUpdateImage": "Adicionar/Atualizar Imagem",
    "HeaderAddUser": "Adicionar Utilizador",
    "HeaderAdditionalParts": "Partes Adicionais",
    "HeaderApiKey": "Chave da API",
    "HeaderApiKeys": "Chaves da API",
    "HeaderApiKeysHelp": "As aplicações externas necessitam de uma chave da API para comunicar com o Jellyfin Server. As chaves são emitidas ao entrar com uma conta Jellyfin ou concedendo manualmente a chave à aplicação.",
    "HeaderApp": "Aplicação",
    "HeaderAudioSettings": "Configurações de Áudio",
    "HeaderAutomaticUpdates": "Atualizações automáticas",
    "HeaderBlockItemsWithNoRating": "Bloquear conteúdo sem informação de classificação etária ou com informação desconhecida:",
    "HeaderBranding": "Marca",
    "HeaderCastCrew": "Elenco e Equipa",
    "HeaderChannelAccess": "Acesso ao Canal",
    "HeaderChannels": "Canais",
    "HeaderCodecProfile": "Perfil do Codec",
    "HeaderCodecProfileHelp": "Perfis do Codec indicam as limitações de um dispositivo ao reproduzir codecs específicos. Se uma limitação ocorre, o ficheiro multimédia será transcodificado, mesmo se o codec estiver configurado para reprodução direta.",
    "HeaderConfirmProfileDeletion": "Confirmar Remoção do Perfil",
    "HeaderConfirmRevokeApiKey": "Revogar Chave da API",
    "HeaderConnectToServer": "Ligar ao Servidor",
    "HeaderContainerProfile": "Perfil do Container",
    "HeaderContainerProfileHelp": "Perfis do Container indicam as limitações de um dispositivo ao reproduzir formatos específicos. Se uma limitação ocorre, o ficheiro multimédia será transcodificado, mesmo se o formato estiver configurado para reprodução direta.",
    "HeaderContinueWatching": "Continuar a Ver",
    "HeaderCustomDlnaProfiles": "Perfis Personalizados",
    "HeaderDateIssued": "Data da Emissão",
    "HeaderDeleteItem": "Remover item",
    "HeaderDeleteItems": "Remover Itens",
    "HeaderDeleteTaskTrigger": "Excluir Tarefa Agendada",
    "HeaderDeveloperInfo": "Informação do Programador",
    "HeaderDeviceAccess": "Acesso ao Dispositivo",
    "HeaderDevices": "Dispositivos",
    "HeaderDirectPlayProfile": "Perfil da Reprodução Direta",
    "HeaderDirectPlayProfileHelp": "Adicionar perfis de reprodução direta que indiquem que formatos o dispositivo pode suportar nativamente.",
    "HeaderDisplay": "Visualização",
    "HeaderEasyPinCode": "Código PIN",
    "HeaderEnabledFields": "Campos Ativados",
    "HeaderEnabledFieldsHelp": "Desmarque um campo para bloqueá-lo e evitar que seus dados sejam alterados.",
    "HeaderError": "Erro",
    "HeaderFeatureAccess": "Acesso a Características",
    "HeaderFeatures": "Recursos",
    "HeaderFetchImages": "Procurar Imagens:",
    "HeaderFilters": "Filtros",
    "HeaderForgotPassword": "Esqueci-me da palavra-passe",
    "HeaderFrequentlyPlayed": "Reproduzido Frequentemente",
    "HeaderGenres": "Géneros",
    "HeaderGuideProviders": "Provedores de Programação de TV",
    "HeaderHttpHeaders": "Cabeçalhos HTTP",
    "HeaderIdentification": "Identificação",
    "HeaderIdentificationCriteriaHelp": "Introduza, pelo menos, um critério de identificação.",
    "HeaderIdentificationHeader": "Cabeçalho de Identificação",
    "HeaderIdentifyItemHelp": "Introduza um ou mais critérios de pesquisa. Exclua o critério para aumentar os resultados da procura.",
    "HeaderImageSettings": "Configurações de Imagem",
    "HeaderInstall": "Instalar",
    "HeaderInstantMix": "Mix instantâneo",
    "HeaderLatestEpisodes": "Últimos Episódios",
    "HeaderLatestMedia": "Multimédia Recente",
    "HeaderLatestMovies": "Últimos Filmes",
    "HeaderLatestMusic": "Últimas Músicas",
    "HeaderLatestRecordings": "Últimas Gravações",
    "HeaderLibraries": "Bibliotecas",
    "HeaderLibraryAccess": "Acesso à Biblioteca",
    "HeaderLibraryFolders": "Pastas Multimédia",
    "HeaderLibrarySettings": "Configurações da Biblioteca",
    "HeaderLiveTV": "TV em Direto",
    "HeaderLiveTv": "TV em Direto",
    "HeaderLoginFailure": "Falha no Login",
    "HeaderMedia": "Multimédia",
    "HeaderMediaFolders": "Pastas Multimédia",
    "HeaderMediaInfo": "Informações Multimédia",
    "HeaderMetadataSettings": "Configurações de Metadados",
    "HeaderMusicVideos": "Vídeos de Música",
    "HeaderMyMedia": "O Meu Conteúdo",
    "HeaderNewApiKey": "Nova Chave da API",
    "HeaderNextUp": "A Seguir",
    "HeaderParentalRatings": "Classificações Parentais",
    "HeaderPassword": "Palavra-passe",
    "HeaderPasswordReset": "Redefinição de Palavra-Passe",
    "HeaderPaths": "Localizações",
    "HeaderPendingInvitations": "Convites Pendentes",
    "HeaderPeople": "Pessoas",
    "HeaderPinCodeReset": "Redefinir Código PIN",
    "HeaderPlayAll": "Reproduzir Todos",
    "HeaderPlayback": "Reprodução de Multimédia",
    "HeaderPlaybackError": "Erro na Reprodução",
    "HeaderPleaseSignIn": "Iniciar Sessão",
    "HeaderPreferredMetadataLanguage": "Idioma Preferencial dos Metadados",
    "HeaderProfile": "Perfil",
    "HeaderProfileInformation": "Informação do Perfil",
    "HeaderProfileServerSettingsHelp": "Estes valores controlam como o Servidor Jellyfin se apresenta a si mesmo para o dispositivo.",
    "HeaderRecentlyPlayed": "Reproduzido Recentemente",
    "HeaderRemoteControl": "Controlo Remoto",
    "HeaderRemoveMediaFolder": "Excluir Pasta Multimédia",
    "HeaderRemoveMediaLocation": "Remover Localização dos ficheiros multimédia",
    "HeaderResponseProfile": "Perfil de Resposta",
    "HeaderResponseProfileHelp": "Perfis de resposta oferecem uma forma de personalizar a informação enviada para o dispositivo ao executar certos ficheiros multimédia.",
    "HeaderRestart": "Reiniciar",
    "HeaderRevisionHistory": "Histórico de Versões",
    "HeaderRunningTasks": "Tarefas em Execução",
    "HeaderScenes": "Cenas",
    "HeaderSchedule": "Agendamentos",
    "HeaderSelectCertificatePath": "Selecione a Localização do Certificado",
    "HeaderSelectMetadataPath": "Selecione a Localização dos Metadados",
    "HeaderSelectMetadataPathHelp": "Procure ou introduza a localização da pasta para guardar os metadados. O Servidor Jellyfin deve ter acesso de escrita a essa pasta.",
    "HeaderSelectPath": "Selecione o Local",
    "HeaderSelectServer": "Selecionar Servidor",
    "HeaderSelectServerCachePath": "Selecione a Localização da Cache do Servidor",
    "HeaderSelectServerCachePathHelp": "Procure ou introduza a localização da pasta para guardar a cache do servidor. O Servidor Jellyfin deve ter acesso de escrita a essa pasta.",
    "HeaderSelectTranscodingPath": "Selecione o Local Temporário da Transcodificação",
    "HeaderSelectTranscodingPathHelp": "Procure ou introduza a localização da pasta para guardar os ficheiros temporários de transcodificação. O Servidor Jellyfin deve ter acesso de escrita a essa pasta.",
    "HeaderSendMessage": "Enviar mensagem",
    "HeaderSeries": "Série",
    "HeaderServerSettings": "Configurações do Servidor",
    "HeaderSettings": "Configurações",
    "HeaderSetupLibrary": "Configurar Bibliotecas Multimédia",
    "HeaderShutdown": "Encerrar",
    "HeaderSpecialEpisodeInfo": "Informação do Episódio Especial",
    "HeaderSpecialFeatures": "Extras",
    "HeaderStatus": "Estado",
    "HeaderSubtitleProfile": "Perfil da Legenda",
    "HeaderSubtitleProfiles": "Perfis da Legenda",
    "HeaderSubtitleProfilesHelp": "Perfis da legenda descrevem os formatos da legenda suportados pelo dispositivo.",
    "HeaderSystemDlnaProfiles": "Perfis de Sistema",
    "HeaderTaskTriggers": "Tarefas Agendadas",
    "HeaderThisUserIsCurrentlyDisabled": "Este utilizador está desativado atualmente",
    "HeaderTranscodingProfile": "Perfil da Transcodificação",
    "HeaderTranscodingProfileHelp": "Adicionar perfis de transcodificação que indiquem que formatos deverão ser usados quando a transcodificação é necessária.",
    "HeaderTunerDevices": "Sintonizadores",
    "HeaderTypeText": "Inserir texto",
    "HeaderUser": "Utilizador",
    "HeaderUsers": "Utilizadores",
    "HeaderVideoTypes": "Tipos de Vídeo",
    "HeaderVideos": "Vídeos",
    "HeaderXmlDocumentAttribute": "Atributo do Documento XML",
    "HeaderXmlDocumentAttributes": "Atributos do Documento XML",
    "HeaderXmlSettings": "Configurações de XML",
    "HeaderYears": "Anos",
    "HeadersFolders": "Pastas",
    "Help": "Ajuda",
    "Identify": "Identificar",
    "Images": "Imagens",
    "ImportFavoriteChannelsHelp": "Se ativado, apenas canais que estão marcados como favoritos no sintonizador serão importados.",
    "ImportMissingEpisodesHelp": "Se ativado, a informação acerca dos episódios em falta será importada para a base de dados do Servidor Jellyfin e mostrada dentro das temporadas e séries. Isto pode aumentar significativamente a duração da análise da biblioteca.",
    "InstantMix": "Mix instântaneo",
    "ItemCount": "{0} itens",
    "Label3DFormat": "Formato 3D:",
    "LabelAccessDay": "Dia da semana:",
    "LabelAccessEnd": "Hora de Fim:",
    "LabelAccessStart": "Hora de Início:",
    "LabelAirDays": "Dias da Exibição:",
    "LabelAirTime": "Horário:",
    "LabelAirsAfterSeason": "Estreou depois da temporada:",
    "LabelAirsBeforeEpisode": "Estreou antes do episódio:",
    "LabelAirsBeforeSeason": "Estreou antes da temporada:",
    "LabelAlbum": "Álbum:",
    "LabelAlbumArtMaxHeight": "Altura máxima da capa do álbum:",
    "LabelAlbumArtMaxHeightHelp": "Resolução máxima da capa do álbum exposta via upnp:albumArtURI.",
    "LabelAlbumArtMaxWidth": "Largura máxima da capa do álbum:",
    "LabelAlbumArtMaxWidthHelp": "Resolução máxima da capa do álbum exposta via upnp:albumArtURI.",
    "LabelAlbumArtPN": "PN da capa do álbum:",
    "LabelAlbumArtists": "Artistas do Álbum:",
    "LabelAll": "Todos",
    "LabelAllowServerAutoRestart": "Permitir ao servidor reiniciar automaticamente para aplicar atualizações",
    "LabelAllowServerAutoRestartHelp": "O servidor irá reiniciar apenas durante períodos em que não esteja a ser usado, quando nenhum utilizador estiver ativo.",
    "LabelAppName": "Nome da aplicação",
    "LabelAppNameExample": "Exemplo: Sickbeard, NzbDrone",
    "LabelArtists": "Artistas:",
    "LabelArtistsHelp": "Separe múltiplos com ;",
    "LabelAudioLanguagePreference": "Idioma de áudio preferido:",
    "LabelBlastMessageInterval": "Intervalo para envio de mensagens de reconhecimento (segundos)",
    "LabelBlastMessageIntervalHelp": "Determina a duração em segundos entre as mensagens de exploração enviadas pelo servidor.",
    "LabelBlockContentWithTags": "Bloquear conteúdo com as tags:",
    "LabelCachePath": "Localização da cache:",
    "LabelCachePathHelp": "Defina uma localização para os ficheiros de cache como, por exemplo, imagens. Deixe em branco para utilizar o padrão do servidor.",
    "LabelCancelled": "Cancelado",
    "LabelCollection": "Coleção:",
    "LabelCommunityRating": "Avaliação da comunidade:",
    "LabelContentType": "Tipo de conteúdo:",
    "LabelCountry": "País:",
    "LabelCriticRating": "Avaliação da crítica:",
    "LabelCurrentPassword": "Palavra-passe atual:",
    "LabelCustomCertificatePath": "Localização do certificado SSL personalizado:",
    "LabelCustomCertificatePathHelp": "Localização do ficheiro PKCS #12 que contém um certificado e um chave privada, que permite ativar o suporte a ligações TLS em domínios privados.",
    "LabelCustomCss": "CSS personalizado:",
    "LabelCustomCssHelp": "Aplica um ficheiro de estilos customizado à interface web.",
    "LabelCustomDeviceDisplayName": "Nome a ser mostrado:",
    "LabelCustomDeviceDisplayNameHelp": "Forneça um nome a ser mostrado, ou deixe em branco para utilizar o nome reportado pelo dispositivo.",
    "LabelCustomRating": "Classificação personalizada:",
    "LabelDateAdded": "Adicionado a:",
    "LabelDateAddedBehavior": "Comportamento da data de adição para conteúdo novo:",
    "LabelDateAddedBehaviorHelp": "Se um valor estiver presente nos metadados, será utilizado antes destas opções.",
    "LabelDay": "Dia:",
    "LabelDefaultUser": "Utilizador por defeito:",
    "LabelDefaultUserHelp": "Determina que biblioteca será apresentada aos dispositivos ligados. Pode ser redefinido para cada dispositivo utilizando perfis.",
    "LabelDeviceDescription": "Descrição do dispositivo",
    "LabelDidlMode": "Modo DIDL:",
    "LabelDisplayMissingEpisodesWithinSeasons": "Mostrar episódios em falta dentro das temporadas",
    "LabelDisplayName": "Nome para apresentação:",
    "LabelDisplayOrder": "Ordem de apresentação:",
    "LabelDisplaySpecialsWithinSeasons": "Mostrar epsódios especiais dentro das temporadas em que estrearam",
    "LabelDownMixAudioScale": "Reforço de áudio durante o downmix:",
    "LabelDownMixAudioScaleHelp": "Aumentar o volume de áudio durante o downmix. O valor 1 preserva o volume original.",
    "LabelDownloadLanguages": "Transferir os idiomas:",
    "LabelEasyPinCode": "Código PIN:",
    "LabelEmbedAlbumArtDidl": "Incorporar a capa do álbum no DIDL",
    "LabelEmbedAlbumArtDidlHelp": "Alguns dispositivos preferem este método para obter a capa do álbum. Noutros pode falhar a reprodução com esta opção ativada.",
    "LabelEnableAutomaticPortMap": "Ativar mapeamento automático de portas",
    "LabelEnableAutomaticPortMapHelp": "Tenta mapear automaticamente o porto público para o porto local através de UPnP. Isto poderá não funcionar em alguns modelos de routers.",
    "LabelEnableBlastAliveMessages": "Enviar mensagens de reconhecimento",
    "LabelEnableBlastAliveMessagesHelp": "Ativar esta opção se o servidor não for convenientemente detetado por outros dispositivos UPnP na rede.",
    "LabelEnableDlnaClientDiscoveryInterval": "Intervalo para descoberta de clientes (segundos)",
    "LabelEnableDlnaClientDiscoveryIntervalHelp": "Determina o tempo em segundos entre procuras SSDP executadas pelo Servidor Jellyfin.",
    "LabelEnableDlnaDebugLogging": "Ativar log de depuração do DLNA",
    "LabelEnableDlnaDebugLoggingHelp": "Esta opção irá criar ficheiros de log grandes e deve apenas ser usado quando é necessário para depurar problemas.",
    "LabelEnableDlnaPlayTo": "Ativar DLNA Play-To",
    "LabelEnableDlnaPlayToHelp": "Detetar dispositivos na rede e oferecer a possibilidade de os controlar.",
    "LabelEnableDlnaServer": "Ativar servidor DLNA",
    "LabelEnableDlnaServerHelp": "Permite que dispositivos UPnP na rede naveguem e reproduzam conteúdo.",
    "LabelEnableHardwareDecodingFor": "Ativar descodificação por hardware para:",
    "LabelEnableRealtimeMonitor": "Ativar monitorização em tempo real",
    "LabelEnableRealtimeMonitorHelp": "As alterações serão processadas imediatamente em sistemas de ficheiros suportados.",
    "LabelEnableSingleImageInDidlLimit": "Limitar a uma imagem incorporada",
    "LabelEnableSingleImageInDidlLimitHelp": "Alguns dispositivos não interpretarão apropriadamente se múltiplas imagens estiverem incorporadas no DIDL.",
    "LabelEndDate": "Data de fim:",
    "LabelEpisodeNumber": "Número do episódio:",
    "LabelEvent": "Evento:",
    "LabelEveryXMinutes": "A cada:",
    "LabelExtractChaptersDuringLibraryScan": "Extrair imagens dos capítulos durante o rastreamento da biblioteca",
    "LabelExtractChaptersDuringLibraryScanHelp": "Se ativado, as imagens dos capítulos serão extraídas quando os vídeos forem importados durante a pesquisa na biblioteca. Se desativado, elas serão extraídas durante a tarefa agendada de imagens dos capítulos, permitindo que a pesquisa na biblioteca seja mais rápida.",
    "LabelExtractChaptersDuringLibraryScan": "Extrair imagens dos capítulos durante a atualização da biblioteca",
    "LabelExtractChaptersDuringLibraryScanHelp": "Se ativado, as imagens dos capítulos serão extraídas quando os vídeos forem importados durante a atualização da biblioteca. Se desativado, serão extraídas durante a tarefa agendada de extração de imagens dos capítulos, permitindo que a atualização da biblioteca seja mais rápida.",
    "LabelFailed": "Falhou",
    "LabelFinish": "Terminar",
    "LabelForgotPasswordUsernameHelp": "Introduza o seu nome de utilizador, se se recordar.",
    "LabelFormat": "Formato:",
    "LabelFriendlyName": "Nome amigável:",
    "LabelServerNameHelp": "Este nome será utilizado para identificar o servidor. Se não for preenchido, será usado o nome do computador.",
    "LabelGroupMoviesIntoCollections": "Agrupar filmes em coleções",
    "LabelGroupMoviesIntoCollectionsHelp": "Ao mostrar listas de filmes, filmes que pertençam a uma coleção serão mostrados como um único item agrupado.",
    "LabelHardwareAccelerationType": "Aceleração por hardware:",
    "LabelHardwareAccelerationTypeHelp": "Disponível apenas em sistemas suportados.",
    "LabelHttpsPort": "Número do porto HTTPS local:",
    "LabelHttpsPortHelp": "Número do porto TCP em que o servidor HTTPS do Jellyfin ficará à escuta.",
    "LabelIconMaxHeight": "Altura máxima do ícone:",
    "LabelIconMaxHeightHelp": "Resolução máxima do ícone que é exposto via upnp:icon.",
    "LabelIconMaxWidth": "Largura máxima do ícone:",
    "LabelIconMaxWidthHelp": "Resolução máxima do ícone que é exposto via upnp:icon.",
    "LabelIdentificationFieldHelp": "Uma substring ou expressão regex que não diferencia maiúscula de minúsculas.",
    "LabelImageType": "Tipo de imagem:",
    "LabelImportOnlyFavoriteChannels": "Restringir a canais marcados como favoritos",
    "LabelInNetworkSignInWithEasyPassword": "Ativar acesso dentro da rede com código PIN",
    "LabelInNetworkSignInWithEasyPasswordHelp": "Se ativado, poderá utilizar um código PIN para entrar no Jellyfin dentro da rede. A palavra-passe só será necessária fora da rede. Se o código PIN for deixado em branco, não será necessária autenticação dentro da rede.",
    "LabelKodiMetadataDateFormat": "Formato da data de lançamento:",
    "LabelKodiMetadataDateFormatHelp": "Todas as datas dentro dos nfo's serão lidas e gravadas usando este formato.",
    "LabelKodiMetadataEnableExtraThumbs": "Copiar extrafanart para extrathumbs",
    "LabelKodiMetadataEnableExtraThumbsHelp": "Ao transferir imagens, estas podem ser guardadas como extrafanart e extrathumbs para uma maior compatibilidade com os temas Kodi.",
    "LabelKodiMetadataEnablePathSubstitution": "Ativar substituição de local",
    "LabelKodiMetadataEnablePathSubstitutionHelp": "Ativa a substituição do local das imagens usando as opções de substituição de caminho no servidor.",
    "LabelKodiMetadataSaveImagePaths": "Guardar a localização de imagens em ficheiros nfo",
    "LabelKodiMetadataSaveImagePathsHelp": "Esta opção é recomendada se existirem nomes de imagens que não estejam de acordo com as recomendações do Kodi.",
    "LabelLanguage": "Idioma:",
    "LabelLineup": "Programação:",
    "LabelLocalHttpServerPortNumber": "Número do porto HTTP local:",
    "LabelLocalHttpServerPortNumberHelp": "Número do porto TCP em que o servidor HTTP do Jellyfin ficará à escuta.",
    "LabelLockItemToPreventChanges": "Bloquear este item para evitar alterações futuras",
    "LabelLoginDisclaimer": "Aviso legal de login:",
    "LabelLoginDisclaimerHelp": "Este aviso será mostrado na parte inferior da página de login.",
    "LabelManufacturer": "Fabricante:",
    "LabelManufacturerUrl": "URL do fabricante:",
    "LabelMatchType": "Tipo de correspondência:",
    "LabelMaxBackdropsPerItem": "Número máximo de imagens de fundo por item:",
    "LabelMaxParentalRating": "Controlo parental máximo permitido:",
    "LabelMaxResumePercentage": "Percentagem máxima de visualização para permitir retomar:",
    "LabelMaxResumePercentageHelp": "Os títulos são considerados como vistos se parados após esta percentagem da duração.",
    "LabelMaxScreenshotsPerItem": "Número máximo de capturas de ecrã por item:",
    "LabelMaxStreamingBitrateHelp": "Defina uma taxa máxima de transmissão.",
    "LabelMessageText": "Texto da mensagem:",
    "LabelMessageTitle": "Titulo da mensagem:",
    "LabelMetadata": "Metadados:",
    "LabelMetadataDownloadLanguage": "Idioma preferido para download:",
    "LabelMetadataPath": "Localização dos metadados:",
    "LabelMetadataPathHelp": "Introduza a localização para guardar capas de álbum e metadados transferidos da Internet.",
    "LabelMethod": "Método:",
    "LabelMinBackdropDownloadWidth": "Transferir imagens de fundo com este tamanho mínimo:",
    "LabelMinResumeDuration": "Duração mínima para permitir retoma de visualização:",
    "LabelMinResumeDurationHelp": "Conteúdos com duração inferior não permitirão parar e retomar a reprodução.",
    "LabelMinResumePercentage": "Percentagem mínima de visualização para permitir retomar:",
    "LabelMinResumePercentageHelp": "Os títulos são considerados como não vistos se parados antes desta percentagem da duração.",
    "LabelMinScreenshotDownloadWidth": "Transferir capturas de ecrã com este tamanho mínimo:",
    "LabelModelDescription": "Descrição do modelo",
    "LabelModelName": "Nome do modelo",
    "LabelModelNumber": "Número do modelo",
    "LabelModelUrl": "URL do modelo",
    "LabelMonitorUsers": "Monitorizar atividade de:",
    "LabelMusicStreamingTranscodingBitrate": "Taxa de transcodificação de música:",
    "LabelMusicStreamingTranscodingBitrateHelp": "Defina a taxa máxima ao fazer transmissão de música.",
    "LabelName": "Nome:",
    "LabelNewPassword": "Nova palavra-passe:",
    "LabelNewPasswordConfirm": "Confirmar nova palavra-passe:",
    "LabelNext": "Seguinte",
    "LabelNotificationEnabled": "Ativar esta notificação",
    "LabelNumberOfGuideDays": "Número de dias de programação de TV para transferir:",
    "LabelNumberOfGuideDaysHelp": "Transferir mais dias de programação de TV permite agendar com maior antecedência e ver mais listagens, no entanto, irá levar mais tempo a transferir. Se selecionar Automático, será escolhido o período baseado no número de canais.",
    "LabelOriginalAspectRatio": "Proporção da imagem original:",
    "LabelOverview": "Sinopse:",
    "LabelParentalRating": "Classificação parental:",
    "LabelPassword": "Palavra-Passe:",
    "LabelPasswordConfirm": "Palavra-passe (confirmar):",
    "LabelPasswordRecoveryPinCode": "Código PIN:",
    "LabelPath": "Local:",
    "LabelPersonRole": "Personagem:",
    "LabelPlaceOfBirth": "Local de nascimento:",
    "LabelPlayDefaultAudioTrack": "Reproduzir a faixa de áudio padrão independentemente do idioma",
    "LabelPreferredDisplayLanguage": "Idioma de visualização preferido:",
    "LabelPreferredDisplayLanguageHelp": "A tradução do Jellyfin é um projeto contínuo.",
    "LabelPrevious": "Anterior",
    "LabelProfileAudioCodecs": "Codecs do áudio:",
    "LabelProfileCodecsHelp": "Separados por vírgula. Pode ser deixado em branco para usar com todos os codecs.",
    "LabelProfileContainer": "Contentor:",
    "LabelProfileContainersHelp": "Separados por vírgula. Pode ser deixado em branco para usar com todos os containers.",
    "LabelProfileVideoCodecs": "Codecs do vídeo:",
    "LabelProtocol": "Protocolo:",
    "LabelProtocolInfo": "Informação do protocolo:",
    "LabelProtocolInfoHelp": "O valor que será usado ao responder os pedidos GetProtocolInfo do dispositivo.",
    "LabelPublicHttpPort": "Número do porto público HTTP:",
    "LabelPublicHttpPortHelp": "Número do porto público que deverá ser mapeado para o porto HTTP local.",
    "LabelPublicHttpsPort": "Número do porto público HTTPS:",
    "LabelPublicHttpsPortHelp": "Número do porto público que deverá ser mapeado para o porto HTTPS local.",
    "LabelReadHowYouCanContribute": "Veja como pode contribuir.",
    "LabelRecordingPath": "Localização predefinida das gravações:",
    "LabelReleaseDate": "Data de lançamento:",
    "LabelRemoteClientBitrateLimit": "Taxa de bits máxima para transmissão para a Internet (Mbps):",
    "LabelRuntimeMinutes": "Duração (minutos):",
    "LabelSaveLocalMetadata": "Guardar imagens e metadados nas pastas multimédia",
    "LabelSaveLocalMetadataHelp": "Guardar imagens e metadados diretamente nas pastas multimédia, vai colocá-los num local de fácil acesso para poderem ser editados facilmente.",
    "LabelScheduledTaskLastRan": "Última execução há {0}. Tempo de execução {1}.",
    "LabelSeasonNumber": "Número da temporada:",
    "LabelSelectUsers": "Selecionar utilizadores:",
    "LabelSelectVersionToInstall": "Selecione a versão para instalar:",
    "LabelSendNotificationToUsers": "Enviar notificação para:",
    "LabelSerialNumber": "Número de série",
    "LabelServerHost": "Servidor:",
    "LabelServerHostHelp": "192.168.1.100 ou https://omeudominio.com",
    "LabelSkipIfAudioTrackPresent": "Ignorar no caso de o idioma da faixa de áudio principal coincidir com o idioma de transferência",
    "LabelSkipIfAudioTrackPresentHelp": "Desmarque esta opção para garantir que todos os vídeos têm legendas, independentemente do idioma do áudio.",
    "LabelSkipIfGraphicalSubsPresent": "Ignorar se o vídeo já possuir legendas integradas",
    "LabelSkipIfGraphicalSubsPresentHelp": "Manter versões das legendas em texto resultará numa transmissão mais eficiente e diminuirá a necessidade de transcodificação de vídeo.",
    "LabelSonyAggregationFlags": "Flags de agregação da Sony:",
    "LabelSonyAggregationFlagsHelp": "Determina o conteúdo do elemento aggregationFlags no namespace urn:schemas-sonycom:av.",
    "LabelSource": "Fonte:",
    "LabelStartWhenPossible": "Começar, quando possível:",
    "LabelStatus": "Estado:",
    "LabelStopWhenPossible": "Parar, quando possível:",
    "LabelStopping": "A Parar",
    "LabelSubtitleFormatHelp": "Exemplo: srt",
    "LabelSubtitlePlaybackMode": "Modo da Legenda:",
    "LabelSupportedMediaTypes": "Tipos de Conteúdos Suportados:",
    "LabelTagline": "Slogan:",
    "LabelTime": "Tempo:",
    "LabelTimeLimitHours": "Limite de tempo (horas):",
    "LabelTranscodingAudioCodec": "Codec de áudio:",
    "LabelTranscodingContainer": "Contentor:",
    "LabelTranscodingTempPathHelp": "Esta pasta contém ficheiros ativos utilizados pelo transcodificador. Indique uma localização personalizada ou deixe em branco para utilizar o caminho por defeito.",
    "LabelTranscodingThreadCount": "Número de threads de transcodificação:",
    "LabelTranscodingThreadCountHelp": "Indique o número máximo de threads a ser utilizado para transcodificação. Reduzir o número de threads diminuirá a utilização do CPU, mas pode não converter rápido o suficiente para uma experiência de reprodução suave.",
    "LabelTranscodingVideoCodec": "Codec do vídeo:",
    "LabelTriggerType": "Tipo do Acionador:",
    "LabelTunerIpAddress": "Endereço IP do Sintonizador:",
    "LabelTunerType": "Tipo do sintonizador:",
    "LabelType": "Tipo:",
    "LabelTypeText": "Texto",
    "LabelUseNotificationServices": "Usar os seguintes serviços:",
    "LabelUser": "Utilizador:",
    "LabelUserLibrary": "Biblioteca do Utilizador:",
    "LabelUserLibraryHelp": "Selecione qual a biblioteca de utilizador a mostrar no dispositivo. Deixe em branco para herdar a definição padrão.",
    "LabelUsername": "Nome de Utilizador:",
    "LabelValue": "Valor:",
    "LabelVersionInstalled": "{0} instalado",
    "LabelVersionNumber": "Versão {0}",
    "LabelXDlnaCapHelp": "Determina o conteúdo do elemento X_DLNACAP no namespace urn:schemas-dlna-org:device-1-0.",
    "LabelXDlnaDocHelp": "Determina o conteúdo do elemento X_DLNADOC no namespace urn:schemas-dlna-org:device-1-0.",
    "LabelYourFirstName": "O seu primeiro nome:",
    "LabelYoureDone": "Concluiu!",
    "LabelZipCode": "CEP:",
    "LibraryAccessHelp": "Escolha as Bibliotecas a partilhar com este utilizador. Os Administradores poderão editar todas as pastas, usando o Gestor de Metadados.",
    "MaxParentalRatingHelp": "Conteúdo com classificação mais elevada será escondida deste utilizador.",
    "MessageAreYouSureDeleteSubtitles": "Tem a certeza de que deseja remover este ficheiro de legendas?",
    "MessageAreYouSureYouWishToRemoveMediaFolder": "Tem a certeza de que deseja remover esta pasta?",
    "MessageConfirmProfileDeletion": "Tem a certeza de que deseja remover este perfil?",
    "MessageConfirmRecordingCancellation": "Cancelar a gravação?",
    "MessageConfirmRestart": "Tem a certeza de que deseja reiniciar o Servidor Jellyfin?",
    "MessageConfirmRevokeApiKey": "Tem a certeza de que deseja revogar esta chave da API? A ligação da aplicação ao Servidor Jellyfin vai ser terminada de imediato.",
    "MessageConfirmShutdown": "Tem a certeza de que deseja encerrar o Servidor Jellyfin?",
    "MessageDeleteTaskTrigger": "Tem a certeza de que deseja remover o agendamento desta tarefa?",
    "MessageDirectoryPickerBSDInstruction": "Num sistema operativo BSD, é necessário configurar o disco Jail FreeNAS para permitir o acesso do Servidor Jellyfin.",
    "MessageDirectoryPickerInstruction": "As localizações de rede podem ser escritas manualmente caso o botão \"Rede\" não consiga encontrar os dispositivos. Por exemplo, {0} ou {1}.",
    "MessageDirectoryPickerLinuxInstruction": "Em sistemas operativos como Arch Linux, CentOS, Debian, Fedora, OpenSuse ou Ubuntu, é necessário dar permissão ao utilizador que executa o processo Jellyfin para ter, no mínimo, acesso de leitura à pasta.",
    "MessageEnablingOptionLongerScans": "Ativar esta opção pode aumentar significativamente a duração da análise da biblioteca.",
    "MessageFileReadError": "Ocorreu um erro ao ler este ficheiro.",
    "MessageInvalidUser": "Nome de utilizador ou palavra-passe inválidos. Por favor, tente novamente.",
    "MessageItemSaved": "Item guardado.",
    "MessageItemsAdded": "Itens adicionados.",
    "MessageLeaveEmptyToInherit": "Deixar em branco para herdar as configurações do item pai, ou o valor global por defeito.",
    "MessageNoAvailablePlugins": "Não existem extensões disponíveis.",
    "MessageNoMovieSuggestionsAvailable": "De momento, não existem sugestões de filmes disponíveis. Veja filmes e avalie-os, e regresse para ver as recomendações.",
    "MessageNoPluginsInstalled": "Não existe nenhuma extensão instalada.",
    "MessageNoTrailersFound": "Nenhum trailer encontrado. Instale o canal Trailer para melhorar sua experiência com filmes, adicionando uma biblioteca de trailers da Internet.",
    "MessageNothingHere": "Nada aqui.",
    "MessagePasswordResetForUsers": "As palavras-passe dos utilizadores seguintes foram repostas. Deverão utilizar o PIN de reposição de palavra-passe para fazer login.",
    "MessagePleaseEnsureInternetMetadata": "Certifique-se que a transferência de metadados da Internet está ativa.",
    "MessageReenableUser": "Veja abaixo para reativar",
    "MessageTheFollowingLocationWillBeRemovedFromLibrary": "As seguintes pastas multimédia serão removidas da Biblioteca:",
    "MinutesAfter": "minutos depois",
    "MinutesBefore": "minutos antes",
    "Monday": "Segunda",
    "MoreUsersCanBeAddedLater": "É possível adicionar utilizadores mais tarde no Painel Principal.",
    "Mute": "Desativar Som",
    "NewCollection": "Nova Coleção",
    "NewCollectionNameExample": "Exemplo: Coleção Guerra das Estrelas",
    "NoNextUpItemsMessage": "Nenhum encontrado. Comece a ver os seus programas!",
    "OptionAdminUsers": "Administradores",
    "OptionAlbum": "Álbum",
    "OptionAlbumArtist": "Artista do Álbum",
    "OptionAllUsers": "Todos os utilizadores",
    "OptionAllowAudioPlaybackTranscoding": "Permitir reprodução de áudio que necessite de transcodificação",
    "OptionAllowBrowsingLiveTv": "Permitir acesso a TV em Direto",
    "OptionAllowContentDownloading": "Permitir download dos ficheiros multimédia",
    "OptionAllowLinkSharing": "Permitir partilha nas redes sociais",
    "OptionAllowManageLiveTv": "Permitir gestão de gravações de TV em Direto",
    "OptionAllowMediaPlayback": "Permitir reprodução de média",
    "OptionAllowMediaPlaybackTranscodingHelp": "Restringir o acesso à transcodificação pode causar falhas de reprodução nas aplicações do Jellyfin devido a formatos multimédia não suportados.",
    "OptionAllowRemoteControlOthers": "Permitir controlo remoto de outros utilizadores",
    "OptionAllowRemoteSharedDevices": "Permitir controlo remoto de dispositivos compartilhados",
    "OptionAllowRemoteSharedDevicesHelp": "Dispositivos DLNA são considerados compartilhados até que um utilizador comece a controlá-lo.",
    "OptionAllowUserToManageServer": "Permitir a este utilizador gerir o servidor",
    "OptionAllowVideoPlaybackTranscoding": "Permitir reprodução de vídeo que necessite de transcodificação",
    "OptionArtist": "Artista",
    "OptionAscending": "Ascendente",
    "OptionAutomatic": "Automático",
    "OptionBlockBooks": "Livros",
    "OptionBlockChannelContent": "Conteúdo do Canal de Internet",
    "OptionBlockLiveTvChannels": "Canais de TV em Direto",
    "OptionBlockMovies": "Filmes",
    "OptionBlockMusic": "Música",
    "OptionBlockTvShows": "Programas de TV",
    "OptionCommunityRating": "Classificação da Comunidade",
    "OptionContinuing": "A Continuar",
    "OptionCriticRating": "Classificação dos críticos",
    "OptionCustomUsers": "Personalizado",
    "OptionDaily": "Diariamente",
    "OptionDateAdded": "Data de adição",
    "OptionDateAddedFileTime": "Usar a data de criação do ficheiro",
    "OptionDateAddedImportTime": "Usar a data de importação para a biblioteca",
    "OptionDatePlayed": "Data de reprodução",
    "OptionDescending": "Descendente",
    "OptionDisableUser": "Desativar este utilizador",
    "OptionDisableUserHelp": "Se desativado, o servidor não permite nenhuma ligação com este nome de utilizador. Ligações existentes serão terminadas.",
    "OptionDislikes": "Não gostos",
    "OptionDownloadArtImage": "Arte",
    "OptionDownloadBackImage": "Traseira",
    "OptionDownloadBoxImage": "Caixa",
    "OptionDownloadDiscImage": "Disco",
    "OptionDownloadImagesInAdvanceHelp": "Por defeito, a maioria das imagens são transferidas só quando uma aplicação do Jellyfin as solicita. Ative esta opção para descarregar todas as imagens antencipadamente, assim que os novos ficheiros multimédia são importados. Isto pode aumentar significativamente a duração da análise da biblioteca.",
    "OptionDownloadPrimaryImage": "Principal",
    "OptionDownloadThumbImage": "Miniatura",
    "OptionDvd": "DVD",
    "OptionEmbedSubtitles": "Incorporar no recipiente",
    "OptionEnableAccessFromAllDevices": "Ativar acesso de todos os dispositivos",
    "OptionEnableAccessToAllChannels": "Permitir acesso a todos os canais",
    "OptionEnableAccessToAllLibraries": "Permitir acesso a todas as bibliotecas",
    "OptionEnableAutomaticServerUpdates": "Ativar as atualizações automáticas do servidor",
    "OptionEnableM2tsMode": "Ativar modo M2ts",
    "OptionEnableM2tsModeHelp": "Ative o modo m2ts quando codificar para mpegts.",
    "OptionEnded": "Terminado",
    "OptionEquals": "Iguais",
    "OptionEstimateContentLength": "Estimar o tamanho do conteúdo ao transcodificar",
    "OptionEveryday": "Todos os dias",
    "OptionExternallyDownloaded": "Download Externo",
    "OptionFavorite": "Favoritos",
    "OptionFriday": "Sexta",
    "OptionHasSpecialFeatures": "Extras",
    "OptionHasSubtitles": "Legendas",
    "OptionHasThemeSong": "Música de Tema",
    "OptionHasThemeVideo": "Vídeo de Tema",
    "OptionHideUser": "Ocultar este utilizador nos formulários de início de sessão",
    "OptionHideUserFromLoginHelp": "Útil para contas de administrador privadas ou ocultas. O utilizador necessita de entrar manualmente, introduzindo o seu nome de utilizador e palavra-passe.",
    "OptionHlsSegmentedSubtitles": "Legendas segmentadas hls",
    "OptionIgnoreTranscodeByteRangeRequests": "Ignorar requisições de extensão do byte de transcodificação",
    "OptionIgnoreTranscodeByteRangeRequestsHelp": "Se ativadas, estas requisições serão honradas mas irão ignorar o cabeçalho da extensão do byte.",
    "OptionImdbRating": "Classificação no IMDb",
    "OptionLikes": "Gostos",
    "OptionMax": "Máx",
    "OptionMissingEpisode": "Episódios em Falta",
    "OptionMonday": "Segunda",
    "OptionNameSort": "Nome",
    "OptionNew": "Nova...",
    "OptionNone": "Nenhum",
    "OptionOnAppStartup": "Ao iniciar a aplicação",
    "OptionOnInterval": "Num intervalo",
    "OptionParentalRating": "Classificação Parental",
    "OptionPlainStorageFolders": "Mostrar todas as pastas como pastas de armazenamento simples",
    "OptionPlainStorageFoldersHelp": "Se ativado, todas as pastas são representadas no DIDL como \"object.container.storageFolder\" ao invés de um tipo mais específico como, por exemplo, \"object.container.person.musicArtist\".",
    "OptionPlainVideoItems": "Mostrar todos os vídeos como itens de vídeo simples",
    "OptionPlainVideoItemsHelp": "Se ativado, todos os vídeos são representados no DIDL como \"object.item.videoItem\" ao invés de um tipo mais específico como, por exemplo, \"object.item.videoItem.movie\".",
    "OptionPlayCount": "N.º de Visualizações",
    "OptionPlayed": "Reproduzido",
    "OptionPremiereDate": "Data de Estreia",
    "OptionProfileAudio": "Áudio",
    "OptionProfilePhoto": "Fotografia",
    "OptionProfileVideo": "Vídeo",
    "OptionProfileVideoAudio": "Áudio do Vídeo",
    "OptionReleaseDate": "Data de Lançamento",
    "OptionReportByteRangeSeekingWhenTranscoding": "Reportar que o servidor suporta busca de byte quando transcodificar",
    "OptionReportByteRangeSeekingWhenTranscodingHelp": "Isto é necessário para alguns dispositivos que não procuram o tempo muito bem.",
    "OptionResElement": "elemento res",
    "OptionResumable": "Retomável",
    "OptionRuntime": "Duração",
    "OptionSaturday": "Sábado",
    "OptionSaveMetadataAsHidden": "Guardar metadados e imagens como ficheiros ocultos",
    "OptionSpecialEpisode": "Especiais",
    "OptionSunday": "Domingo",
    "OptionThursday": "Quinta",
    "OptionTrackName": "Nome da pista",
    "OptionTuesday": "Terça",
    "OptionTvdbRating": "Classificação no Tvdb",
    "OptionUnairedEpisode": "Episódios por Estrear",
    "OptionUnplayed": "Por reproduzir",
    "OptionWakeFromSleep": "Retomar da suspensão",
    "OptionWednesday": "Quarta",
    "OptionWeekdays": "Dias da semana",
    "OptionWeekends": "Fins-de-semana",
    "OptionWeekly": "Semanalmente",
    "ParentalRating": "Classificação parental",
    "PasswordMatchError": "A palavra-passe e a confirmação devem coincidir.",
    "PasswordResetComplete": "A palavra-passe foi redefinida.",
    "PasswordResetConfirmation": "Tem a certeza de que deseja redefinir a palavra-passe?",
    "PasswordResetHeader": "Redefinir Palavra-Passe",
    "PasswordSaved": "Palavra-passe guardada.",
    "PinCodeResetComplete": "O código PIN foi redefinido.",
    "PinCodeResetConfirmation": "Tem a certeza de que devia repôr o código PIN?",
    "Play": "Reproduzir",
    "PlayNextEpisodeAutomatically": "Reproduzir próximo episódio automaticamente",
    "PleaseEnterNameOrId": "Por favor, digite um nome ou Id externo.",
    "PleaseSelectTwoItems": "Por favor selecione pelo menos dois itens.",
    "Producer": "Produtor",
    "RecommendationBecauseYouLike": "Porque gosta de {0}",
    "RecommendationBecauseYouWatched": "Porque viu {0}",
    "RecommendationDirectedBy": "Realizado por {0}",
    "RecommendationStarring": "{0} como protagonista",
    "Record": "Gravar",
    "RecordingCancelled": "Gravação cancelada.",
    "RecordingScheduled": "Gravação agendada.",
    "Refresh": "Atualizar",
    "Repeat": "Repetir",
    "ReplaceExistingImages": "Substituir imagens existentes",
    "Rewind": "Retroceder",
    "Saturday": "Sábado",
    "Save": "Guardar",
    "ScanLibrary": "Analisar biblioteca",
    "Search": "Busca",
    "SearchForCollectionInternetMetadata": "Procurar na Internet por imagens e metadados",
    "SearchForSubtitles": "Buscar Legendas",
    "SendMessage": "Enviar mensagem",
    "Series": "Séries",
    "ServerUpdateNeeded": "Este Servidor Jellyfin precisa de ser atualizado. Para transferir a versão mais recente, por favor visite {0}",
    "Settings": "Configurações",
    "SettingsSaved": "Configurações guardadas.",
    "Share": "Partilhar",
    "Shuffle": "Aleatório",
    "Subtitles": "Legendas",
    "Sunday": "Domingo",
    "SystemDlnaProfilesHelp": "Perfis de sistema são apenas de leitura. Mudanças a um perfil de sistema serão guardadas num novo perfil personalizado.",
    "TabAccess": "Acesso",
    "TabAdvanced": "Avançado",
    "TabAlbumArtists": "Artistas do Álbum",
    "TabAlbums": "Álbuns",
    "TabArtists": "Artistas",
    "TabCatalog": "Catálogo",
    "TabChannels": "Canais",
    "TabCollections": "Coleções",
    "TabContainers": "Contentores",
    "TabDashboard": "Painel Principal",
    "TabDevices": "Dispositivos",
    "TabDirectPlay": "Reprodução Direta",
    "TabDisplay": "Visualização",
    "TabEpisodes": "Episódios",
    "TabFavorites": "Favoritos",
    "TabGenres": "Géneros",
    "TabGuide": "Programação",
    "TabLatest": "Mais recente",
    "TabLiveTV": "TV em Direto",
    "TabMetadata": "Metadados",
    "TabMovies": "Filmes",
    "TabMusic": "Música",
    "TabMusicVideos": "Videoclips",
    "TabMyPlugins": "As Minhas Extensões",
    "TabNetworks": "Redes",
    "TabNfoSettings": "Definições de Ficheiros NFO",
    "TabNotifications": "Notificações",
    "TabOther": "Outro",
    "TabParentalControl": "Controlo Parental",
    "TabPassword": "Palavra-passe",
    "TabPlayback": "Reprodução",
    "TabPlaylist": "Lista de Reprodução",
    "TabPlaylists": "Listas de Reprodução",
    "TabPlugins": "Extensões",
    "TabProfile": "Perfil",
    "TabProfiles": "Perfis",
    "TabRecordings": "Gravações",
    "TabResponses": "Respostas",
    "TabScheduledTasks": "Tarefas Agendadas",
    "TabSeries": "Séries",
    "TabServer": "Servidor",
    "TabSettings": "Configurações",
    "TabShows": "Séries",
    "TabSongs": "Músicas",
    "TabSuggestions": "Sugestões",
    "TabTranscoding": "Transcodificação",
    "TabUpcoming": "Próximos",
    "TabUsers": "Utilizadores",
    "TellUsAboutYourself": "Fale-nos sobre si",
    "ThisWizardWillGuideYou": "Este assistente irá ajudá-lo durante o processo de configuração. Para começar, selecione o idioma.",
    "Thursday": "Quinta",
    "TitlePlayback": "Reprodução",
    "TrackCount": "{0} faixas",
    "Tuesday": "Terça",
    "UninstallPluginConfirmation": "Tem a certeza de que deseja desinstalar {0}?",
    "UninstallPluginHeader": "Desinstalar Extensão",
    "Unmute": "Ativar som",
    "UserProfilesIntro": "O Jellyfin inclui suporte nativo de perfis de utilizadores, permitindo que cada utilizador tenha as suas configurações de visualização, estado da reprodução e controlos parentais.",
    "ValueAudioCodec": "Codec de Áudio: {0}",
    "ValueConditions": "Condições: {0}",
    "ValueSpecialEpisodeName": "Especial - {0}",
    "ValueTimeLimitMultiHour": "Limite de tempo: {0} horas",
    "ValueTimeLimitSingleHour": "Limite de tempo: 1 hora",
    "ValueVideoCodec": "Codec de Vídeo: {0}",
    "Wednesday": "Quarta",
    "WelcomeToProject": "Bem-vindo ao Jellyfin!",
    "WizardCompleted": "É tudo, de momento. O Jellyfin iniciou a recolha de informações da sua biblioteca multimédia. Conheça algumas das nossas aplicações e, de seguida, clique <b>Terminar</b> para ver o <b>Painel Principal</b> do Servidor.",
    "Writer": "Escritor",
    "XmlDocumentAttributeListHelp": "Estes atributos são aplicados ao elemento principal de cada resposta xml.",
    "AccessRestrictedTryAgainLater": "Acesso restrito. Por favor, tente mais tarde.",
    "AddItemToCollectionHelp": "Adicione itens às coleções pesquisando-os e utilizando o respetivo menu de toque ou clique direito para os adicionar a uma coleção.",
    "AddToCollection": "Adicionar à coleção",
    "AddToPlayQueue": "Adicionar à fila de reprodução",
    "AddedOnValue": "Adicionado {0}",
    "AirDate": "Data de estreia",
    "Albums": "Álbuns",
    "Alerts": "Alertas",
    "AllChannels": "Todos os canais",
    "AllComplexFormats": "Todos os formatos complexos (ASS, SSA, VOBSUB, PGS, SUB/IDX, etc.)",
    "AllEpisodes": "Todos os episódios",
    "AllLanguages": "Todos os idiomas",
    "AllLibraries": "Todas as bibliotecas",
    "AllowHWTranscodingHelp": "Permite ao sintonizador converter emissões em tempo real. Poderá reduzir a necessidade de conversão a fazer pelo servidor.",
    "AllowMediaConversion": "Permitir conversão multimédia",
    "AllowMediaConversionHelp": "Permitir ou negar acesso à funcionalidade de conversão multimédia.",
    "AllowOnTheFlySubtitleExtraction": "Permitir a extração de legendas em tempo real",
    "AllowOnTheFlySubtitleExtractionHelp": "Legendas integradas podem ser extraídas do vídeo e enviadas como texto simples para os clientes para evitar transcodificação. Em certos dispositivos,  é uma operação demorada e pode causar paragens de reprodução durante o processo de extração. Desative esta opção para que as legendas sejam integradas no vídeo durante a conversão para um formato suportado pelo dispositivo de destino.",
    "AllowRemoteAccess": "Permitir ligações remotas a este Jellyfin Server.",
    "AllowRemoteAccessHelp": "Se inativo, todas as ligações remotas serão bloqueadas.",
    "AllowedRemoteAddressesHelp": "Lista de IP ou IP/Máscara, separados por vírgulas, com permissão para se ligar remotamente. Se deixado em branco, todos os endereços remotos serão permitidos.",
    "AlwaysPlaySubtitles": "Mostrar sempre legendas",
    "AlwaysPlaySubtitlesHelp": "Legendas correspondentes à língua preferencial vão ser sempre carregadas, independentemente do idioma do áudio.",
    "AnyLanguage": "Qualquer idioma",
    "Artists": "Artistas",
    "Ascending": "Crescente",
    "AspectRatio": "Formato",
    "AuthProviderHelp": "Selecione um mecanismo de autenticação a ser utilizado para validar as credenciais deste utilizador.",
    "Auto": "Automático",
    "AutoBasedOnLanguageSetting": "Auomático (baseado no idioma definido)",
    "BirthDateValue": "Nascimento: {0}",
    "BirthPlaceValue": "Local de nascimento: {0}",
    "Blacklist": "Lista Negra",
    "Books": "Livros",
    "BurnSubtitlesHelp": "Determina se o servidor deve integrar as legendas durante a conversão de vídeo, dependendo do formato da legenda. Evitar integração de legendas melhora o desempenho do servidor. Selecione Auto para que legendas baseadas em imagem (VOBSUB, PGS, SUB/IDX), e certos formatos ASS/SSA sejam integrados.",
    "Channels": "Canais",
    "Collections": "Coleções",
    "Favorites": "Favoritos",
    "Folders": "Pastas",
    "Genres": "Géneros",
    "HeaderAlbumArtists": "Artistas do Álbum",
    "HeaderFavoriteShows": "Séries Favoritas",
    "HeaderFavoriteEpisodes": "Episódios Favoritos",
    "HeaderFavoriteAlbums": "Álbuns Favoritos",
    "HeaderFavoriteArtists": "Artistas Favoritos",
    "HeaderFavoriteSongs": "Músicas Favoritas",
    "Movies": "Filmes",
    "Photos": "Fotografias",
    "Playlists": "Listas de Reprodução",
    "Shows": "Séries",
    "Songs": "Músicas",
    "Sync": "Sincronização",
    "Absolute": "Absoluto",
    "CriticRating": "Avaliação da crítica",
    "ContinueWatching": "Continuar a ver",
    "ConfirmEndPlayerSession": "Deseja encerrar o Servidor Jellyfin em {0}?",
    "ConfirmDeleteImage": "Apagar a imagem?",
    "ConfigureDateAdded": "Configure a forma como é atribuída a data de adição, no painel de controlo do Servidor Jellyfin, em definições da Biblioteca",
    "CommunityRating": "Avaliação da comunidade",
    "ChannelNumber": "Número do canal",
    "ChannelNameOnly": "Apenas canal {0}",
    "ChangingMetadataImageSettingsNewContent": "Alterações às definições de transferência de metadados ou capas apenas serão aplicadas a conteúdo novo adicionado à Biblioteca. Para aplicar as alterações aos itens já existentes, necessitará de atualizar manualmente os metadados.",
    "Categories": "Categorias",
    "CancelSeries": "Cancelar gravação de série",
    "CancelRecording": "Cancelar gravação",
    "ButtonWebsite": "Website",
    "ButtonTrailer": "Trailer",
    "ButtonSelectServer": "Selecionar servidor",
    "ButtonRename": "Alterar o nome",
    "ButtonParentalControl": "Controlo parental",
    "ButtonOther": "Outro",
    "ButtonOk": "OK",
    "ButtonLibraryAccess": "Acesso à biblioteca",
    "ButtonGuide": "Programação",
    "ButtonGotIt": "Entendido",
    "ButtonEditImages": "Editar imagens",
    "ButtonDownload": "Transferir",
    "ButtonAudioTracks": "Faixas de Áudio",
    "Browse": "Procurar",
    "BoxRear": "Caixa (verso)",
    "Box": "Caixa",
    "BookLibraryHelp": "Livros de texto e áudio são suportados. Consulte o Guia de Nomenclatura de Livros Jellyfin {1}.",
    "BirthLocation": "Local de nascimento",
    "AsManyAsPossible": "Tantos quanto possível",
    "Art": "Capa",
    "Anytime": "Qualquer altura",
    "Aired": "Estreou",
    "HeaderKeepRecording": "Manter Gravação",
    "HeaderKeepSeries": "Manter Série",
    "HeaderItems": "Itens",
    "HeaderImageOptions": "Opções de Imagem",
    "HeaderHome": "Início",
    "HeaderForKids": "Para Crianças",
    "HeaderFavoriteVideos": "Vídeos Favoritos",
    "HeaderFavoriteMovies": "Filmes Favoritos",
    "HeaderExternalIds": "IDs Externos:",
    "HeaderEpisodes": "Episódios",
    "HeaderEditImages": "Editar Imagens",
    "HeaderDownloadSync": "Transferência & Sincronização",
    "HeaderDetectMyDevices": "Detetar os Meus Dispositivos",
    "HeaderDeleteProvider": "Apagar Provedor",
    "HeaderDeleteDevice": "Apagar Dispositivo",
    "HeaderDefaultRecordingSettings": "Definições de Gravação por Defeito",
    "HeaderContinueListening": "Continuar a Ouvir",
    "HeaderConnectionFailure": "Falha de Ligação",
    "HeaderConfirmPluginInstallation": "Confirmar Instalação de Extensão",
    "HeaderConfigureRemoteAccess": "Configurar Acesso Remoto",
    "HeaderChapterImages": "Imagens do Capítulo",
    "HeaderCancelSeries": "Cancelar Gravação de Série",
    "HeaderCancelRecording": "Cancelar Gravação",
    "HeaderBooks": "Livros",
    "HeaderAudioBooks": "Livros de Áudio",
    "HeaderAllowMediaDeletionFrom": "Permitir remoção de multimédia a partir de",
    "HeaderAlert": "Alerta",
    "HeaderAlbums": "Álbuns",
    "HeaderAddToPlaylist": "Adicionar à Lista de Reprodução",
    "HandledByProxy": "Gerido pelo proxy inverso",
    "HDPrograms": "Programas HD",
    "H264EncodingPresetHelp": "Escolha um valor mais rápido para melhorar o desempenho, ou um valor mais lento para melhorar a qualidade.",
    "Guide": "Programação",
    "GuestStar": "Estrela convidada",
    "GroupVersions": "Agrupar versões",
    "GroupBySeries": "Agrupar por série",
    "GenresValue": "Géneros: {0}",
    "GenreValue": "Género: {0}",
    "General": "Geral",
    "FormatValue": "Formato: {0}",
    "ForAdditionalLiveTvOptions": "Para encontrar provedores de serviços de TV, clique no separador Serviços para ver os provedores disponíveis.",
    "FolderTypeUnset": "Conteúdo misto",
    "Filters": "Filtros",
    "File": "Ficheiro",
    "Favorite": "Favoritos",
    "FFmpegSavePathNotFound": "Não foi possível encontrar o binário FFmpeg na localização que introduziu. O binário FFprobe também é necessário, e deve estar na mesma pasta. Estes componentes são, por norma, instalados em conjunto. Por favor, verifique o caminho da localização e tente de novo.",
    "Extras": "Extras",
    "ExtraLarge": "Extra grande",
    "EveryNDays": "A cada {0} dias",
    "ErrorSavingTvProvider": "Ocorreu um erro ao guardar o provedor do serviços de TV. Por favor, garanta que está acessível e tente de novo.",
    "ErrorMessageStartHourGreaterThanEnd": "A hora de fim deve ser superior à hora de início.",
    "ErrorDeletingItem": "Ocorreu um erro ao apagar o item do Servidor Jellyfin. Por favor, verifique o acesso de escrita do Servidor Jellyfin à pasta e tente de novo.",
    "ErrorAddingTunerDevice": "Ocorreu um erro ao adicionar o dispositivo de sintonização. Por favor, garanta que está acessível e tente de novo.",
    "ErrorAddingXmlTvFile": "Ocorreu um erro ao aceder ao ficheiro XmlTV. Por favor, garanta que o ficheiro está acessível e tente de novo.",
    "Episodes": "Episódios",
    "EndsAtValue": "Termina às {0}",
    "EnablePhotosHelp": "Fotografias serão detetadas e mostradas em conjunto com outros ficheiros multimédia.",
    "EnablePhotos": "Ativar fotografias",
    "EnableNextVideoInfoOverlayHelp": "No final de um vídeo, mostrar informação sobre o próximo vídeo da lista de reprodução.",
    "EnableNextVideoInfoOverlay": "Ativar informação sobre o próximo vídeo durante a reprodução",
    "EnableHardwareEncoding": "Ativar codificação por hardware",
    "EnableExternalVideoPlayersHelp": "O menu de um reprodutor externo será mostrado no início da reprodução de vídeo.",
    "EnableExternalVideoPlayers": "Ativar reprodutores de vídeo externos",
    "EnableDisplayMirroring": "Ativar espelho de ecrã",
    "EnableColorCodedBackgrounds": "Ativar código de cores para o fundo",
    "EditSubtitles": "Editar legendas",
    "EditMetadata": "Editar metadados",
    "EditImages": "Editar imagens",
    "DrmChannelsNotImported": "Canais com proteção DRM não serão importados.",
    "DownloadsValue": "{0} transferências",
    "Download": "Transferir",
    "DoNotRecord": "Não gravar",
    "DisplayModeHelp": "Selecione o tipo de ecrã onde o Jellyfin será utilizado.",
    "DisplayMissingEpisodesWithinSeasonsHelp": "Deve também ser ativado para as bibliotecas de TV no Painel Principal do Servidor Jellyfin.",
    "DisplayMissingEpisodesWithinSeasons": "Mostrar episódios em falta numa série",
    "DisplayInOtherHomeScreenSections": "Mostrar no ecrã principal em secções como multimédia recente ou continue a ver",
    "DisplayInMyMedia": "Mostrar no ecrã principal",
    "Dislike": "Não gosto",
    "Disconnect": "Desligar",
    "Disabled": "Desativado",
    "DirectStreaming": "Reprodução direta",
    "DirectStreamHelp2": "Reprodução direta de um ficheiro requer pouco processamento e não implica perda de qualidade num vídeo.",
    "DefaultSubtitlesHelp": "As legendas são carregadas com base nas definições por defeito ou forçado nos metadados. As preferências de idioma são consideradas quando existem múltiplas opções disponíveis.",
    "DefaultMetadataLangaugeDescription": "Estes são os valores por defeito que podem ser customizados para cada uma das bibliotecas.",
    "DefaultErrorMessage": "Ocorreu um erro a processar o pedido. Por favor, tente novamente mais tarde.",
    "Default": "Por defeito",
    "DeathDateValue": "Faleceu: {0}",
    "DatePlayed": "Reproduzido a",
    "DateAdded": "Adicionado a",
    "MessageContactAdminToResetPassword": "Por favor, contacte o Administrador de sistema para repôr a sua password.",
    "MessageConfirmRemoveMediaLocation": "Tem a certeza de que deseja remover esta localização?",
    "MessageConfirmDeleteTunerDevice": "Tem a certeza de que deseja remover este dispositivo?",
    "UserAgentHelp": "Forneça um user-agent HTTP personalizado, se necessário.",
    "OptionProtocolHttp": "HTTP",
    "OptionProtocolHls": "Emissão HTTP em direto",
    "LabelHomeScreenSectionValue": "Secção {0} do Painel Principal:",
    "LabelHomeNetworkQuality": "Qualidade da rede interna:",
    "LabelH264EncodingPreset": "Preset para codificação H264:",
    "LabelH264Crf": "CRF para codificação H264:",
    "LabelFont": "Tipo de Letra:",
    "LabelFileOrUrl": "Ficheiro ou URL:",
    "LabelDynamicExternalId": "{0} ID:",
    "LabelDropShadow": "Realce:",
    "LabelDropImageHere": "Arraste a imagem para aqui, ou clique para procurar.",
    "LabelDisplayMode": "Modo de apresentação:",
    "LabelDisplayLanguageHelp": "A tradução do Jellyfin é um projeto em desenvolvimento contínuo.",
    "LabelDisplayLanguage": "Idioma:",
    "LabelDefaultScreen": "Ecrã por defeito:",
    "LabelDeathDate": "Data de falecimento:",
    "LabelDateTimeLocale": "Localização da data/hora:",
    "LabelDashboardTheme": "Tema do Painel Principal:",
    "LabelCertificatePasswordHelp": "Se o certificado requer uma palavra-passe, escreva-a aqui.",
    "LabelCertificatePassword": "Palavra-passe do certificado:",
    "LabelBurnSubtitles": "Integrar legendas:",
    "LabelBirthYear": "Ano de nascimento:",
    "LabelBirthDate": "Data de nascimento:",
    "LabelBindToLocalNetworkAddressHelp": "Opcional. Indique um endereço IP de uma interface de rede local para colocar o servidor à escuta. Se deixado em branco, o servidor ficará à escuta em todas as interfaces de rede disponíveis. Alterar este parâmetro implica reiniciar o Servidor Jellyfin.",
    "LabelBindToLocalNetworkAddress": "Endereço local para colocar o servidor à escuta:",
    "LabelAutomaticallyRefreshInternetMetadataEvery": "Atualizar metadados automaticamente a partir da Internet:",
    "LabelAuthProvider": "Provedor de autenticação:",
    "LabelAudio": "Áudio:",
    "LabelAllowedRemoteAddressesMode": "Tipo de filtro de IP remoto:",
    "LabelAllowedRemoteAddresses": "Filtro de IP remoto:",
    "LabelAllowHWTranscoding": "Permitir transcodificação por hardware",
    "LabelAlbumArtHelp": "PN utilizado para a capa do álbum no atributo dlna:profileID/upnp:albumArtURI. Alguns dispositivos requerem um valor específico, independentemente to tamanho da imagem.",
    "LabelAbortedByServerShutdown": "(Abortado - Servidor encerrado)",
    "Kids": "Crianças",
    "Items": "Itens",
    "InstallingPackage": "A instalar {0}",
    "HttpsRequiresCert": "Para ativar ligações seguras, é necessário fornecer um certificado SSL confiável. Forneça um certificado SSL ou desative as ligações seguras.",
    "DirectStreamHelp1": "O tipo de multimédia (H.264, AC3, etc.) e a sua resolução são compatíveis com o dispositivo, no entanto, o formato (.mkv, .avi, .wmv, etc.) não é. O conteúdo é reempacotado em tempo real antes de ser enviado para o dispositivo.",
    "DirectPlaying": "Reprodução direta",
    "Backdrop": "Imagem de Fundo",
    "SortChannelsBy": "Ordenar canais por:",
    "PlaceFavoriteChannelsAtBeginning": "Mover canais favoritos para o início",
    "OneChannel": "Um canal",
    "MediaInfoChannels": "Canais",
    "MapChannels": "Mapear Canais",
    "LabelChannels": "Canais:",
    "XmlTvPathHelp": "Caminho para um ficheiro XMLTV. O Servidor Jellyfin vai ler o ficheiro periodicamente para atualizar a programação de TV. O utilizador é responsável por criar e manter o ficheiro atualizado.",
    "TV": "TV",
    "LiveTV": "TV em Direto",
    "LabelSelectFolderGroups": "Agrupar automaticamente o conteúdo das seguintes pastas em vistas como Filmes, Música e TV:",
    "HeaderUpcomingOnTV": "A Seguir",
    "HeaderLiveTvTunerSetup": "Configurar Sintonizador de TV",
    "ButtonUp": "Para cima",
    "ButtonDown": "Para baixo",
    "RecordSeries": "Gravar série",
    "LabelKeepUpTo": "Manter, no máximo:",
    "AroundTime": "Por volta das {0}",
    "SeriesDisplayOrderHelp": "Ordenar episódios por data de estreia, ordem no DVD ou numeração absoluta.",
    "SearchResults": "Resultados da Pesquisa",
    "SearchForMissingMetadata": "Procurar metadados em falta",
    "Screenshots": "Capturas de Ecrã",
    "Screenshot": "Captura de Ecrã",
    "Schedule": "Agendamentos",
    "ScanForNewAndUpdatedFiles": "Procurar ficheiros novos ou atualizados",
    "SaveSubtitlesIntoMediaFoldersHelp": "Guardar ficheiros de legendas junto aos ficheiros vídeo facilita a gestão.",
    "SaveSubtitlesIntoMediaFolders": "Guardar legendas nas pastas multimédia",
    "Runtime": "Duração",
    "RunAtStartup": "Executar no arranque",
    "ResumeAt": "Retomar a partir de {0}",
    "RestartPleaseWaitMessage": "Por favor aguarde enquanto o Servidor Jellyfin reinicia. Poderá demorar alguns minutos.",
    "RequiredForAllRemoteConnections": "Necessário para todas as ligações externas",
    "ReplaceAllMetadata": "Substituir todos os metadados",
    "RepeatOne": "Repetir este",
    "RepeatMode": "Modo de repetição",
    "ServerRestartNeededAfterPluginInstall": "O Servidor Jellyfin necessitará de reiniciar depois de instalar uma extensão.",
    "NoPluginConfigurationMessage": "Esta extensão não é configurável.",
    "MessagePluginInstallDisclaimer": "As extensões desenvolvidas pela comunidade Jellyfin são uma ótima forma de melhorar a experiência de utilização do Jellyfin, adicionando novas funcionalidades e benefícios. Antes de proceder à instalação, tenha em atenção que estas podem alterar determinados comportamentos no Servidor Jellyfin e provocar efeitos como tempos de atualização da Biblioteca mais longos, processamento adicional em segundo plano e estabilidade do sistema reduzida.",
    "MessagePluginConfigurationRequiresLocalAccess": "Para configurar esta extensão, inicie sessão localmente no servidor.",
    "MessageInstallPluginFromApp": "Esta extensão deverá ser instalada a partir da aplicação onde tem intenção de a utilizar.",
    "HeaderPluginInstallation": "Instalação de Extensão",
    "PluginInstalledMessage": "A extensão foi instalada com sucesso. O Servidor Jellyfin necessitará de reiniciar para aplicar as alterações.",
    "PleaseRestartServerName": "Por favor, reinicie o Servidor Jellyfin - {0}.",
    "PleaseConfirmPluginInstallation": "Por favor clique em OK para confirmar que leu o conteúdo acima, e que deseja prosseguir com a instalação da extensão.",
    "PleaseAddAtLeastOneFolder": "Por favor, adicione pelo menos uma pasta a esta Biblioteca, utilizando para isso o botão Adicionar.",
    "Played": "Reproduzido",
    "PlayNext": "Reproduzir a seguir",
    "PlayFromBeginning": "Reproduzir do início",
    "PlayCount": "N.º de Reproduções",
    "PlaybackData": "Dados de Reprodução",
    "PlayAllFromHere": "Reproduzir todos a partir daqui",
    "PerfectMatch": "Correspondência perfeita",
    "People": "Pessoas",
    "PasswordResetProviderHelp": "Selecione um provedor de reposição de palavra-passe a ser usado quando um utilizador requisita uma reposição de palavra-passe",
    "PackageInstallFailed": "Instalação de {0} falhada.",
    "PackageInstallCompleted": "Instalação de {0} terminada.",
    "PackageInstallCancelled": "Instalação de {0} cancelada.",
    "Overview": "Resumo",
    "OriginalAirDateValue": "Data de estreia original: {0}",
    "OptionSubstring": "Parte de palavra",
    "LatestFromLibrary": "Mais Recentes em {0}",
    "HideWatchedContentFromLatestMedia": "Ocultar títulos já vistos do conteúdo recente",
    "MessageUnableToConnectToServer": "Não foi possível estabelecer ligação ao servidor. Por favor, certifique-se de que o servidor está a correr e tente de novo.",
    "HeaderStartNow": "Iniciar",
    "HeaderOnNow": "No Ar",
    "Unplayed": "Por reproduzir",
    "RemoveFromPlaylist": "Remover da lista de reprodução",
    "LabelUserRemoteClientBitrateLimitHelp": "Esta opção irá sobrepor-se ao valor global por defeito nas definições de reprodução do servidor.",
    "MarkUnplayed": "Marcar como Não Visto",
    "MarkPlayed": "Marcar como Visto",
    "LabelSelectFolderGroupsHelp": "Pastas não selecionadas serão apresentadas sozinhas, na sua própria vista.",
    "LabelPlaylist": "Lista de Reprodução:",
    "HeaderPlayOn": "Reproduzir Em",
    "HeaderNextVideoPlayingInValue": "Reprodução do próximo vídeo a iniciar em {0}",
    "HeaderNextEpisodePlayingInValue": "Reprodução do próximo episódio a iniciar em {0}",
    "HardwareAccelerationWarning": "Ativar a aceleração por hardware pode causar instabilidade em alguns ambientes. Garanta que o sistema operativo e os controladores da placa gráfica estão completamente atualizados. Se tiver dificuldades em reproduzir vídeo depois de alterar esta opção, pode ser necessário repôr em \\\"Auto\\\".",
    "Display": "Visualização",
    "ManageLibrary": "Gerir biblioteca",
    "HeaderLibraryOrder": "Ordenação da Biblioteca",
    "EnableThemeVideosHelp": "Se ativado, serão reproduzidos vídeos do tema em plano de fundo durante a navegação pela Biblioteca.",
    "EnableThemeSongsHelp": "Se ativado, serão reproduzidas músicas do tema em plano de fundo durante a navegação pela Biblioteca.",
    "EnableBackdropsHelp": "Se ativado, serão mostradas imagens de fundo em algumas páginas durante a navegação pela Biblioteca.",
    "MediaInfoSize": "Tamanho",
    "LabelTextSize": "Tamanho do Texto:",
    "HeaderSubtitleAppearance": "Aparência das Legendas",
    "ShowAdvancedSettings": "Mostrar configurações avançadas",
    "OptionDownloadImagesInAdvance": "Tansferir imagens antecipadamente",
    "SkipEpisodesAlreadyInMyLibraryHelp": "Os episódios vão ser comparados utilizando os números de episódio e temporada, quando disponíveis.",
    "SkipEpisodesAlreadyInMyLibrary": "Não gravar episódios que já estejam presentes na Biblioteca",
    "LabelSkipForwardLength": "Recuar reprodução (segundos):",
    "LabelSkipBackLength": "Avançar reprodução (segundos):",
    "DropShadow": "Sombreado",
    "Uniform": "Uniforme",
    "Raised": "Alto relevo",
    "Depressed": "Baixo relevo",
    "OptionEnableExternalContentInSuggestionsHelp": "Permitir que trailers da Internet e programas de TV em Direto sejam incluídos no conteúdo sugerido.",
    "H264CrfHelp": "O parâmetro \\\"Constant Rate Factor (CRF)\\\" é o que define por defeito o nível de qualidade para o codificador x264. Os valores aceites são entre 0 e 51, em que valores mais baixos resultam em maior qualidade (com o custo de ficheiros maiores). Os valores considerados aceitáveis estão entre 18 e 28. O valor por defeito é 23, podendo ser considerado um ponto de partida para ajustes.",
    "TabStreaming": "Transmissão",
    "SimultaneousConnectionLimitHelp": "Número máximo de transmissões permitido. Zero equivale a sem limite.",
    "LabelSimultaneousConnectionLimit": "Limite de transmissões simultâneas:",
    "LabelMaxStreamingBitrate": "Qualidade máxima de transmissão:",
    "LabelMaxChromecastBitrate": "Qualidade de transmissão para Chromecast:",
    "EnableStreamLoopingHelp": "Ative esta opção no caso de a transmissão em direto apenas conter alguns segundos de dados, e necessitar de ser continuamente requisitada. Ativar esta opção quando não é necessário pode causar problemas.",
    "LiveBroadcasts": "Emissões em Direto",
    "Live": "Em Direto",
    "Sports": "Desporto",
    "News": "Notícias",
    "Programs": "Programas",
    "HeaderMovies": "Filmes",
    "DirectorsValue": "Realização: {0}",
    "DirectorValue": "Realizador: {0}",
    "ButtonOff": "Desligado"
}
