{
    "Absolute": "Gesamt",
    "AccessRestrictedTryAgainLater": "Der Zugriff ist derzeit eingeschränkt. Bitte versuche es später erneut.",
    "Actor": "Darsteller(in)",
    "Add": "Hinzufügen",
    "AddGuideProviderHelp": "Fernsehprogrammquelle hinzufügen",
    "AddItemToCollectionHelp": "Fügen Sie Elemente zu Sammlungen hinzu, indem Sie sie suchen und deren Rechtsklick- oder Antippmenü benutzen.",
    "AddToCollection": "Zur Sammlung hinzufügen",
    "AddToPlayQueue": "Zur Warteschlange hinzufügen",
    "AddToPlaylist": "Zur Wiedergabeliste hinzufügen",
    "AddUser": "Benutzer anlegen",
    "AddUserByManually": "Lege einen lokalen User durch manuelle Eingabe der User-Informationen an.",
    "AddedOnValue": "{0} hinzugefügt",
    "AdditionalNotificationServices": "Schau im Pluginkatalog, um weitere Benachrichtigungsdienste zu installieren.",
    "AirDate": "Erstausstrahlung",
    "Aired": "Ausgestrahlt",
    "Albums": "Alben",
    "All": "Alle",
    "AllChannels": "Alle Kanäle",
    "AllComplexFormats": "Alle komplexen Formate (ASS, SSA, VOBSUB, PGS, SUB/IDX, etc.)",
    "AllEpisodes": "Alle Folgen",
    "AllLanguages": "Alle Sprachen",
    "AllLibraries": "Alle Bibliotheken",
    "AllowDeletionFromAll": "Erlaube Medienlöschung in allen Bibliotheken",
    "AllowHWTranscodingHelp": "Dem Tuner erlauben, Streams in Echtzeit zu transkodieren. Das hilft eventuell, die Transkodierung durch den Jellyfin Server zu reduzieren.",
    "AllowMediaConversion": "Erlaube Medienkonvertierung",
    "AllowMediaConversionHelp": "Erlaube oder unterbinde Zugriff auf die Medienkonvertierung.",
    "AllowOnTheFlySubtitleExtraction": "Erlaube Untertitelextraktion \"on-the-fly\"",
    "AllowOnTheFlySubtitleExtractionHelp": "Eingebettete Untertitel können aus Videos extrahiert und im Textformat an Clients gesendet werden um die Videotranskodierung zu vermeiden. Auf manchen Systemen kann dieser Vorgang eine lange Zeit in Anspruch nehmen und die Videowiedergabe während der Extraktion unterbrochen werden. Deaktiviere diese Option um eingebettete Untertitel während der Videotranskodierung einbrennen zu lassen, wenn sie nicht nativ vom Client unterstützt werden.",
    "AllowRemoteAccess": "Erlaube externe Verbindungen zu diesem Jellyfin Server.",
    "AllowRemoteAccessHelp": "Wenn deaktiviert werden alle externen Verbindungen blockiert.",
    "AllowSeasonalThemes": "Erlaube automatische Jahreszeitenmotive",
    "AllowSeasonalThemesHelp": "Wenn aktiviert, werden Jahreszeitenmotive von Zeit zu Zeit deine Motiveinstellungen überschreiben.",
    "AllowedRemoteAddressesHelp": "Kommagetrennte Liste von IP Adressen oder IP/Netzmasken für Netzwerke, für die externe Verbindungen erlaubt sind. Wenn leer, sind alle Adressen erlaubt.",
    "AlwaysPlaySubtitles": "Untertitel immer einblenden",
    "AlwaysPlaySubtitlesHelp": "Untertitel die den Spracheinstellungen entsprechen werden unabhängig von der Tonspursprache geladen.",
    "AnyLanguage": "Jede Sprache",
    "Anytime": "Jederzeit",
    "AroundTime": "Um {0}",
    "Artists": "Interpreten",
    "AsManyAsPossible": "So viele wie möglich",
    "Ascending": "Aufsteigend",
    "AspectRatio": "Seitenverhältnis",
    "AttributeNew": "Neu",
    "AudioBitDepthNotSupported": "Audiobittiefe nicht unterstützt",
    "AudioBitrateNotSupported": "Audiobitrate nicht unterstützt",
    "AudioChannelsNotSupported": "Audiokanäle nicht unterstützt",
    "AudioCodecNotSupported": "Audiocodec nicht unterstützt",
    "AudioProfileNotSupported": "Audioprofil nicht unterstützt",
    "AudioSampleRateNotSupported": "Tonabtastrate nicht unterstützt",
    "AutoBasedOnLanguageSetting": "Automatisch (basierend auf Spracheinstellung)",
    "Backdrop": "Hintergrund",
    "Backdrops": "Hintergründe",
    "BirthDateValue": "Geboren: {0}",
    "BirthLocation": "Geburtsort",
    "BirthPlaceValue": "Geburtsort: {0}",
    "BobAndWeaveWithHelp": "Bob & Weave (höhere Qualität, aber langsamer)",
    "BookLibraryHelp": "Hörbücher und E-Books werden unterstützt. Schaue in den {0}Book Naming Guide {1}.",
    "Books": "Bücher",
    "BoxRear": "Box (Rückseite)",
    "Browse": "Blättern",
    "BrowsePluginCatalogMessage": "Durchsuche unsere Bibliothek, um alle verfügbaren Plugins anzuzeigen.",
    "BurnSubtitlesHelp": "Legt fest, ob der Server die Untertitel basierend auf deren Format während der Videokonvertierung einbrennen soll. Die Vermeidung des Einbrennen von Untertiteln verbessert die Serverperformance. Wähle Auto, um Bildfomate (z.B. VOBSUB, PGS, SUB/IDX, etc.) sowie bestimmte ASS/SSA-Untertitel einbrennen zu lassen.",
    "ButtonAdd": "Hinzufügen",
    "ButtonAddMediaLibrary": "Füge Medienbibliothek hinzu",
    "ButtonAddScheduledTaskTrigger": "Auslöser hinzufügen",
    "ButtonAddServer": "Server hinzufügen",
    "ButtonAddUser": "User hinzufügen",
    "ButtonArrowDown": "Ab",
    "ButtonArrowLeft": "Links",
    "ButtonArrowRight": "Rechts",
    "ButtonArrowUp": "Auf",
    "ButtonAudioTracks": "Audiospuren",
    "ButtonBack": "Zurück",
    "ButtonCancel": "Abbrechen",
    "ButtonChangeServer": "Wechsel Server",
    "ButtonConnect": "Verbinde",
    "ButtonDelete": "Löschen",
    "ButtonDeleteImage": "Lösche Bild",
    "ButtonDown": "Runter",
    "ButtonEdit": "Bearbeiten",
    "ButtonEditImages": "Bearbeite Bilder",
    "ButtonEditOtherUserPreferences": "Bearbeite dieses Benutzerprofil, das Benutzerbild und die persönlichen Einstellungen.",
    "ButtonForgotPassword": "Passwort vergessen",
    "ButtonFullscreen": "Vollbild",
    "ButtonGotIt": "Verstanden",
    "ButtonGuide": "TV Guide",
    "ButtonHelp": "Hilfe",
    "ButtonLearnMore": "Erfahre mehr",
    "ButtonLibraryAccess": "Bibliothekszugang",
    "ButtonManualLogin": "Manuelle Anmeldung",
    "ButtonMore": "Mehr",
    "ButtonNetwork": "Netzwerk",
    "ButtonNew": "Neu",
    "ButtonNextTrack": "Nächstes Stück",
    "ButtonOff": "Ausschalten",
    "ButtonOpen": "Öffnen",
    "ButtonParentalControl": "Kindersicherung",
    "ButtonPlay": "Abspielen",
    "ButtonPreviousTrack": "Vorheriges Stück",
    "ButtonProfile": "Profil",
    "ButtonQuickStartGuide": "Schnellstart Anleitung",
    "ButtonRefresh": "Aktualisieren",
    "ButtonRefreshGuideData": "Aktualisiere TV-Programmdaten",
    "ButtonRemove": "Entfernen",
    "ButtonRename": "Umbenennen",
    "ButtonRepeat": "Wiederholung",
    "ButtonResetEasyPassword": "Einfachen PIN zurücksetzen",
    "ButtonResetPassword": "Passwort zurücksetzten",
    "ButtonRestart": "Neustart",
    "ButtonResume": "Fortsetzen",
    "ButtonRevoke": "Zurücknehmen",
    "ButtonSave": "Speichern",
    "ButtonScanAllLibraries": "Scanne alle Bibliotheken",
    "ButtonSearch": "Suche",
    "ButtonSelectDirectory": "Wähle Verzeichnis",
    "ButtonSelectServer": "Wähle Server",
    "ButtonSelectView": "Ansicht wählen",
    "ButtonSend": "senden",
    "ButtonSettings": "Einstellungen",
    "ButtonShuffle": "Zufallswiedergabe",
    "ButtonShutdown": "Herunterfahren",
    "ButtonSignIn": "Einloggen",
    "ButtonSignOut": "Abmelden",
    "ButtonSort": "Sortieren",
    "ButtonStop": "Stopp",
    "ButtonSubmit": "Bestätigen",
    "ButtonSubtitles": "Untertitel",
    "ButtonUninstall": "Deinstallieren",
    "ButtonUp": "Hoch",
    "ButtonViewWebsite": "Besuche die Website",
    "CancelRecording": "Aufnahme abbrechen",
    "CancelSeries": "Serien abbrechen",
    "Categories": "Kategorien",
    "ChannelAccessHelp": "Wähle die Kanäle, die mit diesem Benutzer geteilt werden sollen. Administratoren sind in der Lage alle Känale über den Metadaten-Manager zu bearbeiten.",
    "ChannelNameOnly": "Nur Kanal {0}",
    "ChannelNumber": "Kanalnummer",
    "Channels": "Kanäle",
    "CinemaModeConfigurationHelp": "Der Kinomodus bringt das Kinoerlebnis direkt in dein Wohnzimmer, mit der Fähigkeit Trailer und benutzerdefinierte Intros vor dem Hauptfilm abzuspielen.",
    "Collections": "Sammlungen",
    "ColorSpace": "Farbraum",
    "CommunityRating": "Community Bewertung",
    "Composer": "Komponist",
    "ConfigureDateAdded": "Bestimme in den Bibliotheks-Einstellungen des Jellyfin Server Dashboards, wie das Feld \"Hinzugefügt am\" interpretiert werden soll",
    "ConfirmDeleteImage": "Bild löschen?",
    "ConfirmDeleteItem": "Löschen dieses Eintrages bedeutet das Löschen der Datei und das Entfernen aus der Medien-Bibliothek. Möchtest du wirklich fortfahren?",
    "ConfirmDeleteItems": "Das Löschen dieser Objekte löscht die Dateien vom Laufwerk und in deiner Medienbibliothek. Bist du wirklich sicher?",
    "ConfirmDeletion": "Bestätige Löschung",
    "ConfirmEndPlayerSession": "Möchtest du Jellyfin auf {0} beenden?",
    "Connect": "Verbinde",
    "ContinueWatching": "Weiterschauen",
    "Continuing": "Fortlaufend",
    "CriticRating": "Kritiker Bewertung",
    "CustomDlnaProfilesHelp": "Erstelle ein benutzerdefiniertes Profil für ein neues Zielgerät, oder um ein vorhandenes Systemprofil zu überschreiben.",
    "DateAdded": "Hinzugefügt am",
    "DatePlayed": "Abgespielt am",
    "DeathDateValue": "Gestorben: {0}",
    "Default": "Standard",
    "DefaultErrorMessage": "Es gab einen Fehler beim verarbeiten der Anfrage. Bitte versuche es später erneut.",
    "DefaultMetadataLangaugeDescription": "Das sind deine Default-Werte, die bibliotheksspezifisch verändert werden können.",
    "DefaultSubtitlesHelp": "Untertitel werden gemäß der Standard- und Erzwungen-Ansicht aus den eingebetteten Metadaten geladen. Spracheinstellungen werden zur Verfügung gestellt, wenn mehrere Sprachen verfügbar sind.",
    "Delete": "Löschen",
    "DeleteDeviceConfirmation": "Bist du dir sicher dieses Gerät löschen zu wollen? Es wird wieder angezeigt werden, sobald sich ein Benutzer darüber einloggt.",
    "DeleteImage": "Bild löschen",
    "DeleteImageConfirmation": "Möchtest du dieses Bild wirklich löschen?",
    "DeleteMedia": "Medien löschen",
    "DeleteUser": "Benutzer löschen",
    "DeleteUserConfirmation": "Möchtest du den Benutzer wirklich löschen?",
    "Depressed": "Gedrückt",
    "Descending": "Absteigend",
    "DetectingDevices": "Suche Geräte",
    "DeviceAccessHelp": "Dies wird nur auf Geräte angewandt die eindeutig identifiziert werden können und verhindert nicht den Web-Zugriff. Gefilterter Zugriff auf Geräte verhindert die Nutzung neuer Geräte solange, bis der Zugriff für diese freigegeben wird.",
    "DirectPlaying": "Direktes Abspielen",
    "DirectStreamHelp1": "Das Medium ist mit dem Abspielgerät kompatibel bzgl. Auflösung und Codecs (H.264, AC3, etc.), besitzt jedoch ein inkompatibles Containerformat (mkv, avi, wmv, etc.). Das Video wird in Echtzeit neuverpackt bevor es zum Abspielgerät gestreamt wird.",
    "DirectStreamHelp2": "Direktes Streaming von Dateien benötigt sehr wenig Rechenleistung ohne Verlust der Videoqualität.",
    "DirectStreaming": "Direktes Streaming",
    "Director": "Regisseur",
    "DirectorValue": "Regisseur: {0}",
    "DirectorsValue": "Regisseure: {0}",
    "Disabled": "Abgeschaltet",
    "Disc": "Disk",
    "Disconnect": "Verbindung trennen",
    "Dislike": "Mag ich nicht",
    "Display": "Anzeige",
    "DisplayInMyMedia": "Zeige auf Homescreen",
    "DisplayInOtherHomeScreenSections": "Zeige auf dem Homescreen Bereiche wie 'Neueste Medien' oder 'Weiterschauen'",
    "DisplayMissingEpisodesWithinSeasons": "Zeige fehlende Episoden innerhalb von Staffeln",
    "DisplayMissingEpisodesWithinSeasonsHelp": "Dies muss auch für Serienbibliotheken in den Servereinstellungen aktiviert sein.",
    "DisplayModeHelp": "Bitte wähle den Typ des Bildschirms auf dem Du Jellyfin verwendest.",
    "DoNotRecord": "Nicht aufnehmen",
    "Down": "Runter",
    "DownloadsValue": "{0} Downloads",
    "DrmChannelsNotImported": "Verschlüsselte Kanäle werden nicht importiert.",
    "DropShadow": "Schlagschatten",
    "EasyPasswordHelp": "Die vereinfachte PIN-Eingabe wird für Offline-Zugriffe über unterstützte Clients verwendet. Sie kann ebenso für ein einfaches Einloggen über das eigene Netzwerk verwendet werden.",
    "Edit": "Bearbeiten",
    "EditImages": "Bearbeite Bilder",
    "EditMetadata": "Bearbeite Metadaten",
    "EditSubtitles": "Untertitel bearbeiten",
    "EnableBackdrops": "Hintergründe",
    "EnableBackdropsHelp": "Zeige während des Browsens durch die Bibliothek auf einigen Seiten passende Hintergründe an.",
    "EnableCinemaMode": "Kino-Modus",
    "EnableColorCodedBackgrounds": "Farbige Hintergründe",
    "EnableDisplayMirroring": "Display-Spiegelung",
    "EnableExternalVideoPlayers": "Externe Videoplayer",
    "EnableExternalVideoPlayersHelp": "Ein Menü für externe Videoplayer wird beim Start der Videowiedergabe angezeigt.",
    "EnableHardwareEncoding": "Aktiviere Hardware-Encoding",
    "EnableNextVideoInfoOverlay": "Zeige \"Next-Video-Info\" während der Wiedergabe",
    "EnableNextVideoInfoOverlayHelp": "Zeige Informationen über das nächste abzuspielende Video in der aktuellen Abspielliste am Ende des laufenden Videos an.",
    "EnablePhotos": "Zeige Fotos",
    "EnablePhotosHelp": "Bilder werden erkannt und neben anderen Mediendateien angezeigt.",
    "EnableStreamLooping": "Auto-Schleife Live Streams",
    "EnableStreamLoopingHelp": "Aktivieren, wenn Live Streams nur ein paar Sekunden Daten enthalten und ständig angefragt werden müssen. Kann zu Problemen führen wenn aktiviert, obwohl nicht nötig.",
    "EnableThemeSongs": "Titelmelodien",
    "EnableThemeSongsHelp": "Titelmusik wird während des Blätterns durch die Bibliothek im Hintergrund abgespielt.",
    "EnableThemeVideos": "Titelvideos",
    "EnableThemeVideosHelp": "Titelvideos werden während des Blätterns durch die Bibliothek im Hintergrund abgespielt.",
    "Ended": "Beendent",
    "EndsAtValue": "Endet um {0}",
    "Episodes": "Episoden",
    "ErrorAddingListingsToSchedulesDirect": "Ein Fehler trat beim Hinzufügen Ihrer Zusammenstellung zu Ihrem Schedules Direct Konto auf. Schedules Direct erlaubt nur eine begrenzte Anzahl von Zusammenstellungen je Account.  Sie sollten sich auf der Website in Ihrem Schedules-Direct Konto einloggen und ein paar Zusammenstellungen von Ihrem Konto löschen bevor Sie fortfahren.",
    "ErrorAddingMediaPathToVirtualFolder": "Ein Fehler trat beim Hinzufügen eines Medienverzeichnisses auf. Bitte stellen Sie sicher, dass der Pfad gültig ist und der Jellyfin Server Prozess die notwendigen Zugriffsrechte besitzt.",
    "ErrorAddingTunerDevice": "Es trat ein Fehler beim hinzufügen eines Tuners auf. Bitte stellen Sie sicher das dieser erreichbar ist und versuchen Sie es erneut.",
    "ErrorAddingXmlTvFile": "Fehler beim Zugriff auf die XMLTV Datei. Stelle bitte sicher, dass die Datei existiert und versuche es nochmal.",
    "ErrorDeletingItem": "Fehler beim Löschen des Mediums vom Jellyfin Server. Bitte stelle sicher dass der Jellyfin Server Schreibzugriff auf den Dateiordner hat und versuche es erneut.",
    "ErrorGettingTvLineups": "Ein Fehler trat beim Herunterladen des Fernsehprogramms auf. Bitte stellen Sie sicher, dass Ihre Informationen korrekt sind und versuchen Sie es erneut.",
    "ErrorMessageStartHourGreaterThanEnd": "Die Endzeit muss größer als die Startzeit sein.",
    "ErrorPleaseSelectLineup": "Bitte wählen Sie ein TV Programm und versuchen Sie es erneut. Wenn keine Programme verfügbar sind prüfen Sie bitte Benutzername, Passwort und Ihre Postleitzahl.",
    "ErrorSavingTvProvider": "Ein Fehler beim speichern des TV Verzeichnisses trat auf. Bitte stellen Sie sicher das dieser erreichbar ist und versuchen Sie es erneut.",
    "EveryNDays": "Alle {0} Tage",
    "ExitFullscreen": "Vollbild verlassen",
    "ExtraLarge": "Extragroß",
    "ExtractChapterImagesHelp": "Das Extrahieren von Kapitel-Bildern ermöglicht es Jellyfin-Apps eine grafische Szenenauswahl anzubieten. Das Erstellen ist recht langsam, rechenintensiv und erfordert ggf. einige Gigabyte an freien Speicherplatz. Diese Aufgabe startet wenn neue Videos erkannt werden und ebenso als eine nächtliche Aufgabe. Es wird nicht empfohlen diese Aufgabe in Zeiten hoher Server-Auslastung zu starten.",
    "FFmpegSavePathNotFound": "Wir konnten kein FFmpeg in dem von Dir erfassten Verzeichnis finden. FFprobe wird ebenso benötigt und muss sich im gleichen Verzeichnis befinden. Diese Komponenten sind normalerweise in einem Paket vorhanden um kommen zusammen mit einem Download. Bitte prüfe das Verzeichnis und probiere es erneut.",
    "FastForward": "Vorwärts spulen",
    "Favorite": "Favorit",
    "Favorites": "Favoriten",
    "FetchingData": "Lade zusätzliche Daten",
    "File": "Datei",
    "FileNotFound": "Datei nicht gefunden.",
    "FileReadCancelled": "Dateiimport wurde abgebrochen.",
    "FileReadError": "Beim Lesen der Datei ist ein Fehler aufgetreten.",
    "Filters": "Filter",
    "FolderTypeBooks": "Bücher",
    "FolderTypeMovies": "Filme",
    "FolderTypeMusic": "Musik",
    "FolderTypeMusicVideos": "Musikvideos",
    "FolderTypeUnset": "Keine Auswahl (gemischter Inhalt)",
    "Folders": "Verzeichnisse",
    "Friday": "Freitag",
    "Fullscreen": "Vollbild",
    "General": "Allgemein",
    "GroupBySeries": "Nach Serien gruppieren",
    "GroupVersions": "Gruppiere Versionen",
    "GuestStar": "Gaststar",
    "Guide": "TV Guide",
    "GuideProviderLogin": "Anmelden",
    "GuideProviderSelectListings": "Wähle Listen",
    "H264CrfHelp": "Der Constant Rate Factor (CRF) bezeichnet die Einstellung für die Standardqualität des x264 Encoders. Setze einen Wert zwischen 0 und 51. Ein niedriger Wert resultiert in besserer Qualität (auf Kosten einer größeren Datei). Gängige Werte sind 18-28. Der Standard für x264 ist 23 und empfohlen als Startpunkt.",
    "EncoderPresetHelp": "Wähle einen schnelleren Wert um die Performance zu verbessern oder einen langsameren Wert um die Qualität zu verbessern.",
    "HDPrograms": "HD Programme",
    "HandledByProxy": "Verwaltet vom Reverse Proxy",
    "HardwareAccelerationWarning": "Das Aktivieren der Hardwarebeschleunigung kann auf einigen Systemen zu Instabilität führen. Stellen Sie sicher, dass Ihr Betriebssystem sowie Ihre Grafikkarten-Treiber auf dem aktuellsten Stand sind. Wenn Sie nach der Aktivierung Probleme mit der Wiedergabe von Videos haben, müssen Sie diese Einstellung zurück auf \"Keine\" stellen.",
    "HeaderAccessSchedule": "Zugangsplan",
    "HeaderAccessScheduleHelp": "Erstelle einen Zugangsplan, um den Zugriff auf bestimmte Zeiten zu limitieren.",
    "HeaderActiveDevices": "Aktive Geräte",
    "HeaderActiveRecordings": "Aktive Aufnahmen",
    "HeaderActivity": "Aktivitäten",
    "HeaderAddScheduledTaskTrigger": "Auslöser hinzufügen",
    "HeaderAddToCollection": "Zu Sammlung hinzufügen",
    "HeaderAddToPlaylist": "Zur Wiedergabeliste hinzufügen",
    "HeaderAddUpdateImage": "Bild hinzufügen/aktualisieren",
    "HeaderAddUser": "Benutzer anlegen",
    "HeaderAdditionalParts": "Zusätzliche Teile",
    "HeaderAlbumArtists": "Album-Interpreten",
    "HeaderAlbums": "Alben",
    "HeaderAlert": "Alarm",
    "HeaderAllowMediaDeletionFrom": "Erlaube Medienlöschung von",
    "HeaderApiKey": "API-Schlüssel",
    "HeaderApiKeys": "API-Schlüssel",
    "HeaderApiKeysHelp": "Externe Applikationen benötigen einen API-Schlüssel, um mit dem Jellyfin-Server zu kommunizieren. API-Schlüssel werden beim Anmelden mit einem Jellyfin-Konto oder durch eine manuelle Freigabe vergeben.",
    "HeaderAppearsOn": "Erscheint auf",
    "HeaderAudioBooks": "Hörbücher",
    "HeaderAudioSettings": "Audioeinstellungen",
    "HeaderAutomaticUpdates": "Automatische Updates",
    "HeaderBlockItemsWithNoRating": "Blockiere Inhalte mit keiner oder nicht erkannter Altersfreigabe:",
    "HeaderBooks": "Bücher",
    "HeaderBranding": "Branding / CSS",
    "HeaderCancelRecording": "Aufnahme abbrechen",
    "HeaderCancelSeries": "Serie abbrechen",
    "HeaderCastAndCrew": "Besetzung & Mitwirkende",
    "HeaderCastCrew": "Besetzung & Crew",
    "HeaderChannelAccess": "Channelzugriff",
    "HeaderChannels": "Kanäle",
    "HeaderChapterImages": "Kapitel Bilder",
    "HeaderCodecProfile": "Codec Profil",
    "HeaderCodecProfileHelp": "Codec Profile weisen auf Beschränkungen eines Gerätes beim Abspielen bestimmter Codecs hin. Wenn eine Beschränkung zutrifft, dann werden Medien transcodiert, auch wenn der Codec für die Direktwiedergabe konfiguriert ist.",
    "HeaderConfigureRemoteAccess": "Konfiguriere Remote-Zugriff",
    "HeaderConfirmPluginInstallation": "Bestätige Plugin Installation",
    "HeaderConfirmProfileDeletion": "Bestätige Profillöschung",
    "HeaderConfirmRevokeApiKey": "API-Schlüssel widerrufen",
    "HeaderConnectToServer": "Verbinde zu Server",
    "HeaderConnectionFailure": "Verbindungsfehler",
    "HeaderContainerProfile": "Containerprofil",
    "HeaderContainerProfileHelp": "Containerprofile weisen auf Beschränkungen einen Gerätes beim Abspielen bestimmter Formate hin. Wenn eine Beschränkung zutrifft, dann werden Medien transcodiert, auch wenn das Format für die Direktwiedergabe konfiguriert ist.",
    "HeaderContinueListening": "Weiterhören",
    "HeaderContinueWatching": "Fortsetzen",
    "HeaderCustomDlnaProfiles": "Benutzerdefinierte Profile",
    "HeaderDateIssued": "Datum gesetzt",
    "HeaderDefaultRecordingSettings": "Standard Aufnahmeeinstellungen",
    "HeaderDeleteDevice": "Gerät löschen",
    "HeaderDeleteItem": "Lösche Element",
    "HeaderDeleteItems": "Lösche Objekte",
    "HeaderDeleteProvider": "TV Verzeichnis löschen",
    "HeaderDeleteTaskTrigger": "Entferne Aufgabenauslöser",
    "HeaderDetectMyDevices": "Nach Geräten suchen",
    "HeaderDeveloperInfo": "Entwicklerinformationen",
    "HeaderDeviceAccess": "Geräte Zugang",
    "HeaderDevices": "Geräte",
    "HeaderDirectPlayProfile": "Direktwiedergabe Profil",
    "HeaderDirectPlayProfileHelp": "Füge Direct-Play Profile hinzu um die nativen Abspielmöglichkeiten von Geräten festzulegen.",
    "HeaderDisplay": "Anzeige",
    "HeaderDownloadSync": "Herunterladen & Synchronisieren",
    "HeaderEasyPinCode": "Einfacher PIN Code",
    "HeaderEditImages": "Bilder bearbeiten",
    "HeaderEnabledFields": "Aktiviere Felder",
    "HeaderEnabledFieldsHelp": "Wähle Felder ab um das Ändern von Daten zu verhindern.",
    "HeaderEpisodes": "Episoden",
    "HeaderError": "Fehler",
    "HeaderExternalIds": "Externe IDs:",
    "HeaderFeatureAccess": "Funktionszugriff",
    "HeaderFeatures": "Funktionen",
    "HeaderFetchImages": "Bilder abrufen:",
    "HeaderFetcherSettings": "Fetcher Einstellungen",
    "HeaderFilters": "Filter",
    "HeaderForKids": "Für Kinder",
    "HeaderForgotPassword": "Passwort vergessen",
    "HeaderFrequentlyPlayed": "Oft gesehen",
    "HeaderGuideProviders": "Fernsehprogramm Quellen",
    "HeaderIdentification": "Identifizierung",
    "HeaderIdentificationCriteriaHelp": "Gib mindestens ein Identifikationskriterium an.",
    "HeaderIdentificationHeader": "Identfikations Header",
    "HeaderIdentifyItemHelp": "Gib ein oder mehrere Suchkriterien ein. Entferne Kriterien um die Suchergebnisse zu erweitern.",
    "HeaderImageOptions": "Bild Einstellungen",
    "HeaderImageSettings": "Bild Einstellungen",
    "HeaderInstall": "Installieren",
    "HeaderInstantMix": "Schnellmix",
    "HeaderItems": "Inhalte",
    "HeaderKeepRecording": "Aufnahme behalten",
    "HeaderKeepSeries": "Serie behalten",
    "HeaderKodiMetadataHelp": "Jellyfin bietet native Unterstützung von NFO Metadatendateien. Um NFO Metadaten zu aktivieren oder deaktivieren, verwende den \"Metadaten\" Tab um die Optionen für deinen Medientypen zu konfigurieren.",
    "HeaderLatestEpisodes": "Neueste Episoden",
    "HeaderLatestMedia": "Neueste Medien",
    "HeaderLatestMovies": "Neueste Filme",
    "HeaderLatestMusic": "Neueste Musik",
    "HeaderLatestRecordings": "Neueste Aufnahmen",
    "HeaderLibraries": "Bibliotheken",
    "HeaderLibraryAccess": "Bibliothekszugriff",
    "HeaderLibraryFolders": "Bibliotheksverzeichnisse",
    "HeaderLibraryOrder": "Bibliotheksreihenfolge",
    "HeaderLibrarySettings": "Bibliothekseinstellungen",
    "HeaderLiveTV": "Live TV",
    "HeaderLiveTv": "Live-TV",
    "HeaderLiveTvTunerSetup": "TV Tuner Setup",
    "HeaderLoginFailure": "Login Fehler",
    "HeaderMedia": "Medien",
    "HeaderMediaFolders": "Medienverzeichnisse",
    "HeaderMediaInfo": "Medieninformation",
    "HeaderMetadataSettings": "Metadaten Einstellungen",
    "HeaderMoreLikeThis": "Mehr wie dieses",
    "HeaderMovies": "Filme",
    "HeaderMusicQuality": "Musikqualität",
    "HeaderMusicVideos": "Musikvideos",
    "HeaderMyDevice": "Mein Gerät",
    "HeaderMyMedia": "Meine Medien",
    "HeaderMyMediaSmall": "Meine Medien (Klein)",
    "HeaderNewApiKey": "Neuer API-Schlüssel",
    "HeaderNewDevices": "Neue Geräte",
    "HeaderNextEpisodePlayingInValue": "Nächste Episode wird abgespielt in {0}",
    "HeaderNextUp": "Als Nächstes",
    "HeaderNextVideoPlayingInValue": "Nächstes Video wird abgespielt in {0}",
    "HeaderOnNow": "Gerade läuft",
    "HeaderOtherItems": "Andere Inhalte",
    "HeaderParentalRatings": "Altersbeschränkung",
    "HeaderPassword": "Passwort",
    "HeaderPasswordReset": "Passwort zurücksetzen",
    "HeaderPaths": "Pfade",
    "HeaderPendingInvitations": "Ausstehende Einladungen",
    "HeaderPeople": "Personen",
    "HeaderPhotoAlbums": "Fotoalben",
    "HeaderPinCodeReset": "PIN Code zurücksetzen",
    "HeaderPlayAll": "Alle abspielen",
    "HeaderPlayOn": "Abspielen auf",
    "HeaderPlayback": "Medien Wiedergabe",
    "HeaderPlaybackError": "Wiedergabefehler",
    "HeaderPleaseSignIn": "Bitte einloggen",
    "HeaderPreferredMetadataLanguage": "Bevorzugte Sprache der Metadaten",
    "HeaderProfile": "Profil",
    "HeaderProfileInformation": "Profil Infomationen",
    "HeaderProfileServerSettingsHelp": "Diese Werte geben an, wie Jellyfin Server sich Ihren Geräten präsentiert.",
    "HeaderRecentlyPlayed": "Zuletzt gesehen",
    "HeaderRecordingOptions": "Aufnahmeeinstellungen",
    "HeaderRecordingPostProcessing": "Aufnahme Nachbearbeitung",
    "HeaderRemoteControl": "Fernsteuerung",
    "HeaderRemoveMediaFolder": "Entferne Medienverzeichnis",
    "HeaderRemoveMediaLocation": "Entferne Medienquelle",
    "HeaderResponseProfile": "Antwort Profil",
    "HeaderResponseProfileHelp": "Antwortprofile bieten eine Möglichkeit die Informationen, die während dem abspielen diverser Medientypen an die Abspielgeräte gesendet werden, zu personalisieren.",
    "HeaderRestart": "Neustart",
    "HeaderRevisionHistory": "Versionsverlauf",
    "HeaderRunningTasks": "Laufende Aufgaben",
    "HeaderScenes": "Szenen",
    "HeaderSchedule": "Zeitplan",
    "HeaderSeasons": "Staffeln",
    "HeaderSecondsValue": "{0} Sekunden",
    "HeaderSelectCertificatePath": "Wählen Sie einen Zertifikat Ordner",
    "HeaderSelectMetadataPath": "Wähle Metadaten Pfad",
    "HeaderSelectMetadataPathHelp": "Suche oder gib den Pfad für die Speicherung von Metadaten an. Das Verzeichnis muss beschreibbar sein.",
    "HeaderSelectPath": "Verzeichnis Wählen",
    "HeaderSelectServer": "Wähle Server",
    "HeaderSelectServerCachePath": "Wähle Server Cache Pfad",
    "HeaderSelectServerCachePathHelp": "Suche oder gib den Pfad für die Speicherung von Server Cache Dateien an. Das Verzeichnis muss beschreibbar sein.",
    "HeaderSelectTranscodingPath": "Wähle Pfad für temporäre Transkodierdateien",
    "HeaderSelectTranscodingPathHelp": "Suche oder gib den Pfad für die Speicherung von temporären Transkodierdateien an. Das Verzeichnis muss beschreibbar sein.",
    "HeaderSendMessage": "Nachricht senden",
    "HeaderSeries": "Serien",
    "HeaderSeriesOptions": "Serienoptionen",
    "HeaderSeriesStatus": "Serienstatus",
    "HeaderServerSettings": "Server Einstellungen",
    "HeaderSettings": "Einstellungen",
    "HeaderSetupLibrary": "Medienbibliotheken einrichten",
    "HeaderShutdown": "Herunterfahren",
    "HeaderSortBy": "Sortiert nach",
    "HeaderSortOrder": "Sortierreihenfolge",
    "HeaderSpecialEpisodeInfo": "Spezialepisoden Information",
    "HeaderSpecialFeatures": "Sonderfunktionen",
    "HeaderStartNow": "Starte jetzt",
    "HeaderStopRecording": "Aufnahme stoppen",
    "HeaderSubtitleAppearance": "Untertiteldarstellung",
    "HeaderSubtitleDownloads": "Untertitel Downloads",
    "HeaderSubtitleProfile": "Untertitel Profil",
    "HeaderSubtitleProfiles": "Untertitel Profile",
    "HeaderSubtitleProfilesHelp": "Untertitel Profile beschreiben die vom Gerät unterstützten Untertitelformate.",
    "HeaderSystemDlnaProfiles": "Systemprofile",
    "HeaderTaskTriggers": "Aufgabenauslöser",
    "HeaderThisUserIsCurrentlyDisabled": "Dieser Benutzer ist aktuell deaktiviert",
    "HeaderTracks": "Lieder",
    "HeaderTranscodingProfile": "Transcoding Profil",
    "HeaderTranscodingProfileHelp": "Füge Transkodierprofile hinzu, um festzulegen welche Formate genutzt werden sollen, falls transkodiert werden muss.",
    "HeaderTunerDevices": "Tuner",
    "HeaderTuners": "Tuner",
    "HeaderTypeText": "Texteingabe",
    "HeaderUpcomingOnTV": "Bald im TV",
    "HeaderUploadImage": "Bild hochladen",
    "HeaderUser": "Benutzer",
    "HeaderUsers": "Benutzer",
    "HeaderVideoQuality": "Videoqualität",
    "HeaderVideoType": "Videotyp",
    "HeaderVideoTypes": "Videotypen",
    "HeaderXmlDocumentAttribute": "XML-Dokument Eigenschaft",
    "HeaderXmlDocumentAttributes": "XML-Dokument Eigenschaften",
    "HeaderXmlSettings": "XML Einstellungen",
    "HeaderYears": "Jahre",
    "HeadersFolders": "Verzeichnisse",
    "Help": "Hilfe",
    "Hide": "Verstecke",
    "HideWatchedContentFromLatestMedia": "Verberge gesehene Inhalte von neuesten Medien",
    "HttpsRequiresCert": "Um sichere Verbindungen zu ermöglichen, musst du ein vertrauenswürdiges SSL-Zertifikat, wie beispielsweise eines von Let's Encrypt, bereitstellen. Stelle bitte entweder ein Zertifikat zur Verfügung oder deaktiviere sichere Verbindungen.",
    "Identify": "Identifizieren",
    "Images": "Bilder",
    "ImportFavoriteChannelsHelp": "Wenn aktiviert, werden nur auf dem Tuner favorisierte Kanäle importiert.",
    "ImportMissingEpisodesHelp": "Wenn aktiviert, werden Informationen über fehlende Episoden in Deine Jellyfin Datenbank importiert und innerhalb von Staffeln angezeigt. Dies kann zu deutlich längeren Bibliothek Scans führen.",
    "InstallingPackage": "Installiere {0}",
    "InstantMix": "Schnellmix",
    "ItemCount": "{0} Einträge",
    "Items": "Einträge",
    "Kids": "Kinder",
    "Label3DFormat": "3D Format:",
    "LabelAbortedByServerShutdown": "(Durch herunterfahrenden Server abgebrochen)",
    "LabelAccessDay": "Wochentag:",
    "LabelAccessEnd": "Endzeit:",
    "LabelAccessStart": "Startzeit:",
    "LabelAirDays": "Ausstrahlungstage:",
    "LabelAirTime": "Ausstrahlungszeit:",
    "LabelAirsAfterSeason": "Ausstrahlungen nach Staffel:",
    "LabelAirsBeforeEpisode": "Ausstrahlungen vor Episode:",
    "LabelAirsBeforeSeason": "Ausstrahlungen vor Staffel:",
    "LabelAlbumArtHelp": "Die genutzte PN für Alben-Fankunst innerhalb der dlna:profileID-Eigenschaften auf upnp:albumArtURL. Manche Abspielgeräte benötigen einen bestimmten Wert, unabhängig von der Bildgröße.",
    "LabelAlbumArtMaxHeight": "Maximale Höhe für Album Art:",
    "LabelAlbumArtMaxHeightHelp": "Maximale Auflösung für durch UPnP übermittelte Album Art:albumArtURI.",
    "LabelAlbumArtMaxWidth": "Maximale Breite für Album Art:",
    "LabelAlbumArtMaxWidthHelp": "Maximale Auflösung für durch UPnP übermittelte Album Art:albumArtURI.",
    "LabelAlbumArtPN": "Alben-Cover PN:",
    "LabelAlbumArtists": "Alben Interpreten:",
    "LabelAll": "Alle",
    "LabelAllowHWTranscoding": "Erlaube Hardware Transkodierung",
    "LabelAllowServerAutoRestart": "Erlaube dem Server sich automatisch neuzustarten, um Updates durchzuführen",
    "LabelAllowServerAutoRestartHelp": "Der Server startet nur wenn keine Nutzer aktiv sind neu.",
    "LabelAllowedRemoteAddresses": "Remote-IP Adressen Filter:",
    "LabelAllowedRemoteAddressesMode": "Remote IP Adressen Filtermodus:",
    "LabelAppName": "App Name",
    "LabelAppNameExample": "Beispiel: Sickbeard, Sonarr",
    "LabelArtists": "Interpreten:",
    "LabelArtistsHelp": "Trenne mehrere Einträge durch ;",
    "LabelAudioLanguagePreference": "Bevorzugte Audiosprache:",
    "LabelAutomaticallyRefreshInternetMetadataEvery": "Aktualisiere Metadaten automatisch aus dem Internet:",
    "LabelBindToLocalNetworkAddress": "Binde an lokale Netzwerkadresse:",
    "LabelBindToLocalNetworkAddressHelp": "Optional. Überschreibt die lokale IP Adresse des HTTP Servers. Wenn leer, wird der Server an alle verfügbaren Adressen gebunden. Änderungen benötigen einen Neustart des Jellyfin Servers.",
    "LabelBirthDate": "Geburtsdatum:",
    "LabelBirthYear": "Geburtsjahr:",
    "LabelBlastMessageInterval": "Alive Meldungsintervall (Sekunden)",
    "LabelBlastMessageIntervalHelp": "Legt die Dauer in Sekunden zwischen den Server-Alive-Meldungen fest.",
    "LabelBlockContentWithTags": "Blockiere Inhalte mit Tags:",
    "LabelBurnSubtitles": "Untertitel einbrennen:",
    "LabelCachePath": "Cache Pfad:",
    "LabelCachePathHelp": "Legen Sie ein eigenes Verzeichnis für den Server Zwischenspeicher fest. (z.B. für Bilder) Lassen Sie dieses Feld leer um die Standardeinstellung zu verwenden.",
    "LabelCancelled": "Abgebrochen",
    "LabelCertificatePassword": "Zertifikat Passwort:",
    "LabelCertificatePasswordHelp": "Wenn Dein Zertifikat ein Passwort benötigt, gib es hier ein.",
    "LabelChannels": "Kanäle:",
    "LabelCollection": "Sammlung:",
    "LabelCommunityRating": "Community Bewertung:",
    "LabelContentType": "Typ des Inhalts:",
    "LabelCountry": "Land:",
    "LabelCriticRating": "Kritiker Bewertung:",
    "LabelCurrentPassword": "Aktuelles Passwort:",
    "LabelCustomCertificatePath": "Benutzerdefinierter SSL-Zertifikatspfad:",
    "LabelCustomCertificatePathHelp": "Pfad zu einer PKCS #12 Datei die ein Zertifikat und einen privaten Schlüssel enthält, um TLS Unterstützung für eine eigene Domain zu aktivieren.",
    "LabelCustomCss": "Benutzerdefiniertes CSS:",
    "LabelCustomCssHelp": "Wende dein eigenes benutzerdefiniertes Styling auf die Weboberfläche an.",
    "LabelCustomDeviceDisplayName": "Angezeigter Name:",
    "LabelCustomDeviceDisplayNameHelp": "Lege einen individuellen Anzeigenamen fest oder lasse das Feld leer, um den vom gerät übermittelten Namen zu nutzen.",
    "LabelCustomRating": "Eigene Bewertung:",
    "LabelDashboardTheme": "Server Dashboard Theme:",
    "LabelDateAdded": "Hinzugefügt am:",
    "LabelDateAddedBehavior": "Verhalten für Hinzufügedatum bei neuen Inhalten:",
    "LabelDateAddedBehaviorHelp": "Wenn ein Metadatenwert vorhanden ist, wird dieser immer gegenüber den anderen Optionen bevorzugt werden.",
    "LabelDateTimeLocale": "Datum/Zeit lokal:",
    "LabelDay": "Tag:",
    "LabelDeathDate": "Todesdatum:",
    "LabelDefaultScreen": "Standardscreen:",
    "LabelDefaultUser": "Standardbenutzer:",
    "LabelDefaultUserHelp": "Legt fest, welche Benutzerbibliothek auf verbundenen Geräten angezeigt werden soll. Dies kann für jedes Gerät durch Profile überschrieben werden.",
    "LabelDeviceDescription": "Gerätebeschreibung",
    "LabelDidlMode": "DIDL Modus:",
    "LabelDiscNumber": "Discnummer:",
    "LabelDisplayLanguage": "Anzeigesprache:",
    "LabelDisplayLanguageHelp": "Die Übersetzung von Jellyfin ist ein laufendes Projekt.",
    "LabelDisplayMissingEpisodesWithinSeasons": "Zeige fehlende Episoden innerhalb von Staffeln",
    "LabelDisplayMode": "Bildschirmmodus:",
    "LabelDisplayName": "Anzeige Name:",
    "LabelDisplayOrder": "Anzeigereihenfolge:",
    "LabelDisplaySpecialsWithinSeasons": "Zeige Sonderinhalt innerhalb der Staffel in der er ausgestrahlt wurde",
    "LabelDownMixAudioScale": "Audio Verstärkung bei Downmixing:",
    "LabelDownMixAudioScaleHelp": "Erhöhe die Audiolautstärke beim Heruntermischen. Setzte auf 1 um die original Lautstärke zu erhalten.",
    "LabelDownloadLanguages": "Herunterzuladende Sprachen:",
    "LabelDropImageHere": "Fotos hierher ziehen oder klicken im zu browsen.",
    "LabelDropShadow": "Schlagschatten:",
    "LabelEasyPinCode": "Einfacher pin code:",
    "LabelEmbedAlbumArtDidl": "Integrierte Alben-Cover in Didl",
    "LabelEmbedAlbumArtDidlHelp": "Einige Geräte bevorzugen diese Methode um Album Art darstellen zu können. Andere wiederum können evtl. nichts abspielen, wenn diese Funktion aktiviert ist.",
    "LabelEnableAutomaticPortMap": "Aktiviere das automatische Port-Mapping",
    "LabelEnableAutomaticPortMapHelp": "Versuche automatisch den öffentlichen Port dem lokalen Port mit Hilfe von UPnP zuzuordnen. Dies kann mit einigen Router-Modellen nicht funktionieren. Die Änderungen werden erst nach einem Neustart des Server aktiv.",
    "LabelEnableBlastAliveMessages": "Erzeuge Alive Meldungen",
    "LabelEnableBlastAliveMessagesHelp": "Aktiviere dies, wenn der Server nicht zuverlässig von anderen UPnP Geräten in ihrem Netzwerk erkannt wird.",
    "LabelEnableDlnaClientDiscoveryInterval": "Client-Entdeckungs Intervall (Sekunden)",
    "LabelEnableDlnaClientDiscoveryIntervalHelp": "Ermittelt die Zeit in Sekunden zwischen SSDP Suchanfragen die durch Jellyfin ausgeführt wurden.",
    "LabelEnableDlnaDebugLogging": "Aktiviere DLNA Debug Logging",
    "LabelEnableDlnaDebugLoggingHelp": "Erstellt große Logdateien und sollte nur bei Bedarf zur Fehlersuche verwendet werden.",
    "LabelEnableDlnaPlayTo": "Aktiviere DLNA Play To",
    "LabelEnableDlnaPlayToHelp": "Geräte in deinem Netzwerk erkennen und deren Fernsteuerung ermöglichen.",
    "LabelEnableDlnaServer": "DLNA-Server aktivieren",
    "LabelEnableDlnaServerHelp": "Erlaubt UPnP Geräten in Ihrem Netzwerk Zugriff und Wiedergabe von Jellyfin Inhalten.",
    "LabelEnableHardwareDecodingFor": "Aktiviere Hardware-Decoding für:",
    "LabelEnableRealtimeMonitor": "Erlaube Echtzeitüberwachung",
    "LabelEnableRealtimeMonitorHelp": "Änderungen werden auf unterstützten Dateisystemen sofort übernommen.",
    "LabelEnableSingleImageInDidlLimit": "Begrenze auf ein eingebundenes Bild",
    "LabelEnableSingleImageInDidlLimitHelp": "Einige Geräte zeigen möglicherweise Darstellungsfehler wenn mehrere Bilder mit Didl eingebunden wurden.",
    "LabelEndDate": "Endzeit:",
    "LabelEpisodeNumber": "Episodennummer:",
    "LabelEvent": "Ereignis:",
    "LabelEveryXMinutes": "Alle:",
    "LabelExtractChaptersDuringLibraryScan": "Erzeuge Kapitelbilder während des Bibliothekscans",
    "LabelExtractChaptersDuringLibraryScanHelp": "Generiert Kapitelbilder während des Imports von Videos beim Bibliothekenscan erzeugt. Anderenfalls werden die Kapitelbilder während einer eigens dafür geplanten Aufgabe erstellt, was den regelmäßig Bibliothekenscan beschleunigt.",
    "LabelFailed": "Fehlgeschlagen",
    "LabelFileOrUrl": "Datei oder URL:",
    "LabelFinish": "Fertig",
    "LabelFont": "Schriftart:",
    "LabelForgotPasswordUsernameHelp": "Bitte gib deinen Benutzernamen ein, falls du dich daran erinnerst.",
    "LabelFriendlyName": "Benutzerfreundlicher Name:",
    "LabelServerNameHelp": "Dieser Name wird benutzt um den Server zu identifizieren, normalerweise wird der Server-/Computername verwendet.",
    "LabelGroupMoviesIntoCollections": "Gruppiere Filme in Collections",
    "LabelGroupMoviesIntoCollectionsHelp": "Wenn Filmlisten angezeigt werden, dann werden Filme, die zu einer Collection gehören, als ein gruppiertes Element angezeigt.",
    "LabelEncoderPreset": "H264 Encoding Voreinstellung:",
    "LabelHardwareAccelerationType": "Hardware Beschleunigung:",
    "LabelHardwareAccelerationTypeHelp": "Hardwarebeschleunigung benötigt zusätzliche Konfiguration.",
    "LabelHomeNetworkQuality": "Heimnetzwerkqualität:",
    "LabelHomeScreenSectionValue": "Startseitenbereich {0}:",
    "LabelHttpsPort": "Lokale HTTPS-Portnummer:",
    "LabelHttpsPortHelp": "Die TCP-Portnummer, die der HTTPS-Server von Jellyfin verwenden soll.",
    "LabelIconMaxHeight": "Maximale Iconhöhe:",
    "LabelIconMaxHeightHelp": "Maximale Auflösung für durch UPnP übermittelte Icons:icon.",
    "LabelIconMaxWidth": "Maximale Iconbreite:",
    "LabelIconMaxWidthHelp": "Maximale Auflösung für durch UPnP übermittelte Icons:icon.",
    "LabelIdentificationFieldHelp": "Ein Teilstring oder Regex Ausdruck, der keine Groß- und Kleinschreibung berücksichtigt.",
    "LabelImageFetchersHelp": "Aktiviere und ordne deine bevorzugten Bildquellen nach Präferenzen.",
    "LabelImageType": "Bildtyp:",
    "LabelImportOnlyFavoriteChannels": "Beschränke auf favorisierte Kanäle",
    "LabelInNetworkSignInWithEasyPassword": "Schalte Login mit einfachen Passwort für das eigene Netzwerk ein",
    "LabelInNetworkSignInWithEasyPasswordHelp": "Wenn aktiviert, können Sie sich in ihrem eigenen Netzwerk mit dem vereinfachten PIN bei Jellyfin Apps anmelden. Ihr reguläres Kennwort wird nur benötigt, wenn Sie unterwegs sind. Wenn Sie den PIN frei lassen, so benötigen Sie in Ihrem Netzwerk keinen PIN.",
    "LabelInternetQuality": "Internetqualität:",
    "LabelKeepUpTo": "Fortführen:",
    "LabelKidsCategories": "Kinderkategorien:",
    "LabelKodiMetadataDateFormat": "Veröffentlichungsdatum Format:",
    "LabelKodiMetadataDateFormatHelp": "Alle Daten innerhalb von NFO-Dateien werden in diesem Format analysiert.",
    "LabelKodiMetadataEnableExtraThumbs": "Kopiere Extrafanart in Extrathumbs",
    "LabelKodiMetadataEnableExtraThumbsHelp": "Beim downloaden von Bildern können diese sowohl als Extrafanart als auch als Extrathumb gespeichert werden, um maximale Kodi Kompatibilität zu erzielen.",
    "LabelKodiMetadataEnablePathSubstitution": "Aktiviere Pfadersetzung",
    "LabelKodiMetadataEnablePathSubstitutionHelp": "Aktiviert die Pfadersetzung für Bildpfade durch Benutzung der Server Pfadersetzung Einstellungen.",
    "LabelKodiMetadataSaveImagePaths": "Speicher Bildpfade innerhalb der NFO Dateien",
    "LabelKodiMetadataSaveImagePathsHelp": "Dies ist empfehlenswert wenn du Dateinamen hast, die nicht den Kodi Richtlinien entsprechen.",
    "LabelKodiMetadataUser": "Speichere den \"Gesehen\" Status von Benutzern in NFO's für:",
    "LabelKodiMetadataUserHelp": "Aktivieren, um den \"Gesehen\" Status in NFO-Dateien zu speichern, damit diese von anderen Anwendungen verwendet werden können.",
    "LabelLanNetworks": "Lokale Netzwerke:",
    "LabelLanguage": "Sprache:",
    "LabelLineup": "TV Programm:",
    "LabelLocalHttpServerPortNumber": "Lokale HTTP Portnummer:",
    "LabelLocalHttpServerPortNumberHelp": "Die TCP Port Nummer, auf die der Jellyfin http Server hört.",
    "LabelLockItemToPreventChanges": "Sperre diesen Eintrag um zukünftige Änderungen zu verhindern",
    "LabelLoginDisclaimer": "Anmeldung Haftungsausschluss:",
    "LabelLoginDisclaimerHelp": "Dies wird am Boden des Anmeldebildschirms angezeigt.",
    "LabelManufacturer": "Hersteller:",
    "LabelManufacturerUrl": "Hersteller URL",
    "LabelMatchType": "Übereinstimmungstyp:",
    "LabelMaxBackdropsPerItem": "Maximale Anzahl von Hintergründen pro Element:",
    "LabelMaxChromecastBitrate": "Max Chromcast Datenrate:",
    "LabelMaxParentalRating": "Höchste erlaubte elterlich Bewertung:",
    "LabelMaxResumePercentage": "Maximale Prozent für Wiederaufnahme:",
    "LabelMaxResumePercentageHelp": "Titel werden als \"vollständig gesehen\" markiert, wenn sie nach dieser Zeitmarke gestoppt werden.",
    "LabelMaxScreenshotsPerItem": "Maximale Anzahl von Screenshots pro Element:",
    "LabelMaxStreamingBitrate": "Maximale Streaming-Qualität:",
    "LabelMaxStreamingBitrateHelp": "Wähle die maximale Bitrate während des streamens.",
    "LabelMessageText": "Inhalt der Nachricht:",
    "LabelMessageTitle": "Benachrichtigungstitel:",
    "LabelMetadata": "Metadaten:",
    "LabelMetadataDownloadLanguage": "Bevorzugte Sprache für Downloads:",
    "LabelMetadataDownloadersHelp": "Aktiviere und ordne deine bevorzugten Metadatendownloader nach Präferenzen. Downloader mit niedriger Priorität werden nur genutzt um fehlende Informationen zu ergänzen.",
    "LabelMetadataPath": "Metadata Pfad:",
    "LabelMetadataPathHelp": "Wähle ein Verzeichnis, für die heruntergeladenen Artworks und Metadaten.",
    "LabelMetadataReaders": "Metadatenleser:",
    "LabelMetadataReadersHelp": "Lege deine bevorzugte lokale Metadatenquelle fest und ordne sie nach Prioritäten. Die erste Datei die gefunden wird, wird verwendet.",
    "LabelMetadataSavers": "Metadatenspeicherer:",
    "LabelMetadataSaversHelp": "Wähle das Dateiformat in dem deine Metadaten gespeichert werden sollen.",
    "LabelMethod": "Methode:",
    "LabelMinBackdropDownloadWidth": "Minimale Breite für zu herunterladende Hintergründe:",
    "LabelMinResumeDuration": "Minimale Dauer für Wiederaufnahme:",
    "LabelMinResumeDurationHelp": "Die Videolänge in Sekunden, ab der die Wiedergabeposition gespeichert wird und dich fortsetzen lässt.",
    "LabelMinResumePercentage": "Minimale Prozent für Wiederaufnahme:",
    "LabelMinResumePercentageHelp": "Titel werden als \"Ungesehen\" eingetragen, wenn sie vor dieser Zeit gestoppt werden.",
    "LabelMinScreenshotDownloadWidth": "Minimale Breite für zu herunterladende Screenshot:",
    "LabelModelDescription": "Modellbeschreibung",
    "LabelModelName": "Modellname",
    "LabelModelNumber": "Modellnummer",
    "LabelModelUrl": "Modell URL",
    "LabelMonitorUsers": "Überwache Aktivität von:",
    "LabelMovieCategories": "Filmkategorien:",
    "LabelMoviePrefix": "Filmpräfix:",
    "LabelMoviePrefixHelp": "Wenn ein Präfix in Filmtiteln angewendet wird, gib es hier ein damit Jellyfin es korrekt behandeln kann.",
    "LabelMovieRecordingPath": "Film Aufnahmepfad (Optional):",
    "LabelMusicStreamingTranscodingBitrate": "Musik Transkodier Bitrate:",
    "LabelMusicStreamingTranscodingBitrateHelp": "Wähle die maximale Bitrate für das streamen von Musik.",
    "LabelNewName": "Neuer Name:",
    "LabelNewPassword": "Neues Passwort:",
    "LabelNewPasswordConfirm": "Neues Passwort wiederholen:",
    "LabelNewsCategories": "Nachrichtenkategorien:",
    "LabelNext": "Nächstes",
    "LabelNotificationEnabled": "Aktiviere diese Benachrichtigung",
    "LabelNumber": "Nummer:",
    "LabelNumberOfGuideDays": "Anzahl von Tagen für die Programminformationen geladen werden sollen:",
    "LabelNumberOfGuideDaysHelp": "Das laden von zusätzlichen Programmdaten bietet einen besseren Überblick und die Möglichkeit weiter in die Zukunft zu planen. Aber es wird länger dauern alles herunterzuladen. Auto wählt auf Grundlage der Kanalanzahl.",
    "LabelOptionalNetworkPath": "(Optionaler) Gemeinsamer Netzwerkordner:",
    "LabelOptionalNetworkPathHelp": "Wenn dieser Ordner in deinem Netzwerk geteilt wird, kann die Weitergabe des Netzwerkpfades Jellyfin Apps auf anderen Geräten direkten Zugang zu den Mediendateien ermöglichen.",
    "LabelOriginalAspectRatio": "Original Seitenverhältnis:",
    "LabelOriginalTitle": "Original Titel:",
    "LabelOverview": "Übersicht:",
    "LabelParentNumber": "Ursprungsnummer:",
    "LabelParentalRating": "Altersfreigabe:",
    "LabelPassword": "Passwort:",
    "LabelPasswordConfirm": "Passwort (Bestätigung):",
    "LabelPasswordRecoveryPinCode": "PIN-Code:",
    "LabelPath": "Pfad:",
    "LabelPersonRole": "Rolle:",
    "LabelPersonRoleHelp": "Beispiel: Eiswagenfahrer",
    "LabelPlaceOfBirth": "Geburtsort:",
    "LabelPlayDefaultAudioTrack": "Spiele unabhängig von der Sprache die Standardtonspur",
    "LabelPlaylist": "Wiedergabeliste:",
    "LabelPostProcessor": "Nachbearbeitungs Anwendung:",
    "LabelPostProcessorArguments": "Nachbearbeitung Kommandozeilen-Argumente:",
    "LabelPostProcessorArgumentsHelp": "Verwende {path} als das Verzeichnis für Aufnahmen.",
    "LabelPreferredDisplayLanguage": "Bevorzugte Anzeigesprache:",
    "LabelPreferredDisplayLanguageHelp": "Die Übersetzung von Jellyfin ist ein laufendes Projekt.",
    "LabelPreferredSubtitleLanguage": "Bevorzugte Untertitelsprache:",
    "LabelPrevious": "Vorheriges",
    "LabelProfileAudioCodecs": "Audio Codecs:",
    "LabelProfileCodecsHelp": "Getrennt durch Komma. Leerlassen, um auf alle Codecs anzuwenden.",
    "LabelProfileContainersHelp": "Getrennt durch Komma. Leerlassen, um auf alle Containerformate anzuwenden.",
    "LabelProfileVideoCodecs": "Video Codecs:",
    "LabelProtocol": "Protokoll:",
    "LabelProtocolInfo": "Protokoll Information:",
    "LabelProtocolInfoHelp": "Der Wert, der für die Beantwortung von GetProtocolInfo Anfragen durch die Endgeräte benutzt wird.",
    "LabelPublicHttpPort": "Öffentliche HTTP Portnummer:",
    "LabelPublicHttpPortHelp": "Die öffentliche Portnummer sollte einem lokalen HTTP Port zugewiesen werden.",
    "LabelPublicHttpsPort": "Öffentliche HTTPS Portnummer:",
    "LabelPublicHttpsPortHelp": "Die öffentliche Portnummer sollte einem lokalen HTTPS Port zugewiesen werden.",
    "LabelReadHowYouCanContribute": "Erfahren Sie, wie Sie unterstützen können.",
    "LabelReasonForTranscoding": "Grund für die Transkodierung:",
    "LabelRecord": "Aufnahme:",
    "LabelRecordingPath": "Standard Aufnahmepfad:",
    "LabelRecordingPathHelp": "Lege das Verzeichnis für Aufnahmen fest. Lässt Du es leer, wird das Data-Verzeichnis des Servers verwendet.",
    "LabelRefreshMode": "Aktualisierungsmodus:",
    "LabelReleaseDate": "Veröffentlichungsdatum:",
    "LabelRemoteClientBitrateLimit": "Limit für die Internet Streaming Datenrate (Mbps):",
    "LabelRemoteClientBitrateLimitHelp": "Ein optionales Bitratenlimit pro Stream für alle Geräte außerhalb des Netzwerkes. Dies ist nützlich um zu verhindern, dass Geräte eine höhere Datenrate verwenden als die Internetverbindung erlaubt. Es kann zu erhöhter CPU-Last auf deinem Server kommen, da ggf. Videos in Echtzeit  in eine niedrigere Bitrate transkodiert werden müssen.",
    "LabelRuntimeMinutes": "Laufzeit (Minuten):",
    "LabelSaveLocalMetadata": "Speichere Bildmaterial und Metadaten in den Medienverzeichnissen",
    "LabelSaveLocalMetadataHelp": "Durch die Speicherung von Bildmaterial und Metadaten direkt in den Medienverzeichnissen, befinden sich diese an einem Ort wo sie sehr leicht bearbeitet werden können.",
    "LabelScheduledTaskLastRan": "Zuletzt ausgeführt vor: {0}. Benötigte Zeit: {1}.",
    "LabelScreensaver": "Bildschirmschoner:",
    "LabelSeasonNumber": "Staffelnummer:",
    "LabelSecureConnectionsMode": "Sicherer Verbindungsmodus:",
    "LabelSelectFolderGroups": "Gruppiere Inhalte von folgenden Verzeichnissen automatisch zu Ansichten wie beispielsweise Filme, Musik und TV:",
    "LabelSelectFolderGroupsHelp": "Verzeichnisse die nicht markiert sind werden alleine mit ihren eigenen Ansichten angezeigt.",
    "LabelSelectUsers": "Wähle Benutzer:",
    "LabelSelectVersionToInstall": "Wähle die Version für die Installation:",
    "LabelSendNotificationToUsers": "Sende die Benachrichtigung an:",
    "LabelSerialNumber": "Seriennummer",
    "LabelSeriesRecordingPath": "Serien Aufnahmepfad (optional):",
    "LabelServerHost": "Adresse:",
    "LabelServerHostHelp": "192.168.1.100 oder https://myserver.com",
    "LabelSimultaneousConnectionLimit": "Paralleler Streamlimit:",
    "LabelSkipBackLength": "Sprungweite rückwärts:",
    "LabelSkipForwardLength": "Sprungweite vorwärts:",
    "LabelSkipIfAudioTrackPresent": "Überspringen, falls der Ton bereits der herunterladbaren Sprache entspricht",
    "LabelSkipIfAudioTrackPresentHelp": "Entferne den Haken, um sicherzustellen das alle Videos Untertitel haben, unabhängig von der Audiosprache.",
    "LabelSkipIfGraphicalSubsPresent": "Überspringen, falls das Video bereits eingebettete Untertitel enthält",
    "LabelSkipIfGraphicalSubsPresentHelp": "Das Vorhalten von textbasierten Untertiteln führt zu einer effizienteren Anzeige und verringert die Wahrscheinlichkeit einer Videotranskodierung.",
    "LabelSonyAggregationFlags": "Sony Aggregation Flags:",
    "LabelSonyAggregationFlagsHelp": "Legt den Inhalt des  aggregationFlags Elements in der  rn:schemas-sonycom:av namespace fest.",
    "LabelSortBy": "Sortiert nach:",
    "LabelSortOrder": "Sortierreihenfolge:",
    "LabelSortTitle": "Sortierungs Titel:",
    "LabelSoundEffects": "Soundeffekte:",
    "LabelSource": "Quelle:",
    "LabelSpecialSeasonsDisplayName": "Anzeigename für Serien-Specials:",
    "LabelSportsCategories": "Sportkategorie:",
    "LabelStartWhenPossible": "Starte wenn möglich:",
    "LabelStopWhenPossible": "Stoppe wenn möglich:",
    "LabelStopping": "Stoppe",
    "LabelSubtitleDownloaders": "Untertitel Downloader:",
    "LabelSubtitleFormatHelp": "Beispiel: srt",
    "LabelSubtitlePlaybackMode": "Untertitelmodus:",
    "LabelSubtitles": "Untertitel:",
    "LabelSupportedMediaTypes": "Unterstüzte Medientypen:",
    "LabelTVHomeScreen": "TV-Mode Startseite:",
    "LabelTextBackgroundColor": "Hintergrundfarbe des Textes:",
    "LabelTextColor": "Textfarbe:",
    "LabelTextSize": "Textgröße:",
    "LabelTheme": "Thema:",
    "LabelTime": "Zeit:",
    "LabelTimeLimitHours": "Zeitlimit (Stunden):",
    "LabelTitle": "Titel:",
    "LabelTrackNumber": "Stück Nummer:",
    "LabelTranscodingAudioCodec": "Audio Codec:",
    "LabelTranscodingTempPathHelp": "Dieses Verzeichnis beinhaltet Dateien die für den Betrieb des Transcoders benutzt werden. Wähle einen eigenen Pfad oder lasse das Feld frei, um den Standardspeicherort im Server Datenverzeichnis zu nutzen.",
    "LabelTranscodingThreadCount": "Anzahl Transkodierungs-Threads:",
    "LabelTranscodingThreadCountHelp": "Legen Sie die maximale Anzahl von Transkodierungs-Threads fest. Das Reduzieren der Thread-Anzahl verringert die CPU Auslastung, wird aber möglicherweise die Transkodierung nicht schnell genug für eine störungsfrei Wiedergabe ermöglichen.",
    "LabelTranscodingVideoCodec": "Video Codec:",
    "LabelTriggerType": "Auslöser Typ:",
    "LabelTunerIpAddress": "Tuner IP Adresse:",
    "LabelTunerType": "Tuner Typ:",
    "LabelType": "Typ:",
    "LabelTypeMetadataDownloaders": "{0} Metadata Dienste:",
    "LabelUseNotificationServices": "Nutze folgende Dienste:",
    "LabelUser": "Benutzer:",
    "LabelUserAgent": "User-Agent:",
    "LabelUserLibrary": "Benutzer Bibliothek:",
    "LabelUserLibraryHelp": "Wähle aus, welche Medienbibliothek auf den Endgeräten angezeigt werden soll. Ohne Eintrag wird die Standardeinstellung beibehalten.",
    "LabelUserRemoteClientBitrateLimitHelp": "Diese Einstellung überschreibt die globale Standardeinstellung in den Abspieleinstellungen des Servers.",
    "LabelUsername": "Benutzername:",
    "LabelVaapiDevice": "VAAPI Gerät:",
    "LabelVaapiDeviceHelp": "Das ist der Render-Node der für die Hardwarebeschleunigung genutzt wird.",
    "LabelValue": "Wert:",
    "LabelVersionInstalled": "{0} installiert",
    "LabelXDlnaCap": "X-DLNA Grenze:",
    "LabelXDlnaCapHelp": "Legt den Inhalt des  X_DLNACAP Elements in der  urn:schemas-dlna-org:device-1-0 namespace fest.",
    "LabelXDlnaDoc": "X-DLNA Dokument:",
    "LabelXDlnaDocHelp": "Legt den Inhalt des  X_DLNADOC Elements in der  urn:schemas-dlna-org:device-1-0 namespace fest.",
    "LabelYear": "Jahr:",
    "LabelYourFirstName": "Vorname:",
    "LabelYoureDone": "Du bist fertig!",
    "LabelZipCode": "PLZ:",
    "LabelffmpegPath": "FFmpeg Verzeichnis:",
    "LabelffmpegPathHelp": "Verzeichnis zur runtergeladenen FFmpeg Applikation oder zum Ordner, der FFMpeg enthält.",
    "LanNetworksHelp": "Komma separierte Liste von IP Adressen oder IP Masken die als lokale Netzwerke behandelt werden sollen um Bandbreitenlimitationen auszusetzen. Wenn befüllt werden alle anderen IP Adressen als externe Netzwerke behandelt und unterliegen den Bandbreitenlimitationen für externe Verbindungen. Wenn leer, wird nur das SubNetz des Servers als Lokales Netz gesetzt.",
    "Large": "Groß",
    "LatestFromLibrary": "Neueste {0}",
    "LearnHowYouCanContribute": "Erfahre, wie du unterstützen kannst.",
    "LibraryAccessHelp": "Wähle die Medienverzeichnisse die du mit diesem Benutzer teilen möchtest. Administratoren können den Metadaten-Manager verwenden um alle Ordner zu bearbeiten.",
    "Like": "Mag ich",
    "List": "Liste",
    "LiveBroadcasts": "Liveübertragungen",
    "ManageLibrary": "Bibliothek verwalten",
    "ManageRecording": "Aufnahme verwalten",
    "MapChannels": "Kanäle zuweisen",
    "MarkPlayed": "Markiere \"als gesehen\"",
    "MarkUnplayed": "Markiere \"als ungesehen\"",
    "MaxParentalRatingHelp": "Inhalt mit einer höheren Bewertung wird dem User nicht angezeigt.",
    "MediaInfoAnamorphic": "Anamorph",
    "MediaInfoAspectRatio": "Seitenverhältnis",
    "MediaInfoBitDepth": "Bit-Tiefe",
    "MediaInfoChannels": "Kanäle",
    "MediaInfoDefault": "Voreinstellung",
    "MediaInfoExternal": "Extern",
    "MediaInfoForced": "Erzwungen",
    "MediaInfoFramerate": "Bildrate",
    "MediaInfoLanguage": "Sprache",
    "MediaInfoLayout": "Darstellung",
    "MediaInfoPath": "Pfad",
    "MediaInfoPixelFormat": "Pixelformat",
    "MediaInfoProfile": "Profil",
    "MediaInfoRefFrames": "Ref Frames",
    "MediaInfoResolution": "Auflösung",
    "MediaInfoSampleRate": "Sample-Rate",
    "MediaInfoSize": "Größe",
    "MediaInfoTimestamp": "Zeitstempel",
    "MediaIsBeingConverted": "Das Medium wird in ein Format konvertiert, das mit dem Abspielgerät kompatibel ist.",
    "Menu": "Menü",
    "MessageAlreadyInstalled": "Diese Version ist bereits installiert.",
    "MessageAreYouSureDeleteSubtitles": "Bist du dir sicher diese Untertitel Datei löschen zu wollen?",
    "MessageAreYouSureYouWishToRemoveMediaFolder": "Bist du dir sicher dieses Medienverzeichnis entfernen zu wollen?",
    "MessageConfirmDeleteGuideProvider": "Möchten Sie diese Quelle wirklich löschen?",
    "MessageConfirmDeleteTunerDevice": "Möchten Sie dieses Gerät wirklich löschen?",
    "MessageConfirmProfileDeletion": "Bist du dir sicher, dass du dieses Profil löschen möchtest?",
    "MessageConfirmRecordingCancellation": "Aufzeichnung abbrechen?",
    "MessageConfirmRemoveMediaLocation": "Bist du dir sicher diese Medienquelle entfernen zu wollen?",
    "MessageConfirmRestart": "Möchten Sie Jellyfin Server wirklich neu starten?",
    "MessageConfirmRevokeApiKey": "Möchten Sie diesen API Schlüssel wirklich löschen? Die Verbindung der Anwendung zum Jellyfin Server wird sofort unterbrochen.",
    "MessageConfirmShutdown": "Möchsten Sie Jellyfin Server wirklich beenden?",
    "MessageContactAdminToResetPassword": "Bitte kontaktiere deinen Systemadministrator, um dein Passwort zurücksetzen zu lassen.",
    "MessageCreateAccountAt": "Erstellen Sie ein Konto bei {0}",
    "MessageDeleteTaskTrigger": "Bist du dir sicher, dass du diesen Aufgabenauslöser entfernen möchtest?",
    "MessageDirectoryPickerBSDInstruction": "Für BSD müssen Sie ggf. Speicherplatz auf Ihrem FreeNAS Jail für Empby freigeben.",
    "MessageDirectoryPickerInstruction": "Falls der Netzwerk Button deine Endgeräte nicht automatisch findet, kannst du deren Netzwerkpfade auch manuell eintragen. Zum Beispiel {0} oder {1}.",
    "MessageDirectoryPickerLinuxInstruction": "Für Linux auf Arch Linux, CentOS, Debian, Fedora, openSUSE oder Ubuntu muss der Service Benutzer mindestens lesenden Zugriff auf die Speicherorte der Medien besitzen.",
    "MessageDownloadQueued": "Download eingereiht.",
    "MessageEnablingOptionLongerScans": "Die Aktivierung dieser Option kann erheblich längere Bibliotheks-Scans verursachen.",
    "MessageFileReadError": "Es gab einen Fehler beim Lesen der Datei. Bitte versuche es erneut.",
    "MessageForgotPasswordFileCreated": "Die folgende Datei wurde auf deinem Server erstellt und enthält eine Anleitung, wie fortgefahren werden muss:",
    "MessageForgotPasswordInNetworkRequired": "Bitte versuche es erneut innerhalb deines Heimnetzwerks, um die Passwort Zurücksetzung zu starten.",
    "MessageInstallPluginFromApp": "Dieses Plugin muss von der App aus installiert werden, in der du es benutzen willst.",
    "MessageInvalidForgotPasswordPin": "Ein ungültiger oder abgelaufener PIN-Code wurde eingegeben. Bitte versuche es noch einmal.",
    "MessageInvalidUser": "Falscher Benutzername oder Passwort. Bitte versuche es noch einmal.",
    "MessageItemSaved": "Element gespeichert.",
    "MessageItemsAdded": "Einträge hinzugefügt.",
    "MessageLeaveEmptyToInherit": "Leer lassen um die Einstellungen vom übergeordneten Objekt oder dem systemweiten Standardwert zu erben.",
    "MessageNoAvailablePlugins": "Keine verfügbaren Erweiterungen.",
    "MessageNoMovieSuggestionsAvailable": "Momentan sind keine Filmvorschläge verfügbar. Schaue und bewerte zuerst deine Filme. Komme danach zurück, um deine Filmvorschläge anzuschauen.",
    "MessageNoPluginsInstalled": "Du hast keine Plugins installiert.",
    "MessageNoTrailersFound": "Keine Trailer gefunden. Installieren Sie den Trailer-Channel um Ihre Film-Bibliothek mit Trailer aus dem Internet zu erweitern.",
    "MessageNothingHere": "Nichts hier.",
    "MessagePasswordResetForUsers": "Die Passwörter der folgenden Benutzer wurden zurückgesetzt. Diese können sich nun mit den PIN-Codes anmelden, mit denen der Reset durchgeführt wurde.",
    "MessagePlayAccessRestricted": "Das Abspielen dieses Inhaltes ist derzeit eingeschränkt. Bitte kontaktiere deinen Server-Administrator für weitere Informationen.",
    "MessagePleaseEnsureInternetMetadata": "Bitte sicherstellen, dass das Herunterladen von Internet Metadaten aktiviert ist.",
    "MessagePleaseWait": "Bitte warten, dies kann eine Minute dauern.",
    "MessagePluginConfigurationRequiresLocalAccess": "Melde dich bitte direkt an deinem lokalen Server an, um dieses Plugin konfigurieren zu können.",
    "MessagePluginInstallDisclaimer": "Plugins aus der Jellyfin Community sind eine gute Möglichkeit um Jellyfin mit weiteren Funktionen und Vorteilen aufzuwerten. Bevor Sie diese jedoch installieren, seien Sie sich den daraus resultierenden möglichen Umständen für Jellyfin bewusst. Dies können z.B. längere Bibliotheken Scans, weiterführende Verarbeitung von Daten im Hintergrund sowie Systeminstabilität sein.",
    "MessageReenableUser": "Für Reaktivierung schauen Sie unten",
    "MessageSettingsSaved": "Einstellungen gespeichert.",
    "MessageTheFollowingLocationWillBeRemovedFromLibrary": "Die folgenden Medienverzeichnisse werden aus der Bibliothek entfernt:",
    "MessageUnableToConnectToServer": "Wir können gerade keine Verbindung zum gewählten Server herstellen. Bitte stellen Sie sicher das dieser läuft und versuchen Sie es erneut.",
    "MessageUnsetContentHelp": "Inhalte werden als Verzeichnisse dargestellt. Für eine besser Anzeige nutzen Sie nach Möglichkeit den Meta-Data Manager und wählen Sie einen Medien-Typen für Unterverzeichnisse.",
    "MessageYouHaveVersionInstalled": "Du hast momentan Version {0} installiert.",
    "Metadata": "Metadaten",
    "MetadataManager": "Metadaten-Manager",
    "MetadataSettingChangeHelp": "Das Verändern der Metadata-Einstellungen hat nur Einfluss auf neu hinzugefügte Inhalte. Um eine Aktualisierung bereits hinzugefügter Inhalte durchzuführen, öffnen Sie bitte die Detail Ansicht und klicken die Aktualisieren Schaltfläche. Die Aktualisierung mehrerer Inhalte kann im Metadata Manager durchgeführt werden.",
    "MinutesAfter": "Minuten nach",
    "MinutesBefore": "Minuten vor",
    "Mobile": "Smartphone",
    "Monday": "Montag",
    "MoreFromValue": "Mehr von {0}",
    "MoreUsersCanBeAddedLater": "Weitere Benutzer können später über das Dashboard hinzugefügt werden.",
    "MoveLeft": "Nach links bewegen",
    "MoveRight": "Nach rechts bewegen",
    "MovieLibraryHelp": "Überprüfe den {0}Filmbenennungsguide{1}.",
    "Movies": "Filme",
    "Mute": "Stumm",
    "MySubtitles": "Meine Untertitel",
    "Never": "Niemals",
    "NewCollection": "Neue Collection",
    "NewCollectionHelp": "Sammlungen ermöglichen personallisierte Gruppen von Filmen oder anderen Medien.",
    "NewCollectionNameExample": "Beispiel: Star Wars Collection",
    "NewEpisodes": "Neue Episoden",
    "NewEpisodesOnly": "Nur neue Episoden",
    "News": "Nachrichten",
    "Next": "Nächstes",
    "NextUp": "Es folgt",
    "No": "Nein",
    "NoNewDevicesFound": "Keine neuen Geräte gefunden. Um einen neuen Tuner hinzuzufügen, schließe diesen Dialog und gebe die Geräteinformationen manuell ein.",
    "NoNextUpItemsMessage": "Es wurde nichts gefunden. Schau dir deine Shows an!",
    "NoPluginConfigurationMessage": "Dieses Plugin hat keine konfigurierbaren Einstellungen.",
    "NoSubtitleSearchResultsFound": "Keine Ergebnisse gefunden.",
    "NoSubtitles": "Keine Untertitel",
    "NoSubtitlesHelp": "Untertitel werden standardmäßig nicht geladen. Sie können aber während der Wiedergabe manuell aktiviert werden.",
    "None": "Keines",
    "NumLocationsValue": "{0} Verzeichnisse",
    "Off": "Aus",
    "OneChannel": "Ein Kanal",
    "OnlyForcedSubtitles": "Nur erzwungene Untertitel",
    "OnlyForcedSubtitlesHelp": "Nur Untertitel, die als erzwungen markiert wurden, werden geladen.",
    "OnlyImageFormats": "Nur Bildformate (VOBSUB, PGS, SUB, etc.)",
    "OptionAdminUsers": "Administratoren",
    "OptionAlbumArtist": "Album-Interpret",
    "OptionAllUsers": "Alle Benutzer",
    "OptionAllowAudioPlaybackTranscoding": "Erlaube Audio-Wiedergabe die Transkodierung benötigt",
    "OptionAllowBrowsingLiveTv": "Erlaube Live TV Zugriff",
    "OptionAllowContentDownloading": "Erlaube Mediendownload und Synchronisation",
    "OptionAllowLinkSharing": "Erlaube das Teilen in sozialen Netzwerken",
    "OptionAllowLinkSharingHelp": "Es werden nur Web-Seiten mit Medieninformationen geteilt. Medien hingenen werden niemals öffentlich geteilt. Die geteilten Inhalte sind nur begrenzt zugänglich werden nach {0} Tagen ungültig.",
    "OptionAllowManageLiveTv": "Erlaube Live-TV Aufnahmeplanung",
    "OptionAllowMediaPlayback": "Erlaube Medienwiedergabe",
    "OptionAllowMediaPlaybackTranscodingHelp": "Das Einschränken des Transcoding-Zugriffes kann bei nicht unterstützten Medienformaten Abspielfehler in Jellyfin Apps hervorrufen.",
    "OptionAllowRemoteControlOthers": "Erlaube Fernsteuerung anderer Benutzer",
    "OptionAllowRemoteSharedDevices": "Erlaube Fernsteuerung geteilter Geräte",
    "OptionAllowRemoteSharedDevicesHelp": "DLNA-Geräte werden als gemeinsam genutzt betrachtet, bis ein Benutzer die Steuerung übernimmt.",
    "OptionAllowSyncTranscoding": "Erlaube Herunterladen von Dateien, die transkodiert werden müssen",
    "OptionAllowUserToManageServer": "Dieser Benutzer kann den Server managen",
    "OptionAllowVideoPlaybackRemuxing": "Erlaube Video-Wiedergabe mittels Konvertierung ohne Neu-Enkodierung",
    "OptionAllowVideoPlaybackTranscoding": "Erlaube Video-Wiedergabe die Transkodierung benötigt",
    "OptionArtist": "Interpret",
    "OptionAscending": "Aufsteigend",
    "OptionAutomaticallyGroupSeries": "Vermische Serieninhalte, die in verschiedenen Ordnern abgelegt sind",
    "OptionAutomaticallyGroupSeriesHelp": "Wenn aktiviert, werden Inhalte einer Serie in verschiedenen Ordnern innerhalb einer Bibliothek als eine Serie angezeigt.",
    "OptionBlockBooks": "Bücher",
    "OptionBlockChannelContent": "Internet Channelinhalte",
    "OptionBlockLiveTvChannels": "Live-TV Kanäle",
    "OptionBlockMovies": "Filme",
    "OptionBlockMusic": "Musik",
    "OptionBlockTrailers": "Trailer",
    "OptionBlockTvShows": "TV Serien",
    "OptionCommunityRating": "Community Bewertung",
    "OptionContinuing": "Fortlaufend",
    "OptionCriticRating": "Kritiker Bewertung",
    "OptionCustomUsers": "Benutzer",
    "OptionDaily": "Täglich",
    "OptionDateAdded": "Hinzugefügt am",
    "OptionDateAddedFileTime": "Benutze das Erstellungsdatum der Datei",
    "OptionDateAddedImportTime": "Benutze das Scandatum vom Hinzufügen in die Bibliothek",
    "OptionDatePlayed": "Gesehen am",
    "OptionDescending": "Absteigend",
    "OptionDisableUser": "Sperre diesen Benutzer",
    "OptionDisableUserHelp": "Wenn deaktiviert wird der Server keine Verbindung von diesem Benutzer erlauben. Bestehende Verbindungen werden sofort beendet.",
    "OptionDislikes": "Mag ich nicht",
    "OptionDisplayFolderView": "Darstellung in Verzeichnisansicht zeigt Medien Verzechnisse",
    "OptionDisplayFolderViewHelp": "Zeige eine Verzeichnisansicht neben deinen Bibliotheken an. Dies kann praktisch sein, wenn man nur Verzeichnisansichten verwendet.",
    "OptionDownloadArtImage": "Kunst",
    "OptionDownloadBackImage": "Zurück",
    "OptionDownloadDiscImage": "Disk",
    "OptionDownloadImagesInAdvance": "Bilder vorab herunterladen",
    "OptionDownloadImagesInAdvanceHelp": "Grundsätzlich werden die meisten Bilder erst dann runter geladen, wenn eine Jellyfin-App diese anfragt. Schalten Sie diese Option ein um alle Bilder im Voraus herunterzuladen, wenn neue Medien importiert wurden. Diese Einstellung kann zu signifikant längeren Bibliothekscans führen.",
    "OptionDownloadMenuImage": "Menü",
    "OptionDownloadPrimaryImage": "Primär",
    "OptionDvd": "DVD",
    "OptionEmbedSubtitles": "In Container eingebettet",
    "OptionEnableAccessFromAllDevices": "Erlaube Zugriff von allen Geräten",
    "OptionEnableAccessToAllChannels": "Erlaube Zugriff auf alle Kanäle",
    "OptionEnableAccessToAllLibraries": "Erlaube Zugriff auf alle Bibliotheken",
    "OptionEnableExternalContentInSuggestions": "Aktiviere externe Inhalte in Empfehlungen",
    "OptionEnableExternalContentInSuggestionsHelp": "Erlaube Internet Trailer und Live TV  Sendungen in Empfehlungen.",
    "OptionEnableForAllTuners": "Aktiviere für alle Tuner",
    "OptionEnableM2tsMode": "Aktiviere M2TS Modus",
    "OptionEnableM2tsModeHelp": "Aktiviere M2TS Modus beim Encodieren nach MPEGTS.",
    "OptionEnded": "Beendent",
    "OptionEquals": "Gleiche",
    "OptionEstimateContentLength": "Voraussichtliche Inhaltslänge beim Transkodieren",
    "OptionEveryday": "Täglich",
    "OptionExternallyDownloaded": "Externer Download",
    "OptionExtractChapterImage": "Aktiviere Kapitelbild-Extrahierung",
    "OptionFavorite": "Favoriten",
    "OptionFriday": "Freitag",
    "OptionHasSpecialFeatures": "Besonderes Merkmal",
    "OptionHasSubtitles": "Untertitel",
    "OptionHasThemeSong": "Titellied",
    "OptionHasThemeVideo": "Titelvideo",
    "OptionHideUser": "Verberge diesen Benutzer in den Anmeldebildschirmen",
    "OptionHideUserFromLoginHelp": "Hilfreich für private oder versteckte Administrator-Konten. Der Benutzer muss sich manuell mit der Eingabe des Benutzernamens und Passworts anmelden.",
    "OptionHlsSegmentedSubtitles": "HLS segmentierte Untertitel",
    "OptionHomeVideos": "Fotos",
    "OptionIgnoreTranscodeByteRangeRequests": "Ignoriere Anfragen für Transkodierbytebereiche",
    "OptionIgnoreTranscodeByteRangeRequestsHelp": "Falls aktiviert, werden diese Anfragen berücksichtigt aber Byte-Range-Header ignoriert werden.",
    "OptionImdbRating": "IMDb Bewertung",
    "OptionLikes": "Mag ich",
    "OptionMissingEpisode": "Fehlende Episoden",
    "OptionMonday": "Montag",
    "OptionNew": "Neu...",
    "OptionNone": "Keines",
    "OptionOnAppStartup": "Bei Anwendungsstart",
    "OptionOnInterval": "Nach einem Intervall",
    "OptionParentalRating": "Altersfreigabe",
    "OptionPlainStorageFolders": "Zeige alle Verzeichnisse als reine Speicherorte an",
    "OptionPlainStorageFoldersHelp": "Falls aktiviert, werden alle Verzeichnisse in DIDL als \"object.container.storageFolder\" angezeigt, anstatt eines spezifischen Typs wie beispielsweise \"object.container.person.musicArtist\".",
    "OptionPlainVideoItems": "Zeige alle Videos als reine Videodateien an",
    "OptionPlainVideoItemsHelp": "Falls aktiviert, werden alle Videos in DIDL als \"object.item.videoItem\" angezeigt, anstatt eines spezifischen Typs wie beispielsweise \"object.item.videoItem.movie\".",
    "OptionPlayCount": "Zähler",
    "OptionPlayed": "Gesehen",
    "OptionPremiereDate": "Premiere",
    "OptionReleaseDate": "Veröffentlichungsdatum",
    "OptionReportByteRangeSeekingWhenTranscoding": "Teilt die Unterstützung der Bytesuche während des transkodierens auf dem Server mit",
    "OptionReportByteRangeSeekingWhenTranscodingHelp": "Dies wird für manche Abspielgeräte benötigt, auf denen die Zeitsuche nicht gut funktioniert.",
    "OptionRequirePerfectSubtitleMatch": "Lade nur Untertitel mit einem perfekten Ergebnis zu meinen Videos",
    "OptionRequirePerfectSubtitleMatchHelp": "Perfektes Ergebnis wählt beim Filtern nur Untertitel, welche getestet und für deine exakte Videodatei verifiziert wurden. Die Abwahl dieser Option erhöht die Chance, dass Untertitel heruntergeladen werden, die Möglichkeit falscher Untertitel oder dass Text an falschen Positionen angezeigt wird ist aber ebenfalls größer.",
    "OptionResElement": "Res Element",
    "OptionResumable": "Fortsetzen",
    "OptionRuntime": "Dauer",
    "OptionSaturday": "Samstag",
    "OptionSaveMetadataAsHidden": "Speichere Metadaten und Bilder als versteckte Dateien",
    "OptionSaveMetadataAsHiddenHelp": "Änderungen werden sich auf neue Metadaten angewendet. Bereits existierende Metadaten werden bei der nächsten Speicherung des Jellyfin Servers auf den neusten Stand gebracht.",
    "OptionSunday": "Sonntag",
    "OptionThursday": "Donnerstag",
    "OptionTuesday": "Dienstag",
    "OptionTvdbRating": "TVDB Bewertung",
    "OptionUnairedEpisode": "Nicht ausgestrahlte Episoden",
    "OptionUnplayed": "Ungesehen",
    "OptionWakeFromSleep": "Aufwachen nach dem Schlafen",
    "OptionWednesday": "Mittwoch",
    "OptionWeekdays": "Wöchentlich",
    "OptionWeekends": "An Wochenenden",
    "OptionWeekly": "Wöchentlich",
    "OriginalAirDateValue": "Erstausstrahlung: {0}",
    "Overview": "Übersicht",
    "PackageInstallCancelled": "{0} Installation abgebrochen.",
    "PackageInstallCompleted": "{0} Installation abgeschlossen.",
    "PackageInstallFailed": "{0} Installation fehlgeschlagen.",
    "ParentalRating": "Altersfreigabe",
    "PasswordMatchError": "Die Passwörter müssen übereinstimmen.",
    "PasswordResetComplete": "Das Passwort wurde zurückgesetzt.",
    "PasswordResetConfirmation": "Möchtest du das Passwort wirklich zurücksetzen?",
    "PasswordResetHeader": "Passwort zurücksetzen",
    "PasswordSaved": "Passwort gespeichert.",
    "People": "Personen",
    "PerfectMatch": "Perfektes Ergbnis",
    "Photos": "Fotos",
    "PictureInPicture": "Bild-in-Bild",
    "PinCodeResetComplete": "Der PIN wurde zurückgesetzt.",
    "PinCodeResetConfirmation": "Sind Sie sich sicher, dass Sie Ihren PIN Code zurücksetzen möchten?",
    "PlaceFavoriteChannelsAtBeginning": "Platziere favorisierte Kanäle am Anfang",
    "Play": "Abspielen",
    "PlayAllFromHere": "Spiele alles von hier",
    "PlayCount": "Wiedergabezähler",
    "PlayFromBeginning": "Von Beginn abspielen",
    "PlayNext": "Spiele als Nächstes ab",
    "PlayNextEpisodeAutomatically": "Starte nächste Episode automatisch",
    "Played": "Gesehen",
    "Playlists": "Wiedergabelisten",
    "PleaseAddAtLeastOneFolder": "Bitte fügen Sie mindestens ein Verzeichniss zur Bibliothek durch Klicken der \"Hinzufügen\"-Schaltfläche hinzu.",
    "PleaseConfirmPluginInstallation": "Bitte bestätigen Sie mit OK, dass Sie den oben stehenden Text gelesen haben und die Installation des Plugins fortführen möchten.",
    "PleaseEnterNameOrId": "Bitte gib einen Namen oder eine externe ID an.",
    "PleaseRestartServerName": "Bitte starte Jellyfin Server - {0} neu.",
    "PleaseSelectTwoItems": "Bitte wähle mindestens zwei Optionen aus.",
    "PluginInstalledMessage": "Das Plugin wurde erfolgreich installiert. Der Jellyfin-Server muss neu gestartet werden, um die Änderungen zu übernehmen.",
    "PreferEmbeddedTitlesOverFileNames": "Bevorzuge eingebettete Titel vor Dateinamen",
    "PreferEmbeddedTitlesOverFileNamesHelp": "Das bestimmt den Standard Displaytitel wenn keine lokale oder Internetmetadaten verfügbar sind.",
    "PreferEmbeddedEpisodeInfosOverFileNames": "Bevorzuge eingebettete Episodeninformationen vor Dateinamen",
    "PreferEmbeddedEpisodeInfosOverFileNamesHelp": "Bevorzugt die in den Metadaten eingebetteten Episodeninformationen.",
    "PreferredNotRequired": "Bevorzugt, aber nicht benötigt",
    "Premieres": "Premieren",
    "Previous": "Vorheriges",
    "Primary": "Primär",
    "Producer": "Produzent",
    "ProductionLocations": "Drehorte",
    "Programs": "Programme",
    "Quality": "Qualität",
    "QueueAllFromHere": "Setze alles von hier auf Warteschlange",
    "Raised": "Angehoben",
    "Rate": "Bewerte",
    "RecentlyWatched": "Kürzlich gesehen",
    "RecommendationBecauseYouLike": "Weil du auch {0} magst",
    "RecommendationBecauseYouWatched": "Weil du auch {0} angesehen hast",
    "RecommendationDirectedBy": "Unter der Regie von {0}",
    "RecommendationStarring": "In der Hauptrolle {0}",
    "Record": "Aufnehmen",
    "RecordSeries": "Serie aufnehmen",
    "RecordingCancelled": "Aufzeichnung abgebrochen.",
    "RecordingPathChangeMessage": "Das Ändern des Aufnahmeverzeichnisses wird alte Aufnahmen nicht automatisch verschieben. Wenn Du das möchtest, musst Du das selber machen.",
    "RecordingScheduled": "Aufnahme geplant.",
    "Recordings": "Aufnahmen",
    "Refresh": "Aktualisieren",
    "RefreshDialogHelp": "Metadaten werden auf Basis der Einstellungen und Internet Services in den Jellyfin Server Einstellungen aktualisiert.",
    "RefreshMetadata": "Aktualisiere Metadaten",
    "RefreshQueued": "Aktualisierung eingereiht.",
    "ReleaseDate": "Veröffentlichungsdatum",
    "RememberMe": "Erinnere mich",
    "RemoveFromCollection": "Aus Sammlung entfernen",
    "RemoveFromPlaylist": "Von Wiedergabeliste entfernen",
    "Repeat": "Wiederholen",
    "RepeatAll": "Alles wiederholen",
    "RepeatEpisodes": "Wiederholung Episoden",
    "RepeatMode": "Wiederholungsmodus",
    "RepeatOne": "Dieses wiederholen",
    "ReplaceAllMetadata": "Ersetze alle Metadaten",
    "ReplaceExistingImages": "Ersetze vorhandene Bilder",
    "RequiredForAllRemoteConnections": "Benötigt für alle Remote Verbindungen",
    "RestartPleaseWaitMessage": "Warte bitte bis der Jellyfin Server heruntergefahren und neu gestartet wurde. Dieser Vorgang dauert 1 bis 2 Minuten.",
    "ResumeAt": "Fortsetzen bei  {0}",
    "Rewind": "Zurückspulen",
    "RunAtStartup": "Nach Hochfahren automatisch starten",
    "Runtime": "Laufzeit",
    "Saturday": "Samstag",
    "Save": "Speichern",
    "SaveSubtitlesIntoMediaFolders": "Speichere Untertitel in den Medienverzeichnissen",
    "SaveSubtitlesIntoMediaFoldersHelp": "Das speichern der Untertitel neben den Video-Dateien macht es deutlich leichter diese zu managen.",
    "ScanForNewAndUpdatedFiles": "Scanne nach neuen und aktualisierten Dateien",
    "ScanLibrary": "Scanne Bibliothek",
    "Schedule": "Zeitplan",
    "Screenshot": "Bildschirmfoto",
    "Search": "Suche",
    "SearchForCollectionInternetMetadata": "Suche im Internet nach Bildmaterial und Metadaten",
    "SearchForMissingMetadata": "Suche nach fehlenden Metadaten",
    "SearchForSubtitles": "Suche nach Untertiteln",
    "SearchResults": "Suchergebnisse",
    "SendMessage": "Sende Nachricht",
    "Series": "Serien",
    "SeriesCancelled": "Serie abgebrochen.",
    "SeriesDisplayOrderHelp": "Sortiere Episoden nach Ausstrahlungsdatum, DVD Reihenfolge oder absoluter Nummerierung.",
    "SeriesRecordingScheduled": "Serien-Aufnahme geplant.",
    "SeriesSettings": "Serieneinstellungen",
    "SeriesYearToPresent": "{0}-Heute",
    "ServerNameIsRestarting": "Jellyfin Server - {0} startet neu.",
    "ServerNameIsShuttingDown": "Jellyfin Server - {0} fährt herunter.",
    "ServerRestartNeededAfterPluginInstall": "Der Jellyfin-Server muss nach der Installation eines Plugins neu gestartet werden.",
    "ServerUpdateNeeded": "Dieser Jellyfin Server muss aktualisiert werden. Um die neueste Version herunterzuladen, besuche bitte {0}",
    "Settings": "Einstellungen",
    "SettingsSaved": "Einstellungen gespeichert.",
    "SettingsWarning": "Das Verändern dieser Werte kann Instabilität und Verbindungsprobleme hervorrufen. Wenn Probleme auftreten sollten empfehlen wir diese Einstellungen auf die Standardwerte zurück zu stellen.",
    "Share": "Teilen",
    "ShowAdvancedSettings": "Zeige erweiterte Einstellungen",
    "ShowIndicatorsFor": "Zeige Indikatoren für:",
    "ShowTitle": "Titel anzeigen",
    "ShowYear": "Jahr anzeigen",
    "Shows": "Serien",
    "Shuffle": "Zufallswiedergabe",
    "SimultaneousConnectionLimitHelp": "Die maximale Anzahl der parallel erlaubten Streams. 0 für kein Limit.",
    "SkipEpisodesAlreadyInMyLibrary": "Nehme keine Episoden auf, die schon in meiner Bibliothek verfügbar sind",
    "SkipEpisodesAlreadyInMyLibraryHelp": "Episoden werden mittels Staffel- und Episodennummer verglichen, wenn verfügbar.",
    "Small": "Klein",
    "SmallCaps": "Kapitälchen",
    "Smaller": "Kleiner",
    "SmartSubtitlesHelp": "Untertitel, die den Spracheinstellungen entsprechen, werden nur bei einer Tonspur in fremder Sprache heruntergeladen.",
    "Sort": "Sortieren",
    "SortByValue": "Sortieren nach {0}",
    "SortChannelsBy": "Sortiere Kanäle nach:",
    "SortName": "Sortiername",
    "Sports": "Sport",
    "StopRecording": "Aufnahme stoppen",
    "SubtitleAppearanceSettingsAlsoPassedToCastDevices": "Diese Einstellungen werden auch auf jede Chromecast-Wiedergabe angewendet, die von diesem Gerät gestartet wird.",
    "SubtitleAppearanceSettingsDisclaimer": "Diese Einstellungen werden nicht auf grafische Untertitel (PGS, DVD, etc.) oder ASS/SSA Untertitel mit eingebetteten Style-Elementen angewendet.",
    "SubtitleDownloadersHelp": "Aktiviere und bewerte Deine bevorzugten Untertitel Downloader in der Reihenfolge der Priorität.",
    "Subtitles": "Untertitel",
    "Suggestions": "Empfehlungen",
    "Sunday": "Sonntag",
    "Sync": "Synchronisation",
    "SystemDlnaProfilesHelp": "Systemprofile sind schreibgeschützt. Änderungen an einem Systemprofil werden als neues benutzerdefiniertes Profil gespeichert.",
    "TabAccess": "Zugang",
    "TabAdvanced": "Erweitert",
    "TabAlbumArtists": "Album-Interpreten",
    "TabAlbums": "Alben",
    "TabArtists": "Interpreten",
    "TabCatalog": "Katalog",
    "TabChannels": "Kanäle",
    "TabCollections": "Sammlungen",
    "TabContainers": "Container",
    "TabDashboard": "Übersicht",
    "TabDevices": "Geräte",
    "TabDirectPlay": "Direktwiedergabe",
    "TabDisplay": "Anzeige",
    "TabEpisodes": "Episoden",
    "TabFavorites": "Favoriten",
    "TabGuide": "Programm",
    "TabLatest": "Neueste",
    "TabLiveTV": "Live-TV",
    "TabMetadata": "Metadaten",
    "TabMovies": "Filme",
    "TabMusic": "Musik",
    "TabMusicVideos": "Musikvideos",
    "TabMyPlugins": "Meine Plugins",
    "TabNetworks": "Sendergruppen",
    "TabNfoSettings": "NFO Einstellungen",
    "TabNotifications": "Benachrichtigungen",
    "TabOther": "Andere",
    "TabParentalControl": "Kindersicherung",
    "TabPassword": "Passwort",
    "TabPlayback": "Wiedergabe",
    "TabPlaylist": "Wiedergabeliste",
    "TabPlaylists": "Wiedergabelisten",
    "TabProfile": "Profil",
    "TabProfiles": "Profile",
    "TabRecordings": "Aufnahmen",
    "TabResponses": "Antworten",
    "TabResumeSettings": "Fortsetzen",
    "TabScheduledTasks": "Geplante Aufgaben",
    "TabSeries": "Serie",
    "TabSettings": "Einstellungen",
    "TabShows": "Serien",
    "TabSuggestions": "Empfehlungen",
    "TabTrailers": "Trailer",
    "TabTranscoding": "Transkodierung",
    "TabUpcoming": "Bevorstehend",
    "TabUsers": "Benutzer",
    "TellUsAboutYourself": "Sagen Sie uns etwas über sich selbst",
    "ThemeSongs": "Titelsongs",
    "ThemeVideos": "Titelvideos",
    "TheseSettingsAffectSubtitlesOnThisDevice": "Diese Einstellungen beeinflussen Untertitel auf diesem Gerät",
    "ThisWizardWillGuideYou": "Dieser Assistent wird Sie durch den Einrichtungsprozess führen. Um zu beginnen, wählen Sie bitte ihre bevorzugte Sprache.",
    "Thursday": "Donnerstag",
    "TitleHardwareAcceleration": "Hardware Beschleunigung",
    "TitleHostingSettings": "Hosting Einstellungen",
    "TitlePlayback": "Wiedergabe",
    "TrackCount": "{0} Titel",
    "Trailers": "Trailer",
    "Tuesday": "Dienstag",
    "TvLibraryHelp": "Überprüfe den {0}Serienbenennungsguide{1}.",
    "Uniform": "Einheitlich",
    "UninstallPluginConfirmation": "Möchtest du {0} wirklich deinstallieren?",
    "UninstallPluginHeader": "Plugin deinstallieren",
    "Unmute": "Ton ein",
    "Unplayed": "Ungesehen",
    "Unrated": "Nicht bewertet",
    "Up": "Hoch",
    "Upload": "Hochladen",
    "UserAgentHelp": "Stelle einen benutzerdefinierten User-Agent HTTP header zur Verfügung.",
    "UserProfilesIntro": "Jellyfin bietet die Unterstützung von Benutzerprofilen, mit eigenen Ansichten, Altersfreigaben und Spielstände von Medien.",
    "ValueAlbumCount": "{0} Alben",
    "ValueConditions": "Bedingungen: {0}",
    "ValueEpisodeCount": "{0} Episoden",
    "ValueMinutes": "{0} Minuten",
    "ValueMovieCount": "{0} Filme",
    "ValueMusicVideoCount": "{0} Musikvideos",
    "ValueOneAlbum": "1 Album",
    "ValueOneEpisode": "1 Episode",
    "ValueOneMovie": "1 Film",
    "ValueOneMusicVideo": "1 Musikvideo",
    "ValueOneSeries": "1 Serie",
    "ValueOneSong": "1 Lied",
    "ValueSeconds": "{0} Sekunden",
    "ValueSeriesCount": "{0} Serien",
    "ValueSongCount": "{0} Lieder",
    "ValueTimeLimitMultiHour": "Zeitlimit: {0} Stunden",
    "ValueTimeLimitSingleHour": "Zeitlimit: 1 Stunde",
    "Vertical": "Vertikal",
    "ViewAlbum": "Zeige Album",
    "ViewArtist": "Zeige Darsteller",
    "ViewPlaybackInfo": "Abspielinfo ansehen",
    "Watched": "Gesehen",
    "Wednesday": "Mittwoch",
    "WelcomeToProject": "Willkommen bei Jellyfin!",
    "WizardCompleted": "Das ist jetzt erst mal alles. Jellyfin sammelt nun Informationen über Ihre Medienbibliothek. Schau dir doch ein paar unserer Apps an und klicke dann auf <b>Fertig</b> um das <b>Dashboard</b> anzuzeigen.",
    "Writer": "Drehbuchautor",
    "XmlDocumentAttributeListHelp": "Diese Attribute werden für das Stammelement jeder XML-Antwort angewendet.",
    "XmlTvKidsCategoriesHelp": "Programme mit diesen Kategorien werden als Kinderprogramme angezeigt. Separiere mehrere mit '|'.",
    "XmlTvMovieCategoriesHelp": "Programme mit diesen Kategorien werden als Filme angezeigt. Separiere mehrere mit '|'.",
    "XmlTvNewsCategoriesHelp": "Programme mit diesen Kategorien werden als Nachrichtenprogramme angezeigt. Separiere mehrere mit '|'.",
    "XmlTvPathHelp": "Ein Pfad zu einer XMLTV Datei. Jellyfin wird diese Datei periodisch auf Updates prüfen und lesen. Du bist für das Erstellen und updaten verantwortlich.",
    "XmlTvSportsCategoriesHelp": "Programme mit diesen Kategorien werden als Sport Programme angezeigt. Separiere mehrere mit '|'.",
    "Yes": "Ja",
    "Yesterday": "Gestern",
    "Alerts": "Warnhinweise",
    "Audio": "Audio",
    "Auto": "Auto",
    "Banner": "Banner",
    "Blacklist": "Sperrliste",
    "ButtonDownload": "Download",
    "ButtonFilter": "Filter",
    "ButtonHome": "Startseite",
    "ButtonOk": "Ok",
    "ButtonPause": "Pause",
    "ButtonStart": "Start",
    "ButtonTrailer": "Trailer",
    "ButtonWebsite": "Webseite",
    "ChangingMetadataImageSettingsNewContent": "Änderungen an Metadaten- und Artwork-Einstellungen betreffen nur der Bibliothek neu hinzugefügte Inhalte. Um diese Änderungen auf existierende Medien anzuwenden müssen die Metadaten manuell aktualisiert werden.",
    "CopyStreamURL": "Stream URL kopieren",
    "CopyStreamURLSuccess": "Link erfolgreich kopiert.",
    "Desktop": "Desktop",
    "Download": "Download",
    "Extras": "Extras",
    "FolderTypeTvShows": "TV Serien",
    "FormatValue": "Format: {0}",
    "GenreValue": "Genre: {0}",
    "Genres": "Genres",
    "GenresValue": "Genres: {0}",
    "HeaderAdmin": "Admin",
    "HeaderApp": "App",
    "HeaderGenres": "Genres",
    "HeaderHttpHeaders": "HTTP-Header",
    "HeaderPluginInstallation": "Plugininstallation",
    "HeaderStatus": "Status",
    "HeaderTags": "Tags",
    "HeaderVideos": "Videos",
    "Home": "Startseite",
    "Horizontal": "Horizontal",
    "LabelAlbum": "Album:",
    "LabelAudio": "Audio:",
    "LabelCache": "Cache:",
    "LabelFormat": "Format:",
    "LabelH264Crf": "H264 Encodierungs-CRF:",
    "LabelLogs": "Logs:",
    "LabelName": "Name:",
    "LabelProfileCodecs": "Codecs:",
    "LabelProfileContainer": "Container:",
    "LabelSkin": "Textur:",
    "Art": "Kunst",
    "Name": "Name",
    "Songs": "Songs",
    "ValueSpecialEpisodeName": "Extra - {0}",
    "ButtonInfo": "Info",
    "ColorPrimaries": "Hauptfarben",
    "ColorTransfer": "Farbtransfer",
    "LabelTypeText": "Text",
    "LabelVersion": "Version:",
    "LabelVersionNumber": "Version {0}",
    "LabelVideo": "Video:",
    "LeaveBlankToNotSetAPassword": "Du kannst dieses Feld frei lassen um kein Passwort zu setzen.",
    "LinksValue": "Links: {0}",
    "MessageImageFileTypeAllowed": "Nur JPEG- und PNG-Dateien werden unterstützt.",
    "MessageImageTypeNotSelected": "Bitte wähle einen Bildtyp aus dem Drop-Down Menü aus.",
    "Normal": "Normal",
    "LabelDynamicExternalId": "{0} Id:",
    "LabelStatus": "Status:",
    "LabelTranscodingContainer": "Container:",
    "Live": "Live",
    "LiveTV": "Live-TV",
    "Logo": "Logo",
    "MediaInfoBitrate": "Bitrate",
    "MediaInfoCodec": "Codec",
    "MediaInfoContainer": "Container",
    "MediaInfoInterlaced": "Interlaced/Zeilensprungverfahren",
    "MediaInfoLevel": "Level",
    "Option3D": "3D",
    "OptionAlbum": "Album",
    "OptionAuto": "Auto",
    "OptionAutomatic": "Auto",
    "OptionBluray": "Blu-ray",
    "OptionCaptionInfoExSamsung": "CaptionInfoEx (Samsung)",
    "OptionDownloadBannerImage": "Banner",
    "OptionDownloadLogoImage": "Logo",
    "OptionHasTrailer": "Trailer",
    "OptionIsHD": "HD",
    "OptionIsSD": "SD",
    "OptionNameSort": "Name",
    "OptionProfileAudio": "Audio",
    "OptionProfilePhoto": "Foto",
    "OptionProfileVideo": "Video",
    "OptionProtocolHls": "HTTP-Live-Streaming",
    "OptionProtocolHttp": "HTTP",
    "OptionRegex": "Reguläre Ausdrücke",
    "OptionSpecialEpisode": "Extras",
    "OptionTrackName": "Spurname",
    "Screenshots": "Bildschirmfotos",
    "Studios": "Studios",
    "TV": "TV",
    "TabCodecs": "Codecs",
    "TabGenres": "Genres",
    "TabInfo": "Info",
    "TabLogs": "Protokoll",
    "TabPlugins": "Plugins",
    "TabServer": "Server",
    "TabSongs": "Songs",
    "TabStreaming": "Streaming",
    "Transcoding": "Transcoding",
    "ValueAudioCodec": "Audiocodec: {0}",
    "ValueCodec": "Codec: {0}",
    "ValueContainer": "Container: {0}",
    "ValueDiscNumber": "Disk {0}",
    "ValueStatus": "Status: {0}",
    "ValueStudio": "Studio: {0}",
    "ValueStudios": "Studios: {0}",
    "ValueVideoCodec": "Videocodec: {0}",
    "ViewTypeTvShows": "TV",
    "HeaderClients": "Endgeräte",
    "LabelLimit": "Limit:",
    "LabelTag": "Tag:",
    "LabelTagline": "Markierungen:",
    "LinkCommunity": "Community",
    "OptionDownloadThumbImage": "Vorschau",
    "OptionMax": "Maximum",
    "OptionProfileVideoAudio": "Video Audio",
    "OptionSubstring": "Teilzeichenfolge",
    "OptionTags": "Markierungen",
    "OptionThumb": "Miniaturansicht",
    "Premiere": "Premiere",
    "Smart": "Schlau",
    "Tags": "Markierungen",
    "TagsValue": "Markierungen: {0}",
    "Thumb": "Miniaturansicht",
    "TitleSupport": "Hilfe",
    "Whitelist": "Erlaubt",
    "AuthProviderHelp": "Auswählen eines Authentifizierungsanbieter, der zur Authentifizierung des Passworts dieses Benutzes verwendet werden soll.",
    "Features": "Features",
    "HeaderFavoriteBooks": "Lieblingsbücher",
    "HeaderFavoriteMovies": "Lieblingsfilme",
    "HeaderFavoriteShows": "Lieblingsserien",
    "HeaderFavoriteEpisodes": "Lieblingsepisoden",
    "HeaderFavoriteAlbums": "Lieblingsalben",
    "HeaderFavoriteArtists": "Lieblings-Interpreten",
    "HeaderFavoriteSongs": "Lieblingslieder",
    "HeaderFavoriteVideos": "Lieblingsvideos",
    "HeaderRestartingServer": "Server startet neu",
    "LabelAuthProvider": "Authentifizierungsanbieter:",
    "LabelServerName": "Servername:",
    "LabelTranscodePath": "Transkodierungspfad:",
    "LabelUserLoginAttemptsBeforeLockout": "Fehlgeschlagene Anmeldeversuche, bevor der Benutzer gesperrt wird:",
    "DashboardVersionNumber": "Version: {0}",
    "DashboardServerName": "Server: {0}",
    "LabelWeb": "Web:",
    "MediaInfoSoftware": "Software",
    "MediaInfoStreamTypeAudio": "Audio",
    "MediaInfoStreamTypeData": "Daten",
    "MediaInfoStreamTypeEmbeddedImage": "Eingebettetes Bild",
    "MediaInfoStreamTypeSubtitle": "Untertitel",
    "MediaInfoStreamTypeVideo": "Video",
    "MessageNoCollectionsAvailable": "Sammlungen ermöglichen es, personalisierte Gruppierungen von Filmen, Serien und Alben zu genießen. Klicken Sie auf die Schaltfläche +, um mit der Erstellung von Sammlungen zu beginnen.",
    "OptionDownloadBoxImage": "Box",
    "OptionLoginAttemptsBeforeLockout": "Legt fest, wie viele falsche Anmeldeversuche durchgeführt werden können, bevor es zur Sperrung kommt.",
    "OptionLoginAttemptsBeforeLockoutHelp": "Null (0) bedeutet den Standardwert von drei Versuchen für normale, sowie fünf für Administrator-Benutzer zu übernehmen. Ein Wert von -1 deaktiviert die Funktion.",
    "PasswordResetProviderHelp": "Wählen Sie einen Password Reset Provider, der verwendet werden soll, wenn dieser Benutzer ein Passwort zurücksetzen möchte",
    "Box": "Box",
    "HeaderHome": "Home",
    "LabelAudioCodec": "Audiocodec:",
    "LabelAudioChannels": "Audiokanäle:",
    "HeaderTypeImageFetchers": "{0} Bildquellen",
    "LabelBitrate": "Bitrate:",
    "LabelAudioBitrate": "Tonbitrate:",
    "ButtonAddImage": "Bild hinzufügen",
    "LabelSize": "Größe:",
    "LabelTranscodes": "Transkoder:",
    "LabelTranscodingProgress": "Transcodierungsfortschritt:",
    "LabelAudioBitDepth": "Audio-Bittiefe:",
    "LabelPleaseRestart": "Die Änderungen werden nach dem manuellen Neuladen des Webclients wirksam.",
    "LabelVideoBitrate": "Video-Bitrate:",
    "LabelTranscodingFramerate": "Transcodierrate:",
    "LabelAudioSampleRate": "Audio-Abtastrate:",
    "LabelBaseUrl": "Basis URL:",
    "LabelBaseUrlHelp": "Du kannst hier ein benutzerdefiniertes Unterverzeichnis hinzufügen, um über eine eindeutige URL auf den Server zuzugreifen.",
    "LabelFolder": "Ordner:",
    "LabelPasswordResetProvider": "Anbieter zum Zurücksetzen des Passwortes:",
    "LabelPlayMethod": "Spielmethode:",
    "DashboardOperatingSystem": "Betriebssystem: {0}",
    "DashboardArchitecture": "Architektur: {0}",
    "LabelVideoCodec": "Videocodec:",
    "LaunchWebAppOnStartup": "Das Webinterface öffnen, wenn der Server startet",
    "LaunchWebAppOnStartupHelp": "Öffne den Webclient in Standard-Webbrowser, wenn der Server zum ersten Mal gestartet wird. Dies tritt bei Verwendung der Neustart-Serverfunktion nicht auf.",
    "MusicArtist": "Interpret",
    "MusicAlbum": "Musikalbum",
    "MoreMediaInfo": "Medieninformation",
    "MessageNoServersAvailable": "Die automatische Serversuche konnte keinen Server finden.",
    "LabelPlayer": "Schauspieler:",
    "MediaInfoCodecTag": "Codec Tag",
    "SubtitleOffset": "Untertitelvorlauf",
    "PlaybackData": "Wiedergabeinformationen",
    "OptionThumbCard": "Vorschaukarte",
    "OptionPosterCard": "Posterkarte",
    "OptionPoster": "Poster",
    "OptionList": "Liste",
    "OptionBanner": "Banner",
    "MusicVideo": "Musikvideo",
    "HeaderFavoritePeople": "Lieblingskünstler",
    "MusicLibraryHelp": "Überprüfe den {0}Musikbenennungsguide{1}.",
    "OptionRandom": "Zufällig",
    "TabNetworking": "Netzwerk",
    "VideoRange": "Videobereich",
    "ButtonSplit": "Teilen",
    "SelectAdminUsername": "Bitte einen Benutzernamen für das Administrator-Konto auswählen.",
    "HeaderNavigation": "Navigation",
    "CopyStreamURLError": "Beim Kopieren der URL ist ein Fehler aufgetreten.",
    "MessageConfirmAppExit": "Wirklich verlassen?",
    "LabelVideoResolution": "Videoauflösung:",
    "LabelStreamType": "Streamtyp:",
    "EnableFastImageFadeInHelp": "Aktiviere schnellere Einblendeanimation für geladene Bilder",
    "EnableFastImageFadeIn": "Schnelle Bildeinblendung",
    "LabelPlayerDimensions": "Playerabmessungen:",
    "LabelDroppedFrames": "Verlorene Frames:",
    "LabelCorruptedFrames": "Fehlerhafte Frames:",
    "OptionForceRemoteSourceTranscoding": "Transkodieren von externen Medienquellen erzwingen (z.B. LiveTV)",
    "AskAdminToCreateLibrary": "Bitten Sie einen Administrator, eine Bibliothek zu erstellen.",
    "NoCreatedLibraries": "Sieht so aus als hättest du bis jetzt keine Bibliothek erstellt. {0}Möchtest du jetzt eine Bibliothek erstellen?{1}",
    "AllowFfmpegThrottling": "Transkodierung drosseln",
    "PlaybackErrorNoCompatibleStream": "Es gab ein Problem bei der Erkennung des Wiedergabeprofils des Clients und der Server sendet kein kompatibles Format.",
    "AllowFfmpegThrottlingHelp": "Wenn eine Transkodierung oder ein Remux weit genug über die aktuelle Abspielposition fortgeschritten ist, pausiere sie sodass weniger Ressourcen verbraucht werden. Dies ist am nützlichsten, wenn wenig geskippt wird. Bei Wiedergabeproblemen sollte diese Option deaktiviert werden."
}
