{
    "AddUser": "Lisää Käyttäjä",
    "BrowsePluginCatalogMessage": "Selaa lisäosakuvastoamme katsoaksesi saatavilla olevia lisäosia.",
    "ButtonAddUser": "Lisää Käyttäjä",
    "ButtonCancel": "Peruuta",
    "ButtonDeleteImage": "Poista Kuva",
    "ButtonResetPassword": "Uusi Salasana",
    "ButtonSave": "Tallenna",
    "ButtonSignOut": "Sign out",
    "Delete": "Poista",
    "DeleteImage": "Poista Kuva",
    "DeleteImageConfirmation": "Oletko varma että haluat poistaa tämän kuvan?",
    "DeleteUser": "Poista käyttäjä",
    "DeleteUserConfirmation": "Oletko varma että haluat poistaa tämän käyttäjän?",
    "FileNotFound": "Tiedostoa ei löydy.",
    "FileReadCancelled": "Tiedoston luku on peruutettu.",
    "FileReadError": "Virhe tiedoston luvun aikana.",
    "FolderTypeTvShows": "TV",
    "HeaderCreatePassword": "Luo Salasana:",
    "HeaderParentalRating": "Parental Rating",
    "HeaderSeries": "Jaksot",
    "HeaderYear": "Year:",
    "LabelAudioLanguagePreference": "Äänen ensisijainen kieli:",
    "LabelConfigureSettings": "Muuta asetuksia",
    "LabelCountry": "Maa:",
    "LabelCurrentPassword": "Tämän hetkinen salsana:",
    "LabelDisplayMissingEpisodesWithinSeasons": "Näytä puuttuvat jaksot tuotantokausissa",
    "LabelDownloadInternetMetadata": "Lataa kuvamateriaali ja metadata internetistä",
    "LabelFinish": "Valmis",
    "LabelFolderType": "Kansion tyyppi:",
    "LabelLanguage": "Kieli:",
    "LabelMaxParentalRating": "Suurin sallittu vanhempien arvostelu:",
    "LabelNewPassword": "Uusi salasana:",
    "LabelNewPasswordConfirm": "Uuden salasanan varmistus:",
    "LabelNext": "Seuraava",
    "LabelPrevious": "Edellinen",
    "LabelSaveLocalMetadata": "Tallenna kuvamateriaali ja metadata media kansioihin.",
    "LabelSaveLocalMetadataHelp": "Kuvamateriaalin ja metadatan tallentaminen suoraan kansioihin missä niitä on helppo muuttaa.",
    "LabelSubtitleLanguagePreference": "Tekstityksien ensisijainen kieli:",
    "LabelUnairedMissingEpisodesWithinSeasons": "Näytä julkaisemattomat jaksot tuotantokausissa",
    "LabelYourFirstName": "Sinun ensimmäinen nimi:",
    "LabelYoureDone": "Olet valmis!",
    "LibraryAccessHelp": "Valitse media kansiot jotka haluat jakaa tämän käyttäjän kanssa. Järjestelmänvalvoja pystyy muokkaamaan kaikkia kansioita käyttäen metadata hallintaa.",
    "MaxParentalRatingHelp": "Suuremman arvosanan takia, sisältö tulla piilottamaan käyttäjältä.",
    "MoreUsersCanBeAddedLater": "Käyttäjiä voi lisätä lisää myöhemmin Dashboardista",
    "NoPluginsInstalledMessage": "Sinulla ei ole mitään lisäosia asennettuna.",
    "OptionRelease": "Virallinen Julkaisu",
    "ParentalRating": "Parental Rating",
    "Password": "Salasana",
    "PasswordMatchError": "Salasana ja salasanan vahvistuksen pitää olla samat.",
    "PasswordResetComplete": "Salasana on palauttettu.",
    "PasswordResetConfirmation": "Oletko varma, että haluat palauttaa salasanan?",
    "PasswordSaved": "Salasana tallennettu.",
    "Save": "Tallenna",
    "SettingsSaved": "Asetukset tallennettu.",
    "TabImage": "Kuva",
    "TabLibraryAccess": "Kirjaston Pääsy",
    "TabPassword": "Salasana",
    "TabProfile": "Profiili",
    "TabProfiles": "Profiilit",
    "TellUsAboutYourself": "Kerro meille itsestäsi",
    "ThisWizardWillGuideYou": "Tämä työkalu auttaa sinua asennus prosessin aikana. loittaaksesi valitse kieli.",
    "UninstallPluginConfirmation": "Oletko varma, että haluat poistaa {0}?",
    "UninstallPluginHeader": "Poista Lisäosa",
    "Users": "Käyttäjät",
    "Absolute": "Ehdoton",
    "Accept": "Hyväksy",
    "Actor": "Näyttelijä",
    "Add": "Lisää",
    "AddToCollection": "Lisää kokoelmaan",
    "AddToPlayQueue": "Lisää toistojonoon",
    "AddToPlaylist": "Lisää toistolistalle",
    "AddUserByManually": "Lisää paikallinen käyttäjä lisäämällä käyttäjän tiedot manuaalisesti.",
    "AddedOnValue": "Lisätty {0}",
    "AdditionalNotificationServices": "Selaa lisäosakatalogia asentaaksesi lisää ilmoituspalveluita.",
    "AirDate": "Ensiesityspäivä",
    "Albums": "Albumit",
    "Alerts": "Hälytykset",
    "All": "Kaikki",
    "AllChannels": "Kaikki kanavat",
    "AllComplexFormats": "Kaikki monimutkaiset tiedostomuodot (ASS, SSA, VOBSUB, PGS, SUB/IDX, jne.)",
    "AllEpisodes": "Kaikki jaksot",
    "AllLanguages": "Kaikki kielet",
    "AllLibraries": "Kaikki kirjastot",
    "AllowDeletionFromAll": "Salli tiedostojen poistaminen kaikista kirjastoista",
    "AllowOnTheFlySubtitleExtraction": "Salli tekstitysten purkaminen lennossa",
    "AccessRestrictedTryAgainLater": "Pääsy on toistaiseksi estetty. Yritä myöhemmin uudelleen.",
    "AddGuideProviderHelp": "Lisää lähde ohjelmaoppaalle.",
    "AddItemToCollectionHelp": "Lisää nimikkeitä etsimällä niitä ja käyttämällä hiiren oikeaa nappia tai valikkoa lisätäksesi ne kokoelmaan.",
    "Aired": "Esityspäivä",
    "AllowHWTranscodingHelp": "Salli virittimen muuntaa bittivirtaa lennossa. Tämä voi vähentää tarvetta muunnokseen palvelimella.",
    "AllowMediaConversion": "Salli median muunto",
    "AllowMediaConversionHelp": "Salli tai kiellä pääsy median muunnostoimintoon.",
    "AllowOnTheFlySubtitleExtractionHelp": "Sisäiset tekstitykset voidaan lähettää päätelaitteille ilmitekstinä, jotta videota ei tarvitsisi uudelleenkoodata. Joissain järjestelmissä tämä voi viedä paljon aikaa ja aiheuttaa toiston pysähtymisen purun ajaksi. Poista tämä käytöstä polttaaksesi tekstiykset suoraan videoon, mikäli päätelaite ei tue tekstityksiä.",
    "AllowRemoteAccess": "Salli etäyhteydet tähän Jellyfin palvelimeen.",
    "AllowRemoteAccessHelp": "Jos merkki puuttuu, kaikki ulkopuoliset yhteydet estetään.",
    "AllowSeasonalThemes": "Salli automaattiset vuodenaikateemat",
    "AllowSeasonalThemesHelp": "Jos asetettu, vuodenaikateemat satunnaisesti yliajavat teema-asetuksesi.",
    "AllowedRemoteAddressesHelp": "Pilkuilla eroteltu lista IP-osoitteista tai IP/verkonpeite merkinnöistä verkoille, joille sallitaan etäyhteys palvelimeen. Tyhjäksi jätetty lista tarkoittaa, että kaikki osoitteet sallitaan.",
    "AlwaysPlaySubtitles": "Näytä aina tekstitykset",
    "AlwaysPlaySubtitlesHelp": "Oletuskieliasetusta vastaava tekstitys otetaan käyttöön ääniraidan kielestä huolimatta.",
    "AnamorphicVideoNotSupported": "Anamorfinen video ei ole tuettu",
    "AndroidUnlockRestoreHelp": "Palauttaaksesi aikaisemman ostoksesi, varmista, että olet kirjautuneena samalla Google (tai Amazon) tunnuksella, jolla teit alkuperäisen oston. Varmista, että sovelluskauppa on päällä eikä sitä ole rajoitettu vanhempien lukolla. Varmista myös, että sinulla on toimiva internet -yhteys. Sinun tarvitsee tehdä taämä vain kerran.",
    "AnyLanguage": "Mikä tahansa kieli",
    "Anytime": "Milloin tahansa",
    "AroundTime": "Noin {0}",
    "Art": "Taide",
    "Artists": "Esiintyjät",
    "AsManyAsPossible": "Niin monta kuin mahdollista",
    "Ascending": "Nousevassa järjestyksessä",
    "AspectRatio": "Kuvasuhde",
    "AttributeNew": "Uusi",
    "Audio": "Ääni",
    "AuthProviderHelp": "Valitse todentamispalvelu, jota käytetään tämän käyttäjän salasanan todentamisessa.",
    "Auto": "Automaattinen",
    "AutoBasedOnLanguageSetting": "Automaattinen (perustuu kieliasetukseen)",
    "Backdrop": "Tausta",
    "Backdrops": "Taustat",
    "Banner": "Juliste",
    "BirthDateValue": "Syntynyt: {0}",
    "BirthLocation": "Syntymäpaikka",
    "BirthPlaceValue": "Syntymäpaikka: {0}",
    "Blacklist": "Kieltolista",
    "BookLibraryHelp": "Ääni- ja tekstimuotoiset kirjat on tuettuja. Katso {0}kirjojen nimeämisopas{1}.",
    "Books": "Kirjat",
    "Box": "Laatikko",
    "BoxRear": "Laatikko (takaa)",
    "Browse": "Selaa",
    "ButtonAdd": "Lisää",
    "ButtonAddMediaLibrary": "Lisää Mediakirjasto",
    "ButtonAddScheduledTaskTrigger": "Lisää Liipaisin",
    "ButtonAddServer": "Lisää Palvelin",
    "ButtonArrowDown": "Alas",
    "ButtonArrowLeft": "Vasen",
    "ButtonArrowRight": "Oikea",
    "ButtonArrowUp": "Ylös",
    "ButtonAudioTracks": "Ääniraidat",
    "ButtonBack": "Takaisin",
    "ButtonChangeContentType": "Vaihda sisällön tyyppiä",
    "ButtonChangeServer": "Vaihda Palvelinta",
    "ButtonConnect": "Yhdistä",
    "ButtonDelete": "Poista",
    "ButtonDown": "Alas",
    "ButtonDownload": "Lataa",
    "ButtonEdit": "Muokkaa",
    "ButtonEditImages": "Muokkaa kuvia",
    "ButtonEditOtherUserPreferences": "Muokkaa tämän käyttäjän profiilia, kuvaa ja henkilökohtaisia asetuksia.",
    "ButtonFilter": "Suodin",
    "ButtonForgotPassword": "Unohdin salasanani",
    "ButtonFullscreen": "Täysi kuvaruutu",
    "ButtonGotIt": "Selvä",
    "ButtonGuide": "Opas",
    "ButtonHelp": "Apua",
    "ButtonHome": "Koti",
    "ButtonInfo": "Tiedot",
    "ButtonLearnMore": "Lue lisää",
    "ButtonLibraryAccess": "Kiraston pääsy",
    "ButtonManualLogin": "Manuaalinen kirjautuminen",
    "ButtonMore": "Lisää",
    "ButtonMoreInformation": "Lisää tietoa",
    "ButtonNetwork": "Verkko",
    "ButtonNew": "Uusi",
    "ButtonNextTrack": "Seuraava raita",
    "ButtonOff": "Pois päältä",
    "ButtonOk": "Ok",
    "ButtonOpen": "Avoin",
    "BurnSubtitlesHelp": "Määrittää jos palvelimen pitäisi upottaa tekstitykset suoraan videotiedostoon muuntamisvaiheessa tekstitysformaatista riippuen. Upottamisen välttäminen parantaa palvelimen suorituskykyä. Valitse Automaattinen upottaaksesi sekä kuvapohjaiset- (esim. VOBSUB, PGS, SUB/IDX, jne.) että ASS/SSA tekstitysmuodot",
    "ButtonParentalControl": "Lapsilukko",
    "ButtonPause": "Tauko",
    "ButtonPlay": "Toista",
    "ButtonPreviousTrack": "Edellinen raita",
    "ButtonProfile": "Profiili",
    "ButtonQuickStartGuide": "Pikaopas",
    "ButtonRefresh": "Päivitä",
    "ButtonRefreshGuideData": "Päivitä oppaan tiedot",
    "ButtonRemove": "Poista",
    "ButtonRename": "Nimeä uudelleen",
    "ButtonRepeat": "Uudelleentoisto",
    "ButtonResetEasyPassword": "Nollaa helppo PIN-koodi",
    "ButtonRestart": "Käynnistä uudelleen",
    "ButtonResume": "Jatka",
    "ButtonRevoke": "Peruuta",
    "ButtonScanAllLibraries": "Skannaa kaikki kirjastot",
    "ButtonSearch": "Haku",
    "ButtonSelectDirectory": "Valitse hakemisto",
    "ButtonSelectServer": "Valitse palvelin",
    "ButtonSelectView": "Valitse näkymä",
    "ButtonSend": "Lähetä",
    "ButtonSettings": "Asetukset",
    "ButtonShuffle": "Satunnaistoisto",
    "ButtonShutdown": "Sammuta",
    "ButtonSignIn": "Kirjaudu sisään",
    "ButtonSort": "Lajittele",
    "ButtonStart": "Käynnistä",
    "ButtonStop": "Pysäytä",
    "ButtonSubmit": "Lähetä",
    "ButtonSubtitles": "Tekstitykset",
    "ButtonTrailer": "Traileri",
    "ButtonUninstall": "Poista asennus",
    "ButtonUp": "Ylös",
    "ButtonViewWebsite": "Näytä nettisivusto",
    "ButtonWebsite": "Nettisivusto",
    "CancelRecording": "Peruuta tallennus",
    "Categories": "Kategoriat",
    "ChangingMetadataImageSettingsNewContent": "Muutokset metadatan tai kuvituksien lataamisasetuksiin vaikuttaa ainoastaan tulevaan kirjaston sisältöön. Päivittääksesi myös vanhan sisällön sinun täytyy päivittää metadata manuaalisesti.",
    "ChannelAccessHelp": "Valitse kanavat jotka jaetaan tämän käyttäjän kanssa. Järjestelmänvalvojat pystyvät muuttamaan kaikkia kanavia käyttämällä metadatan hallintatyökalua.",
    "ChannelNameOnly": "Kanava {0} ainoastaan",
    "Channels": "Kanavat",
    "CinemaModeConfigurationHelp": "Elokuvatila tuo teatterikokemuksen suoraan olohuoneeseesi mahdollistamalla trailereiden ja omien introjen toistamisen ennen päänumeroa.",
    "Collections": "Kokoelmat",
    "ColorPrimaries": "Päävärit",
    "ColorSpace": "Väriavaruus",
    "ColorTransfer": "Värien siirto",
    "CommunityRating": "Yhteisön arvosana",
    "Composer": "Säveltäjä",
    "ConfigureDateAdded": "Lisäyspäivämäärän määritykset löytyvät kirjaston asetuksien alta Jellyfin-palvelimen kojelaudalla",
    "ConfirmDeleteImage": "Poista kuva?",
    "ConfirmDeleteItem": "Tämän esineen poistaminen poistaa sen sekä tiedostojärjestelmästä että mediakirjastosta. Haluatko varmasti jatkaa?",
    "ConfirmDeleteItems": "Näiden esineiden poistaminen poistaa ne sekä tiedostojärjestelmästä että mediakirjastosta. Haluatko varmasti jatkaa?",
    "ConfirmDeletion": "Vahvista poistaminen",
    "ConfirmEndPlayerSession": "Haluaisitko sammuttaa Jellyfinin tähän aikaan {0}?",
    "Connect": "Yhdistä",
    "ContinueWatching": "Jatka katselua",
    "Continuing": "Jatketaan",
    "CriticRating": "Kriitikoiden arvosana",
    "DateAdded": "Lisäyspäivämäärä",
    "DatePlayed": "Toistopäivämäärä",
    "Default": "Oletus",
    "DefaultErrorMessage": "Pyynnön käsittelyssä tapahtui virhe. Yritä myöhemmin uudelleen.",
    "DefaultMetadataLangaugeDescription": "Nämä ovat sinun oletuksetasetukset ja niitä voidaan muokata kirjastokohtaisesti.",
    "DefaultSubtitlesHelp": "Tekstitykset ladataan pakotettu- ja oletusmäärityksien upotetun metadatan mukaan. Kieliasetukset otetaan huomioon, kun on enemmän kuin yksi tekstitys josta valita.",
    "DeleteDeviceConfirmation": "Oletko varma, että haluat positaa tämän laitteen? Se ilmaantuu uudelleen seuraavan kerran, kun jokin käyttäjä kirjautuu sillä.",
    "DeleteMedia": "Poista media",
    "Descending": "Laskeva",
    "Desktop": "Työpöytä",
    "DetectingDevices": "Tunnistetaan laitteita",
    "DeviceAccessHelp": "Tämä pätee ainoastaan laitteisiin, jotka voidaan tunnistaa uniikkina ja ei estä selainpääsyä. Uusien laitteiden suodattaminen estää niiden käyttämisen ennen hyväksyntää täältä.",
    "DirectPlaying": "Suoraan toistaminen",
    "DirectStreamHelp1": "Tämä media on yhteensopiva laitteen kanssa katsoen resoluutiota ja mediatyyppiä (H.264, AC3, jne.), mutta se ei ole yhteensopivassa tiedostosäiliössä (mkv, avi, wmv, jne.). Tämä video uudelleenpakataan lennossa ennen laitteeseen lähetystä.",
    "DirectStreamHelp2": "Tiedoston suoraan toistaminen käyttää erittäin vähän prosessorin resursseja ilman laadun heikentämistä.",
    "DirectStreaming": "Suora suoratoisto",
    "Director": "Ohjaaja",
    "DirectorValue": "Ohjaaja: {0}",
    "DirectorsValue": "Ohjaajat: {0}",
    "Disabled": "Pois päältä kytkettynä",
    "Disc": "Levy",
    "Disconnect": "Katkaise yhteys",
    "Dislike": "Älä tykkää",
    "DisplayInMyMedia": "Näytä kotinäytöllä",
    "DisplayInOtherHomeScreenSections": "Näytä kotinäytöllä osastoja kuten viimeisin media ja jatka katselua",
    "DisplayMissingEpisodesWithinSeasons": "Näytä puuttuvat jaksot tuotantokausissa",
    "DisplayMissingEpisodesWithinSeasonsHelp": "Tämän pitää aktivoida TV-kirjastoille myös palvelimen asetuksissa.",
    "DisplayModeHelp": "Valitse näyttölaitteen tyyppi jolla pyörität Jellyfiniä.",
    "DoNotRecord": "Älä tallenna",
    "Down": "Alas",
    "Download": "Lataa",
    "DownloadsValue": "{0} latausta",
    "DrmChannelsNotImported": "Kanavia joissa on tekijänoikeusesto-ohjelmia, ei ladata.",
    "DropShadow": "Tiputa varjo",
    "EasyPasswordHelp": "Sinun helppoa PIN-koodia käytetään offline-käytössä tuetuissa Jellyfin-sovelluksissa, ja voidaan myös nopeuttaa verkkoon kirjautumista.",
    "Edit": "Muokkaa",
    "EditImages": "Muokkaa kuvia",
    "EditMetadata": "Muokkaa metadataa",
    "EditSubtitles": "Muokkaa tekstityksiä",
    "ChannelNumber": "Kanavan numero",
    "CancelSeries": "Peruuta sarja",
    "CopyStreamURL": "Kopioi Toiston Osoite",
    "ButtonAddImage": "Lisää kuva",
    "Movies": "Elokuvat",
    "HeaderNextUp": "Seuraavaksi",
    "HeaderLiveTV": "TV-lähetykset",
    "HeaderFavoriteSongs": "Lempikappaleet",
    "HeaderFavoriteShows": "Lempisarjat",
    "HeaderFavoriteEpisodes": "Lempijaksot",
    "HeaderFavoriteArtists": "Lempiartistit",
    "HeaderFavoriteAlbums": "Lempialbumit",
    "HeaderContinueWatching": "Jatka katsomista",
    "HeaderAlbumArtists": "Albumin esittäjä",
    "Genres": "Tyylilajit",
    "Folders": "Kansiot",
    "Favorites": "Suosikit",
    "Display": "Näytä",
    "Photos": "Kuvat",
    "Playlists": "Soittolistat",
    "ValueSpecialEpisodeName": "Erikois - {0}",
    "Sync": "Synkronoi",
    "Songs": "Kappaleet",
    "Shows": "Ohjelmat",
    "CopyStreamURLSuccess": "Osoite kopioitu onnistuneesti.",
    "DeathDateValue": "Kuoli: {0}",
    "CustomDlnaProfilesHelp": "Luo mukautettu profiili uutta laitetta varten, tai ohita järjestelmäprofiili.",
    "EnableBackdrops": "Taustat",
    "ErrorAddingMediaPathToVirtualFolder": "Media-polkua lisätessä ilmeni ongelma. Varmista, että polku on kirjoitettu oikein ja Jellyfin Palvelimella pääsy sijaintiin.",
    "Episodes": "Jaksot",
    "EndsAtValue": "Päättyy {0}",
    "Ended": "Päättynyt",
    "EnableThemeSongsHelp": "Soita tunnuslaulut taustalla, selatessasi kirjastoa.",
    "EnableThemeSongs": "Tunnuslaulut",
    "EnableStreamLoopingHelp": "Laita tämä päälle, jos suoratoistot sisältävät vain muutaman sekuntin verran dataa jota tarvitsee pyytää jatkuvasti. Tämän päälle laittaminen ilman toiminnon tarvetta voi aiheuttaa ongelmia.",
    "EnablePhotosHelp": "Kuvat tunnistetaan ja näytetään muiden media-tiedostojen ohessa.",
    "EnablePhotos": "Näytä valokuvat",
    "EnableNextVideoInfoOverlay": "Näytä seuraavan videon tiedot toiston aikana",
    "EnableHardwareEncoding": "Salli rauta-tason muunnoksen kiihdytys",
    "EnableExternalVideoPlayers": "Ulkoiset videosoittimet",
    "EnableDisplayMirroring": "Näytön peilaus",
    "EnableColorCodedBackgrounds": "Väri-koodatut taustat",
    "EnableCinemaMode": "Teatteri-tila",
    "EnableBackdropsHelp": "Näytä taustat tietyillä sivuilla selatessasi kirjastoa.",
    "EnableExternalVideoPlayersHelp": "Videota soitettaessa näytetään erillinen valikko.",
    "Depressed": "Painettu",
    "CopyStreamURLError": "Verkko-osoitteen kopioinnissa tapahtui virhe.",
    "ButtonSplit": "jaa",
    "AskAdminToCreateLibrary": "Pyydä järjestelmän ylläpitäjää luomaan kirjasto."
}
