{
    "ButtonQuickStartGuide": "तुरंत आरंभ मार्गदर्शिका",
    "ButtonSignOut": "Sign out",
    "HeaderAddUser": "उपयोगकर्ता जोडें",
    "LabelFinish": "समाप्त",
    "LabelNext": "अगला",
    "LabelPrevious": "पिछला",
    "LabelYourFirstName": "आपका प्रथम नामः",
    "LabelYoureDone": "आपने पूरा कर लिया है!",
    "MoreUsersCanBeAddedLater": "अधिक उपयोगकर्ताओं को बाद में डैशबोर्ड के अंतर्गत जोड़ा जा सकता है।",
    "TellUsAboutYourself": "हमें अपने बारे में बताएं",
    "ThisWizardWillGuideYou": "यह विज़ार्ड आपकी इस सेटअप प्रक्रिया से गुजरने में मदद करेगा।  शुरू करने के लिए, कृपया अपनी पसंद की भाषा को चुनें।",
    "UserProfilesIntro": "एम्बि में उपयोगकर्ता प्रोफाइल अन्तर्निहित मौजूद है, जो हर उपयोगकर्ता को अपनी अलग प्रदर्शन सेटिंग्स, प्ले-अवस्था, पैतृक नियंत्रणो में सक्षम करता है।",
    "WelcomeToProject": "एम्बी में आपका स्वागत है!",
    "WizardCompleted": "अभी के लिए बस हमें यही जानना है। एम्बि ने आपकी मीडिया लाइब्रेरी के बारे में जानकारी जमा करना आरंभ कर दिया है। हमारी कुछ एेप्स को देखें, और फिर <b>सर्वर डैशबोर्ड</b> देखने के लिए <b>समाप्त</b> पर क्लिक करें।",
    "Absolute": "पूर्ण",
    "AllLibraries": "सभी संग्रह",
    "All": "सारे",
    "AirDate": "प्रसारित होने की तिथि",
    "AddToPlayQueue": "सक्रिय कतार में जोड़ें",
    "AddToCollection": "संग्रह में जोड़ें",
    "Add": "जोड़ें",
    "Actor": "अभिनेता",
    "AccessRestrictedTryAgainLater": "अभी प्रवेश प्रतिबंधित है। थोड़ी देर बाद कोशिश करें।",
    "AllowHWTranscodingHelp": "ट्यूनर को निरंतर रूप से धाराओं को ट्रांसकोड करने दें। यह सर्वर द्वारा ट्रांसकोडिंग को कम करने में मदद कर सकता है।",
    "AllLanguages": "सभी भाषाएं",
    "AllEpisodes": "सभी प्रकरण",
    "AllComplexFormats": "सभी जटिल प्रारूप (ASS, SSA, VOBSUB, PGS, SUB / IDX, आदि)",
    "AllChannels": "सभी चैनल्स",
    "Alerts": "चेतावनियां",
    "Albums": "संग्रहिकाएँ",
    "Aired": "प्रसारित हो चुका",
    "AdditionalNotificationServices": "अतिरिक्त सूचना सेवाओं को स्थापित करने के लिए प्लगइन सूची पर नज़र डालें।",
    "AddedOnValue": "जोड़ दिया",
    "AddToPlaylist": "प्लेलिस्ट में जोड़ें",
    "AllowMediaConversionHelp": "मीडिया परिवर्तन के लिये अनुमति दें",
    "AllowMediaConversion": "मीडिया रूपांतरण की अनुमति दें"
}
