{
    "Absolute": "Absolūts",
    "HeaderFavoriteSongs": "Dziesmu Favorīti",
    "HeaderFavoriteShows": "Raidījumu Favorīti",
    "HeaderFavoriteEpisodes": "Episožu Favorīti",
    "HeaderFavoriteArtists": "Izpildītāju Favorīti",
    "HeaderFavoriteAlbums": "Albumu Favorīti",
    "MusicArtist": "Mūzikas Izpildītājs",
    "MusicAlbum": "Mūzikas Albums",
    "Movies": "Filmas",
    "MoreMediaInfo": "Media info",
    "MoreFromValue": "Vairāk no {0}",
    "Monday": "Pirmdiena",
    "Mobile": "Mobilā",
    "MinutesBefore": "minūtes pirms",
    "MinutesAfter": "minūtes pēc",
    "MetadataManager": "Metadatu Pārvaldnieks",
    "Metadata": "Metadati",
    "MessageYouHaveVersionInstalled": "",
    "MessageUnableToConnectToServer": "Mēs pašlaik nevaram sazināties ar izvēlēto serveri. Pārliecinies ka tas strādā, un mēģini vēlreiz.",
    "MessageTheFollowingLocationWillBeRemovedFromLibrary": "Sekojošie multvides ceļi tiks noņemti no tavas bibliotēkas:",
    "MessageSettingsSaved": "Iestatījumi saglabāti.",
    "MessagePleaseWait": "Lūdzu uzgaidi. Tas var aizņemt pāris minūtes.",
    "MessageNothingHere": "Šeit nekā nav.",
    "MessageNoPluginsInstalled": "Tev nav uzstādīti paplašinājumi.",
    "MessageNoAvailablePlugins": "Nav pieejamu paplašinājumu.",
    "MessageItemsAdded": "Vienums pievienots.",
    "MessageItemSaved": "Vienums saglabāts.",
    "MessageInvalidUser": "Nepareizs lietotājvārds vai parole. Lūdzu mēģini vēlreiz.",
    "MessageImageFileTypeAllowed": "Tikai JPEG un PNG datnes tiek atbalstītas.",
    "MessageFileReadError": "Lasot datni notika kļūda. Lūdzu mēģini vēlreiz.",
    "MessageDownloadQueued": "Lejupielāde ierindota.",
    "MessageCreateAccountAt": "Izveido kontu {0}",
    "MessageContactAdminToResetPassword": "Lūdzu sazinies ar sistēmas administratoru lai atiestatītu paroli.",
    "MessageConfirmShutdown": "Vai tu tiešām vēlies izslēgt serveri?",
    "MessageConfirmRestart": "Vai tu tiešām vēlies restartēt Jellyfin Server?",
    "MessageConfirmRemoveMediaLocation": "Vai tu tiešām vēlies noņemt šo ceļu?",
    "MessageConfirmRecordingCancellation": "Atcelt ierakstu?",
    "MessageConfirmAppExit": "Vai tu vēlies iziet?",
    "MessageAlreadyInstalled": "Šī versija jau ir uzstādīta.",
    "MediaInfoStreamTypeVideo": "Video",
    "MediaInfoStreamTypeSubtitle": "Subtitri",
    "MediaInfoStreamTypeData": "Dati",
    "MediaInfoStreamTypeAudio": "Audio",
    "MediaInfoSoftware": "Programmatūras",
    "MediaInfoSize": "Lielums",
    "MediaInfoResolution": "Izšķirtspēja",
    "MediaInfoProfile": "Profils",
    "MediaInfoPixelFormat": "Pikseļu formāts",
    "LabelYear": "Gads:",
    "LabelWeb": "Tīkls:",
    "LabelVideoResolution": "Video izšķirtspēja:",
    "LabelVideoCodec": "Video kodeks:",
    "LabelVideoBitrate": "Video bitu-ātrums:",
    "LabelVideo": "Video:",
    "DashboardArchitecture": "Arhitektūra: {0}",
    "DashboardOperatingSystem": "Operētājsistēma: {0}",
    "DashboardServerName": "Serveris: {0}",
    "DashboardVersionNumber": "Versija: {0}",
    "LabelVersionInstalled": "{0} instalēti",
    "LabelVersion": "Versija:",
    "LabelValue": "Vērtība:",
    "LabelVaapiDevice": "VA API Ierīce:",
    "LabelUsername": "Lietotājvārds:",
    "LabelUserLibrary": "Lietotāja bibliotēka:",
    "LabelUserAgent": "Lietotāja aģents:",
    "LabelUser": "Lietotājs:",
    "LabelUseNotificationServices": "Izmantot sekojošos servisus:",
    "LabelTypeText": "Teksts",
    "LabelTypeMetadataDownloaders": "{0} metadatu lejupielādētāji:",
    "LabelTunerIpAddress": "Tūnera IP Addrese:",
    "LabelTunerType": "Tūnera tips:",
    "LabelType": "Tips:",
    "LabelTranscodingVideoCodec": "Video kodeks:",
    "LabelTranscodePath": "Trans-kodēšanas ceļš:",
    "LabelTranscodingContainer": "Konteineris:",
    "LabelTranscodingAudioCodec": "Audio kodeks:",
    "LabelTrackNumber": "Celiņa numurs:",
    "LabelTimeLimitHours": "Laika limits (stundas):",
    "LabelTime": "Laiks:",
    "LabelTheme": "Tēma:",
    "LabelTextSize": "Teksta lielums:",
    "LabelTextColor": "Teksta krāsa:",
    "LabelTextBackgroundColor": "Teksta fona krāsa:",
    "LabelTag": "Tags:",
    "LabelTVHomeScreen": "TV režīma mājas ekrāns:",
    "LabelSupportedMediaTypes": "Atbalstītie Multivides Veidi:",
    "LabelSubtitles": "Subtitri:",
    "LabelSubtitlePlaybackMode": "Subtitru veids:",
    "LabelSubtitleFormatHelp": "Piemērs: srt",
    "LabelSubtitleDownloaders": "Subtitru lejupielādētāji:",
    "LabelStreamType": "Straumes veids:",
    "LabelStopping": "Aptur",
    "LabelStopWhenPossible": "Apturēt kad iespējams:",
    "LabelStatus": "Status:",
    "LabelStartWhenPossible": "Sākt kad iespējams:",
    "LabelSportsCategories": "Sporta kategorijas:",
    "LabelSpecialSeasonsDisplayName": "Speciālās sezonas displeja nosaukums:",
    "LabelSource": "Avots:",
    "LabelSoundEffects": "Skaņas efekti:",
    "LabelSortTitle": "Kārtošanas nosaukums:",
    "LabelSortOrder": "Kārtošanas secība:",
    "LabelSortBy": "Kārtot pēc:",
    "LabelSize": "Ilgums:",
    "LabelServerName": "Servera nosaukums:",
    "LabelSeriesRecordingPath": "Sērijas ieraksta ceļā (neobligāts):",
    "LabelSerialNumber": "Sērijas numurs",
    "LabelSendNotificationToUsers": "Sūtīt paziņojumu uz:",
    "LabelSelectVersionToInstall": "Izvēlies versiju, ko uzstādīt:",
    "LabelSelectUsers": "Izvēlies lietotājus:",
    "LabelSecureConnectionsMode": "Drošā savienojuma veids:",
    "LabelSeasonNumber": "Sezonas numurs:",
    "LabelScreensaver": "Ekrānsaudzētājs:",
    "LabelRuntimeMinutes": "Ilgums (minūtes):",
    "LabelRemoteClientBitrateLimit": "Interneta straumēšanas bitu ātruma limits (Mb/s):",
    "LabelRefreshMode": "Atjaunināšanās režīms:",
    "LabelRecordingPath": "Noklusējuma ierakstīšanas ceļš:",
    "LabelRecord": "Ierakstīt:",
    "LabelReasonForTranscoding": "Trans-kodēšanas iemesls:",
    "LabelPublicHttpsPort": "Publiskā HTTPS porta numurs:",
    "LabelPublicHttpPort": "Publiskā HTTP porta numurs:",
    "LabelProtocolInfo": "Protokola info:",
    "LabelProtocol": "Protokols:",
    "LabelProfileVideoCodecs": "Video kodeksi:",
    "LabelProfileContainersHelp": "Atdalīti ar komatu. Var atstāt tukšu, lai pielietotu visiem konteineriem.",
    "LabelProfileContainer": "Konteineriem:",
    "LabelProfileCodecsHelp": "Atdalīti ar komatu. Var atstāt tukšu, lai pielietotu visiem kodeksiem.",
    "LabelProfileCodecs": "Kodeksi:",
    "LabelProfileAudioCodecs": "Audio kodeksi:",
    "LabelPreferredDisplayLanguage": "Ieteicamā displeja valoda:",
    "LabelPostProcessorArgumentsHelp": "Izmantot {path} kā ceļu ieraksta datnei.",
    "LabelPostProcessor": "Pēcapstrādes lietotne:",
    "LabelPlayMethod": "Atskaņošanas metode:",
    "LabelPlaylist": "Atskaņošanas saraksts:",
    "LabelPlayer": "Atskaņotājs:",
    "LabelPlayDefaultAudioTrack": "Atskaņot noklusējuma audio celiņu neatkarīgi no valodas",
    "LabelPlaceOfBirth": "Dzimšanas vieta:",
    "LabelPersonRoleHelp": "Piemēram: saldējuma furgona šoferis",
    "LabelPath": "Ceļš:",
    "LabelPasswordRecoveryPinCode": "Pin kods:",
    "LabelPasswordResetProvider": "Paroles maiņas Nodrošinātājs:",
    "LabelPasswordConfirm": "Parole (apstiprinājums):",
    "LabelPassword": "Parole:",
    "LabelParentNumber": "Vecāku numurs:",
    "LabelOverview": "Pārskats:",
    "LabelOriginalTitle": "Oriģinālais nosaukums:",
    "LabelNumber": "Numurs:",
    "LabelNotificationEnabled": "Iespējot šo paziņojumu",
    "LabelNext": "Nākamais",
    "LabelNewsCategories": "Ziņu kategorijas:",
    "LabelNewPasswordConfirm": "Jaunās paroles apstiprinājums:",
    "LabelNewPassword": "Jaunā parole:",
    "LabelNewName": "Jaunais nosaukums:",
    "LabelName": "Nosaukums:",
    "LabelMovieRecordingPath": "Filmu ieraksta ceļš (neobligāts):",
    "LabelMoviePrefix": "Filmu prefikss:",
    "LabelMovieCategories": "Filmu kategorijas:",
    "LabelMethod": "Metode:",
    "LabelMetadataSavers": "Metadatu serveri:",
    "LabelMetadataReaders": "Metadatu lasītāji:",
    "LabelMetadataPath": "Metadatu ceļš:",
    "LabelMetadata": "Metadati:",
    "LabelMessageTitle": "Ziņojuma virsraksts:",
    "LabelMessageText": "Ziņojuma teksts:",
    "LabelMaxStreamingBitrate": "Maksimālā straumēšanas kvalitāte:",
    "LabelMaxChromecastBitrate": "Chromecast straumēšanas kvalitāte:",
    "LabelManufacturerUrl": "Ražotāja URL",
    "LabelManufacturer": "Ražotājs:",
    "LabelLogs": "Logs:",
    "LabelLanNetworks": "LAN tīkli:",
    "LabelLanguage": "Valoda:",
    "LabelInternetQuality": "Tīkla kvalitāte:",
    "LabelImageType": "Attēla veids:",
    "LabelIconMaxWidth": "Ikonas maksimālais platums:",
    "LabelHttpsPort": "Vietējā HTTPS porta numurs:",
    "LabelHomeScreenSectionValue": "Mājas ekrāna sekcija {0}:",
    "LabelHomeNetworkQuality": "Mājas tīkla kvalitāte:",
    "LabelHardwareAccelerationType": "Aparatūras paātrināšana:",
    "LabelFriendlyName": "Draudzīgs nosaukums:",
    "LabelFormat": "Formāts:",
    "LabelForgotPasswordUsernameHelp": "Ievadi savu lietotājvārdu, ja tu to atceries.",
    "LabelFont": "Fonts:",
    "LabelFolder": "Mape:",
    "LabelFinish": "Pabeigt",
    "LabelFileOrUrl": "Fails vai URL:",
    "LabelFailed": "Neizdevās",
    "LabelEveryXMinutes": "Katru:",
    "LabelEvent": "Notikums:",
    "LabelEpisodeNumber": "Epizodes numurs:",
    "LabelEndDate": "Beigu datums:",
    "LabelEnableHardwareDecodingFor": "Iespējot aparatūras atkodēšanu priekš:",
    "LabelEnableDlnaServer": "Iespējot DLNA serveri",
    "LabelEnableDlnaPlayTo": "Iespējot DLNA atskaņošanu uz",
    "LabelEnableDlnaDebugLogging": "Iespējot DLNA atkļūdošanas logošanu",
    "LabelEnableDlnaClientDiscoveryInterval": "Klientu meklēšanas intervāls (sekundes)",
    "LabelEasyPinCode": "Vieglais pin kods:",
    "LabelDownloadLanguages": "Lejupielādēt valodas:",
    "LabelDisplayOrder": "Displeja kārtojums:",
    "LabelDisplayName": "Displeja nosaukums:",
    "LabelDisplayMode": "Displeja režīms:",
    "LabelDisplayLanguageHelp": "Jellyfin tulkošana ir notiekošs projekts.",
    "LabelDisplayLanguage": "Displeja valoda:",
    "LabelDiscNumber": "Diska numurs:",
    "LabelDeviceDescription": "Ierīces apraksts",
    "LabelDefaultScreen": "Noklusējuma ekrāns:",
    "LabelDefaultUser": "Noklusējuma lietotājs:",
    "LabelDay": "Diena:",
    "LabelDateAdded": "Pievienošanas datums:",
    "LabelCustomDeviceDisplayName": "Displeja nosaukums:",
    "LabelCurrentPassword": "Pašreizējā parole:",
    "LabelCriticRating": "Kritiķu reitings:",
    "LabelCountry": "Valsts:",
    "LabelContentType": "Satura veids:",
    "LabelCommunityRating": "Kopienas vēŗtējums:",
    "LabelCollection": "Kolekcija:",
    "LabelChannels": "Kanāli:",
    "LabelCertificatePassword": "Sertifikāta parole:",
    "LabelCancelled": "Atcelts",
    "LabelCachePath": "Keša ceļš:",
    "LabelCache": "Kešs:",
    "LabelBurnSubtitles": "Iededzināt subtitrus:",
    "LabelBirthYear": "Dzimšanas gads:",
    "LabelBirthDate": "Dzimšanas datums:",
    "LabelAudioLanguagePreference": "Ieteicamā audio valoda:",
    "LabelAudio": "Audio:",
    "LabelArtistsHelp": "Atdali vairākus izmantojot ;",
    "LabelArtists": "Izpildītājs:",
    "LabelAppNameExample": "Piemēram: Sickbeard, Sonarr",
    "LabelAppName": "Lietotnes nosaukums",
    "LabelAll": "Viss",
    "LabelAlbumArtists": "Albuma izpildītāji:",
    "LabelAlbum": "Albums:",
    "LabelAirTime": "Tiešraides laiks:",
    "LabelAirDays": "Tiešraides dienas:",
    "LabelAccessStart": "Sākuma laiks:",
    "LabelAccessEnd": "Beigu laiks:",
    "LabelAccessDay": "Nedēļas diena:",
    "Label3DFormat": "3D formāts:",
    "Kids": "Bērni",
    "Items": "Vienumi",
    "ItemCount": "{0} vienumi",
    "InstallingPackage": "Instalē {0}",
    "Images": "Attēli",
    "Identify": "Identificēt",
    "Horizontal": "Horizontāls",
    "Home": "Mājas",
    "HideWatchedContentFromLatestMedia": "Paslēpt skatītos vienumus no jaunākās multvides",
    "Hide": "Paslēpt",
    "HeaderStopRecording": "Apturēt Ierakstu",
    "HeaderStatus": "Status",
    "HeaderStartNow": "Sākt Tagad",
    "HeaderSpecialEpisodeInfo": "Speciālās Epizodes Info",
    "HeaderSortOrder": "Kārtošanas Secība",
    "HeaderSortBy": "Kārtot Pēc",
    "HeaderShutdown": "Izslēgt",
    "HeaderSetupLibrary": "Uzstādīt multvides bibliotēkas",
    "HeaderSettings": "Iestatījumi",
    "HeaderServerSettings": "Servera Iestatījumi",
    "HeaderSeriesStatus": "Sēriju Status",
    "HeaderSeriesOptions": "Sēriju Opcijas",
    "HeaderSeries": "Sērijas",
    "HeaderSendMessage": "Sūtīt Ziņojumu",
    "HeaderSelectServerCachePath": "Izvēlies Servera Keša Ceļu",
    "HeaderSelectServer": "Izvēlies Serveri",
    "HeaderSecondsValue": "{0} Sekundes",
    "HeaderSeasons": "Sezonas",
    "HeaderSchedule": "Grafiks",
    "HeaderRevisionHistory": "Revīziju Vēsture",
    "HeaderRestartingServer": "Restartē Serveri",
    "HeaderRestart": "Restartēt",
    "HeaderRemoveMediaLocation": "Noņemt Multvides Atrašanās Vietu",
    "HeaderRemoveMediaFolder": "Noņemt Multvides Mapi",
    "HeaderRecordingOptions": "Ierakstu Opcijas",
    "HeaderRecentlyPlayed": "Nesen Atskaņots",
    "HeaderProfileInformation": "Profila Informācija",
    "HeaderProfile": "Profils",
    "HeaderPleaseSignIn": "Lūdzu ieej",
    "HeaderPlaybackError": "Atskaņošanas Kļūda",
    "HeaderPlayback": "Multvides Atskaņošanas",
    "HeaderPlayAll": "Atskaņot Visu",
    "HeaderPinCodeReset": "Atiestatīt Pin Kodu",
    "HeaderPhotoAlbums": "Foto Albūmi",
    "HeaderPeople": "Cilvēki",
    "HeaderPaths": "Ceļi",
    "HeaderPasswordReset": "Paroles Nomaiņa",
    "HeaderPassword": "Parole",
    "HeaderNextVideoPlayingInValue": "Nākamais Video tiks atskaņots pēc {0}",
    "HeaderNextUp": "Nākamais",
    "HeaderNextEpisodePlayingInValue": "Nākamā Epizode tiks atskaņota pēc: {0}",
    "HeaderNewDevices": "Jaunas Ierīces",
    "HeaderNewApiKey": "Jauna API Atslēga",
    "HeaderNavigation": "Navigācija",
    "HeaderMyMediaSmall": "Mana Multvide (mazs)",
    "HeaderMyMedia": "Mana Multvide",
    "HeaderMyDevice": "Mana Ierīce",
    "HeaderMusicVideos": "Mūzikas Video",
    "HeaderMusicQuality": "Audio Kvalitāte",
    "HeaderMovies": "Filmas",
    "HeaderMoreLikeThis": "Vairāk Kā Šis",
    "HeaderMetadataSettings": "Metadatu Iestatījumi",
    "HeaderMediaInfo": "Multvides informācija",
    "HeaderMediaFolders": "Multvides Mapes",
    "HeaderMedia": "Multvide",
    "HeaderLiveTvTunerSetup": "Tiešraides TV Tūnera Uzstādīšana",
    "HeaderLiveTv": "Tiešraides TV",
    "HeaderLiveTV": "Tiešraides TV",
    "HeaderLibrarySettings": "Bibliotēku Iestatījumi",
    "HeaderLibraryOrder": "Bibliotēku Kārtojums",
    "HeaderLibraryFolders": "Bibliotēku Mapes",
    "HeaderLibraryAccess": "Bibliotēku Piekļuves",
    "HeaderLibraries": "Bibliotēkas",
    "HeaderLatestRecordings": "Jaunākie Ieraksti",
    "HeaderLatestMusic": "Jaunākā Mūzika",
    "HeaderLatestMovies": "Jaunākās Filmas",
    "HeaderLatestMedia": "Jaunākā Multvide",
    "HeaderLatestEpisodes": "Jaunākās Epizodes",
    "HeaderKeepRecording": "Turpināt Ierakstu",
    "HeaderItems": "Vienumi",
    "HeaderInstall": "Uzstādīt",
    "HeaderImageSettings": "Attēlu Iestatījumi",
    "HeaderImageOptions": "Attēlu Opcijas",
    "HeaderIdentificationHeader": "Identifikācijas Headers",
    "HeaderIdentificationCriteriaHelp": "Ievadi vismaz vienu identifikācijas kritēriju.",
    "HeaderIdentification": "Identifikācija",
    "HeaderHttpHeaders": "HTTP Headeri",
    "HeaderHome": "Mājas",
    "HeaderGuideProviders": "TV Gida Datu Nodrošinātāji",
    "HeaderGenres": "Žanri",
    "HeaderFrequentlyPlayed": "Bieži Atskaņots",
    "HeaderForgotPassword": "Aizmirst PAroli",
    "HeaderForKids": "Priekš Bērniem",
    "HeaderFilters": "Filtri",
    "HeaderFavoriteVideos": "Video Favorīti",
    "MediaInfoPath": "Ceļš",
    "MediaInfoLevel": "Līmenis",
    "MediaInfoLayout": "Izkārtojums",
    "MediaInfoLanguage": "Valoda",
    "MediaInfoExternal": "Ārējs",
    "MediaInfoDefault": "Noklusējums",
    "MediaInfoContainer": "Konteiners",
    "MediaInfoCodecTag": "Kodeksa tags",
    "MediaInfoCodec": "Kodeks",
    "MediaInfoChannels": "Kanāli",
    "MediaInfoAnamorphic": "Anamorfisks",
    "MarkUnplayed": "Atzīmēt neatskaņotu",
    "MarkPlayed": "Atzīmēt atskaņotu",
    "ManageRecording": "Pārvaldīt ierakstu",
    "ManageLibrary": "Pārvaldīt bibliotēku",
    "Logo": "Logo",
    "LiveTV": "Tiešraides TV",
    "LiveBroadcasts": "Tiešraides:",
    "Live": "Tiešraide",
    "List": "Saraksts",
    "LinksValue": "Linki: {0}",
    "Like": "Patīk",
    "LeaveBlankToNotSetAPassword": "Tu vari atstāt šo lauku tukšu, lai neiestatītu paroli.",
    "LaunchWebAppOnStartup": "Palaist web interfeisu kad serveris tiek startēts",
    "LatestFromLibrary": "Jaunākais {0}",
    "Large": "Liels",
    "LabelffmpegPath": "FFmped ceļš:",
    "LabelZipCode": "Zip Kods:",
    "LabelYoureDone": "Esi pabeidzis!",
    "LabelYourFirstName": "Tavs vārds:",
    "HeaderFavoritePeople": "Cilvēku Favorīti",
    "HeaderFavoriteMovies": "Filmu Favorīti",
    "HeaderFavoriteBooks": "Grāmatu Favorīti",
    "HeaderExternalIds": "Ārējie ID:",
    "HeaderError": "Kļūda",
    "HeaderEpisodes": "Epizodes",
    "HeaderEditImages": "Rediģēt Attēlus",
    "HeaderDownloadSync": "Lejupielādēt & Sinhronizēt",
    "HeaderDisplay": "Displejs",
    "HeaderDevices": "Ierīces",
    "HeaderDeviceAccess": "Ierīču Piekļuve",
    "HeaderDeveloperInfo": "Izstrādātāju Info",
    "HeaderDeleteItems": "Noņemt Vienumus",
    "HeaderDeleteItem": "Noņemt Vienumu",
    "HeaderDeleteDevice": "Noņemt Ierīci",
    "HeaderContinueWatching": "Turpināt Skatīšanos",
    "HeaderContinueListening": "Turpināt Klausīšanos",
    "HeaderContainerProfile": "Konteinera Profils",
    "HeaderConnectionFailure": "Savienojuma Kļūda",
    "HeaderConnectToServer": "Pievienoties pie Servera",
    "HeaderConfirmRevokeApiKey": "Atsaukt API Atslēgu",
    "HeaderConfirmPluginInstallation": "Apstiprināt Palašinājumu Uzstādījumu",
    "HeaderConfigureRemoteAccess": "Konfigurēt Attālināto Piekļuvi",
    "HeaderCodecProfile": "Kodeksu Profils",
    "HeaderChannels": "Kanāli",
    "HeaderChannelAccess": "Kanālu Piekļuve",
    "HeaderCancelSeries": "Atcelt Sēriju",
    "HeaderCancelRecording": "Atcelt Ierakstus",
    "HeaderBooks": "Grāmatas",
    "HeaderAutomaticUpdates": "Automātiskie Atjauninājumi",
    "HeaderAudioSettings": "Audio Iestatījumi",
    "HeaderAudioBooks": "Audio Grāmatas",
    "HeaderApp": "Lietotne",
    "HeaderApiKeys": "API Atslēgas",
    "HeaderApiKey": "API Atslēga",
    "HeaderAllowMediaDeletionFrom": "Atļaut Multvides Dzēšanu no",
    "HeaderAlert": "Paziņojums",
    "HeaderAlbums": "Albumi",
    "HeaderAlbumArtists": "Albumu Izpildītāji",
    "HeaderAdmin": "Admin",
    "HeaderAddUser": "Pievienot Lietotāju",
    "HeaderAddToPlaylist": "Pievienot Atskaņošanas Sarakstam",
    "HeaderAddToCollection": "Pievienot kolekcijai",
    "HeaderActivity": "Aktivitāte",
    "HeaderActiveRecordings": "Aktīvie Ieraksti",
    "HeaderActiveDevices": "Aktīvās Ierīces",
    "HDPrograms": "HD programmas",
    "Guide": "Gids",
    "GuestStar": "Vieszvaigzne",
    "GroupVersions": "Grupēt versijas",
    "GroupBySeries": "Grupēt pēc sērijām",
    "GenresValue": "Žanri: {0}",
    "Genres": "Žanri",
    "GenreValue": "Žanrs: {0}",
    "General": "Vispārīgs",
    "Fullscreen": "Pilnekrāns",
    "Friday": "Piektdiena",
    "FormatValue": "Formāts: {0}",
    "Folders": "Mapes",
    "FolderTypeTvShows": "TV Raidījumi",
    "FolderTypeMusicVideos": "Mūzikas Video",
    "FolderTypeMusic": "Mūzika",
    "FolderTypeMovies": "Filmas",
    "FolderTypeBooks": "Grāmatas",
    "Filters": "Filtri",
    "FileReadError": "Datnes lasīšanas laikā notika kļūda.",
    "FileReadCancelled": "Datnes lasīšana tika atcelta.",
    "FileNotFound": "Datne nav atrasta.",
    "File": "Datne",
    "Favorites": "Favorīti",
    "Favorite": "Favorīts",
    "ExitFullscreen": "Iziet no pilnekrāna",
    "EveryNDays": "Ik pa {0} dienām",
    "Episodes": "Epizodes",
    "EndsAtValue": "Beigsies {0}",
    "EnableThemeVideosHelp": "Atskaņot tēmas video fonā bibliotēkas pārlūkošanas laikā.",
    "EnableThemeSongsHelp": "Atskaņot tēmas mūziku fonā bibliotēkas pārlūkošanas laikā.",
    "EnableThemeVideos": "Tēmas video",
    "EnableThemeSongs": "Tēmas mūzika",
    "EnablePhotos": "Rādīt attēlus",
    "EnableNextVideoInfoOverlayHelp": "Video beigās rādīt informāciju par nākamo video atskaņošanas sarakstā.",
    "EnableNextVideoInfoOverlay": "Rādīt nākamā video informāciju atskaņošanas laikā",
    "EnableHardwareEncoding": "Iespējot aparatūras kodēšanu",
    "EnableExternalVideoPlayers": "Ārējie video atskaņotāji",
    "EnableDisplayMirroring": "Displeju spoguļošana",
    "EnableCinemaMode": "Teātra režīms",
    "EnableBackdrops": "Foni",
    "EditSubtitles": "Rediģēt subtitrus",
    "EditMetadata": "Rediģēt metadatus",
    "EditImages": "Rediģēt attēlus",
    "Edit": "Rediģēt",
    "EasyPasswordHelp": "Tavs vieglais pin kods tiek izmantots priekš bezsaistes piekļuves atbalstošos klientos, un arī var tikt izmantots priekš vieglas tīkla piekļuves.",
    "DrmChannelsNotImported": "Kanāli ar DRM netiks importēti.",
    "DownloadsValue": "{0} lejupielādes",
    "Download": "Lejupielādēt",
    "DisplayModeHelp": "Izvēlies ekrāna veidu, uz kura tu izmanto Jellyfin.",
    "DoNotRecord": "Neierakstīt",
    "DisplayInOtherHomeScreenSections": "Rādīt mājas ekrāna sadaļās kā jaunākā multvide un turpini skatīties",
    "DisplayInMyMedia": "Rādīt mājas ekrānā",
    "Display": "Displejs",
    "Dislike": "Nepatīk",
    "Disc": "Disks",
    "Disabled": "Atspējots",
    "DirectorsValue": "Direktori: {0}",
    "DirectorValue": "Direktors: {0}",
    "Director": "Direktors",
    "DirectStreaming": "Tiešā straumēšana",
    "DirectPlaying": "Tiešā Atskaņošana",
    "DetectingDevices": "Meklē Ierīces",
    "Desktop": "Darbvirsma",
    "DeleteImage": "Dzēst Attēlu",
    "Delete": "Izdzēst",
    "Default": "Noklusējums",
    "DatePlayed": "Atskaņošanas datums",
    "DateAdded": "Pievienošanas datums",
    "CriticRating": "Kritiķu reitings",
    "CopyStreamURLError": "Kļūda kopējot URL.",
    "CopyStreamURLSuccess": "URL veiksmīgi nokopēts.",
    "CopyStreamURL": "Kopēt Straumes URL",
    "Continuing": "Turpina",
    "ContinueWatching": "Turpināt skatīties",
    "Connect": "Savienot",
    "ConfirmDeletion": "Apstiprināt Dzēšanu",
    "ConfirmDeleteImage": "Dzēst attēlu?",
    "CommunityRating": "Kopienas reitings",
    "Collections": "Kolekcijas",
    "ChannelNameOnly": "Tikai kanāls {0}",
    "Channels": "Kanāli",
    "ChannelNumber": "Kanāla numurs",
    "Categories": "Kategorijas",
    "CancelSeries": "Atcelt sēriju",
    "CancelRecording": "Atcelt ierakstu",
    "ButtonWebsite": "Web vietne",
    "ButtonViewWebsite": "Skatīt web vietni",
    "ButtonUninstall": "Atinstalēt",
    "ButtonTrailer": "Treileri",
    "ButtonSubtitles": "Subtitri",
    "ButtonSplit": "Sadalīt",
    "ButtonStop": "Apturēt",
    "ButtonStart": "Sākt",
    "ButtonSignOut": "Iziet",
    "ButtonSignIn": "Ieiet",
    "ButtonShutdown": "Izslēgt",
    "ButtonShuffle": "Jaukt",
    "ButtonSettings": "Iestatījumi",
    "ButtonSend": "Nosūtīt",
    "ButtonSelectView": "Izvēlies Skatu",
    "ButtonSelectServer": "Izvēlies Serveri",
    "ButtonSelectDirectory": "Izvēlies Mapi",
    "ButtonSearch": "Meklēt",
    "ButtonScanAllLibraries": "Skanēt Visas Bibliotēkas",
    "ButtonSave": "Saglabāt",
    "ButtonRevoke": "Atsaukt",
    "ButtonResume": "Turpināt",
    "ButtonRestart": "Restartēt",
    "ButtonResetPassword": "Nomainīt Paroli",
    "ButtonResetEasyPassword": "Nomainīt vieglo pin kodu",
    "ButtonRepeat": "Atkārtot",
    "ButtonRename": "Pārsaukt",
    "ButtonRemove": "Noņemt",
    "ButtonRefreshGuideData": "Atjaunot Gida Datus",
    "ButtonRefresh": "Atjaunot",
    "ButtonProfile": "Profils",
    "ButtonPreviousTrack": "Iepriekšējais celiņš",
    "ButtonPlay": "Atskaņot",
    "ButtonPause": "Pauzēt",
    "ButtonParentalControl": "Vecāku Pārvaldība",
    "ButtonOpen": "Atvērt",
    "ButtonOk": "Labi",
    "ButtonOff": "Izslēgt",
    "ButtonNextTrack": "Nākamais Celiņš",
    "ButtonNew": "Jauns",
    "ButtonNetwork": "Tīkls",
    "ButtonMore": "Vairāk",
    "ButtonLibraryAccess": "Bibliotēku piekļuve",
    "ButtonLearnMore": "Uzzināt vairāk",
    "ButtonInfo": "Info",
    "ButtonHome": "Mājas",
    "ButtonHelp": "Palīdzība",
    "ButtonGuide": "Gids",
    "ButtonGotIt": "Sapratu",
    "ButtonFullscreen": "Pilnekrāna",
    "ButtonForgotPassword": "Aizmirsu Paroli",
    "ButtonFilter": "Filtrs",
    "ButtonEditImages": "Rediģēt attēlus",
    "ButtonEdit": "Rediģēt",
    "ButtonDownload": "Lejupielāde",
    "ButtonDeleteImage": "Izdzēst Attēlu",
    "ButtonDelete": "Izdzēst",
    "ButtonConnect": "Pieslēgties",
    "ButtonChangeServer": "Nomainīt Serveri",
    "ButtonCancel": "Atcelt",
    "ButtonBack": "Atpakaļ",
    "ButtonAudioTracks": "Audio Celiņi",
    "ButtonAddUser": "Pievienot Lietotāju",
    "ButtonAddServer": "Pievienot Serveri",
    "ButtonAddMediaLibrary": "Pievienot Multimēdiju Bibliotēku",
    "ButtonAddImage": "Pievienot attēlu",
    "ButtonAdd": "Pievienot",
    "BrowsePluginCatalogMessage": "Pārlūko mūsu paplašinājumu katalogu, lai redzētu pieejamos paplašinājumus.",
    "Browse": "Pārlūkot",
    "BoxRear": "Kaste (aizmugure)",
    "Box": "Kaste",
    "Books": "Grāmatas",
    "Help": "Palīdzība",
    "HeadersFolders": "Mapes",
    "HeaderYears": "Gadi",
    "HeaderXmlSettings": "Xml Iestatījumi",
    "HeaderXmlDocumentAttribute": "Xml Dokumenta Atribūts",
    "HeaderXmlDocumentAttributes": "Xml Dokumenta Atribūti",
    "HeaderVideos": "Video",
    "HeaderVideoTypes": "Video Veidi",
    "HeaderVideoType": "Video Veids",
    "HeaderVideoQuality": "Video Kvalitāte",
    "HeaderUsers": "Lietotāji",
    "HeaderUser": "Lietotājs",
    "HeaderUploadImage": "Augšupielādēt Attēlu",
    "HeaderUpcomingOnTV": "Nākamais Televīzijā",
    "HeaderTypeText": "Ievadīt Tekstu",
    "HeaderTypeImageFetchers": "{0} Attēlu Sagādnieki",
    "HeaderTuners": "Tūneri",
    "HeaderTunerDevices": "Tūnera Ierīces",
    "HeaderTranscodingProfile": "Transkodēšanas Profils",
    "HeaderTracks": "Celiņi",
    "HeaderThisUserIsCurrentlyDisabled": "Šis lietotājs pašlaik ir atspējots",
    "HeaderTags": "Tagi",
    "HeaderSystemDlnaProfiles": "Sistēmas Profili",
    "HeaderSubtitleProfiles": "Subtitru Profili",
    "HeaderSubtitleProfile": "Subtitru Profils",
    "HeaderSubtitleDownloads": "Subtitru Lejupielāde",
    "HeaderSubtitleAppearance": "Subtitru Izskats",
    "BirthPlaceValue": "Dzimšanas vieta: {0}",
    "BirthLocation": "Dzimšanas vieta",
    "BirthDateValue": "Dzimis: {0}",
    "Banner": "Karogattēls",
    "Backdrops": "Foni",
    "Backdrop": "Fons",
    "AutoBasedOnLanguageSetting": "Auto (atkarībā no valodas iestatījumiem)",
    "Auto": "Auto",
    "Audio": "Audio",
    "AttributeNew": "Jauns",
    "AsManyAsPossible": "Cik vien iespējams",
    "Artists": "Izpildītāji",
    "Art": "Māksla",
    "AroundTime": "Ap {0}",
    "Anytime": "Jebkad",
    "AnyLanguage": "Jebkura valoda",
    "AlwaysPlaySubtitles": "Vienmēr rādīt subtitrus",
    "AllowedRemoteAddressesHelp": "Ar komatiem atdalīts IP adrešu vai IP/tīkla masku saraksts, kas norāda uz tīkliem, kas var pieslēgties attālināti. Ja atstāts tukšs, visas attālinātās adreses tiks atļautas.",
    "AllowRemoteAccessHelp": "Ja atķeksēts, visi attālinātie savienojumi tiks bloķēti.",
    "AllowRemoteAccess": "Atļaut attālinātus savienojumus šim Jellyfin Serverim.",
    "AllowOnTheFlySubtitleExtraction": " ",
    "AllowMediaConversion": "Atļaut multimēdiju pārveidošanu",
    "AllLibraries": "Visas bibliotēkas",
    "AllLanguages": "Visas valodas",
    "AllEpisodes": "Visas epizodes",
    "AllComplexFormats": "Visi sarezģītie formāti (ASS, SSA, VOBSUB, PGS, SUB/IDX, utt.)",
    "AllChannels": "Visi kanāli",
    "All": "Viss",
    "Alerts": "Paziņojumi",
    "Albums": "Albumi",
    "AddedOnValue": "Pievienots {0}",
    "AddToPlaylist": "Pievienot atskaņošanas sarakstam",
    "AddToPlayQueue": "Pievienot atskaņošanas rindai",
    "AddToCollection": "Pievienot kolekcijai",
    "Add": "Pievienot",
    "Actor": "Aktieris",
    "AccessRestrictedTryAgainLater": "Piekļuve pašlaik ir ierobežota. Lūdzu mēģini vēlreiz pēc brīža.",
    "NewCollection": "Jauna Kolekcija",
    "Never": "Nekad",
    "Name": "Nosaukums",
    "MySubtitles": "Mani subtitri",
    "MusicVideo": "Mūzikas Video",
    "OptionAllUsers": "Visi lietotāji",
    "OptionAlbumArtist": "Albuma Izpildītājs",
    "OptionAlbum": "Albums",
    "OptionAdminUsers": "Administratori",
    "OnlyImageFormats": "Tikai attēlu formāti (VOBSUB, PGS, SUB, utt.)",
    "Option3D": "3D",
    "OneChannel": "Viens kanāls",
    "Off": "Izslēgts",
    "NumLocationsValue": "{0} mapes",
    "Normal": "Normāls",
    "None": "Nakā",
    "NoSubtitles": "Nav subtitru",
    "NoSubtitleSearchResultsFound": "Nav atrasti rezultāti.",
    "No": "Nr",
    "Next": "Nākamais",
    "News": "Ziņas",
    "NewEpisodesOnly": "Tikai jaunas epizodes",
    "NewEpisodes": "Jaunas epizodes",
    "NewCollectionNameExample": "Piemēram: Zvaigžņu Karu Kolekcija",
    "AllowMediaConversionHelp": "Atļauj vai aizliedz piekļuvi pie multivides pārveidošanas funkcijas.",
    "Aired": "Raidīts",
    "AdditionalNotificationServices": "Pārlūko paplašinājumu katalogu lai uzstādītu papildu paziņojumu servisus.",
    "Yesterday": "Vakar",
    "Yes": "Jā",
    "XmlTvSportsCategoriesHelp": "Raidījumi ar šīm kategorijām tiks rādīti kā sporta raidījumi. Atdali vairākus ar '|'.",
    "XmlTvNewsCategoriesHelp": "Raidījumi ar šīm kategorijām tiks rādīti kā ziņu raidījumi. Atdali vairākus ar '|'.",
    "XmlTvMovieCategoriesHelp": "Raidījumi ar šīm kategorijām tiks rādīti kā filmas. Atdali vairākus ar '|'.",
    "XmlTvKidsCategoriesHelp": "Raidījumi ar šīm kategorijām tiks rādīti kā raidījumi, kas paredzētas bērniem. Atdali vairākus ar '|'.",
    "Writer": "Rakstnieks",
    "WelcomeToProject": "Esiet sveicināts Jellyfin!",
    "Wednesday": "Trešdiena",
    "Watched": "Skatīts",
    "ViewPlaybackInfo": "Skatīt atskaņošanas info",
    "ViewArtist": "Skatīt izpildītāju",
    "ViewAlbum": "Skatīt albumu",
    "VideoRange": "Video platums",
    "Vertical": "Vertikāls",
    "ValueVideoCodec": "Video Kodeks: {0}",
    "ValueTimeLimitSingleHour": "Laika limits: 1 stunda",
    "ValueTimeLimitMultiHour": "Laika limits: {0} stundas",
    "ValueSongCount": "{0} dziesmas",
    "ValueSeriesCount": "{0} sērijas",
    "ValueSeconds": "{0} sekundes",
    "ValueOneSong": "1 dziesma",
    "ValueOneSeries": "1 sērija",
    "ValueOneMusicVideo": "1 mūzikas video",
    "ValueOneMovie": "1 filma",
    "ValueOneEpisode": "1 epizode",
    "ValueOneAlbum": "1 albums",
    "ValueMusicVideoCount": "{0} mūzikas video",
    "ValueMovieCount": "{0} filmas",
    "ValueMinutes": "{0} min",
    "ValueEpisodeCount": "{0} epizodes",
    "ValueDiscNumber": "Disks {0}",
    "ValueContainer": "Konteiners: {0}",
    "ValueCodec": "Kodeks: {0}",
    "ValueAudioCodec": "Audio Kodeks: {0}",
    "ValueAlbumCount": "{0} albumi",
    "UserProfilesIntro": "Jellyfin satur atbalstu lietotāju profiliem ar granulāru kontroli pār displeja iestatījumiem, atskaņošanas statusu un vecāku pārvaldi.",
    "Upload": "Augšupielādēt",
    "Unrated": "Nevērtēts",
    "Unplayed": "Neatskaņots",
    "Unmute": "Ieslēgt skaņu",
    "UninstallPluginHeader": "Noņemt Paplašinājumu",
    "UninstallPluginConfirmation": "Vai tu tiešām vēlies noņemt {0}?",
    "Tuesday": "Otrdiena",
    "Transcoding": "Trans-kodēšana",
    "Trailers": "Treileri",
    "TrackCount": "{0} celiņi",
    "TitlePlayback": "Atskaņošana",
    "TitleHostingSettings": "Hostinga Iestatījumi",
    "TitleHardwareAcceleration": "Aparatūras Paātrināšana",
    "Thursday": "Ceturtdiena",
    "ThemeVideos": "Tēmas video",
    "ThemeSongs": "Tēmas mūzika",
    "TellUsAboutYourself": "Pastāsti mums par sevi",
    "TagsValue": "Tagi: {0}",
    "Tags": "Tagi",
    "TabUsers": "Lietotāji",
    "TabTranscoding": "Trans-kodēšana",
    "TabTrailers": "Treileri",
    "TabSuggestions": "Ieteikumi",
    "TabStreaming": "Straumēšana",
    "TabSongs": "Dziesmas",
    "TabShows": "Raidījumi",
    "TabSettings": "Iestatījumi",
    "TabServer": "Serveris",
    "TabSeries": "Sērijas",
    "TabResumeSettings": "Turpināt",
    "TabResponses": "Atbildes",
    "TabRecordings": "Ieraksti",
    "TabProfiles": "Profili",
    "TabProfile": "Profils",
    "TabPlugins": "Paplašinājumi",
    "TabPlaylists": "Atskaņošanas Saraksti",
    "TabPlaylist": "Atskaņošanas Saraksts",
    "TabPlayback": "Atskaņošana",
    "TabPassword": "Parole",
    "TabParentalControl": "Vecāku Pārvaldība",
    "TabOther": "Cits",
    "TabNotifications": "Paziņojumi",
    "TabNfoSettings": "NFO Iestatījumi",
    "TabNetworking": "Tīklošana",
    "TabNetworks": "Tīkli",
    "TabMyPlugins": "Mani Paplašinājumi",
    "TabMusicVideos": "Mūzikas Video",
    "TabMusic": "Mūzika",
    "TabMovies": "Filmas",
    "TabMetadata": "Metadati",
    "TabLogs": "Logs",
    "TabLiveTV": "Tiešraides TV",
    "TabLatest": "Jaunākais",
    "TabInfo": "Info",
    "TabGuide": "Gids",
    "TabGenres": "Žanri",
    "TabFavorites": "Favorīti",
    "TabEpisodes": "Epizodes",
    "TabDisplay": "Displejs",
    "TabDirectPlay": "Tiešā Atskaņošana",
    "TabDevices": "Ierīces",
    "TabContainers": "Konteineri",
    "TabCollections": "Kolekcijas",
    "TabCodecs": "Kodeksi",
    "TabChannels": "Kanāli",
    "TabCatalog": "Katalogs",
    "TabArtists": "Izpildītāji",
    "TabAlbums": "Albumi",
    "ValueSpecialEpisodeName": "Speciālais - {0}",
    "Sync": "Sinhronizācija",
    "Songs": "Dziesmas",
    "Shows": "Raidījumi",
    "Playlists": "Atskaņošanas Saraksti",
    "Photos": "Attēli",
    "RepeatOne": "Atkārtot vienu",
    "RepeatMode": "Atkārtošanas Režīms",
    "RepeatEpisodes": "Atkārtot epizodes",
    "RepeatAll": "Atkārtot visu",
    "Repeat": "Atkārtot",
    "RemoveFromPlaylist": "Noņemt no atskaņošanas sarakasta",
    "RemoveFromCollection": "Noņemt no kolekcijas",
    "RememberMe": "Atcerēties mani",
    "Refresh": "Atjaunot",
    "Recordings": "Ieraksti",
    "RecordingCancelled": "Ieraksts atcelts.",
    "RecordSeries": "Ierakstīt sēriju",
    "Record": "Ierakstīt",
    "RecommendationBecauseYouWatched": "Tāpēc ka tu skatījies {0}",
    "RecommendationBecauseYouLike": "Tāpēc ka tev patīk {0}",
    "RecentlyWatched": "Nesen skatīts",
    "Quality": "Kvalitāte",
    "Programs": "Programmas",
    "Producer": "Producents",
    "Previous": "Iepriekšējais",
    "PleaseSelectTwoItems": "Izvēlies vismaz divus vienumus.",
    "Played": "Atskaņots",
    "PlayNext": "Atskaņot nākamp",
    "PlayAllFromHere": "Atskaņot visus no šejienes",
    "Play": "Atskaņot",
    "PinCodeResetComplete": "Pin kods atiestatīts.",
    "PictureInPicture": "Attēls attēlā",
    "PasswordSaved": "Parole saglabāta.",
    "People": "Cilvēki",
    "OptionTvdbRating": "TVDB Reitings",
    "OptionRandom": "Nejaušs",
    "OptionProtocolHttp": "HTTP",
    "OptionProfileVideoAudio": "Video Audio",
    "OptionProfileVideo": "Video",
    "OptionProfileAudio": "Audio",
    "OptionPlayed": "Atskaņots",
    "OptionParentalRating": "Vecāku Reitings",
    "OptionOnInterval": "Pēc intervāla",
    "OptionNone": "Neviens",
    "OptionNew": "Jauns...",
    "OptionMonday": "Pirmdien",
    "OptionList": "Saraksts",
    "OptionLikes": "Patīk",
    "OptionIsSD": "SD",
    "OptionIsHD": "HD",
    "OptionHasTrailer": "Treileris",
    "OptionHasSubtitles": "Subtitri",
    "OptionFriday": "Piektdien",
    "OptionFavorite": "Favorīti",
    "OptionEveryday": "Katru dienu",
    "OptionEnded": "Beidzies",
    "OptionEnableAccessToAllLibraries": "Iespējot piekļuvi visām bibliotēkām",
    "OptionDvd": "DVD",
    "OptionDownloadMenuImage": "Izvēlne",
    "OptionDownloadLogoImage": "Logo",
    "OptionDownloadDiscImage": "Disks",
    "OptionDownloadBoxImage": "Kaste",
    "OptionDaily": "Ikdienas",
    "OptionContinuing": "Turpina",
    "OptionBluray": "Blu-ray",
    "OptionBlockTvShows": "TV Raidījumi",
    "OptionBlockTrailers": "Treileri",
    "OptionBlockMusic": "Mūzika",
    "OptionBlockMovies": "Filmas",
    "OptionBlockBooks": "Grāmatas",
    "OptionAutomatic": "Auto",
    "OptionAuto": "Auto",
    "OptionArtist": "Izpildītājs",
    "NoPluginConfigurationMessage": "Šim paplašinājumam nav konfigurējamu iestatījumu.",
    "NoCreatedLibraries": "Izskatās ka tu vēl neesi izveidojis nevienu bibliotēku. {0}Vai tu vēlies izveidot vienu tagad?{1}",
    "NextUp": "Nākamais",
    "Mute": "Apklusināt",
    "MessageNoServersAvailable": "Automātiskā serveru meklēšana neatrada nevienu serveri.",
    "MessageInvalidForgotPasswordPin": "Tika ievadīts nepareizs vai nevecojis pin kods. Lūdzu mēģini vēlreiz.",
    "Menu": "Izvēlne",
    "LabelTriggerType": "Trigera Veids:",
    "LabelSkipIfGraphicalSubsPresent": "Izlaist ja video jau satur iegultus subtitrus",
    "LabelSkin": "Izskats:",
    "LabelSimultaneousConnectionLimit": "Vienlaicīgo straumju limits:",
    "LabelServerHostHelp": "192.168.1.100:8096 vai https://myserver.com",
    "LabelServerHost": "Resursdators:",
    "LabelReleaseDate": "Izlaiduma datums:",
    "LabelPrevious": "Iepriekšējais",
    "LabelPreferredSubtitleLanguage": "Ieteicamā subtitru valoda:",
    "LabelPreferredDisplayLanguageHelp": "Jellyfin tulkošana ir notiekošs projekts.",
    "LabelPlayerDimensions": "Atskaņotāja dimensijas:",
    "LabelParentalRating": "Vecāku reitings:",
    "LabelMonitorUsers": "Uzraudzīt aktivitāti no:",
    "LabelMinResumePercentageHelp": "Vienumi tiek uzskatīti par neatskaņotiem ja apturēti pirms šī laika.",
    "LabelMinResumePercentage": "Minimālais turpināšanas procents:",
    "LabelMinResumeDurationHelp": "Īsākais video garums sekundēs, kas saglabās atskaņošanas pozīciju un ļaus turpināt.",
    "LabelMinResumeDuration": "Minimālais turpināšanas laiks:",
    "LabelMetadataDownloadLanguage": "Ieteicamā lejupielādes valoda:",
    "LabelMaxResumePercentageHelp": "Vienumi tiek uzskatīti pilnībā atskaņoti, ja tiek apturēti pēc šī laika.",
    "LabelMaxResumePercentage": "Maksimālais turpināšanas procents:",
    "LabelMaxParentalRating": "Maksimālais atļautais vecāku reitings:",
    "LabelLoginDisclaimerHelp": "Ziņojums, kas tiks parādīts ieiešanas lapas apakšā.",
    "LabelLoginDisclaimer": "Ieiešanas ziņojums:",
    "LabelKodiMetadataDateFormat": "Izlaiduma datuma formāts:",
    "LabelKidsCategories": "Bērnu kategorijas:",
    "LabelIconMaxHeight": "Ikonas maksimālais augstums:",
    "LabelHttpsPortHelp": "TCP ports, uz kura uzstādīt Jellyfin HTTPS serveri.",
    "LabelH264Crf": "H264 kodēšanas CRF:",
    "LabelGroupMoviesIntoCollections": "Grupēt filmas kolekcijās",
    "LabelEnableRealtimeMonitor": "Iespējot reāllaika uzraudzību",
    "LabelEnableDlnaServerHelp": "Ļauj UPnP ierīcēm tavā tīklā pārlūkot un atskaņot vienumus.",
    "LabelEnableDlnaPlayToHelp": "Atrast ierīces lokālajā tīklā un dot iespēju tās attālināti kontrolēt.",
    "LabelEnableDlnaDebugLoggingHelp": "Izveido lielas log datnes, un paredzēts tikai atkļūdošanas lietošanai.",
    "LabelEnableBlastAliveMessagesHelp": "Iespējo šo ja serveri uzticami neatrod citas tīklā esošas UPnP ierīces.",
    "LabelEnableAutomaticPortMapHelp": "Mēģināt automātiski kartēt publisko portu uz lokālo portu caur UPnP. Tas var nefunkcionēt uz dažiem rūteru modeļiem. Izmaiņas netiks pielietotas līdz servera restartam.",
    "LabelEnableAutomaticPortMap": "Iespējot automātisko portu kartēšanu",
    "LabelDynamicExternalId": "{0} Id:",
    "LabelDropImageHere": "Nomet attēlu šeit, vai noklikšķini lai pārlūkotu.",
    "LabelDidlMode": "DIDL režīms:",
    "LabelDeathDate": "Nāves datums:",
    "LabelDateTimeLocale": "Datuma un laika lokalizācija:",
    "LabelCustomCertificatePathHelp": "Ceļš uz PKCS #12 datni, kas satur sertifikātu un privāto atslēgu lai iespējotu TLS atbalstu uz sava domēna.",
    "FolderTypeUnset": "Jaukts Saturs",
    "ErrorSavingTvProvider": "Kļūda saglabājot TV sniedzēju. Pārliecinies ka tas ir pieejams un mēģini vēlreiz.",
    "ErrorMessageStartHourGreaterThanEnd": "Beigu laikam jābūt vēlākam par sākuma laiku.",
    "ErrorAddingXmlTvFile": "Kļūda atverot XMLTV datni. Lūdzu pārliecinies ka datne eksistē un mēģini vēlreiz.",
    "LabelCustomCssHelp": "Izmanto pats savu pielāgoto silu web interfeisam.",
    "LabelCustomCss": "Pielāgots CSS:",
    "LabelCustomCertificatePath": "Pielāgotā SSL sertifikāta ceļš:",
    "LabelCorruptedFrames": "Bojātie kadri:",
    "LabelCertificatePasswordHelp": "Ja tavam sertifikātam ir vajadzīga parole, lūdzu ievadi to šeit.",
    "LabelBlockContentWithTags": "Aizliegt vienumus ar tagiem:",
    "LabelBitrate": "Bitu ātrums:",
    "LabelBindToLocalNetworkAddress": "Uzstādīt uz lokālās tīkla adreses:",
    "LabelAutomaticallyRefreshInternetMetadataEvery": "Automātiski atjaunot metadatus no interneta:",
    "LabelAuthProvider": "Autentifikācijas Nodrošinātājs:",
    "LabelAudioSampleRate": "Audio izlases ātrums:",
    "LabelAudioCodec": "Audio kodeks:",
    "LabelAudioChannels": "Audio kanāli:",
    "LabelAudioBitrate": "Audio bitu-ātrums:",
    "LabelAllowServerAutoRestartHelp": "Serveris restartēties tikai brīžos, kad neviens lietotājs nav aktīvs.",
    "LabelAllowServerAutoRestart": "Atļaut serverim automātiski restartēties, lai uzstādītu atjauninājumus",
    "LabelAllowHWTranscoding": "Atļaut aparatūras trans-kodēšanu",
    "LabelAlbumArtMaxWidthHelp": "Maksimālā albumu vāku izšķirtspēja caur upnp:albumArtURI.",
    "LabelAlbumArtMaxWidth": "Albumu vāku maksimālais platums:",
    "LabelAlbumArtMaxHeightHelp": "Maksimālā albumu vāku izšķirtspēja caur upnp:albumArtURI.",
    "LabelAlbumArtMaxHeight": "Albumu vāku maksimālais augstums:",
    "LabelAbortedByServerShutdown": "(Atcelts dēļ servera izslēgšanas)",
    "ImportFavoriteChannelsHelp": "Ja iespējots, tikai kanāli, kas atzīmēti kā favorīti uztvērēja ierīcē tiks importēti.",
    "HttpsRequiresCert": "Lai iespējotu drošos savienojumus, tev ir jānodrošina uzticams SSL sertifikāts, kā Let's Encrypt. Lūdzu nodrošini sertifikātu, vai atspējo drošos savienojumus.",
    "HeaderTranscodingProfileHelp": "Pievieno tiešās atskaņošanas profilus, lai norādītu kurus formātus izmantot kad ir vajadzīga trans-kodēšana.",
    "HeaderTaskTriggers": "Uzdevumu Trigeri",
    "HeaderSelectTranscodingPathHelp": "Pārlūko vai ievadi ceļu, kurā tiks glabātas īslaicīgās trans-kodēšanas datnes. Šai mapei jābūt rakstāmai.",
    "HeaderSelectTranscodingPath": "Izvēlies Trans-kodēšanas Īslaicīgo Ceļu",
    "HeaderSelectServerCachePathHelp": "Pārlūko vai ievadi ceļu, kurā vēlies saglabāt servera keša datnes. Šai mapei jābūt rakstāmai.",
    "HeaderSelectPath": "Izvēlies Ceļu",
    "HeaderSelectMetadataPathHelp": "Pārlūko vai ievadi ceļu, kurā vēlies saglabāt metadatus. Šai mapei jābūt rakstāmai.",
    "HeaderSelectMetadataPath": "Izvēlies Metadatu Ceļu",
    "HeaderSelectCertificatePath": "Izvēlies Sertifikāta Ceļu",
    "HeaderScenes": "Ainas",
    "HeaderRunningTasks": "Ejošie Uzdevumi",
    "HeaderResponseProfileHelp": "Atbilžu profili nodrošina iespējas rediģēt informāciju, kas tiek nosūtīta uz ierīci atskaņojot noteiktus medijus.",
    "HeaderResponseProfile": "Atbilžu Profils",
    "HeaderRemoteControl": "Tālvadība",
    "HeaderRecordingPostProcessing": "Ierakstu Pēcapstrāde",
    "HeaderProfileServerSettingsHelp": "Šīs vērtības kontrolē kā Jellyfin Server sevi rādīs ierīcei.",
    "HeaderPreferredMetadataLanguage": "Ieteicamā Metadatu Valoda",
    "HeaderPluginInstallation": "Paplašinājuma Instalācija",
    "HeaderPlayOn": "Atskaņot Uz",
    "HeaderParentalRatings": "Vecāku Vērtējumi",
    "HeaderOtherItems": "Citi Vienumi",
    "HeaderOnNow": "Tagad",
    "HeaderLoginFailure": "Ieiešanas Kļūda",
    "HeaderKodiMetadataHelp": "Lai iespējotu vai atspējotu NFO metadatus, rediģē bibliotēku Jellyfin bibliotēku iestatījumu metadata glabātāju sadaļā.",
    "HeaderIdentifyItemHelp": "Ievadi vienu vai vairākus meklēšanas kritērijus. Noņem kritērijus lai palielinātu meklēšanas rezultātus.",
    "HeaderFetchImages": "Ielādēt Attēlus:",
    "HeaderFeatures": "Funkcijas",
    "HeaderFeatureAccess": "Funkciju Piekļuve",
    "HeaderEnabledFieldsHelp": "Atķeksē lauku lai to slēgtu un aizliegt tā satura mainīšanu.",
    "HeaderEnabledFields": "Iespējotie Lauki",
    "HeaderEasyPinCode": "Vieglais Pin Kods",
    "HeaderDirectPlayProfileHelp": "Pievieno tiešās atskaņošanas profilus, lai norādītu kurus formātus ierīce spēj atskaņot natīvi.",
    "HeaderDirectPlayProfile": "Tiešās Atskaņošanas Profils",
    "HeaderDetectMyDevices": "Noteikt Manas Ierīces",
    "HeaderDeleteTaskTrigger": "Dzēst Uzdevuma Trigeri",
    "HeaderDeleteProvider": "Dzēst Sniedzēju",
    "HeaderDefaultRecordingSettings": "Noklusējuma Ierakstīšanas Iestatījumi",
    "HeaderDateIssued": "Izdošanas Datums",
    "HeaderCustomDlnaProfiles": "Pielāgoti Profili",
    "HeaderConfirmProfileDeletion": "Apstiprināt Profila Dzēšanu",
    "HeaderChapterImages": "Nodaļu Attēli",
    "HeaderCastCrew": "Lomas/Apkalpe",
    "HeaderCastAndCrew": "Lomas/Apkalpe",
    "HeaderAppearsOn": "Redzams",
    "FFmpegSavePathNotFound": "Mēs nespējām atrast FFmpeg norādītajā ceļā. FFprobe arī ir vajadzīgs, un tam ir jāatrodas tajā pašā mapē. Šīs komponentes parasti tiek apvienotas vienā un tajā pašā lejupielādē. Lūdzu pārbaudiet ceļu un mēģiniet vēlreiz.",
    "HeaderAdditionalParts": "Papildus Ceļi",
    "HeaderAddUpdateImage": "Pievienot/Atjaunot Attēlu",
    "HeaderAddScheduledTaskTrigger": "Pievienot Trigeri",
    "GuideProviderLogin": "Ieiet",
    "Ended": "Beidzies",
    "EnableStreamLoopingHelp": "Iespējo šo, ja tiešsaistes straume satur tikai pāris sekunžu datus, un ir nepārtraukti jāatjauno. Iespējojot bez vajadzības var radīties problēmas.",
    "EnableStreamLooping": "Automātiski atkārtot tiešsaistes straumes",
    "EnablePhotosHelp": "Attēli tiks atrasti un parādīti blakus citām mediju datnēm.",
    "EnableExternalVideoPlayersHelp": "Ārēja atskaņotāja izvēlne tiks parādīta, kad tiks sākta video atskaņošana.",
    "EnableColorCodedBackgrounds": "Krāsu kodēti foni",
    "EnableBackdropsHelp": "Attēlot fona attēlus dažu lapu fonā bibliotēkas pārlūkošanas laikā.",
    "DropShadow": "Fona Ēnojums",
    "DisplayMissingEpisodesWithinSeasons": "Rādīt trūkstošās epizodes sezonās",
    "Disconnect": "Atvienot",
    "DirectStreamHelp2": "Tieši Straumējot datni tiek izmantots ļoti maz procesora jaudas, bez video vai audio kvalitātes zudumiem.",
    "DirectStreamHelp1": "Šis medijs ir saderīgs ar ierīci pēc izšķirtspējas un medija veida (H.264, AC3, utt.), bet atrodas nesaderīgā datnes konteinerī (mkv, avi, wmv, utt.). Video tiks pārpakots uz saderīgu formātu pirms tas tiks straumēts uz ierīci.",
    "Descending": "Disltošs",
    "Depressed": "Atspiests",
    "DeleteUserConfirmation": "Vai tu tiešām vēlies izdzēst šo lietotāju?",
    "DeleteUser": "Dzēst Lietotāju",
    "DeleteMedia": "Dzēst mediju",
    "DeleteImageConfirmation": "Vai tu tiešām vēlies izdzēst šo attēlu?",
    "DeleteDeviceConfirmation": "Vai tu tiešām vēlies noņemt šo ierīci? Tā parādīsies atkārtoti nākamo reizi, kad lietotājs ieiet ar to.",
    "DefaultErrorMessage": "Apstrādājot pieprasījumu notika kļūda. Pēc brītiņa lūdzu mēģini vēlreiz.",
    "DeathDateValue": "Miris: {0}",
    "ConfirmEndPlayerSession": "Vai jūs gribat izslēgt Jellyfin uz {0}?",
    "ConfirmDeleteItems": "Dzēšot šos vienumus, tie tiks izdzēsti gan no jūsu failu sistēmas, gan mediju bibliotēkas. Vai tiešām turpināt?",
    "ConfirmDeleteItem": "Dzēšot šo vienumu, tas tiks izdzēsts gan no jūsu failu sistēmas, gan mediju bibliotēkas. Vai tiešām turpināt?",
    "ConfigureDateAdded": "Iestati kā pievienošanas datums tiek noteikts iekš Jellyfin Server pārvaldes paneļa zem Bibliotēkas iestatījumiem",
    "Composer": "Komponists",
    "ColorSpace": "Krāsu telpa",
    "ColorPrimaries": "Primārās krāsas",
    "CinemaModeConfigurationHelp": "Teātra režīms ienes kinoteātra pieredzi tavā dzīvojamā istabā, ar iespējām atskaņot treilerus un pielāgotus ievadus pirms galvenās filmas.",
    "ChannelAccessHelp": "Izvēlies kanālus, ko koplietot ar šo lietotāju. Administratori spēs rediģēt visus kanālus izmantojot metadatu pārvaldnieku.",
    "ChangingMetadataImageSettingsNewContent": "Izmaiņas metadatu vai mākslas lejupielādes iestatījumos tiks izmantotas tikai jauniem bibliotēkas vienumiem. Lai pielietotu šīs izmaiņas jau esošiem vienumiem, tev vajadzēs atjaunot šo vienumu metadatus manuāli.",
    "ButtonSubmit": "Iesniegt",
    "ButtonSort": "Kārtot",
    "ButtonQuickStartGuide": "Pamata Lietošanas Instrukcija",
    "ButtonManualLogin": "Manuālā Ieiešana",
    "ButtonEditOtherUserPreferences": "Rediģē šī lietotāja profilu, attēlu un personas iestatījumus.",
    "ButtonDown": "Lejup",
    "ButtonArrowUp": "Augšup",
    "ButtonArrowRight": "Labi",
    "ButtonArrowLeft": "Kreisi",
    "ButtonArrowDown": "Lejup",
    "ButtonAddScheduledTaskTrigger": "Pievienot Trigeru",
    "BookLibraryHelp": "Audio un teksta grāmatas tiek atbalstītas. Pārskati {0}grāmatu nosaukumu instrukciju{1}.",
    "Blacklist": "Melnais saraksts",
    "AuthProviderHelp": "Izvēlies Autentifikācijas Nodrošinājumu, kas tiks izmantots lai autentificētu šī lietotāja paroli.",
    "AspectRatio": "Attēla Proporcijas",
    "AskAdminToCreateLibrary": "Vaicājiet administratoram, lai izveidotu bibliotēku.",
    "Ascending": "Augoši",
    "AlwaysPlaySubtitlesHelp": "Valodas preferencei atbilstošie subtitri tiks ielādēti neatkarīgi no audio valodas.",
    "AllowFfmpegThrottling": "Ierobežot Trans-kodējumus",
    "AllowHWTranscodingHelp": "Atļaut uztvērējam trans-kodēt straumes tiešsaistē. Tas var atvieglot trans-kodēšanu, kas jāveic serverim.",
    "AirDate": "Tiešraides datums",
    "LabelIconMaxWidthHelp": "Maksimālā ikonu izšķirtspēja caur upnp:icon.",
    "LabelIconMaxHeightHelp": "Maksimālā ikonu izšķirtspēja caur upnp:icon.",
    "LabelHardwareAccelerationTypeHelp": "Aparatūras paātrināšanai ir vajadzīga papildus konfigurācija.",
    "LabelEncoderPreset": "H264 un H265 kodēšanas noklusējumi:",
    "HardwareAccelerationWarning": "Iespējojot aparatūras paātrināšanu var veidot nestabilitāti dažās vidēs. Pārliecinies ka tava operētājsistēma un video draiveri it pilnībā atjaunināti. Ja tev ir problēmas ar video atskaņošanu pēc šī iestatījuma iespējošanas, tev vajadzēs pārmainīt to atpakaļ uz Neviens.",
    "HandledByProxy": "Apstrādā reversais proxy",
    "LabelImageFetchersHelp": "Iespējo un sakārto savu attēlu sagādnieku prioritāti.",
    "HeaderFetcherSettings": "Sagādnieku Iestatījumi",
    "HeaderBranding": "Zīmols",
    "HeaderBlockItemsWithNoRating": "Bloķēt vienumus, kam nav vai nav atpazīta reitinga informācija:",
    "HeaderApiKeysHelp": "Ārējām lietotnēm ir vajadzīgas API atslēgas, lai sazinātos ar Jellyfin Serveri. Atslēgas tiek izdotas ieejot savā Jellyfin kontā, vai manuāli ģenerējot lietotnei atslēgu.",
    "HeaderAccessScheduleHelp": "Izveido grafiku, lai ierobežotu piekļuvi noteiktās stundās.",
    "HeaderAccessSchedule": "Piekļuves Grafiks",
    "ExtraLarge": "Ļoti Liels",
    "ErrorPleaseSelectLineup": "Lūdzu izvēlies sarakstu un mēģini vēlreiz. Ja nav pieejams neviens saraksts, pārliecinies ka tavs lietotājvārds, parole un pasta kods ir pareizi.",
    "ErrorGettingTvLineups": "Notika kļūda lejupielādējot TV sarakstus. Lūdzu pārliecinies, ka tava informācija ir pareiza un mēģini vēlreiz.",
    "DisplayMissingEpisodesWithinSeasonsHelp": "Tam arī jābūt iespējotam priekš TV bibliotēkām servera konfigurācijā.",
    "DefaultMetadataLangaugeDescription": "Šie ir jūsu noklusējumi, kas var tikt rediģēti atkarībā no bibliotēkas.",
    "AddItemToCollectionHelp": "Pievieno vienumus kolekcijām tos meklējot un izmantojot to labā taustiņa vai spiediena izvēlnes lai pievienotu tos.",
    "LabelPleaseRestart": "Izmaiņas tiks pielietotas pēc manuālas web klienta pārlādes.",
    "LabelPersonRole": "Loma:",
    "LabelMusicStreamingTranscodingBitrateHelp": "Iestati maksimālo mūzikas straumēšanas bitu ātrumu.",
    "LabelMusicStreamingTranscodingBitrate": "Mūzikas trans-kodēšanas bitu ātrums:",
    "LabelModelUrl": "Modeļa URL",
    "LabelModelNumber": "Modeļa numurs",
    "LabelModelName": "Modeļa nosaukums",
    "LabelModelDescription": "Modeļa apraksts",
    "LabelMinScreenshotDownloadWidth": "Minimālais ekrānattēlu lejupielādes platums:",
    "LabelMinBackdropDownloadWidth": "Minimālais fona attēla lejupielādes platums:",
    "LabelKodiMetadataUser": "Saglabāt lietotāja skatīšanās informāciju uz NFO datnēm priekš:",
    "LabelKodiMetadataSaveImagePathsHelp": "Tas ir ieteicams ja tev ir attēlu datņu nosaukumi, kas neatbilst Kodi vadlīnijām.",
    "LabelKodiMetadataSaveImagePaths": "Saglabāt attēlu ceļus iekš nfo datnēm",
    "LabelKodiMetadataEnablePathSubstitutionHelp": "Iespējot ceļu substitūciju attēlu ceļiem izmantojot serveru ceļu substitūcijas iestatījumus.",
    "LabelKodiMetadataEnablePathSubstitution": "Iespējot ceļu substitūciju",
    "MessageDirectoryPickerBSDInstruction": "Priekš BSD, tev var būt vajadzēs nokonfigurēt glabātuvi savā FreeNAS jail, lai atļautu Jellyfin tai piekļuvi.",
    "MessageConfirmRevokeApiKey": "Vai tu tiešām vēlies atsaukt šo api atslēgu? Lietotnes savienojums ar Jellyfin Serveri tiks strauji atslēgts.",
    "MessageConfirmProfileDeletion": "Vai tu tiešām vēlies izdzēst šo profilu?",
    "LabelTranscodingProgress": "Trans-kodēšanas progress:",
    "LabelTranscodingFramerate": "Trans-kodēšanas kadru ātrums:",
    "LabelRecordingPathHelp": "Ievadi noklusējuma vietējo vietu, kur saglabāt ierakstus. Ja atstāsts tukšs, servera programmas datu mape tiks lietota tā vietā.",
    "LabelPublicHttpsPortHelp": "Publiskais porta numurs, ko kartēt uz vietējo HTTPS portu.",
    "LabelOriginalAspectRatio": "Oriģinālās proporcijas:",
    "LabelMaxStreamingBitrateHelp": "Ievadi maksimālo bitu ātrumu straumēšanai.",
    "LabelLocalHttpServerPortNumberHelp": "TCP porta numurs, kuru izmantos Jellyfin HTTP serveris.",
    "MessageAreYouSureYouWishToRemoveMediaFolder": "Vai tiešām vēlies noņemt šo mediju datni?",
    "MessageAreYouSureDeleteSubtitles": "Vai tiešām vēlies izdzēst šo subtitru datni?",
    "MediaIsBeingConverted": "Medijs tiek pārveidots uz formātu kuru atbalsta tā atskaņojošā ierīce.",
    "MediaInfoStreamTypeEmbeddedImage": "Iegults Attēls",
    "MediaInfoTimestamp": "Laika zīmogs",
    "MediaInfoSampleRate": "Izlases ātrums",
    "MediaInfoInterlaced": "Rindpārlēkts",
    "MediaInfoFramerate": "Kadru ātrums",
    "MediaInfoAspectRatio": "Attēla proporcijas",
    "MaxParentalRatingHelp": "Saturs ar augstāku reitingu tiks paslēpts no šī lietotāja.",
    "LibraryAccessHelp": "Izvēlies bibliotēkas, ko koplietot ar šo lietotāju. Administratori spēs rediģēt visas bibliotēkas izmantojot metadatu pārvaldnieku.",
    "LearnHowYouCanContribute": "Uzzini, kā tu vari dot ieguldījumu.",
    "LabelUserLoginAttemptsBeforeLockout": "Neizdevušies piekļuves mēģinājumi pirms lietotājs tiek bloķēts:",
    "LabelTranscodingThreadCount": "Trans-kodēšanas kodolu daudzums:",
    "LabelTranscodes": "Transkodi:",
    "LabelTitle": "Tituls:",
    "LabelSaveLocalMetadata": "Saglabāt māksu media mapēs",
    "LabelReadHowYouCanContribute": "Uzzini, kā tu vari dot ieguldījumu.",
    "LabelNumberOfGuideDays": "Dienu daudzumus, kuram lejupielādēt gidu:",
    "LabelLockItemToPreventChanges": "Aizslēgt šo objektu lai aizliegtu izmaiņas",
    "LabelLocalHttpServerPortNumber": "Vietējais HTTP porta numurs:",
    "OptionAllowManageLiveTv": "Atļaut Tiešraides TV ierakstu pārvaldīšanu",
    "OptionAllowLinkSharing": "Atļaut dalīšanos sociālajos tīklos",
    "OptionAllowBrowsingLiveTv": "Atļaut Tiešraides TV piekļuvi",
    "MediaInfoForced": "Piespiests",
    "LabelPublicHttpPortHelp": "Publiskai porta numurs, kas tiks kartēts uz vietējo HTTP portu.",
    "LabelOptionalNetworkPath": "(Neobligāts) Koplietota tīkla mape:"
}
