{
    "Absolute": "Absolutt",
    "Actor": "Skuespiller",
    "Add": "Legg til",
    "AddItemToCollectionHelp": "Legg til elementer i samlinger ved å søke etter dem og bruke deres høyreklikk eller peke-menyer for å legge dem til en samling.",
    "AddToCollection": "Legg til i samling",
    "AddToPlayQueue": "Legg til i avspillingskø",
    "AddToPlaylist": "Legg til i spilleliste",
    "AddedOnValue": "Lagt til {0}",
    "AdditionalNotificationServices": "Bla gjennom katalogen over programtillegg for å installere valgfrie varslingstjenester.",
    "Aired": "Sendt tidligere",
    "Albums": "Album",
    "Alerts": "Varsler",
    "All": "Alle",
    "AllChannels": "Alle kanaler",
    "AllEpisodes": "Alle episoder",
    "AllLibraries": "Alle biblioteker",
    "AllowHWTranscodingHelp": "Tillat at tuneren omkoder strømmer fortløpende. Dette kan bidra til å redusere mendgen omkoding som må utføres av serveren.",
    "AllowMediaConversion": "Tillat konvertering av media",
    "AllowMediaConversionHelp": "Tillatt eller forby tilgang til å konvertere media.",
    "AllowRemoteAccess": "Tillat eksterne tilkoblinger til denne Jellyfin-serveren.",
    "AllowRemoteAccessHelp": "Alle tilkoblinger via nettverk vil blokkeres dersom du ikke aktiverer denne innstillingen.",
    "Anytime": "Når som helst",
    "AroundTime": "Rundt {0}",
    "Artists": "Artister",
    "AsManyAsPossible": "Så mange som mulig",
    "AspectRatio": "Størrelsesforhold",
    "AttributeNew": "Ny",
    "Audio": "Lyd",
    "Auto": "Automatisk",
    "BirthDateValue": "Født: {0}",
    "BirthLocation": "Fødested",
    "BirthPlaceValue": "Fødested: {0}",
    "BookLibraryHelp": "Lyd- og tekstbøker støttes. Se igjennom {0}navneguiden for bøker{1}.",
    "Books": "Bøker",
    "BrowsePluginCatalogMessage": "Bla i tilleggskatalogen vår for å se tilgjengelige applikasjonstillegg.",
    "ButtonAdd": "Legg til",
    "ButtonAddMediaLibrary": "Legg til bibliotek",
    "ButtonAddScheduledTaskTrigger": "Legg til utløser",
    "ButtonAddServer": "Legg til server",
    "ButtonAddUser": "Ny bruker",
    "ButtonArrowDown": "Ned",
    "ButtonArrowLeft": "Venstre",
    "ButtonArrowRight": "Høyre",
    "ButtonArrowUp": "Opp",
    "ButtonAudioTracks": "Lydspor",
    "ButtonBack": "Tilbake",
    "ButtonCancel": "Avbryt",
    "ButtonChangeServer": "Endre server",
    "ButtonConnect": "Koble til",
    "ButtonDelete": "Slett",
    "ButtonDeleteImage": "Slett bilde",
    "ButtonDown": "Ned",
    "ButtonDownload": "Last ned",
    "ButtonEdit": "Rediger",
    "ButtonEditImages": "Endre bilder",
    "ButtonEditOtherUserPreferences": "Endre denne brukerens profilbilde og personlige innstillinger.",
    "ButtonForgotPassword": "Glemt passord",
    "ButtonFullscreen": "Fullskjerm",
    "ButtonGotIt": "Skjønner",
    "ButtonHelp": "Hjelp",
    "ButtonHome": "Hjem",
    "ButtonLearnMore": "Lær mer",
    "ButtonLibraryAccess": "Bibliotektilgang",
    "ButtonManualLogin": "Manuell Login",
    "ButtonMore": "Mer",
    "ButtonNetwork": "Nettverk",
    "ButtonNew": "Ny",
    "ButtonNextTrack": "Neste Spor",
    "ButtonOff": "Av",
    "ButtonOk": "OK",
    "ButtonOpen": "Åpne",
    "ButtonParentalControl": "Foreldrekontroll",
    "ButtonPlay": "Spill",
    "ButtonPreviousTrack": "Forrige spor",
    "ButtonProfile": "Profil",
    "ButtonQuickStartGuide": "Hurtigveiledning",
    "ButtonRefresh": "Oppdater",
    "ButtonRefreshGuideData": "Oppdater TV-guidedata",
    "ButtonRemove": "Fjern",
    "ButtonRename": "Endre navn",
    "ButtonRepeat": "Gjenta",
    "ButtonResetEasyPassword": "Tilbakestill PIN-kode",
    "ButtonResetPassword": "Tilbakestill passord",
    "ButtonRestart": "Omstart",
    "ButtonResume": "Fortsett",
    "ButtonRevoke": "Kall tilbake",
    "ButtonSave": "Lagre",
    "ButtonScanAllLibraries": "Skann alle biblioteker",
    "ButtonSearch": "Søk",
    "ButtonSelectDirectory": "Velg katalog",
    "ButtonSelectServer": "Velg server",
    "ButtonSelectView": "Velg visning",
    "ButtonSettings": "Innstillinger",
    "ButtonShutdown": "Slå av",
    "ButtonSignIn": "Logg inn",
    "ButtonSignOut": "Logg ut",
    "ButtonSort": "Sortér",
    "ButtonStop": "Stopp",
    "ButtonSubmit": "Send",
    "ButtonSubtitles": "Undertekster",
    "ButtonUninstall": "Avinstaller",
    "ButtonUp": "Opp",
    "ButtonViewWebsite": "Vis nettsted",
    "ButtonWebsite": "Nettsted",
    "CancelRecording": "Avbryt opptak",
    "CancelSeries": "Avbryt serie",
    "Categories": "Kategorier",
    "ChannelAccessHelp": "Velg kanaler som skal deles med denne brukeren. Administratorer kan redigere alle kanaler som benytter metadatabehandleren.",
    "ChannelNameOnly": "Kun kanal {0}",
    "ChannelNumber": "Kanal nummer",
    "CinemaModeConfigurationHelp": "Kino-modus bringer kinoopplevelsen direkte til din stue med muligheten til å spille trailere og tilpassede introer før filmen begynner.",
    "Collections": "Samlinger",
    "ColorPrimaries": "Primærfarger",
    "ColorSpace": "Fargeutvalg",
    "ColorTransfer": "Overføring av farger",
    "Composer": "Komponist",
    "ConfigureDateAdded": "Konfigurer hvordan \"Dato lagt til\" bestemmes på Jellyfin-serveren sitt dashbord under instillinger for Bibliotek",
    "ConfirmDeleteImage": "Slett bilde?",
    "ConfirmDeleteItem": "Sletting av elementet vil slette det fra både filsystemet og biblioteket. Er du sikker på at du vil fortsette?",
    "ConfirmDeleteItems": "Sletting av disse elementene vil slette dem fra både filsystemet og mediebiblioteket. Er du sikker på at du vil fortsette?",
    "ConfirmDeletion": "Bekreft sletting",
    "ConfirmEndPlayerSession": "Vil du avslutte Jellyfin på {0}?",
    "Connect": "Koble til",
    "ContinueWatching": "Fortsett å se på",
    "Continuing": "Fortsetter",
    "CustomDlnaProfilesHelp": "Lag en tilpasset profil til en ny enhet eller for å overstyre en system-profil.",
    "DeathDateValue": "Døde: {0}",
    "DefaultErrorMessage": "Det oppstod en feil under behandling av forespørselen. Vennligst prøv igjen senere.",
    "DefaultMetadataLangaugeDescription": "Dette er standardverdiene dine, de kan også tilpasses per biblioteksbasis.",
    "Delete": "Slett",
    "DeleteDeviceConfirmation": "Er du sikker på at du ønsker å slette denne enheten? Den vil gjenoppstå neste gang en bruker logger inn med den.",
    "DeleteImage": "Slett bilde",
    "DeleteImageConfirmation": "Er du sikker på at du ønsker å slette dette bildet?",
    "DeleteMedia": "Slett media",
    "DeleteUser": "Slett bruker",
    "DeleteUserConfirmation": "Er du sikker på at du ønsker å slette denne brukeren?",
    "DetectingDevices": "Detekterer enheter",
    "DeviceAccessHelp": "Dette gjelder kun for enheter som som kan identifiseres som unike og vil ikke forhindre tilgang fra nettleser. Filtrering av tilgang for enheter vil hindre brukere fra å bruke nye enheter inntil de har blitt godkjent her.",
    "Director": "Regissør",
    "Disconnect": "Koble fra",
    "Dislike": "Misliker",
    "DoNotRecord": "Ikke ta opp",
    "Down": "Ned",
    "Download": "Last ned",
    "DrmChannelsNotImported": "Kanaler med DRM vill ikke bli importert.",
    "EasyPasswordHelp": "Din enkle pin-kode brukes for frakoblet tilgang på støttede klienter. Den kan også brukes til enkel pålogging fra lokalt nettverk.",
    "Edit": "Rediger",
    "EditImages": "Endre bilder",
    "EditSubtitles": "Endre undertekster",
    "EnableCinemaMode": "Kinomodus",
    "EnableColorCodedBackgrounds": "Fargekodede bakgrunner",
    "EnableDisplayMirroring": "Skjermspeiling",
    "EnableHardwareEncoding": "Aktiver maskinvare-omkoding",
    "EnablePhotos": "Vis bilder",
    "EnablePhotosHelp": "Bilder vil bli oppdaget og vist sammen med andre mediefiler.",
    "EnableStreamLooping": "Automatisk looping av livestrømmer",
    "EnableStreamLoopingHelp": "Aktiver dette hvis livestrømmer bare inneholder noen få sekunder med data og må forespørres kontinuerlig. Dette kan skape problemer dersom det er aktivert uten at det er behov for det.",
    "Ended": "Avsluttet",
    "EndsAtValue": "Slutter klokken {0}",
    "Episodes": "Episoder",
    "ErrorAddingListingsToSchedulesDirect": "Det oppstod en feil når du la oppstillingen til Schedules Direct-kontoen din. Schedules Direct tillater kun et begrenset antall oppstillinger per konto. Det kan hende du må logge inn på Schedules Direct-nettstedet og fjerne andre lister fra kontoen din før du fortsetter.",
    "ErrorAddingMediaPathToVirtualFolder": "Det oppstod en feil med å legge inn filbane til media. Vennligst sørg for at filbanen er gyldig og at Jellyfin-serverprosessen har tilgang til filbanen.",
    "ErrorAddingTunerDevice": "Det oppstod en feil når tuneren skulle legges til. Vennligst sørg for at den er tilgjengelig og prøv på nytt.",
    "ErrorAddingXmlTvFile": "Det oppstod en feil under lesing av XMLTV-filen. Vennligst sørg for at filen finnes og prøv igjen.",
    "ErrorGettingTvLineups": "Det oppstod en feil under nedlastning av TV-oversikten. Vennligst sørg for at informasjonen er korrekt og prøv igjen.",
    "ErrorMessageStartHourGreaterThanEnd": "Sluttid må være senere enn starttid.",
    "ErrorPleaseSelectLineup": "Velg et programoppsett og prøv igjen. Hvis ingen oppsett er tilgjengelig, sjekk at brukernavn, passord og postnummer er riktig.",
    "ErrorSavingTvProvider": "Det oppstod en feil ved lagring av TV-leverandør. Vennligst forsikre deg om at den er tilgjengelig, og prøv på nytt.",
    "EveryNDays": "Hver {0}. dag",
    "ExitFullscreen": "Avslutt fullskjerm",
    "FFmpegSavePathNotFound": "Vi kan dessverre ikke finne FFmpeg på filbanen du har angitt. FFprobe er også nødvendig og må ligge i samme mappe. Disse komponentene leveres vanligvis sammen i en nedlastning. Kontroller filbanen og prøv igjen.",
    "FastForward": "Framoverspoling",
    "Favorite": "Favoritt",
    "Favorites": "Favoritter",
    "File": "Fil",
    "FileNotFound": "Fil ikke funnet.",
    "FileReadCancelled": "Lesing av filen ble avbrutt.",
    "FileReadError": "Det oppstod en feil mens filen ble lest.",
    "FolderTypeBooks": "Bøker",
    "FolderTypeMovies": "Filmer",
    "FolderTypeMusic": "Musikk",
    "FolderTypeMusicVideos": "Musikkvideoer",
    "FolderTypeTvShows": "TV",
    "FolderTypeUnset": "Blandet innhold",
    "Friday": "Fredag",
    "Fullscreen": "Fullskjerm",
    "Genres": "Sjangre",
    "GuestStar": "Gjesteskuespiller",
    "GuideProviderSelectListings": "Velg oppføringer",
    "H264CrfHelp": "Constant Rate Factor (CRF) er standard kvalitetsinnstilling for x264-koderen. Du kan stille inn verdier mellom 0 og 51, hvor lavere verdier vil resultere i bedre kvalitet (på bekostning av høyere fil-størrelse). Fornuftige verdier ligger mellom 18 og 28. Standard for x264 er 23, så du kan bruke det som et utgangspunkt.",
    "EncoderPresetHelp": "Velg en raskere verdi for å forbedre ytelsen, eller en lavere verdi for å forbedre kvaliteten.",
    "HDPrograms": "HD-programmer",
    "HardwareAccelerationWarning": "Aktivering av maskinvareakselerasjon kan føre til ustabilitet i enkelte miljøer. Sørg for at operativsystemet og skjermdriverne dine er fullt oppdatert. Hvis du har problemer med å spille videoer etter å ha aktivert dette, må du deaktivere innstillingen igjen.",
    "HeaderAccessSchedule": "Tidsplan for tilgang",
    "HeaderAccessScheduleHelp": "Lag en tidsplan for tilgang for å begrense tilgangen til visse tider.",
    "HeaderActiveDevices": "Aktive enheter",
    "HeaderActiveRecordings": "Aktive opptak",
    "HeaderActivity": "Aktivitet",
    "HeaderAddScheduledTaskTrigger": "Legg til utløser",
    "HeaderAddToCollection": "Legg til i samling",
    "HeaderAddToPlaylist": "Legg til i Spilleliste",
    "HeaderAddUpdateImage": "Legg Til/Oppdater Bilde",
    "HeaderAddUser": "Legg til bruker",
    "HeaderAdditionalParts": "Tilleggsdeler",
    "HeaderAlbums": "Albumer",
    "HeaderAlert": "Varsling",
    "HeaderAllowMediaDeletionFrom": "Tillat sletting av media fra",
    "HeaderApiKey": "API-nøkkel",
    "HeaderApiKeys": "API-nøkler",
    "HeaderApiKeysHelp": "Eksterne programmer trenger en API-nøkkel for å kunne kommunisere med Jellyfin-serveren. Nøklene utstedes ved å logge på med en Jellyfin-konto, eller ved å manuelt gi programmet en nøkkel.",
    "HeaderAudioBooks": "Lydbøker",
    "HeaderAudioSettings": "Lydinnstillinger",
    "HeaderAutomaticUpdates": "Automatiske oppdateringer",
    "HeaderBooks": "Bøker",
    "HeaderBranding": "Merking",
    "HeaderCancelRecording": "Avbryt opptak",
    "HeaderCancelSeries": "Avbryt serie",
    "HeaderCastAndCrew": "Skuespillere & mannskap",
    "HeaderCastCrew": "Mannskap",
    "HeaderChannelAccess": "Kanal-tilgang",
    "HeaderChannels": "Kanaler",
    "HeaderCodecProfile": "Kodekprofil",
    "HeaderCodecProfileHelp": "Kodekprofiler indikerer begrensningene til en enhet ved avspilling av bestemte kodeker. Hvis en begrensning gjelder, vil media bli omkodet, selv om kodeken er konfigurert for direkteavspilling.",
    "HeaderConfirmPluginInstallation": "Bekreft installasjon av tillegg",
    "HeaderConfirmProfileDeletion": "Bekreft sletting av profil",
    "HeaderConfirmRevokeApiKey": "Tilbakekall API-nøkkel",
    "HeaderConnectToServer": "Koble til server",
    "HeaderConnectionFailure": "Tilkobling feilet",
    "HeaderContainerProfile": "Kontainerprofil",
    "HeaderContainerProfileHelp": "Kontainerprofiler indikerer begrensninger hos en enhet ved avspilling av bestemte formater. Hvis en begrensning gjelder, vil media bli omkodet selv om formatet er konfigurert for direkteavspilling.",
    "HeaderContinueListening": "Forsett å høre på",
    "HeaderContinueWatching": "Fortsett å se",
    "HeaderCustomDlnaProfiles": "Tilpassede profiler",
    "HeaderDateIssued": "Dato utstedt",
    "HeaderDefaultRecordingSettings": "Standard opptaksinnstillinger",
    "HeaderDeleteDevice": "Slett enhet",
    "HeaderDeleteItem": "Slett element",
    "HeaderDeleteItems": "Slett elementer",
    "HeaderDeleteProvider": "Slett leverandør",
    "HeaderDeleteTaskTrigger": "Slett oppgaveutløser",
    "HeaderDetectMyDevices": "Oppdag mine enheter",
    "HeaderDeveloperInfo": "Utviklerinformasjon",
    "HeaderDeviceAccess": "Enhetstilgang",
    "HeaderDevices": "Enheter",
    "HeaderDirectPlayProfile": "Direkteavspillingsprofil",
    "HeaderDirectPlayProfileHelp": "Legg direkteavspillingsprofiler for å indikere hvilke formater enheten støtter direkte avspilling av.",
    "HeaderDisplay": "Vis",
    "HeaderDownloadSync": "Last ned og synkroniser",
    "HeaderEasyPinCode": "Enkel PIN-kode",
    "HeaderEditImages": "Endre bilder",
    "HeaderEnabledFields": "Aktiverte felt",
    "HeaderEnabledFieldsHelp": "Fjern markeringen av et felt for å låse det og hindre dataene fra å endres.",
    "HeaderEpisodes": "Episoder",
    "HeaderError": "Feil",
    "HeaderFeatureAccess": "Funksjonstilgang",
    "HeaderFeatures": "Funksjoner",
    "HeaderFetchImages": "Hent bilder:",
    "HeaderFilters": "Filtre",
    "HeaderForKids": "For barn",
    "HeaderForgotPassword": "Glemt passord",
    "HeaderFrequentlyPlayed": "Ofte avspilt",
    "HeaderGenres": "Sjanger",
    "HeaderGuideProviders": "Leverandører av TV-guide",
    "HeaderHttpHeaders": "HTTP-hoder",
    "HeaderIdentification": "Identifisering",
    "HeaderIdentificationCriteriaHelp": "Skriv inn minst ett identifikasjonskriterie.",
    "HeaderIdentificationHeader": "Identifikasjonshode",
    "HeaderIdentifyItemHelp": "Oppgi ett eller flere søkekriterier. Fjern kriterier for å få flere søkeresultater.",
    "HeaderImageOptions": "Bildevalg",
    "HeaderImageSettings": "Bildeinnstillinger",
    "HeaderInstall": "Installer",
    "HeaderInstantMix": "Miks",
    "HeaderItems": "Elementer",
    "HeaderKeepRecording": "Behold opptak",
    "HeaderKeepSeries": "Behold serie",
    "HeaderLatestEpisodes": "Nyeste episoder",
    "HeaderLatestMedia": "Nyeste media",
    "HeaderLatestMovies": "Nyeste filmer",
    "HeaderLatestMusic": "Nyeste musikk",
    "HeaderLatestRecordings": "Nyeste opptak",
    "HeaderLibraries": "Bibliotek",
    "HeaderLibraryAccess": "Bibliotektilgang",
    "HeaderLibraryFolders": "Bibliotekmapper",
    "HeaderLibraryOrder": "Bibliotekenes rekkefølge",
    "HeaderLibrarySettings": "Innstillinger for bibliotek",
    "HeaderLiveTvTunerSetup": "Tunerinnstillinger for direkte-TV",
    "HeaderLoginFailure": "Påloggingsfeil",
    "HeaderMediaFolders": "Mediemapper",
    "HeaderMediaInfo": "Mediainformasjon",
    "HeaderMetadataSettings": "Metadatainnstilinger",
    "HeaderMoreLikeThis": "Flere som dette",
    "HeaderMovies": "Filmer",
    "HeaderMusicVideos": "Musikkvideoer",
    "HeaderMyDevice": "Min enhet",
    "HeaderMyMedia": "Min media",
    "HeaderMyMediaSmall": "Min media (liten)",
    "HeaderNewApiKey": "Ny API-nøkkel",
    "HeaderNewDevices": "Nye enheter",
    "HeaderNextUp": "Neste",
    "HeaderOnNow": "Spiller nå",
    "HeaderOtherItems": "Andre elementer",
    "HeaderParentalRatings": "Foreldresensur",
    "HeaderPassword": "Passord",
    "HeaderPasswordReset": "Tilbakestill passord",
    "HeaderPaths": "Filbaner",
    "HeaderPendingInvitations": "Ventende invitasjoner",
    "HeaderPeople": "Personer",
    "HeaderPinCodeReset": "Tilbakestill PIN-kode",
    "HeaderPlayAll": "Spill alle",
    "HeaderPlayOn": "Forsett avspilling",
    "HeaderPlayback": "Medieavspilling",
    "HeaderPlaybackError": "Avspillingsfeil",
    "HeaderPleaseSignIn": "Vennligst logg inn",
    "HeaderPluginInstallation": "Installasjon av programtillegg",
    "HeaderPreferredMetadataLanguage": "Foretrukket språk for metadata",
    "HeaderProfile": "Profil",
    "HeaderProfileInformation": "Profilinformasjon",
    "HeaderProfileServerSettingsHelp": "Disse verdiene styrer hvordan Jellyfin-serveren presenterer seg selv for enheten.",
    "HeaderRecentlyPlayed": "Nylig avspilt",
    "HeaderRecordingOptions": "Opptaksvalg",
    "HeaderRecordingPostProcessing": "Etterbehandling av opptak",
    "HeaderRemoteControl": "Fjernkontroll",
    "HeaderRemoveMediaFolder": "Fjern mediemappe",
    "HeaderRemoveMediaLocation": "Fjern medieplassering",
    "HeaderResponseProfile": "Responsprofil",
    "HeaderResponseProfileHelp": "Responsprofiler tilbyr en måte å tilpasse informasjonen som sendes til enheten når den spiller av visse typer media.",
    "HeaderRestart": "Omstart",
    "HeaderRevisionHistory": "Revisjonshistorikk",
    "HeaderRunningTasks": "Kjørende oppgaver",
    "HeaderScenes": "Kapitler",
    "HeaderSchedule": "Timeplan",
    "HeaderSeasons": "Sesonger",
    "HeaderSelectCertificatePath": "Velg sertifikatplassering",
    "HeaderSelectMetadataPath": "Velg metadataplassering",
    "HeaderSelectMetadataPathHelp": "Bla eller skriv inn filbanen som skal brukes for metadata. Mappen må være skrivbar.",
    "HeaderSelectPath": "Velg filbane",
    "HeaderSelectServer": "Velg server",
    "HeaderSelectServerCachePath": "Velg filbane for mellomlagring",
    "HeaderSelectServerCachePathHelp": "Bla eller skriv inn filbanen som skal brukes for mellomlagring av serverdata. Mappen må være skrivbar.",
    "HeaderSelectTranscodingPath": "Velg filbane for midlertidig lagring av omkodede filer",
    "HeaderSelectTranscodingPathHelp": "Bla eller skriv inn filbanen som skal brukes for midlertidig lagring av omkodede filer. Mappen må være skrivbar.",
    "HeaderSendMessage": "Send melding",
    "HeaderSeries": "Serier",
    "HeaderSeriesOptions": "Serievalg",
    "HeaderServerSettings": "Serverinnstillinger",
    "HeaderSettings": "Innstillinger",
    "HeaderSetupLibrary": "Konfigurer dine mediebibliotek",
    "HeaderShutdown": "Skru av",
    "HeaderSortBy": "Sorter etter",
    "HeaderSortOrder": "Sorteringsrekkefølge",
    "HeaderSpecialEpisodeInfo": "Spesialepisodeinfo",
    "HeaderSpecialFeatures": "Spesielle funksjoner",
    "HeaderSubtitleProfile": "Undertekstprofil",
    "HeaderSubtitleProfiles": "Undertekstprofiler",
    "HeaderSubtitleProfilesHelp": "Undertekstprofiler beskriver tekstingsformater som støttes av enheten.",
    "HeaderSystemDlnaProfiles": "Systemprofiler",
    "HeaderTags": "Tagger",
    "HeaderTaskTriggers": "Oppgaveutløsere",
    "HeaderThisUserIsCurrentlyDisabled": "Denne brukeren er deaktivert",
    "HeaderTracks": "Spor",
    "HeaderTranscodingProfile": "Omkodingsprofil",
    "HeaderTranscodingProfileHelp": "Legg til omkodingsprofiler for å bestemme hvilke formater som skal benyttes når omkoding kreves.",
    "HeaderTunerDevices": "Tunerenheter",
    "HeaderTuners": "Tunere",
    "HeaderTypeImageFetchers": "{0} - Kilder for omslagsbilder",
    "HeaderTypeText": "Skriv inn tekst",
    "HeaderUpcomingOnTV": "Kommende på TV",
    "HeaderUploadImage": "Last opp bilde",
    "HeaderUser": "Bruker",
    "HeaderUsers": "Brukere",
    "HeaderVideoTypes": "Videotyper",
    "HeaderVideos": "Filmer",
    "HeaderXmlDocumentAttribute": "XML-dokumentattributt",
    "HeaderXmlDocumentAttributes": "XML-dokumentattributter",
    "HeaderXmlSettings": "XML-innstillinger",
    "HeaderYears": "År",
    "HeadersFolders": "Mapper",
    "Help": "Hjelp",
    "HideWatchedContentFromLatestMedia": "Skjul sett innhold fra nyeste media",
    "Identify": "Identifiser",
    "Images": "Bilder",
    "ImportFavoriteChannelsHelp": "Hvis aktivert, vil kun kanaler som er markert som favoritt på tuneren bli importert.",
    "ImportMissingEpisodesHelp": "Hvis aktivert, vil informasjon om manglende episoder importeres til Jellyfin-databasen og de vil vises under sesonger og serier. Dette kan føre til at skanning av biblioteket tar betydelig lengre tid.",
    "InstallingPackage": "Installerer {0}",
    "InstantMix": "Direktemiks",
    "ItemCount": "{0} elementer",
    "Items": "Elementer",
    "Kids": "Barn",
    "LabelAbortedByServerShutdown": "(Avbrutt grunnet at serveren er avslått)",
    "LabelAccessDay": "Ukedag:",
    "LabelAccessEnd": "Sluttid:",
    "LabelAccessStart": "Starttid:",
    "LabelAirDays": "Sendingsdager:",
    "LabelAirTime": "Sendingstid:",
    "LabelAirsAfterSeason": "Sendes etter sesong:",
    "LabelAirsBeforeEpisode": "Sendes før episode:",
    "LabelAirsBeforeSeason": "Sendes før sesong:",
    "LabelAlbumArtMaxHeight": "Maks høyde for albumomslag:",
    "LabelAlbumArtMaxHeightHelp": "Maksoppløsning på albumomslag er eksonert via upnp:albumArtURI.",
    "LabelAlbumArtMaxWidth": "Maks bredde for albumomslag:",
    "LabelAlbumArtMaxWidthHelp": "Maksoppløsning av albumomslag er eksponert via upnp:albumArtURI.",
    "LabelAlbumArtists": "Albumartister:",
    "LabelAll": "Alle",
    "LabelAllowHWTranscoding": "Tillat maskinvare-omkoding",
    "LabelAllowServerAutoRestart": "Tillat at serveren restartes automatisk for å installere oppdateringer",
    "LabelAllowServerAutoRestartHelp": "Serveren vil kun restartes i inaktive perioder når ingen brukere er aktive.",
    "LabelAppName": "Applikasjonsnavn",
    "LabelAppNameExample": "Eksempel: Sickbeard, Sonarr",
    "LabelArtists": "Artister:",
    "LabelArtistsHelp": "Separer med semikolon ;",
    "LabelAudioLanguagePreference": "Foretrukket språk på lydspor:",
    "LabelAutomaticallyRefreshInternetMetadataEvery": "Oppdater metadata automatisk fra Internett:",
    "LabelBindToLocalNetworkAddress": "Bind til lokal nettverksadresse:",
    "LabelBindToLocalNetworkAddressHelp": "Valgfritt. Overstyrer den lokale IP-adressen som HTTP-serveren bindes til. Hvis tomt, vil serveren binde seg til alle tilgjengelige adresser. Endringer av denne verdien krever omstart av Jellyfin-serveren.",
    "LabelBirthDate": "Fødselsdato:",
    "LabelBirthYear": "Fødselsår:",
    "LabelBlastMessageInterval": "Intervall mellom keepalive-meldinger (sekunder)",
    "LabelBlastMessageIntervalHelp": "Bestemmer intervallet i sekunder mellom keepalive-meldinger.",
    "LabelCachePath": "Filbane for mellomlagring:",
    "LabelCachePathHelp": "Angi en egendefinert plassering for mellomlagrede filer, som f.eks. bilder. La feltet stå tomt for å bruke standardverdi.",
    "LabelCancelled": "Avbrutt",
    "LabelCertificatePassword": "Passord for sertifikat:",
    "LabelCertificatePasswordHelp": "Hvis sertifikatet ditt krever et passord, vennligst skriv det inn her.",
    "LabelChannels": "Kanaler:",
    "LabelCollection": "Samling:",
    "LabelCommunityRating": "Fellesskapets vurdering:",
    "LabelContentType": "Innholdstype:",
    "LabelCountry": "Land:",
    "LabelCriticRating": "Kritikervurdering:",
    "LabelCurrentPassword": "Nåværende passord:",
    "LabelCustomCertificatePath": "Egendefinert filbane for SSL-sertifikat:",
    "LabelCustomCss": "Tilpasset CSS:",
    "LabelCustomCssHelp": "Bruk tilpasset CSS-kode for å endre stil på web-grensesnittet.",
    "LabelCustomDeviceDisplayName": "Visningsnavn:",
    "LabelCustomDeviceDisplayNameHelp": "Oppgi et egendefinert visningsnavn eller la det være tomt for å bruke navnet som enheten rapporterer.",
    "LabelCustomRating": "Egen aldersgrense:",
    "LabelDateAdded": "Dato lagt til:",
    "LabelDateAddedBehavior": "Hvordan bestemme \"Dato lagt til\" for nytt innhold:",
    "LabelDateAddedBehaviorHelp": "Hvis en metadataverdi finnes, vil den alltid bli brukt fremfor noen av disse valgene.",
    "LabelDay": "Dag:",
    "LabelDeathDate": "Dødsdato:",
    "LabelDefaultUser": "Standardbruker:",
    "LabelDefaultUserHelp": "Avgjør hvilket bibliotek som skal vises på tilkoblede enheter. Dette kan endres for hver enkelt enhet gjennom profiler.",
    "LabelDeviceDescription": "Enhetsbeskrivelse",
    "LabelDidlMode": "DIDL-modus:",
    "LabelDisplayLanguageHelp": "Oversettelse av Jellyfin er et pågående prosjekt.",
    "LabelDisplayMissingEpisodesWithinSeasons": "Vis episoder som mangler fra sesongen",
    "LabelDisplayMode": "Visningsmodus:",
    "LabelDisplayName": "Visningsnavn:",
    "LabelDisplayOrder": "Visningsrekkefølge:",
    "LabelDisplaySpecialsWithinSeasons": "Vis spesialepisoder i sesongen de ble kringkastet i",
    "LabelDownMixAudioScale": "Lydforsterkning ved nedmiksing:",
    "LabelDownMixAudioScaleHelp": "Forsterk lyd ved nedmiksing. Verdien en vil bevare originalvolumet.",
    "LabelDownloadLanguages": "Last ned språk:",
    "LabelEasyPinCode": "Enkel PIN-kode:",
    "LabelEmbedAlbumArtDidl": "Bygg inn albumbilder i DIDL",
    "LabelEmbedAlbumArtDidlHelp": "Noen enheter foretrekker denne metoden for å motta albumomslag. Andre vil kunne få problemer med avspilling hvis dette alternativet er aktivert.",
    "LabelEnableAutomaticPortMap": "Aktiver automatisk portmapping",
    "LabelEnableAutomaticPortMapHelp": "Forsøk å automatisk koble den eksterne porten til den lokale porten via UPnP. Dette fungerer ikke med alle rutere. Endringer trer ikke kraft før serveren startes på nytt.",
    "LabelEnableBlastAliveMessages": "Kringkast keepalive-meldinger",
    "LabelEnableBlastAliveMessagesHelp": "Aktiver hvis serveren ikke blir konsekvent oppdaget av andre UPnP-enheter på nettverket ditt.",
    "LabelEnableDlnaClientDiscoveryInterval": "Oppdateringsintervall for klient (i sekunder)",
    "LabelEnableDlnaClientDiscoveryIntervalHelp": "Bestemmer intervallet i sekunder mellom SSDP-søk utført av Jellyfin.",
    "LabelEnableDlnaDebugLogging": "Aktiver DLNA debug-logging",
    "LabelEnableDlnaDebugLoggingHelp": "Dette vil lage store loggfiler og burde kun benyttes for feilsøking.",
    "LabelEnableDlnaPlayTo": "Aktiver DLNA Play To",
    "LabelEnableDlnaPlayToHelp": "Jellyfin kan oppdage enheter i nettverket ditt og tilby muligheten å fjernstyre dem.",
    "LabelEnableDlnaServer": "Aktiver DLNA-server",
    "LabelEnableDlnaServerHelp": "Tillater at UPnP-enheter på nettverket ditt kan bla gjennom og spille av innhold.",
    "LabelEnableRealtimeMonitor": "Aktiver sanntidsovervåkning",
    "LabelEnableRealtimeMonitorHelp": "Filendringer blir behandlet umiddelbart på støttede filsystemer.",
    "LabelEnableSingleImageInDidlLimit": "Begrens til ett integrert bilde",
    "LabelEnableSingleImageInDidlLimitHelp": "Noen enheter vil ikke vise bildene korrekt hvis flere bilder er integrert i DIDL.",
    "LabelEndDate": "Sluttdato:",
    "LabelEpisodeNumber": "Episodenummer:",
    "LabelEvent": "Hendelse:",
    "LabelEveryXMinutes": "Hver:",
    "LabelExtractChaptersDuringLibraryScan": "Hent ut kapittelbilder under skanning av bibliotek",
    "LabelExtractChaptersDuringLibraryScanHelp": "Generer kapittelbilder når videoer oppdages under skanning av bibliotek. Ellers vil de bli hentet ut under den planlagte oppgaven for kapittelbilder, som gjør at vanlig skann av biblioteket vil fullføres raskere.",
    "LabelFailed": "Feilet",
    "LabelFileOrUrl": "Fil eller URL:",
    "LabelFinish": "Fullfør",
    "LabelForgotPasswordUsernameHelp": "Skriv inn brukernavnet ditt, dersom du husker det.",
    "LabelFriendlyName": "Egendefinert navn:",
    "LabelServerNameHelp": "Dette navnet vil bli brukt for å identifisere denne serveren. Standardverdien er serverens maskinnavn.",
    "LabelGroupMoviesIntoCollections": "Gruppér filmer i samlinger",
    "LabelGroupMoviesIntoCollectionsHelp": "Ved visning av filmlister vil filmer som tilhører en samling bli vist som ett gruppeelement.",
    "LabelH264Crf": "CRF-verdi for H264-koding:",
    "LabelEncoderPreset": "Forhåndsinnstilling for H264-koding:",
    "LabelHardwareAccelerationType": "Maskinvareakselerasjon:",
    "LabelHardwareAccelerationTypeHelp": "Maskinvareakselerasjon krever ytterligere konfigurasjon.",
    "LabelHomeScreenSectionValue": "Hjemskjermseksjon {0}:",
    "LabelHttpsPort": "Lokal HTTPS-port:",
    "LabelHttpsPortHelp": "TCP-portnummeret som Jellyfin sin HTTPS-server skal benytte.",
    "LabelIconMaxHeight": "Makshøyde for ikon:",
    "LabelIconMaxHeightHelp": "Maks oppløsning for ikoner eksponert via upnp:icon.",
    "LabelIconMaxWidth": "Maksbredde for ikon:",
    "LabelIconMaxWidthHelp": "Maks oppløsning for ikoner eksponert via upnp:icon.",
    "LabelIdentificationFieldHelp": "Et regex-uttrykk eller en deltekst (skiller ikke mellom store og små bokstaver).",
    "LabelImageFetchersHelp": "Aktiver og ranger dine foretrukne kilder for omslagsbilder i prioritert rekkefølge.",
    "LabelImageType": "Bildetype:",
    "LabelImportOnlyFavoriteChannels": "Begrens til kanaler som er merket som favoritt",
    "LabelInNetworkSignInWithEasyPassword": "Tillat innlogging med PIN-kode på det lokale nettverket",
    "LabelInNetworkSignInWithEasyPasswordHelp": "Bruk den enkle PIN-koden for å logge inn på klienter som befinner seg i hjemmenettverket. Det vanlige passordet ditt vil kun være nødvendig ved pålogging fra eksternt nettverk. Hvis PIN-koden er tom, trenger du ikke passord i hjemmenettverket.",
    "LabelKeepUpTo": "Bevar opptil:",
    "LabelKidsCategories": "Barnekategorier:",
    "LabelKodiMetadataDateFormat": "Utgivelsesdatoformat:",
    "LabelKodiMetadataDateFormatHelp": "Alle datoer i NFO-filer vil leses og skrives i dette formatet.",
    "LabelKodiMetadataEnableExtraThumbs": "Kopier extrafanart til extrathumbs-feltet",
    "LabelKodiMetadataEnableExtraThumbsHelp": "Når bilder lastes ned kan de bli lagret i både extrafanart og extrathumbs for best mulig kompatibilitet med Kodi-drakter.",
    "LabelKodiMetadataEnablePathSubstitution": "Aktiver erstatning av filbaner",
    "LabelKodiMetadataEnablePathSubstitutionHelp": "Aktiverer erstatning av filbaner for bilder ved hjelp av serverens innstillinger for erstatning av filbaner.",
    "LabelKodiMetadataSaveImagePaths": "Lagre filbaner for bilder i nfo-filer",
    "LabelKodiMetadataSaveImagePathsHelp": "Dette anbefales hvis du har filnavn på bilder som ikke følger Kodis retningslinjer.",
    "LabelLanguage": "Språk:",
    "LabelLineup": "Oppstilling:",
    "LabelLocalHttpServerPortNumber": "Lokal HTTP-port:",
    "LabelLocalHttpServerPortNumberHelp": "TCP-portnummeret som Jellyfin sin HTTP-server skal benytte.",
    "LabelLockItemToPreventChanges": "Lås dette elementet for å hindre fremtidige endringer",
    "LabelLoginDisclaimer": "Ansvarsfraskrivelse ved innlogging:",
    "LabelLoginDisclaimerHelp": "En melding som vises på bunnen av innloggingssiden.",
    "LabelLogs": "Logger:",
    "LabelManufacturer": "Produsent:",
    "LabelManufacturerUrl": "Produsent-URL",
    "LabelMaxBackdropsPerItem": "Maks antall bakgrunner for hvert element:",
    "LabelMaxParentalRating": "Maks tillatt aldersgrense:",
    "LabelMaxResumePercentage": "Maksimal prosent for fortsettelse av avspilling:",
    "LabelMaxResumePercentageHelp": "Titler blir antatt som fullstendig avspilt hvis de stopper etter dette.",
    "LabelMaxScreenshotsPerItem": "Maks antall av skjermbilder for hvert element:",
    "LabelMaxStreamingBitrateHelp": "Spesifiser høyest tillatte bithastighet ved strømming.",
    "LabelMessageText": "Meldingstekst:",
    "LabelMessageTitle": "Meldingstittel:",
    "LabelMetadataDownloadLanguage": "Foretrukket nedlastingsspråk:",
    "LabelMetadataDownloadersHelp": "Aktiver og ranger dine foretrukne kilder for metadata i prioritert rekkefølge. Kilder med lavere prioritet vil kun bli brukt for å fylle inn manglende informasjon.",
    "LabelMetadataPath": "Filbane for metadata:",
    "LabelMetadataPathHelp": "Spesifiser en egen plassering for nedlastede omslagsbilder og metadata.",
    "LabelMetadataReaders": "Metadatalesere:",
    "LabelMetadataReadersHelp": "Ranger dine foretrukne lokale kilder for metadata i prioritert rekkefølge. Den første filen som blir funnet vil leses inn.",
    "LabelMetadataSaversHelp": "Velg filformatene metadataen din skal lagres til.",
    "LabelMethod": "Metode:",
    "LabelMinBackdropDownloadWidth": "Minimum bredde for nedlastede bakgrunner:",
    "LabelMinResumeDuration": "Minimum fortsettelsesvarighet:",
    "LabelMinResumeDurationHelp": "Den korteste lengden i sekunder en video kan ha for at avspillingsfremgang skal lagres, slik at du kan fortsette fra samme punkt senere.",
    "LabelMinResumePercentage": "Minimum fortsettelsesprosent:",
    "LabelMinResumePercentageHelp": "Titler anses som ikke avspilt hvis de stopper før denne tiden.",
    "LabelMinScreenshotDownloadWidth": "Minimum bredde for nedlastede skjermbilder:",
    "LabelModelDescription": "Modellbeskrivelse",
    "LabelModelName": "Modellnavn",
    "LabelModelNumber": "Modellnummer",
    "LabelMonitorUsers": "Overvåk aktivitet fra:",
    "LabelMovieCategories": "Filmkategorier:",
    "LabelMoviePrefix": "Filmprefiks:",
    "LabelMoviePrefixHelp": "Hvis et prefiks benyttes i filmtitler, skriv det inn her slik at serveren kan håndtere det på riktig måte.",
    "LabelMovieRecordingPath": "Filbane for filmopptak (valgfritt):",
    "LabelMusicStreamingTranscodingBitrate": "Bithastighet for omkoding av musikk:",
    "LabelMusicStreamingTranscodingBitrateHelp": "Spesifiser høyeste tillatte bithastighet ved musikkstrømming.",
    "LabelName": "Navn:",
    "LabelNewName": "Nytt navn:",
    "LabelNewPassword": "Nytt passord:",
    "LabelNewPasswordConfirm": "Bekreft nytt passord:",
    "LabelNewsCategories": "Nyhetskategorier:",
    "LabelNext": "Neste",
    "LabelNotificationEnabled": "Aktiver denne varslingen",
    "LabelNumber": "Nummer:",
    "LabelNumberOfGuideDays": "Antall dager med TV-guidedata som skal lastes ned:",
    "LabelNumberOfGuideDaysHelp": "Nedlasting av TV-guide for flere dager gir muligheten for å planlegge lenger i forveien og for å se flere listinger, men vil også føre til at nedlastningen tar lenger tid. Auto vil velge basert på antall kanaler.",
    "LabelOptionalNetworkPath": "(Valgfritt) Delt nettverksmappe:",
    "LabelOptionalNetworkPathHelp": "Hvis denne mappen er delt på nettverket, vil Jellyfin-apper på andre enheter kunne få tilgang til mediefilene direkte dersom du spesifiserer nettverksbanen her.",
    "LabelOriginalAspectRatio": "Originalt sideforhold:",
    "LabelOriginalTitle": "Original tittel:",
    "LabelOverview": "Oversikt:",
    "LabelParentalRating": "Aldersgrense:",
    "LabelPassword": "Passord:",
    "LabelPasswordConfirm": "Passord (bekreft):",
    "LabelPasswordRecoveryPinCode": "PIN-kode:",
    "LabelPath": "Filbane:",
    "LabelPersonRole": "Rolle:",
    "LabelPersonRoleHelp": "Eksempel: Isbilsjåfør",
    "LabelPlaceOfBirth": "Fødselssted:",
    "LabelPlayDefaultAudioTrack": "Spill av standard lydspor uavhengig av språk",
    "LabelPlaylist": "Spilleliste:",
    "LabelPostProcessor": "Etterbehandlingsapplikasjon:",
    "LabelPostProcessorArguments": "Kommandolinjeargumenter for etterbehandling:",
    "LabelPostProcessorArgumentsHelp": "Bruk {path} som filbanen til opptaksfilen.",
    "LabelPreferredDisplayLanguage": "Foretrukket visningsspråk:",
    "LabelPreferredDisplayLanguageHelp": "Oversettelse av Jellyfin er et pågående prosjekt.",
    "LabelPrevious": "Forrige",
    "LabelProfileAudioCodecs": "Lydkodeker:",
    "LabelProfileCodecs": "Kodeker:",
    "LabelProfileCodecsHelp": "Separert med komma. Dette feltet kan forbli tomt for å gjelde alle kodeker.",
    "LabelProfileContainer": "Kontainer:",
    "LabelProfileContainersHelp": "Separert med komma. Dette feltet kan forbli tomt for å gjelde alle kontainere.",
    "LabelProfileVideoCodecs": "Videokodeker:",
    "LabelProtocol": "Protokoll:",
    "LabelProtocolInfo": "Protokoll info:",
    "LabelProtocolInfoHelp": "Verdien som blir brukt som respons til GetProtocolInfo-forespørsler fra enheten.",
    "LabelPublicHttpPort": "Ekstern HTTP-port:",
    "LabelPublicHttpPortHelp": "Den eksterne porten som kobles til den lokale HTTP-porten.",
    "LabelPublicHttpsPort": "Ekstern HTTPS-port:",
    "LabelPublicHttpsPortHelp": "Den eksterne porten som kobles til den lokale HTTPS-porten.",
    "LabelReadHowYouCanContribute": "Lær hvordan du kan bidra.",
    "LabelRecord": "Opptak:",
    "LabelRecordingPath": "Standard plassering for opptak:",
    "LabelRecordingPathHelp": "Angi et egendefinert sted å lagre opptak. Dersom du lar feltet stå tomt vil serverens datamappe bli brukt.",
    "LabelRefreshMode": "Oppdateringsmodus:",
    "LabelReleaseDate": "Utgivelsesdato:",
    "LabelRemoteClientBitrateLimit": "Maksimal bithastighet for strømming til Internett (Mbps):",
    "LabelRuntimeMinutes": "Spilletid (minutter):",
    "LabelSaveLocalMetadata": "Lagre omslagsbilder og metadata i medie-mappene",
    "LabelSaveLocalMetadataHelp": "Lagring av omslagsbilder og metadata direkte i mediemapper vil legge dem på et sted hvor de lett kan endres på.",
    "LabelScheduledTaskLastRan": "Sist kjørt {0}, tok {1}.",
    "LabelSeasonNumber": "Sesong nummer:",
    "LabelSelectFolderGroups": "Gruppér innhold i følgende mapper automatisk til visninger som filmer, musikk og TV:",
    "LabelSelectFolderGroupsHelp": "Mapper som ikke er merket vil kun bli vist i sin egen visning.",
    "LabelSelectUsers": "Velg brukere:",
    "LabelSelectVersionToInstall": "Velg versjon å installere:",
    "LabelSendNotificationToUsers": "Send varslingen til:",
    "LabelSerialNumber": "Serienummer",
    "LabelSeriesRecordingPath": "Plassering for serieopptak (valgfritt):",
    "LabelServerHost": "Vertsnavn:",
    "LabelServerHostHelp": "192.168.1.100:8096 eller https://dinserver.no",
    "LabelSkipIfAudioTrackPresent": "Hopp over dersom standard lydspor matcher nedlastingsspråket",
    "LabelSkipIfAudioTrackPresentHelp": "Fjern merkingen for å sikre at alle videoer har undertekster, uavhengig av lydspråk.",
    "LabelSkipIfGraphicalSubsPresent": "Hopp over dersom videoen allerede inneholder integrerte undertekster",
    "LabelSkipIfGraphicalSubsPresentHelp": "Hvis du beholder tekstversjoner av underteksting vil det føre til mer effektiv utlevering og redusere sannsynligheten for at videoer må omkodes.",
    "LabelSonyAggregationFlags": "Sony-aggregeringsflagg:",
    "LabelSonyAggregationFlagsHelp": "Bestemmer innholdet i aggregationFlags-elementet i urn:schemas-sonycom:av-domenet.",
    "LabelSortTitle": "Sorteringstittel:",
    "LabelSource": "Kilde:",
    "LabelSportsCategories": "Sportskategorier:",
    "LabelStartWhenPossible": "Start når mulig:",
    "LabelStopWhenPossible": "Stopp når mulig:",
    "LabelStopping": "Stopper",
    "LabelSubtitleFormatHelp": "Eksempel: srt",
    "LabelSubtitlePlaybackMode": "Tekstingsmodus:",
    "LabelSupportedMediaTypes": "Støttede medietyper:",
    "LabelTagline": "Slagord:",
    "LabelTheme": "Tema:",
    "LabelTime": "Tid:",
    "LabelTimeLimitHours": "Tidsbegrensning (timer):",
    "LabelTitle": "Tittel:",
    "LabelTrackNumber": "Spornummer:",
    "LabelTranscodingAudioCodec": "Lydkodek:",
    "LabelTranscodingContainer": "Kontainer:",
    "LabelTranscodingTempPathHelp": "Spesifiser en egen filbane for omkodede filer som skal sendes til klienter. La feltet stå tomt for å bruke serverens standardinnstilling.",
    "LabelTranscodingThreadCount": "Antall tråder for omkoding:",
    "LabelTranscodingThreadCountHelp": "Velg maksimalt antall tråder som kan brukes under omkoding. Færre tråder vil føre til lavere CPU-bruk, men kan føre til at mediet ikke konverteres fort nok til at avspillingen kan foregå uten avbrudd.",
    "LabelTranscodingVideoCodec": "Videokodek:",
    "LabelTunerIpAddress": "IP-adresse til tuner:",
    "LabelTunerType": "Tunertype:",
    "LabelTypeMetadataDownloaders": "{0} - Kilder for metadata:",
    "LabelTypeText": "Tekst",
    "LabelUseNotificationServices": "Bruk følgende tjenester:",
    "LabelUser": "Bruker:",
    "LabelUserLibrary": "Brukerbibliotek:",
    "LabelUserLibraryHelp": "Velg hvilket brukerbibliotek som skal vises til enheten. La det stå tomt for å bruke standardinnstillingen.",
    "LabelUserRemoteClientBitrateLimitHelp": "Overstyrer standardverdien som er satt i avspillingsinnstillinger på serveren.",
    "LabelUsername": "Brukernavn:",
    "LabelVaapiDevice": "VA API-enhet:",
    "LabelVaapiDeviceHelp": "Dette er enheten som brukes for maskinvareakselerasjon.",
    "LabelValue": "Verdi:",
    "LabelVersionInstalled": "{0} installert",
    "LabelVersionNumber": "Versjon {0}",
    "LabelXDlnaCapHelp": "Bestemmer innholdet i X_DLNACAP-elementet i urn:schemas-dlna-org:device-1-0-domenet.",
    "LabelXDlnaDocHelp": "Bestemmer innholdet i X_DLNADOC-elementet i urn:schemas-dlna-org:device-1-0-domenet.",
    "LabelYourFirstName": "Fornavnet ditt:",
    "LabelYoureDone": "Du er ferdig!",
    "LabelZipCode": "Postnummer:",
    "LabelffmpegPath": "Filbane til FFmpeg:",
    "LabelffmpegPathHelp": "Filbanen til applikasjonsfilen for FFmpeg, eller mappen som inneholder FFmpeg.",
    "LatestFromLibrary": "Siste {0}",
    "LibraryAccessHelp": "Velg bibliotekene som skal deles med denne brukren. Administratorer vil ha mulighet til å gjøre endringer i alle mapper ved å bruke metadatabehandleren.",
    "Like": "Liker",
    "Live": "Direkte",
    "LiveBroadcasts": "Direktesendinger",
    "LiveTV": "Direkte-TV",
    "MapChannels": "Kartlegg kanaler",
    "MarkPlayed": "Merk som sett",
    "MarkUnplayed": "Merk som usett",
    "MaxParentalRatingHelp": "Innhold med høyere aldersgrense vil bli skjult fra denne brukeren.",
    "MediaInfoAnamorphic": "Anamorfisk",
    "MediaInfoAspectRatio": "Sideforhold",
    "MediaInfoBitDepth": "Bitdybde",
    "MediaInfoChannels": "Kanaler",
    "MediaInfoCodec": "Kodek",
    "MediaInfoContainer": "Kontainer",
    "MediaInfoDefault": "Standard",
    "MediaInfoExternal": "Ekstern",
    "MediaInfoForced": "Tvungen",
    "MediaInfoFramerate": "Bildefrekvens",
    "MediaInfoInterlaced": "Linjeflettet",
    "MediaInfoLanguage": "Språk",
    "MediaInfoLevel": "Nivå",
    "MediaInfoPath": "Filbane",
    "MediaInfoPixelFormat": "Pikselformat",
    "MediaInfoProfile": "Profil",
    "MediaInfoResolution": "Oppløsning",
    "MediaInfoSize": "Størrelse",
    "MediaInfoTimestamp": "Tidstempel",
    "MessageAlreadyInstalled": "Denne versjonen er allerede installert.",
    "MessageAreYouSureDeleteSubtitles": "Er du sikker på at du vil slette denne undertekstfilen?",
    "MessageAreYouSureYouWishToRemoveMediaFolder": "Er du sikker på at du vil slette denne mediemappen?",
    "MessageConfirmDeleteGuideProvider": "Er du sikker på at du vil slette denne leverandøren av TV-guide?",
    "MessageConfirmDeleteTunerDevice": "Er du sikker på at du vil slette denne enheten?",
    "MessageConfirmProfileDeletion": "Er du sikker på at du vil slette denne profilen?",
    "MessageConfirmRecordingCancellation": "Avbryt opptak?",
    "MessageConfirmRemoveMediaLocation": "Er du sikker på at du vil slette denne plasseringen?",
    "MessageConfirmRestart": "Er du sikker på at du vil starte Jellyfin-serveren på nytt?",
    "MessageConfirmRevokeApiKey": "Er du sikker på at du vil tilbakekalle denne API-nøkkelen? Applikasjonens tilkobling til Jellyfin-serveren vil bli avbrutt umiddelbart.",
    "MessageConfirmShutdown": "Er du sikker på at du vil avslutte serveren?",
    "MessageContactAdminToResetPassword": "Vennligst kontakt systemadministratoren for hjelp til å tilbakestille passordet ditt.",
    "MessageCreateAccountAt": "Opprett en konto hos {0}",
    "MessageDeleteTaskTrigger": "Er du sikker på at du vil slette denne oppgaveutløseren?",
    "MessageDirectoryPickerBSDInstruction": "På BSD-systemer må du kanskje endre lagringsinnstillinger i FreeNAS Jail slik at Jellyfin har tilgang dit.",
    "MessageDirectoryPickerInstruction": "Nettverksbaner kan skrives inn manuelt i tilfelle søke-knappen ikke klarer å lokalisere enhetene dine. For eksempel {0} eller {1}.",
    "MessageDirectoryPickerLinuxInstruction": "På Linux-systemer med Arch Linux, CentOS, Debian, Fedora, openSUSE eller Ubuntu må du minimum gi tjenestebrukeren lesetilgang til lagringsplassene dine.",
    "MessageDownloadQueued": "Nedlasting lagt i kø.",
    "MessageEnablingOptionLongerScans": "Aktivering av dette alternativet kan føre til at skanning av biblioteket tar betydelig lenger tid.",
    "MessageFileReadError": "En feil oppstod når filen skulle leses. Vennligst prøv igjen.",
    "MessageForgotPasswordFileCreated": "Følgende fil er opprettet på serveren og inneholder instruksjoner om hvordan du kan fortsette:",
    "MessageForgotPasswordInNetworkRequired": "Vennligst prøv igjen fra hjemmenettverket ditt for å starte prosessen med å gjenopprette passordet ditt.",
    "MessageInstallPluginFromApp": "Dette programtillegget må installeres direkte i appen du har tenkt å bruke den i.",
    "MessageInvalidForgotPasswordPin": "Ugyldig eller utgått PIN kode angitt. Vennligst prøv igjen.",
    "MessageInvalidUser": "Ugyldig brukernavn eller passord. Vennligst prøv igjen.",
    "MessageItemSaved": "Element lagret.",
    "MessageItemsAdded": "Elementer lagt til.",
    "MessageLeaveEmptyToInherit": "La feltet stå tomt for å arve innstillinger fra et foreldreelement, eller fra den globale standardverdien.",
    "MessageNoAvailablePlugins": "Ingen tilgjengelige programtillegg.",
    "MessageNoMovieSuggestionsAvailable": "Ingen filmforslag er tilgjengelige enda. Begynn å se og vurdere filmer, og kom tilbake hit etterpå for se anbefalingene dine.",
    "MessageNoPluginsInstalled": "Du har ingen programtillegg installert.",
    "MessageNoTrailersFound": "Ingen trailere funnet. Installer trailer-tilleggskanalen for å forbedre filmopplevelsen ved å legge til et bibliotek med trailere fra Internett.",
    "MessageNothingHere": "Ingenting her.",
    "MessagePasswordResetForUsers": "Følgende brukere har fått passordet sitt tilbakestilt. De kan nå logge inn med PIN-kodene som ble brukt til å utføre tilbakestillingen.",
    "MessagePlayAccessRestricted": "Avspilling av dette innholdet er for tiden begrenset. Ta kontakt med serverens administrator for mer informasjon.",
    "MessagePleaseEnsureInternetMetadata": "Vennligst sørg for at nedlasting av metadata fra internett er slått på.",
    "MessagePleaseWait": "Vennligst vent. Dette kan ta noe tid.",
    "MessagePluginConfigurationRequiresLocalAccess": "Logg inn direkte på din lokale server for å konfigurere dette programtillegget.",
    "MessagePluginInstallDisclaimer": "Programtillegg utviklet av Jellyfin-samfunnet er en god måte å forbedre opplevelsen din av Jellyfin gjennom ekstra funksjoner og fordeler. Før installasjon bør du være klar over virkningen de kan ha på Jellyfin-serveren, som lengre skanning av bibliotek, ekstra bakgrunnsbehandling og redusert systemstabilitet.",
    "MessageReenableUser": "Se under for å reaktivere",
    "MessageSettingsSaved": "Innstillinger lagret.",
    "MessageTheFollowingLocationWillBeRemovedFromLibrary": "Følgende medieplassering vil bli fjernet fra biblioteket ditt:",
    "MessageUnableToConnectToServer": "Vi klarte ikke å koble til den valgte serveren akkurat nå. Vennligst sørg for at den kjører og prøv på nytt.",
    "MessageUnsetContentHelp": "Innhold vises som enkle mapper. For beste resultat, bruk metadatabehandleren for å sette innholdstypen for undermapper.",
    "MessageYouHaveVersionInstalled": "Du har for øyeblikket versjon {0} installert.",
    "MetadataManager": "Metadatabehandler",
    "MetadataSettingChangeHelp": "Endring av metadatainnstillinger vil gjelde nytt innhold som legges til fra nå av. For å oppdatere eksisterende innhold, åpne detaljer-menyen og klikk på oppdateringsknappen, eller kjør masseoppdatering ved hjelp av metadatabehandleren.",
    "MinutesAfter": "minutter etter",
    "MinutesBefore": "minutter før",
    "Monday": "Mandag",
    "MoreFromValue": "Mer informasjon fra {0}",
    "MoreUsersCanBeAddedLater": "Flere brukere kan legges til senere fra dashbordet.",
    "MoveLeft": "Flytt til venstre",
    "MoveRight": "Flytt til høyre",
    "MovieLibraryHelp": "Se igjennom {0}veiledningen for navngivelse av filmer{1}.",
    "Movies": "Filmer",
    "MySubtitles": "Mine undertekster",
    "Name": "Navn",
    "Never": "Aldri",
    "NewCollection": "Ny samling",
    "NewCollectionHelp": "Samlinger lar deg lage personlige grupperinger av filmer og annet bibliotekinnhold.",
    "NewCollectionNameExample": "Eksempel: Star Wars-samling",
    "NewEpisodes": "Nye episoder",
    "NewEpisodesOnly": "Kun nye episoder",
    "News": "Nyheter",
    "NextUp": "Neste",
    "No": "Nei",
    "NoNewDevicesFound": "Ingen nye enheter funnet. For å legge til en ny tuner, lukk denne dialogboksen og skriv inn enhetens informasjon manuelt.",
    "NoNextUpItemsMessage": "Ingen funnet. Begynn å se det du har!",
    "NoSubtitleSearchResultsFound": "Ingen resultater funnet.",
    "None": "Ingen",
    "NumLocationsValue": "{0} mapper",
    "OneChannel": "Én kanal",
    "OptionAdminUsers": "Administratorer",
    "OptionAllUsers": "Alle brukere",
    "OptionAllowAudioPlaybackTranscoding": "Tillat lydavspilling som krever omkoding",
    "OptionAllowBrowsingLiveTv": "Tillat tilgang til direkte-TV",
    "OptionAllowContentDownloading": "Tillat nedlasting og synkronisering av media",
    "OptionAllowLinkSharing": "Tillat deling på sosiale medier",
    "OptionAllowLinkSharingHelp": "Bare websider som inneholder medieinformasjon blir delt. Mediefiler blir aldri delt offentlig. Delt innhold er tidsbegrenset og utløper etter {0} dager.",
    "OptionAllowManageLiveTv": "Tillat administrasjon av opptak fra direkte-TV",
    "OptionAllowMediaPlayback": "Tillat avspilling av media",
    "OptionAllowRemoteControlOthers": "Tillat fjernstyring av andre brukere",
    "OptionAllowRemoteSharedDevices": "Tillat fjernstyring av delte enheter",
    "OptionAllowRemoteSharedDevicesHelp": "DLNA-enheter betraktes som delte inntil en bruker begynner å styre dem.",
    "OptionAllowUserToManageServer": "Tillatt denne brukeren å administrere serveren",
    "OptionAllowVideoPlaybackRemuxing": "Tillat avspilling av video som krever konvertering uten omkoding",
    "OptionAllowVideoPlaybackTranscoding": "Tillat filmavspilling som krever omkoding",
    "OptionAscending": "Økende",
    "OptionAutomaticallyGroupSeries": "Slå sammen serier som er spredt over flere mapper automatisk",
    "OptionAutomaticallyGroupSeriesHelp": "Hvis aktivert, vil serier som er spredt over flere mapper innenfor dette biblioteket bli slått sammen automatisk til en enkelt serie.",
    "OptionBlockBooks": "Bøker",
    "OptionBlockChannelContent": "Innhold fra Internettkanal",
    "OptionBlockLiveTvChannels": "Direkte-TV-kanaler",
    "OptionBlockMovies": "Filmer",
    "OptionBlockMusic": "Musikk",
    "OptionBlockTrailers": "Trailere",
    "OptionBlockTvShows": "TV-serier",
    "OptionCommunityRating": "Fellesskapets vurdering",
    "OptionContinuing": "Fortsetter",
    "OptionCriticRating": "Kritikervurdering",
    "OptionCustomUsers": "Tilpasset",
    "OptionDaily": "Daglig",
    "OptionDateAdded": "Dato lagt til",
    "OptionDateAddedFileTime": "Bruk filopprettelsesdato",
    "OptionDateAddedImportTime": "Bruk datoen som samsvarer med skanningen inn i biblioteket",
    "OptionDatePlayed": "Dato avspilt",
    "OptionDescending": "Fallende",
    "OptionDisableUser": "Deaktiver denne brukeren",
    "OptionDisableUserHelp": "Hvis deaktivert vil ikke serveren godta noen tilkoblinger fra denne brukeren. Eksisterende tilkoblinger vil avsluttes umiddelbart.",
    "OptionDislikes": "Misliker",
    "OptionDisplayFolderView": "Vis en mappevisning for å vise enkle mediemapper",
    "OptionDisplayFolderViewHelp": "Vis mapper ved siden av andre mediebibliotek. Dette kan være nyttig hvis du vil ha en enkel mappevisning.",
    "OptionDownloadBackImage": "Bakside",
    "OptionDownloadBoxImage": "Boks",
    "OptionDownloadDiscImage": "Plate",
    "OptionDownloadImagesInAdvance": "Last ned bilder på forhånd",
    "OptionDownloadMenuImage": "Meny",
    "OptionDownloadPrimaryImage": "Primær",
    "OptionDvd": "DVD",
    "OptionEmbedSubtitles": "Legg inn i kontainer",
    "OptionEnableAccessFromAllDevices": "Gi tilgang fra alle enheter",
    "OptionEnableAccessToAllChannels": "Gi tilgang til alle kanaler",
    "OptionEnableAccessToAllLibraries": "Gi tilgang til alle bibliotek",
    "OptionEnableExternalContentInSuggestions": "Aktiver eksternt innhold i forslag",
    "OptionEnableExternalContentInSuggestionsHelp": "Tillat at Internett-trailere og programmer på direkte-TV inkluderes i foreslått innhold.",
    "OptionEnableForAllTuners": "Aktiver for alle mottakerenheter",
    "OptionEnableM2tsMode": "Aktiver M2ts-modus",
    "OptionEnableM2tsModeHelp": "Aktiver m2ts-modus for koding til mpegts.",
    "OptionEnded": "Avsluttet",
    "OptionEquals": "Lik",
    "OptionEstimateContentLength": "Estimer innholdslengde ved omkoding",
    "OptionEveryday": "Hver dag",
    "OptionExternallyDownloaded": "Ekstern nedlasting",
    "OptionExtractChapterImage": "Aktiver uthenting av kapittelbilder",
    "OptionFavorite": "Favoritter",
    "OptionFriday": "Fredag",
    "OptionHasSpecialFeatures": "Spesialfunksjoner",
    "OptionHasSubtitles": "Undertekster",
    "OptionHasThemeSong": "Temasang",
    "OptionHasThemeVideo": "Temavideo",
    "OptionHideUser": "Skjul denne brukeren fra innloggingsskjermene",
    "OptionHideUserFromLoginHelp": "Praktisk for private eller skjulte administratorer. Brukeren vil måtte logge inn manuelt ved å skrive inn brukernavn og passord.",
    "OptionHlsSegmentedSubtitles": "HLS-segmenterte undertekster",
    "OptionIgnoreTranscodeByteRangeRequests": "Ignorer byte range-forespørsler ved omkoding",
    "OptionIgnoreTranscodeByteRangeRequestsHelp": "Hvis aktivert vil disse forespørslene bli besvart, men byte-range-hodet vil ignoreres.",
    "OptionImdbRating": "IMDb-vurdering",
    "OptionLikes": "Liker",
    "OptionMax": "Maks",
    "OptionMissingEpisode": "Manglende episoder",
    "OptionMonday": "Mandag",
    "OptionNameSort": "Navn",
    "OptionNew": "Ny...",
    "OptionNone": "Ingen",
    "OptionOnAppStartup": "Ved applikasjonsoppstart",
    "OptionOnInterval": "Per intervall",
    "OptionParentalRating": "Aldersgrense",
    "OptionPlainStorageFolders": "Vis alle mapper som enkle lagringsmapper",
    "OptionPlainStorageFoldersHelp": "Hvis aktivert, vil alle mapper bli representert i DIDL som \"object.container.storageFolder\" istedet for en mer spesifikk type, som \"object.container.person.musicArtist\".",
    "OptionPlainVideoItems": "Vis alle videoer som enkle videoelementer",
    "OptionPlainVideoItemsHelp": "Hvis aktivert, blir alle videoer representert i DIDL som \"object.item.videoItem\" i stedet for en mer bestemt type, for eksempel \"object.item.videoItem.movie\".",
    "OptionPlayCount": "Antall avspillinger",
    "OptionPlayed": "Avspilt",
    "OptionPremiereDate": "Premieredato",
    "OptionProfileAudio": "Lyd",
    "OptionProfilePhoto": "Bilde",
    "OptionProfileVideoAudio": "Videolyd",
    "OptionReleaseDate": "Utgivelsesdato",
    "OptionReportByteRangeSeekingWhenTranscoding": "Rapporter at serveren støtter byte-søking ved omkoding",
    "OptionReportByteRangeSeekingWhenTranscodingHelp": "Dette kreves for noen enheter som ikke tidssøker særlig bra.",
    "OptionRequirePerfectSubtitleMatch": "Last kun ned undertekster som er en perfekt match for mine filer",
    "OptionRequirePerfectSubtitleMatchHelp": "Å kreve en perfekt match vil filtrere bort undertekster slik at kun de som har blitt testet og verifisert mot nøyaktig samme video-fil gjenstår. Dersom du deaktiverer innstillingen øker sannsynligheten for at undertekster lastes ned, men sjansen øker også for at feilsynkronisert eller feilaktig undertekst lastes ned.",
    "OptionResumable": "Kan gjenopptas",
    "OptionRuntime": "Spilletid",
    "OptionSaturday": "Lørdag",
    "OptionSaveMetadataAsHidden": "Lagre metadata og bilder som skjulte filer",
    "OptionSaveMetadataAsHiddenHelp": "Endring av denne innstillingen vil gjelde ny metadata som lagres fra nå av. Eksisterende metadata vil bli oppdatert neste gang de lagres av Jellyfin-serveren.",
    "OptionSpecialEpisode": "Spesialepisoder",
    "OptionSubstring": "Deltekst",
    "OptionSunday": "Søndag",
    "OptionThursday": "Torsdag",
    "OptionTrackName": "Låtnavn",
    "OptionTuesday": "Tirsdag",
    "OptionTvdbRating": "TVDB-vurdering",
    "OptionUnairedEpisode": "Kommende episoder",
    "OptionUnplayed": "Ikke sett",
    "OptionWakeFromSleep": "Våkne fra dvale",
    "OptionWednesday": "Onsdag",
    "OptionWeekdays": "Ukedager",
    "OptionWeekends": "Helger",
    "OptionWeekly": "Ukentlig",
    "OriginalAirDateValue": "Original utgivelsedato: {0}",
    "Overview": "Oversikt",
    "PackageInstallCancelled": "{0}-installasjon avbrutt.",
    "PackageInstallCompleted": "{0}-installering fullført.",
    "PackageInstallFailed": "{0}-installasjon feilet.",
    "ParentalRating": "Aldersgrense",
    "PasswordMatchError": "Passord og passordbekreftelsen må matche.",
    "PasswordResetComplete": "Passordet har blitt tilbakestilt.",
    "PasswordResetConfirmation": "Er du sikker på at du vil tilbakestille passordet?",
    "PasswordResetHeader": "Tilbakestill passord",
    "PasswordSaved": "Passord lagret.",
    "People": "Mennesker",
    "PictureInPicture": "Bilde i bilde",
    "PinCodeResetComplete": "PIN-koden har blitt tilbakestilt.",
    "PinCodeResetConfirmation": "Er du sikker på at du vil tilbakestille PIN-koden?",
    "PlaceFavoriteChannelsAtBeginning": "Plasser favorittkanaler i starten",
    "Play": "Spill av",
    "PlayAllFromHere": "Spill av alt herfra",
    "PlayFromBeginning": "Start fra begynnelsen",
    "PlayNext": "Spill av neste",
    "PlayNextEpisodeAutomatically": "Spill av neste episode automatisk",
    "Played": "Avspilt",
    "PleaseAddAtLeastOneFolder": "Vennligst legg til minst en mappe til dette biblioteket ved å trykke på Legg til-knappen.",
    "PleaseConfirmPluginInstallation": "Klikk på OK for å bekrefte at du har lest ovenfor og ønsker å fortsette med installasjon av programtillegget.",
    "PleaseEnterNameOrId": "Vennligst skriv et navn eller en ekstern ID.",
    "PleaseRestartServerName": "Vennligst start Jellyfin-serveren på nytt - {0}.",
    "PleaseSelectTwoItems": "Vennligst velg minst to elementer.",
    "PluginInstalledMessage": "Programtillegget ble installert. Jellyfin-serveren må startes på nytt for at endringene skal tre i kraft.",
    "PreferEmbeddedTitlesOverFileNames": "Foretrekk integrerte titler fremfor filnavn",
    "PreferEmbeddedTitlesOverFileNamesHelp": "Dette avgjør standard visningstittel når det ikke er noen metadata eller lokale metadata tilgjengelige.",
    "Premieres": "Premierer",
    "Producer": "Produsent",
    "ProductionLocations": "Produksjonslokasjoner",
    "Programs": "Programmer",
    "Quality": "Kvalitet",
    "QueueAllFromHere": "Sett alt herfra i kø",
    "Rate": "Vurdér",
    "RecentlyWatched": "Nylig sett",
    "RecommendationBecauseYouLike": "Fordi du liker {0}",
    "RecommendationBecauseYouWatched": "Fordi du så {0}",
    "RecommendationDirectedBy": "Regissert av {0}",
    "RecommendationStarring": "Med {0}",
    "Record": "Ta opp",
    "RecordSeries": "Ta opp serien",
    "RecordingCancelled": "Opptak er avbrutt.",
    "RecordingPathChangeMessage": "Endring av mappen for opptak vil ikke flytte eksisterende opptak fra den gamle plasseringen til den nye. Du må flytte dem manuelt hvis ønskelig.",
    "RecordingScheduled": "Opptak planlagt.",
    "Recordings": "Opptak",
    "Refresh": "Oppdater",
    "RefreshDialogHelp": "Metadata blir oppdatert basert på innstillinger og internett-tjenester som er aktivert i dashbordet for Jellyfin-serveren.",
    "RefreshMetadata": "Oppdater metadata",
    "RefreshQueued": "Oppdatering satt i kø.",
    "ReleaseDate": "Utgivelsesdato",
    "RememberMe": "Husk meg",
    "RemoveFromCollection": "Fjern fra samling",
    "RemoveFromPlaylist": "Fjern fra spilleliste",
    "Repeat": "Gjenta",
    "RepeatAll": "Gjenta alle",
    "RepeatEpisodes": "Gjenta episoder",
    "RepeatMode": "Gjentakelsesmodus",
    "RepeatOne": "Gjenta én",
    "ReplaceAllMetadata": "Erstatt all metadata",
    "ReplaceExistingImages": "Bytt ut eksisterende bilder",
    "ResumeAt": "Forsett fra {0}",
    "Rewind": "Spol tilbake",
    "Runtime": "Spilletid",
    "Saturday": "Lørdag",
    "Save": "Lagre",
    "ScanForNewAndUpdatedFiles": "Se etter nye og oppdaterte filer",
    "ScanLibrary": "Skann biblioteket",
    "Schedule": "Planlegg",
    "Screenshots": "Skjermbilder",
    "Search": "Søk",
    "SearchForCollectionInternetMetadata": "Søk etter omslagsbilde og metadata på Internett",
    "SearchForMissingMetadata": "Søk etter manglende metadata",
    "SearchForSubtitles": "Søk etter undertekster",
    "SearchResults": "Søkeresultater",
    "SendMessage": "Send melding",
    "Series": "Serier",
    "SeriesCancelled": "Serie avbrutt.",
    "SeriesDisplayOrderHelp": "Sorter episoder etter sendt dato, DVD-rekkefølge eller absolutt nummerering.",
    "SeriesRecordingScheduled": "Serieopptak planlagt.",
    "SeriesSettings": "Serieinnstillinger",
    "ServerNameIsRestarting": "Jellyfin-server - {0} starter om.",
    "ServerNameIsShuttingDown": "Jellyfin-server - {0} avsluttes.",
    "ServerRestartNeededAfterPluginInstall": "Jellyfin-serveren trenger en omstart etter installasjon av et programtillegg.",
    "ServerUpdateNeeded": "Denne Jellyfin-serveren må oppdateres. For å laste ned siste versjon, vennligst besøk {0}",
    "Settings": "Innstillinger",
    "SettingsSaved": "Innstillinger lagret.",
    "SettingsWarning": "Endring av disse verdiene kan føre til ustabilitet eller tilkoblingsfeil. Hvis du opplever problemer anbefaler vi at du endrer dem tilbake til standardverdiene.",
    "Share": "Del",
    "ShowAdvancedSettings": "Vis avanserte innstillinger",
    "ShowIndicatorsFor": "Vis indikatorer for:",
    "Shows": "Programmer",
    "SkipEpisodesAlreadyInMyLibrary": "Ikke ta opp episoder som allerede finnes i biblioteket mitt",
    "SkipEpisodesAlreadyInMyLibraryHelp": "Episoder vil bli sammenlignet med sesong- og episodenummer når de er tilgjengelige.",
    "Songs": "Sanger",
    "SortChannelsBy": "Sorter kanaler etter:",
    "SortName": "Sorteringsnavn",
    "Sports": "Sport",
    "Studios": "Studioer",
    "Subtitles": "Undertekster",
    "Suggestions": "Forslag",
    "Sunday": "Søndag",
    "Sync": "Synkroniser",
    "SystemDlnaProfilesHelp": "Systemprofiler er skrivebeskyttet. Endinger på en systemprofil vil bli lagret til en ny tilpasset profil.",
    "TabAccess": "Tilgang",
    "TabAdvanced": "Avansert",
    "TabAlbumArtists": "Albumartister",
    "TabAlbums": "Album",
    "TabArtists": "Artister",
    "TabCatalog": "Katalog",
    "TabChannels": "Kanaler",
    "TabCodecs": "Kodeker",
    "TabCollections": "Samlinger",
    "TabContainers": "Kontainere",
    "TabDashboard": "Dashbord",
    "TabDevices": "Enheter",
    "TabDirectPlay": "Direkteavspilling",
    "TabDisplay": "Skjerm",
    "TabEpisodes": "Episoder",
    "TabFavorites": "Favoritter",
    "TabGenres": "Sjangre",
    "TabLatest": "Siste",
    "TabLogs": "Logger",
    "TabMovies": "Filmer",
    "TabMusic": "Musikk",
    "TabMusicVideos": "Musikkvideoer",
    "TabMyPlugins": "Mine programtillegg",
    "TabNetworks": "Nettverk",
    "TabNfoSettings": "NFO-innstillinger",
    "TabNotifications": "Varslinger",
    "TabOther": "Annet",
    "TabParentalControl": "Foreldrekontroll",
    "TabPassword": "Passord",
    "TabPlayback": "Avspilling",
    "TabPlaylist": "Spilleliste",
    "TabPlaylists": "Spillelister",
    "TabPlugins": "Programtillegg",
    "TabProfile": "Profil",
    "TabProfiles": "Profiler",
    "TabRecordings": "Opptak",
    "TabResponses": "Svar",
    "TabResumeSettings": "Fortsettelse",
    "TabScheduledTasks": "Planlagte oppgaver",
    "TabSeries": "Serier",
    "TabSettings": "Innstillinger",
    "TabShows": "Programmer",
    "TabSongs": "Sanger",
    "TabSuggestions": "Forslag",
    "TabTrailers": "Trailere",
    "TabUpcoming": "Kommende",
    "TabUsers": "Brukere",
    "Tags": "Tagger",
    "TellUsAboutYourself": "Fortell oss litt om deg selv",
    "ThisWizardWillGuideYou": "Denne veiviseren vil hjelpe deg gjennom installasjonsprosessen. Velg ønsket språk for å komme i gang.",
    "Thursday": "Torsdag",
    "TitleHardwareAcceleration": "Maskinvareakselerasjon",
    "TitleHostingSettings": "Vertsinnstillinger",
    "TitlePlayback": "Avspilling",
    "TrackCount": "{0} spor",
    "Tuesday": "Tirsdag",
    "TvLibraryHelp": "Gå igjennom {0}veiledning for navngivelse av TV-programmer{1}.",
    "UninstallPluginConfirmation": "Er du sikker på at du ønsker å avinstallere {0}?",
    "UninstallPluginHeader": "Avinstaller programtillegg",
    "Unrated": "Ikke vurdert",
    "Up": "Opp",
    "UserProfilesIntro": "Jellyfin har støtte for brukerprofiler med finjusterbare innstillinger, avspillingsstatus og foreldrekontroll.",
    "ValueAlbumCount": "{0} album",
    "ValueAudioCodec": "Lydkodek: {0}",
    "ValueCodec": "Kodek: {0}",
    "ValueConditions": "Betingelser: {0}",
    "ValueContainer": "Kontainer: {0}",
    "ValueDiscNumber": "Plate {0}",
    "ValueEpisodeCount": "{0} episoder",
    "ValueMinutes": "{0} minutter",
    "ValueMovieCount": "{0} filmer",
    "ValueMusicVideoCount": "{0} musikkvideoer",
    "ValueOneMovie": "1 film",
    "ValueOneMusicVideo": "1 musikkvideo",
    "ValueOneSeries": "1 serie",
    "ValueOneSong": "1 sang",
    "ValueSeriesCount": "{0} serier",
    "ValueSongCount": "{0} sanger",
    "ValueSpecialEpisodeName": "Spesialepisode - {0}",
    "ValueTimeLimitMultiHour": "Tidsgrense: {0} timer",
    "ValueTimeLimitSingleHour": "Tidsgrense: 1 time",
    "ValueVideoCodec": "Videokodek: {0}",
    "VideoRange": "Videoområde",
    "ViewAlbum": "Vis album",
    "ViewArtist": "Vis artist",
    "ViewPlaybackInfo": "Vis avspillingsinformasjon",
    "Watched": "Sett",
    "Wednesday": "Onsdag",
    "WelcomeToProject": "Velkommen til Jellyfin!",
    "WizardCompleted": "Det var alt vi trengte i denne omgang. Jellyfin har begynt å samle inn informasjon om mediebiblioteket ditt. Sjekk ut noen av våre apper, og klikk deretter <b>Fullfør</b> for å vise <b>dashbordet</b>.",
    "Writer": "Manusforfatter",
    "XmlDocumentAttributeListHelp": "Disse attributtene påføres rotelementet for alle XML-responser.",
    "XmlTvKidsCategoriesHelp": "Programmer med disse kategoriene vil bli vist som barneprogrammer. Atskill flere med \"|\".",
    "XmlTvMovieCategoriesHelp": "Programmer med disse kategoriene vil bli vist som filmer. Atskill flere med \"|\".",
    "XmlTvNewsCategoriesHelp": "Programmer med disse kategoriene vil bli vist som nyhetsprogrammer. Atskill flere med \"|\".",
    "XmlTvPathHelp": "En filbane til en XML-TV-fil. Jellyfin vil lese denne filen og regelmessig se etter oppdateringer. Du er ansvarlig for å opprette og oppdatere denne filen.",
    "XmlTvSportsCategoriesHelp": "Programmer med disse kategoriene vil bli vist som sportsprogrammer. Atskill flere med \"|\".",
    "Yes": "Ja",
    "Yesterday": "Igår",
    "DirectPlaying": "Direkteavspilling",
    "Desktop": "Skrivebord",
    "Descending": "Fallende",
    "Default": "Standard",
    "DatePlayed": "Sist spillt",
    "DateAdded": "Dato lagt til",
    "CriticRating": "Kritikervurdering",
    "CommunityRating": "Fellesskapets vurdering",
    "Channels": "Kanaler",
    "ButtonTrailer": "Trailer",
    "ButtonStart": "Start",
    "ButtonShuffle": "Tilfeldig rekkefølge",
    "ButtonSend": "Send",
    "ButtonPause": "Pause",
    "ButtonInfo": "Informasjon",
    "ButtonGuide": "Guide",
    "ButtonFilter": "Filter",
    "AirDate": "Sendedato",
    "Browse": "Bla",
    "BoxRear": "Eske (bakside)",
    "Box": "Eske",
    "Blacklist": "Blokkér",
    "Banner": "Banner",
    "Backdrops": "Bakgrunner",
    "Backdrop": "Bakgrunn",
    "AutoBasedOnLanguageSetting": "Automatisk (basert på språkinstillingene)",
    "Ascending": "Stigende",
    "Art": "Omslagsbilde",
    "AnyLanguage": "Hvilket som helst språk",
    "AlwaysPlaySubtitlesHelp": "Undertekster som matcher foretrukket språk vil bli tatt i bruk uansett språk på lydspor.",
    "AlwaysPlaySubtitles": "Bruk alltid undertekster",
    "AllowedRemoteAddressesHelp": "Kommaseparert liste over IP-addresser eller IP/nettverksmaske for nettverk som er godkjent for eksterne tilkoblinger. Dersom feltet står tomt er alle adresser tillatt.",
    "AllowOnTheFlySubtitleExtractionHelp": "Integrerte undertekster kan hentes ut fra videoer og bli levert til klienter i klartekst for å unngå omkoding av video. På noen systemer kan dette ta lang tid og føre til opphold i avspillingen samtidig som prosessen pågår. Deaktiver innstillingen for å brenne inn underteksten i videoen ved hjelp av omkoding når undertekstformatet ikke er støttet av klienten.",
    "AllowOnTheFlySubtitleExtraction": "Tillat at undertekster hentes ut fortløpende",
    "AllLanguages": "Alle språk",
    "AllComplexFormats": "Alle avanserte formater (ASS, SSA, VOBSUB, PGS, SUB/IDX, etc.)",
    "AccessRestrictedTryAgainLater": "Tilgang er for øyeblikket begrenset. Vennligst prøv igjen senere.",
    "BurnSubtitlesHelp": "Angir om serveren skal brenne inn teksting når videoer konverteres, basert på tekstformatet. Ytelsen på serveren vil forbedres dersom tekstingen ikke brennes inn. Velg Automatisk for å brenne inn bildebaserte formater (VOBSUB, PGS, SUB/IDX, osv.) og enkelte ASS/SSA-undertekster.",
    "General": "Generelt",
    "ChangingMetadataImageSettingsNewContent": "Endringer gjort i innstillinger for metadata eller omslagsbilder vil kun gjelde nytt innhold i biblioteket ditt. For å endre eksisterende innhold, må du oppdatere dets metadata manuelt.",
    "DefaultSubtitlesHelp": "Undertekster lastes inn basert på flaggene \"standard\" og \"tvungen\" i videoens integrerte metadata. Språkpreferanser tas høyde for dersom flere valg er tilgjengelig.",
    "DirectStreamHelp2": "Direktestrømming av en fil bruker veldig lite ressurser uten tap av videokvalitet.",
    "DisplayInMyMedia": "Vis på hjem-skjermen",
    "DisplayInOtherHomeScreenSections": "Vis i seksjoner på hjem-skjermen, som f.eks. siste spilte media og fortsett å se",
    "EnableThemeSongsHelp": "Spill av temamusikk i bakgrunnen mens du blar i biblioteket.",
    "EnableThemeVideosHelp": "Spill av temavideoer i bakgrunnen mens du blar i biblioteket.",
    "HeaderAdmin": "Administrator",
    "LabelEnableHardwareDecodingFor": "Aktiver maskinvaredekoding for:",
    "LabelMetadata": "Metadata:",
    "LabelAlbumArtHelp": "PN brukt som albumomslag innen dlna:profileID-attributten på upnp:albumArtURI. Noen enheter krever en spesifikk verdi, uavhengig av størrelsen på bildet.",
    "LabelPlayMethod": "Avspillingsmetode:",
    "LabelTranscodes": "Omkodede filer:",
    "MediaInfoLayout": "Oppsett",
    "HandledByProxy": "Håndteres av en reverse proxy",
    "LabelRemoteClientBitrateLimitHelp": "En valgfri begrensning på bithastighet per strøm for alle enheter utenfor hjemmenettverket. Dette er nyttig for å hindre enheter fra å be om en høyere bithastighet enn internettilkoblingen din kan håndtere. Dette kan føre til økt CPU-bruk på serveren for å kunne omkode videoer fortløpende til en lavere bithastighet.",
    "LabelSecureConnectionsMode": "Modus for sikker tilkobling:",
    "MediaInfoRefFrames": "Referanserammer",
    "MediaIsBeingConverted": "Mediet blir konvertert til et format som er kompatibelt med enheten som spiller av mediet.",
    "MediaInfoStreamTypeAudio": "Lyd",
    "OptionLoginAttemptsBeforeLockoutHelp": "En verdi på null betyr at standardinnstillingen på tre forsøk for vanlige brukere og fem for administratorer vil bli brukt. Funksjonen kan deaktiveres ved å sette verdien til -1.",
    "MediaInfoStreamTypeEmbeddedImage": "Integrert bilde",
    "MediaInfoStreamTypeSubtitle": "Undertekst",
    "MediaInfoStreamTypeVideo": "Video",
    "OptionDownloadBannerImage": "Banner",
    "CopyStreamURLSuccess": "URLen ble kopiert.",
    "DirectorValue": "Regissør: {0}",
    "OptionThumb": "Miniatyrbilde",
    "LabelInternetQuality": "Internettkvalitet:",
    "SubtitleAppearanceSettingsDisclaimer": "Disse innstillingene vil ikke påvirke grafiske undertekster (PGS, DVD, osv.) eller ASS/SSA-teksting som inkluderer sin egen formatering.",
    "TheseSettingsAffectSubtitlesOnThisDevice": "Disse innstillingene påvirker undertekster på denne enheten",
    "SubtitleDownloadersHelp": "Aktiver og ranger dine foretrukne kilder for undertekster i prioritert rekkefølge.",
    "LabelMaxChromecastBitrate": "Strømmekvalitet for Chromecast:",
    "LabelMaxStreamingBitrate": "Maks strømmekvalitet:",
    "LabelSortBy": "Sorter etter:",
    "LabelSortOrder": "Sorteringsrekkefølge:",
    "LabelUserAgent": "Brukeragent:",
    "Mobile": "Mobil",
    "Off": "Av",
    "OptionBanner": "Banner",
    "OptionThumbCard": "Miniatyrbildekort",
    "Premiere": "Premiere",
    "Label3DFormat": "3D-format:",
    "Hide": "Skjul",
    "MediaInfoSampleRate": "Samplingsfrekvens",
    "MediaInfoStreamTypeData": "Data",
    "Option3D": "3D",
    "LabelVideo": "Video:",
    "OptionAlbum": "Album",
    "OptionAlbumArtist": "Albumartist",
    "Filters": "Filtre",
    "HeaderExternalIds": "Eksterne IDer:",
    "HeaderFavoriteVideos": "Favorittvideoer",
    "HeaderFetcherSettings": "Henteinnstillinger",
    "TabServer": "Server",
    "TabStreaming": "Strømming",
    "TabTranscoding": "Omkoding",
    "TagsValue": "Tagger: {0}",
    "ThemeSongs": "Temamusikk",
    "ThemeVideos": "Temavideoer",
    "LabelBlockContentWithTags": "Blokker elementer med følgende tagger:",
    "LabelDateTimeLocale": "Datoformat:",
    "LabelType": "Type:",
    "Large": "Stor",
    "MediaInfoSoftware": "Programvare",
    "DirectStreamHelp1": "Mediet støttes av enheten med tanke på oppløsning og medietype (H.264, AC3, osv), men den støtter ikke filkontaineren (mkv, avi, wmv, osv). Videoen vil ompakkes fortløpende før den sendes til enheten.",
    "EnableBackdrops": "Bakgrunner",
    "EnableThemeVideos": "Temavideoer",
    "MusicVideo": "Musikkvideo",
    "Mute": "Demp lyd",
    "CopyStreamURL": "Kopier strøm-URL",
    "DirectStreaming": "Direktestrømming",
    "EnableThemeSongs": "Temamusikk",
    "HeaderMusicQuality": "Musikkvalitet",
    "Home": "Hjem",
    "LabelAlbum": "Album:",
    "LabelHomeNetworkQuality": "Strømmekvalitet for hjemmenettverk:",
    "LabelKodiMetadataUser": "Lagre visningsdata til NFO-filer for:",
    "LabelLanNetworks": "Lokale nettverk:",
    "MediaInfoCodecTag": "Kodektagg",
    "Metadata": "Metadata",
    "NoPluginConfigurationMessage": "Dette programtillegget har ingen innstillinger å konfigurere.",
    "TabGuide": "Guide",
    "Unmute": "Skru på lyd",
    "OptionIsHD": "HD",
    "ButtonAddImage": "Legg til bilde",
    "DisplayModeHelp": "Velg hvilken slags skjerm du bruker Jellyfin på.",
    "DownloadsValue": "{0} nedlastninger",
    "EnableNextVideoInfoOverlayHelp": "Vis informasjon om den neste videoen i spillelisten ved slutten av en video.",
    "ExtractChapterImagesHelp": "Uthenting av kapittelbilder vil gjøre det mulig for klienter å vise bilder i menyer for å velge kapitel. Denne prosessen kan være treg, ressurskrevende, og kan kreve flere gigabyte med lagringsplass. Prosessen kjører når videoer oppdages, samt som en daglig planlagt hendelse. Tidsplanen kan endres i innstillinger for planlagte hendelser. Det anbefales ikke at denne prosessen kjøres når det er mange aktive brukere innlogget.",
    "Extras": "Ekstramateriale",
    "HeaderKodiMetadataHelp": "For å aktivere eller deaktivere NFO-metadata, gå til bibliotekoppsettet i Jellyfin og finn valgene for lagring av metadata.",
    "OptionArtist": "Artist",
    "HeaderPhotoAlbums": "Fotoalbum",
    "HeaderRestartingServer": "Serveren starter på nytt",
    "HeaderSecondsValue": "{0} sekunder",
    "LabelAllowedRemoteAddresses": "Filter for eksterne IP-adresser:",
    "LabelAllowedRemoteAddressesMode": "Modus for filter for eksterne IP-adresser:",
    "LabelDiscNumber": "Platenummer:",
    "LabelDisplayLanguage": "Visningsspråk:",
    "LinksValue": "Linker: {0}",
    "OptionAuto": "Automatisk",
    "OptionAutomatic": "Automatisk",
    "OptionHomeVideos": "Fotografier",
    "Photos": "Bilder",
    "Thumb": "Miniatyrbilde",
    "OptionBluray": "Blu-Ray",
    "HeaderAlbumArtists": "Albumartister",
    "HeaderFavoriteShows": "Favorittserier",
    "MusicLibraryHelp": "Se igjennom {0}veiledningen for navngivelse av musikk{1}.",
    "OptionDownloadArtImage": "Omslagsbilde",
    "LabelAudioBitDepth": "Bitdybde for lyd:",
    "LabelAudioBitrate": "Bithastighet for lyd:",
    "LabelAudioChannels": "Lydkanaler:",
    "LabelAudioCodec": "Lydkodek:",
    "LabelAudioSampleRate": "Samplingsfrekvens for lyd:",
    "OptionRegex": "Regulært uttrykk",
    "HeaderLiveTV": "Direkte-TV",
    "HeaderMedia": "Media",
    "LabelDropImageHere": "Dra og slipp bildet her, eller klikk for å bla igjennom.",
    "LabelMetadataSavers": "Lagring av metadata:",
    "LabelSkipBackLength": "Lengde for tilbakehopp:",
    "LabelSkipForwardLength": "Lengde for fremoverhopp:",
    "LabelTriggerType": "Utløsertype:",
    "LanNetworksHelp": "Kommaseparert liste over IP-adresser eller IP/nettverksmaske for nettverk som skal regnes som lokalt nettverk når båndbreddebegrensninger skal håndheves. Hvis satt, vil alle andre IP-adresser bli regnet for å være på eksternt nettverk og vil dermed være underlagt båndbreddebegrensningene for eksterne nettverk. Hvis tomt, vil kun serverens subnettverk bli regnet for å være på det lokale nettverket.",
    "LaunchWebAppOnStartup": "Start web-grensesnittet når serveren starter",
    "LaunchWebAppOnStartupHelp": "Åpne web-klienten i din standard nettleser når serveren starter opp. Dette vil ikke skje ved omstart av serveren.",
    "LearnHowYouCanContribute": "Finn ut hvordan du kan bidra.",
    "SeriesYearToPresent": "{0} - Nå",
    "LabelBaseUrlHelp": "Du kan legge til din egen undermappe her for å få tilgang til serveren fra en mer unik URL.",
    "LabelFont": "Skrifttype:",
    "LabelMatchType": "Matchtype:",
    "OptionPosterCard": "Plakatkort",
    "Uniform": "Jevn",
    "DirectorsValue": "Regissører: {0}",
    "Disabled": "Deaktivert",
    "Disc": "Plate",
    "Display": "Vis",
    "DisplayMissingEpisodesWithinSeasons": "Vis manglende episoder i sesonger",
    "DisplayMissingEpisodesWithinSeasonsHelp": "Dette må også aktiveres for TV-bibliotek i serverinnstillingene.",
    "EditMetadata": "Endre metadata",
    "EnableBackdropsHelp": "Vis bakgrunnsbilder i bakgrunnen på enkelte sider i biblioteket.",
    "EnableExternalVideoPlayers": "Eksterne videospillere",
    "EnableExternalVideoPlayersHelp": "En liste over eksterne spillere vil vises når du starter videoavspilling.",
    "EnableNextVideoInfoOverlay": "Vis informasjon om neste video under avspilling",
    "ErrorDeletingItem": "Det oppstod en feil under sletting av elementet fra Jellyfin-serveren. Vennligst sørg for at Jellyfin-serveren har skrivetilgang til mappen og prøv igjen.",
    "ExtraLarge": "Ekstra stor",
    "FetchingData": "Henter ytterligere data",
    "Folders": "Mapper",
    "FormatValue": "Format: {0}",
    "GenreValue": "Sjanger: {0}",
    "GenresValue": "Sjangre: {0}",
    "GroupBySeries": "Grupper etter serie",
    "GroupVersions": "Grupper etter versjon",
    "Guide": "Guide",
    "GuideProviderLogin": "Logg inn",
    "HeaderApp": "App",
    "HeaderAppearsOn": "Deltaker på",
    "HeaderBlockItemsWithNoRating": "Blokker elementer med manglende eller ukjent aldersgrense:",
    "HeaderChapterImages": "Kapittelbilder",
    "HeaderConfigureRemoteAccess": "Konfigurer fjerntilgang",
    "HeaderFavoriteBooks": "Favorittbøker",
    "HeaderFavoriteMovies": "Favorittfilmer",
    "HeaderFavoriteEpisodes": "Favorittepisoder",
    "HeaderFavoriteAlbums": "Favorittalbum",
    "HeaderFavoriteArtists": "Favorittartister",
    "HeaderFavoriteSongs": "Favorittsanger",
    "HeaderHome": "Hjem",
    "HeaderLiveTv": "Direkte-TV",
    "HeaderNextEpisodePlayingInValue": "Neste episode starter om {0}",
    "HeaderNextVideoPlayingInValue": "Neste video starter om {0}",
    "HeaderSeriesStatus": "Seriestatus",
    "HeaderStartNow": "Start nå",
    "HeaderStatus": "Status",
    "HeaderStopRecording": "Stopp opptak",
    "HeaderSubtitleAppearance": "Utseende på undertekst",
    "HeaderSubtitleDownloads": "Nedlastning av undertekst",
    "HeaderVideoQuality": "Videokvalitet",
    "HeaderVideoType": "Videotype",
    "Horizontal": "Horisontal",
    "HttpsRequiresCert": "For å bruke sikker tilkobling må du legge inn et klarert SSL-sertifikat, for eksempel fra Let's Encrypt. Du må enten legge inn et sertifikat, eller deaktivere sikker tilkobling.",
    "LabelAlbumArtPN": "Albumomslag PN:",
    "LabelAudio": "Lyd:",
    "LabelAuthProvider": "Autentiserings-metode:",
    "LabelBitrate": "Bithastighet:",
    "LabelBurnSubtitles": "Brenn inn undertekst:",
    "LabelCache": "Mellomlagring:",
    "LabelCustomCertificatePathHelp": "Filbanen til en PKCS#12-fil med et sertifikat og privatnøkkel for å aktivere TLS-støtte på et eget domene.",
    "LabelDashboardTheme": "Tema for serveroversikt:",
    "LabelDefaultScreen": "Standardskjerm:",
    "LabelDropShadow": "Underskygge:",
    "LabelDynamicExternalId": "{0} ID:",
    "LabelBaseUrl": "Base-URL:",
    "LabelFolder": "Mappe:",
    "LabelFormat": "Format:",
    "LabelKodiMetadataUserHelp": "Lagre visningsdata til NFO-filer slik at andre applikasjoner kan bruke dem.",
    "LabelModelUrl": "Modell-URL",
    "LabelScreensaver": "Skjermsparer:",
    "LabelPasswordResetProvider": "Metode for tilbakestilling av passord:",
    "LabelPlayer": "Avspiller:",
    "LabelPleaseRestart": "Endringer vil tre i kraft etter manuell omstart av webklienten.",
    "LabelPreferredSubtitleLanguage": "Foretrukket språk på undertekst:",
    "LabelReasonForTranscoding": "Begrunnelse for omkoding:",
    "LabelServerName": "Servernavn:",
    "LabelSimultaneousConnectionLimit": "Begrensing på samtidige strømmer:",
    "LabelSize": "Størrelse:",
    "LabelSkin": "Utseende:",
    "LabelSoundEffects": "Lydeffekter:",
    "LabelSpecialSeasonsDisplayName": "Visningsnavn for spesialsesong:",
    "LabelStatus": "Status:",
    "LabelSubtitleDownloaders": "Kilder for undertekst:",
    "LabelSubtitles": "Undertekster:",
    "LabelTVHomeScreen": "Hjemskjerm for TV-modus:",
    "LabelTag": "Tagg:",
    "LabelTextBackgroundColor": "Tekstbagrunnsfarge:",
    "LabelTextColor": "Tekstfarge:",
    "LabelTextSize": "Tekststørrelse:",
    "LabelTranscodePath": "Plassering for omkodede filer:",
    "LabelTranscodingFramerate": "Bildefrekvens på omkoding:",
    "LabelTranscodingProgress": "Fremgang for omkoding:",
    "LabelUserLoginAttemptsBeforeLockout": "Mislykkede innloggingsforsøk før brukeren stenges ute:",
    "LabelVersion": "Versjon:",
    "DashboardVersionNumber": "Versjon: {0}",
    "DashboardServerName": "Server: {0}",
    "DashboardOperatingSystem": "Operativsystem: {0}",
    "DashboardArchitecture": "Arkitektur: {0}",
    "LabelVideoBitrate": "Bithastighet på video:",
    "LabelVideoCodec": "Videokodek:",
    "LabelWeb": "Web:",
    "LabelXDlnaCap": "X-DLNA-begrensning:",
    "LabelXDlnaDoc": "X-DLNA-doc:",
    "LabelYear": "År:",
    "LeaveBlankToNotSetAPassword": "Du kan la dette feltet stå blankt for å la være å bruke passord.",
    "List": "Liste",
    "Logo": "Logo",
    "ManageLibrary": "Behandle bibliotek",
    "ManageRecording": "Behandle opptak",
    "MediaInfoBitrate": "Bithastighet",
    "Menu": "Meny",
    "MessageImageFileTypeAllowed": "Kun JPEG- og PNG-filer støttes.",
    "MessageImageTypeNotSelected": "Vennligst velg en bildetype fra menyen.",
    "MessageNoCollectionsAvailable": "Samlinger lar deg nyte egendefinerte grupperinger av filmer, serier og album. Klikk på +-knappen for å begynne å opprette samlinger.",
    "MessageNoServersAvailable": "Ingen servere ble funnet gjennom automatisk serversøk.",
    "MoreMediaInfo": "Medieinformasjon",
    "MusicAlbum": "Musikkalbum",
    "MusicArtist": "Musikkartist",
    "Next": "Neste",
    "NoSubtitles": "Ingen teksting",
    "NoSubtitlesHelp": "Undertekster vil ikke lastes inn som standard. De kan fortsatt aktiveres manuelt under avspilling.",
    "Normal": "Normal",
    "OnlyForcedSubtitles": "Kun tvungen teksting",
    "OnlyForcedSubtitlesHelp": "Bare last inn undertekster merket som tvungen.",
    "OnlyImageFormats": "Bare bildeformater (VOBSUB, PGS, SUB, osv.)",
    "OptionAllowMediaPlaybackTranscodingHelp": "Begrensning av tilgang til omkoding kan føre til avspillingsfeil i Jellyfin-apper grunnet at medieformater ikke støtes.",
    "OptionAllowSyncTranscoding": "Tillat nedlastning og synkronisering av media som krever omkoding",
    "OptionCaptionInfoExSamsung": "CaptionInfoEx (Samsung)",
    "OptionDownloadImagesInAdvanceHelp": "Som standard vil de fleste bilder kun lastes ned når de blir forespurt av en Jellyfin-app. Aktiver denne innstillingen for å laste ned alle bilder på forhånd når ny media oppdages. Dette kan føre til at skanning av biblioteket tar betydelig lenger tid.",
    "OptionDownloadLogoImage": "Logo",
    "OptionDownloadThumbImage": "Miniatyrbilde",
    "OptionHasTrailer": "Trailer",
    "OptionIsSD": "SD",
    "OptionList": "Liste",
    "OptionLoginAttemptsBeforeLockout": "Bestemmer hvor mange mislykkede innloggingsførsøk som kan finne sted før brukeren blir utestengt.",
    "OptionPoster": "Plakat",
    "OptionProfileVideo": "Video",
    "OptionProtocolHls": "HTTP-direktestrømming",
    "OptionProtocolHttp": "HTTP",
    "PasswordResetProviderHelp": "Velg hvilken metode for tilbakestilling av passord som skal benyttes når denne brukeren ber om å tilbakestille passordet",
    "PerfectMatch": "Perfekt match",
    "PlaybackData": "Avspillingsdata",
    "PlayCount": "Antall avspillinger",
    "Playlists": "Spillelister",
    "PreferredNotRequired": "Foretrukket, men ikke påkrevd",
    "Previous": "Forrige",
    "Primary": "Primær",
    "RequiredForAllRemoteConnections": "Påkrevd for alle eksterne tilkoblinger",
    "RestartPleaseWaitMessage": "Vennligst vent mens Jellyfin-serveren skrus av og restartes. Dette kan ta et minutt eller to.",
    "RunAtStartup": "Kjør ved oppstart",
    "SaveSubtitlesIntoMediaFolders": "Lagre undertekster i mediemapper",
    "SaveSubtitlesIntoMediaFoldersHelp": "Lagring av undertekster ved siden av videofilene vil gjøre det lettere å behandle dem.",
    "Screenshot": "Skjermbilde",
    "ShowTitle": "Vis tittel",
    "ShowYear": "Vis år",
    "Shuffle": "Spill i tilfeldig rekkefølge",
    "SimultaneousConnectionLimitHelp": "Maks antall samtidige strømmer tillatt. Sett til 0 for ubegrenset.",
    "Small": "Liten",
    "SmallCaps": "Kapitél",
    "Smaller": "Mindre",
    "Smart": "Smart",
    "SmartSubtitlesHelp": "Teksting som matcher språkpreferansen vil bli lastet inn når lydsporet er på et fremmedspråk.",
    "Sort": "Sorter",
    "SortByValue": "Sorter etter {0}",
    "StopRecording": "Stopp opptak",
    "SubtitleAppearanceSettingsAlsoPassedToCastDevices": "Disse innstillingene gjelder også alle Chromecast-avspillinger startet av denne enheten.",
    "SubtitleOffset": "Forskyvet underteksting",
    "TV": "TV",
    "TabInfo": "Informasjon",
    "TabLiveTV": "Direkte-TV",
    "TabMetadata": "Metadata",
    "TabNetworking": "Nettverk",
    "Trailers": "Trailere",
    "Transcoding": "Omkoding",
    "Unplayed": "Ikke avspilt",
    "Upload": "Last opp",
    "UserAgentHelp": "Skriv inn en egendefinert HTTP-brukeragent.",
    "ValueOneAlbum": "1 album",
    "ValueOneEpisode": "1 episode",
    "ValueSeconds": "{0} sekunder",
    "Vertical": "Vertikal",
    "Whitelist": "Tillat",
    "AuthProviderHelp": "Velg en autentiserings-metode som skal brukes for å bekrefte denne brukerens passord.",
    "DropShadow": "Underskygge",
    "Depressed": "Nedtrykt",
    "Features": "Med",
    "LabelParentNumber": "Foreldrenummer:",
    "OptionResElement": "res element",
    "OptionRandom": "Tilfeldig",
    "HeaderFavoritePeople": "Favorittpersoner",
    "Raised": "Opphøyet",
    "ButtonSplit": "Del opp",
    "SelectAdminUsername": "Vennligst velg et brukernavn for administrator kontoen. ",
    "HeaderNavigation": "Navigering",
    "MessageConfirmAppExit": "Vil du avslutte?",
    "EnableFastImageFadeInHelp": "Bruk rask inntoning av animasjon for lastede bilder",
    "EnableFastImageFadeIn": "Rask bilde inntoning",
    "CopyStreamURLError": "Det var en feil under kopiering av URL'en.",
    "LabelVideoResolution": "Oppløsning på video:",
    "LabelPlayerDimensions": "Dimensjoner på avspiller:",
    "LabelCorruptedFrames": "Korrupte bilder:",
    "LabelStreamType": "Type strøm:",
    "LabelDroppedFrames": "Fortapte bilder:",
    "OptionForceRemoteSourceTranscoding": "Tvunget omkoding av eksterne media-kilder (som Direkte-TV)",
    "NoCreatedLibraries": "Det virker som at du ikke har opprettet noen biblioteker ennå. {0}Vil du opprette et nå?{1}",
    "AskAdminToCreateLibrary": "Spør en administrator om å lage et bibliotek.",
    "PlaybackErrorNoCompatibleStream": "Det oppstod et problem med klientprofilering, og serveren sender ikke et kompatibelt medieformat.",
    "AllowFfmpegThrottlingHelp": "Når en omkoding eller ompakking kommer langt nok foran den nåværende avspillingsposisjonen stoppes prosessen slik at den bruker mindre ressurser. Dette er mest nyttig når du sjeldent bytter posisjon i videoen. Slå av dette hvis du opplever problemer med avspilling.",
    "AllowFfmpegThrottling": "Begrens hastighet på omkoding"
}
