{
    "HeaderTypeImageFetchers": "{0} Pesquisadores de Imagens",
    "HeaderSubtitleDownloads": "Transferências de Legendas",
    "HeaderRestartingServer": "A reiniciar o servidor",
    "HeaderKodiMetadataHelp": "Para ativar ou desativar metadados, editar uma biblioteca nas configurações e localizar a seção dos metadados.",
    "HeaderFetcherSettings": "Definições do Pesquisador",
    "HeaderFavoritePeople": "Pessoas Preferidas",
    "HeaderCastAndCrew": "Elenco e Pessoal",
    "HeaderAppearsOn": "Presente em",
    "HeaderAdmin": "Administrador",
    "GuideProviderLogin": "Entrar",
    "XmlTvPathHelp": "Caminho para um ficheiro XMLTV. O Servidor Jellyfin vai ler o ficheiro periodicamente para actualizar a programação de TV. O utilizador é responsável por criar e manter o ficheiro actualizado.",
    "XmlDocumentAttributeListHelp": "Estes atributos são aplicados ao elemento principal de cada resposta XML.",
    "Writer": "Escritor",
    "WizardCompleted": "É tudo, de momento. O Jellyfin iniciou a recolha de informações da sua biblioteca multimédia. Conheça algumas das nossas aplicações e, de seguida, clique <b>Terminar</b> para ver o <b>Painel Principal</b>.",
    "WelcomeToProject": "Bem-vindo ao Jellyfin!",
    "Wednesday": "Quarta",
    "ValueVideoCodec": "Codec de Vídeo: {0}",
    "ValueTimeLimitSingleHour": "Limite de tempo: 1 hora",
    "ValueTimeLimitMultiHour": "Limite de tempo: {0} horas",
    "ValueSpecialEpisodeName": "Episódio Especial - {0}",
    "ValueConditions": "Condições: {0}",
    "ValueAudioCodec": "Codec de Áudio: {0}",
    "UserProfilesIntro": "O Jellyfin suporta perfis de utilizadores, permitindo que cada utilizador tenha as suas configurações de visualização, estado da reprodução e controlos parentais.",
    "UserAgentHelp": "Forneça um user-agent HTTP personalizado.",
    "Unplayed": "Por reproduzir",
    "Unmute": "Activar som",
    "UninstallPluginHeader": "Desinstalar Extensão",
    "UninstallPluginConfirmation": "Tem a certeza que deseja desinstalar {0}?",
    "Uniform": "Uniforme",
    "Tuesday": "Terça",
    "TrackCount": "{0} faixas",
    "TitlePlayback": "Reprodução",
    "Thursday": "Quinta",
    "ThisWizardWillGuideYou": "Este assistente ajudá-lo-á durante o processo de configuração. Para começar, selecione o idioma.",
    "TellUsAboutYourself": "Fale-nos sobre si",
    "TabUsers": "Utilizadores",
    "TabUpcoming": "Próximos",
    "TabTranscoding": "Transcodificação",
    "TabSuggestions": "Sugestões",
    "TabStreaming": "Transmissão",
    "TabSongs": "Músicas",
    "TabShows": "Séries",
    "TabSettings": "Configurações",
    "TabServer": "Servidor",
    "TabSeries": "Séries",
    "TabScheduledTasks": "Tarefas Agendadas",
    "TabResponses": "Respostas",
    "TabRecordings": "Gravações",
    "TabProfiles": "Perfis",
    "TabProfile": "Perfil",
    "TabPlugins": "Extensões",
    "TabPlaylists": "Listas de Reprodução",
    "TabPlaylist": "Lista de Reprodução",
    "TabPlayback": "Reprodução",
    "TabPassword": "Palavra-passe",
    "TabParentalControl": "Controlo Parental",
    "TabOther": "Outro",
    "TabNotifications": "Notificações",
    "TabNfoSettings": "Definições de Ficheiros NFO",
    "TabNetworks": "Redes",
    "TabMyPlugins": "As Minhas Extensões",
    "TabMusicVideos": "Videoclips",
    "TabMusic": "Música",
    "TabMovies": "Filmes",
    "TabMetadata": "Metadados",
    "TabLiveTV": "TV em Directo",
    "TabLatest": "Mais recente",
    "TabGuide": "Programação",
    "TabGenres": "Géneros",
    "TabFavorites": "Favoritos",
    "TabEpisodes": "Episódios",
    "TabDisplay": "Visualização",
    "TabDirectPlay": "Reprodução Directa",
    "TabDevices": "Dispositivos",
    "TabDashboard": "Painel Principal",
    "TabContainers": "Contentores",
    "TabCollections": "Colecções",
    "TabChannels": "Canais",
    "TabCatalog": "Catálogo",
    "TabArtists": "Artistas",
    "TabAlbums": "Álbuns",
    "TabAlbumArtists": "Artistas do Álbum",
    "TabAdvanced": "Avançado",
    "TabAccess": "Acesso",
    "TV": "TV",
    "SystemDlnaProfilesHelp": "Os perfis de sistema são apenas de leitura. Mudanças a um perfil de sistema serão guardadas num novo perfil personalizado.",
    "Sync": "Sincronização",
    "Sunday": "Domingo",
    "Subtitles": "Legendas",
    "Sports": "Desporto",
    "SortChannelsBy": "Ordenar canais por:",
    "Songs": "Músicas",
    "SkipEpisodesAlreadyInMyLibraryHelp": "Os episódios serão comparados utilizando os números de episódio e temporada, quando disponíveis.",
    "SkipEpisodesAlreadyInMyLibrary": "Não gravar episódios que já estejam presentes na Biblioteca",
    "SimultaneousConnectionLimitHelp": "Número máximo de transmissões permitido. Zero equivale a sem limite.",
    "Shuffle": "Aleatório",
    "Shows": "Séries",
    "ShowAdvancedSettings": "Mostrar configurações avançadas",
    "Share": "Partilhar",
    "SettingsSaved": "Configurações guardadas.",
    "Settings": "Configurações",
    "ServerUpdateNeeded": "Este Servidor Jellyfin precisa de ser actualizado. Para transferir a versão mais recente, por favor visite {0}",
    "ServerRestartNeededAfterPluginInstall": "O Servidor Jellyfin terá de reiniciar depois de instalar uma extensão.",
    "SeriesDisplayOrderHelp": "Ordenar episódios por data de estreia, ordem no DVD ou numeração absoluta.",
    "Series": "Séries",
    "SendMessage": "Enviar mensagem",
    "SearchResults": "Resultados da Procura",
    "SearchForSubtitles": "Procurar Legendas",
    "SearchForCollectionInternetMetadata": "Procurar na Internet por imagens e metadados",
    "Search": "Procurar",
    "Screenshots": "Capturas de Ecrã",
    "Screenshot": "Captura de Ecrã",
    "Schedule": "Agendamentos",
    "ScanForNewAndUpdatedFiles": "Procurar ficheiros novos ou actualizados",
    "SaveSubtitlesIntoMediaFoldersHelp": "Guardar ficheiros de legendas junto aos ficheiros vídeo facilita a gestão.",
    "SaveSubtitlesIntoMediaFolders": "Guardar legendas nas pastas multimédia",
    "Save": "Guardar",
    "Saturday": "Sábado",
    "Runtime": "Duração",
    "RunAtStartup": "Executar no arranque",
    "Rewind": "Retroceder",
    "ResumeAt": "Retomar a partir de {0}",
    "RestartPleaseWaitMessage": "Por favor aguarde enquanto o Servidor Jellyfin reinicia. Isto poderá demorar alguns minutos.",
    "RequiredForAllRemoteConnections": "Necessário para todas as ligações externas",
    "ReplaceExistingImages": "Substituir imagens existentes",
    "ReplaceAllMetadata": "Substituir todos os metadados",
    "RepeatOne": "Repetir este",
    "RepeatMode": "Modo de repetição",
    "Repeat": "Repetir",
    "RemoveFromPlaylist": "Remover da lista de reprodução",
    "Refresh": "Actualizar",
    "RecordingScheduled": "Gravação agendada.",
    "RecordingCancelled": "Gravação cancelada.",
    "RecordSeries": "Gravar série",
    "Record": "Gravar",
    "RecommendationStarring": "{0} como protagonista",
    "RecommendationDirectedBy": "Realizado por {0}",
    "RecommendationBecauseYouWatched": "Porque viu {0}",
    "RecommendationBecauseYouLike": "Porque gosta de {0}",
    "Raised": "Alto relevo",
    "Programs": "Programas",
    "Producer": "Produtor",
    "PluginInstalledMessage": "A extensão foi instalada com sucesso. O Servidor Jellyfin necessitará de reiniciar para aplicar as alterações.",
    "PleaseSelectTwoItems": "Por favor seleccione pelo menos dois itens.",
    "PleaseRestartServerName": "Por favor, reinicie o Servidor Jellyfin - {0}.",
    "PleaseEnterNameOrId": "Por favor, digite um nome ou Id externo.",
    "PleaseConfirmPluginInstallation": "Por favor clique em OK para confirmar que leu o conteúdo acima e que deseja prosseguir com a instalação da extensão.",
    "PleaseAddAtLeastOneFolder": "Por favor, adicione pelo menos uma pasta a esta Biblioteca, utilizando o botão Adicionar.",
    "Playlists": "Listas de Reprodução",
    "Played": "Reproduzido",
    "PlayNextEpisodeAutomatically": "Reproduzir próximo episódio automaticamente",
    "PlayNext": "Reproduzir a seguir",
    "PlayFromBeginning": "Reproduzir do início",
    "PlayCount": "N.º de Reproduções",
    "PlaybackData": "Dados de Reprodução",
    "PlayAllFromHere": "Reproduzir todos a partir daqui",
    "Play": "Reproduzir",
    "PlaceFavoriteChannelsAtBeginning": "Mover canais favoritos para o início",
    "PinCodeResetConfirmation": "Tem a certeza de que devia repôr o código PIN?",
    "PinCodeResetComplete": "O código PIN foi redefinido.",
    "Photos": "Fotografias",
    "PerfectMatch": "Correspondência perfeita",
    "People": "Pessoas",
    "PasswordSaved": "Palavra-passe guardada.",
    "PasswordResetProviderHelp": "Seleccione um provedor de reposição de palavra-passe a ser usado quando um utilizador requisitar uma reposição de palavra-passe",
    "PasswordResetHeader": "Redefinir Palavra-Passe",
    "PasswordResetConfirmation": "Tem a certeza que deseja redefinir a palavra-passe?",
    "PasswordResetComplete": "A palavra-passe foi redefinida.",
    "PasswordMatchError": "A palavra-passe e a confirmação devem coincidir.",
    "ParentalRating": "Classificação parental",
    "PackageInstallFailed": "A instalação de {0} falhou.",
    "PackageInstallCompleted": "A instalação de {0} terminou.",
    "PackageInstallCancelled": "A instalação de {0} foi cancelada.",
    "Overview": "Resumo",
    "OriginalAirDateValue": "Data de estreia original: {0}",
    "OptionWeekly": "Semanalmente",
    "OptionWeekends": "Fins-de-semana",
    "OptionWeekdays": "Dias da semana",
    "OptionWednesday": "Quarta",
    "OptionWakeFromSleep": "Retomar da suspensão",
    "OptionUnplayed": "Por reproduzir",
    "OptionUnairedEpisode": "Episódios por Estrear",
    "OptionTvdbRating": "Classificação no TVDB",
    "OptionTuesday": "Terça",
    "OptionTrackName": "Nome da pista",
    "OptionThursday": "Quinta",
    "OptionSunday": "Domingo",
    "OptionSubstring": "Subcadeia",
    "OptionSpecialEpisode": "Especiais",
    "OptionSaveMetadataAsHidden": "Guardar metadados e imagens como ficheiros ocultos",
    "OptionSaturday": "Sábado",
    "OptionRuntime": "Duração",
    "OptionResumable": "Retomável",
    "OptionResElement": "elemento res",
    "OptionReportByteRangeSeekingWhenTranscodingHelp": "Isto é necessário para alguns dispositivos que não pesquisam o tempo muito bem.",
    "OptionReportByteRangeSeekingWhenTranscoding": "Reportar que o servidor suporta busca de byte ao transcodificar",
    "OptionReleaseDate": "Data de Lançamento",
    "OptionProtocolHttp": "HTTP",
    "OptionProtocolHls": "Emissão HTTP em direto",
    "OptionProfileVideoAudio": "Áudio do Vídeo",
    "OptionProfileVideo": "Vídeo",
    "OptionProfilePhoto": "Fotografia",
    "OptionProfileAudio": "Áudio",
    "OptionPremiereDate": "Data de Estreia",
    "OptionPlayed": "Reproduzido",
    "OptionPlayCount": "N.º de Visualizações",
    "OptionPlainVideoItemsHelp": "Quando activado, todos os vídeos são representados no DIDL como \"object.item.videoItem\" ao invés de um tipo mais específico como, por exemplo, \"object.item.videoItem.movie\".",
    "OptionPlainVideoItems": "Mostrar todos os vídeos como itens de vídeo simples",
    "OptionPlainStorageFoldersHelp": "Quando activado, todas as pastas são representadas no DIDL como \"object.container.storageFolder\" ao invés de um tipo mais específico como, por exemplo, \"object.container.person.musicArtist\".",
    "OptionPlainStorageFolders": "Mostrar todas as pastas como simples pastas de armazenamento",
    "OptionParentalRating": "Classificação Parental",
    "OptionOnInterval": "Num intervalo",
    "OptionOnAppStartup": "Ao iniciar a aplicação",
    "OptionNone": "Nenhum",
    "OptionNew": "Nova...",
    "OptionNameSort": "Nome",
    "LabelSaveLocalMetadataHelp": "Guardar imagens e metadados directamente nas pastas multimédia facilita o acesso para a sua edição.",
    "LabelSaveLocalMetadata": "Guardar imagens e metadados nas pastas multimédia",
    "LabelRuntimeMinutes": "Duração (minutos):",
    "LabelRemoteClientBitrateLimit": "Taxa de bits máxima para transmissão para a Internet (Mbps):",
    "LabelReleaseDate": "Data de lançamento:",
    "LabelRecordingPathHelp": "Especifique a localização por omissão para guardar as gravações. Se for deixado em branco, a pasta base do servidor será utilizada.",
    "LabelRecordingPath": "Localização predefinida das gravações:",
    "LabelReasonForTranscoding": "Razão para transcodificação:",
    "LabelReadHowYouCanContribute": "Veja como pode contribuir.",
    "LabelPublicHttpsPortHelp": "Número da porta pública que deverá ser transferida para a porta HTTPS local.",
    "LabelPublicHttpsPort": "Número da porta HTTPS pública:",
    "LabelPublicHttpPortHelp": "Número da porta pública que deverá ser transferida para a porta HTTP local.",
    "LabelPublicHttpPort": "Número da porta HTTP pública:",
    "LabelProtocolInfoHelp": "O valor que será usado ao responder aos pedidos GetProtocolInfo do dispositivo.",
    "LabelProtocolInfo": "Informação do protocolo:",
    "LabelProtocol": "Protocolo:",
    "LabelProfileVideoCodecs": "Codecs do vídeo:",
    "LabelProfileContainersHelp": "Separados por vírgula. Pode ser deixado em branco para usar com todos os contentores.",
    "LabelProfileContainer": "Contentor:",
    "LabelProfileCodecsHelp": "Separados por vírgula. Pode ser deixado em branco para usar com todos os codecs.",
    "LabelProfileCodecs": "Codecs:",
    "LabelProfileAudioCodecs": "Codecs do áudio:",
    "LabelPrevious": "Anterior",
    "LabelPreferredSubtitleLanguage": "Idioma de legendas preferido:",
    "LabelPreferredDisplayLanguageHelp": "A tradução do Jellyfin é um projeto contínuo.",
    "LabelPreferredDisplayLanguage": "Idioma de visualização preferido:",
    "LabelPostProcessorArgumentsHelp": "Utilizar {path} como caminho para o ficheiro de gravação.",
    "LabelPostProcessorArguments": "Argumentos de linha de comandos para a aplicação de pós-processamento:",
    "LabelPostProcessor": "Aplicação de pós-processamento:",
    "LabelPleaseRestart": "As alterações produzirão efeito depois de recarregar a página web.",
    "LabelPlayMethod": "Método de reprodução:",
    "LabelPlaylist": "Lista de Reprodução:",
    "LabelPlayer": "Reprodutor:",
    "LabelPersonRoleHelp": "Exemplo: motorista da carrinha de gelados",
    "LabelPersonRole": "Personagem:",
    "LabelPath": "Localização:",
    "LabelPasswordRecoveryPinCode": "Código PIN:",
    "LabelPasswordConfirm": "Palavra-passe (confirmar):",
    "LabelPassword": "Palavra-Passe:",
    "LabelParentalRating": "Classificação parental:",
    "LabelOverview": "Sinopse:",
    "LabelOriginalTitle": "Título original:",
    "LabelOriginalAspectRatio": "Proporção da imagem original:",
    "LabelOptionalNetworkPathHelp": "Se esta pasta estiver partilhada na rede, fornecer o caminho de rede pode permitir aos clientes aceder directamente aos ficheiros multimédia.",
    "LabelOptionalNetworkPath": "(Opcional) Pasta partilhada de rede:",
    "LabelNumberOfGuideDaysHelp": "Transferir mais dias de programação de TV permite agendar com maior antecedência e ver mais listagens, no entanto, levará mais tempo a transferir. Se seleccionar Automático, o período será baseado no número de canais.",
    "LabelNumberOfGuideDays": "Número de dias de programação de TV para transferir:",
    "LabelNumber": "Número:",
    "LabelNotificationEnabled": "Activar esta notificação",
    "LabelNext": "Seguinte",
    "LabelNewsCategories": "Categorias para notícias:",
    "LabelNewPasswordConfirm": "Confirmar nova palavra-passe:",
    "LabelNewPassword": "Nova palavra-passe:",
    "LabelNewName": "Novo nome:",
    "LabelName": "Nome:",
    "LabelMusicStreamingTranscodingBitrateHelp": "Defina a taxa máxima de transmissão de música",
    "LabelMusicStreamingTranscodingBitrate": "Taxa de transcodificação de música:",
    "LabelMovieRecordingPath": "Caminho para gravação de filmes (opcional):",
    "LabelMoviePrefixHelp": "Se aplicar um prefixo aos títulos dos filmes, introduza-o aqui para que o servidor consiga tratá-los corretamente.",
    "LabelMoviePrefix": "Prefixo para filmes:",
    "LabelMovieCategories": "Categorias para filmes:",
    "LabelMonitorUsers": "Monitorizar actividade de:",
    "LabelModelUrl": "URL do modelo",
    "LabelModelNumber": "Número do modelo",
    "LabelModelName": "Nome do modelo",
    "LabelModelDescription": "Descrição do modelo",
    "LabelMinScreenshotDownloadWidth": "Transferir capturas de ecrã com este tamanho mínimo:",
    "LabelMinResumePercentageHelp": "Os títulos são considerados como não vistos se parados antes desta percentagem da duração.",
    "LabelMinResumePercentage": "Percentagem mínima de visualização para permitir retoma:",
    "LabelMinResumeDurationHelp": "Conteúdos de duração inferior não permitirão parar e retomar a reprodução.",
    "LabelMinResumeDuration": "Duração mínima para permitir retoma de visualização:",
    "LabelMinBackdropDownloadWidth": "Transferir imagens de fundo com este tamanho mínimo:",
    "LabelMethod": "Método:",
    "LabelEndDate": "Data de fim:",
    "HeaderXmlDocumentAttributes": "Atributos do Documento XML",
    "HeaderLoginFailure": "Falha no Login",
    "LabelMetadataPathHelp": "Introduza a localização para guardar capas de álbum e metadados transferidos da Internet.",
    "LabelMetadataPath": "Localização dos metadados:",
    "LabelMetadataDownloadLanguage": "Idioma preferido para transferência:",
    "LabelMetadata": "Metadados:",
    "LabelMessageTitle": "Titulo da mensagem:",
    "LabelMessageText": "Texto da mensagem:",
    "LabelMaxStreamingBitrateHelp": "Defina uma taxa máxima de transmissão.",
    "LabelMaxStreamingBitrate": "Qualidade máxima de transmissão:",
    "LabelMaxScreenshotsPerItem": "Número máximo de capturas de ecrã por item:",
    "LabelMaxResumePercentageHelp": "Os títulos são considerados como vistos aquando parados após esta percentagem da duração.",
    "LabelMaxResumePercentage": "Percentagem máxima de visualização para permitir retomar:",
    "LabelMaxParentalRating": "Controlo parental máximo permitido:",
    "LabelMaxChromecastBitrate": "Qualidade de transmissão para Chromecast:",
    "LabelMaxBackdropsPerItem": "Número máximo de imagens de fundo por item:",
    "LabelMatchType": "Tipo de correspondência:",
    "LabelManufacturerUrl": "URL do Fabricante",
    "LabelManufacturer": "Fabricante",
    "LabelLoginDisclaimerHelp": "Este aviso será mostrado na parte inferior da página de login.",
    "LabelLoginDisclaimer": "Aviso legal de login:",
    "LabelLockItemToPreventChanges": "Bloquear este item para evitar alterações futuras",
    "LabelLocalHttpServerPortNumberHelp": "Número da porta TCP em que o servidor HTTP do Jellyfin ficará à escuta.",
    "LabelLocalHttpServerPortNumber": "Número da porta HTTP local:",
    "LabelLineup": "Programação:",
    "LabelLanguage": "Idioma:",
    "LabelLanNetworks": "Redes locais (LAN):",
    "LabelKodiMetadataSaveImagePathsHelp": "Esta opção é recomendada se existirem nomes de imagens que não estejam de acordo com as recomendações do Kodi.",
    "LabelKodiMetadataSaveImagePaths": "Guardar a localização de imagens em ficheiros nfo",
    "LabelKodiMetadataEnablePathSubstitutionHelp": "Activa a substituição do local das imagens usando as opções de substituição de caminho no servidor.",
    "LabelKodiMetadataEnablePathSubstitution": "Activar substituição de local",
    "LabelKodiMetadataEnableExtraThumbsHelp": "Ao transferir imagens, estas podem ser guardadas como extrafanart e extrathumbs para uma maior compatibilidade com os temas Kodi.",
    "LabelKodiMetadataEnableExtraThumbs": "Copiar o parâmetro extrafanart para extrathumbs",
    "LabelKodiMetadataDateFormatHelp": "Todas as datas presentes em ficheiros NFO serão analisadas utilizando este formato.",
    "LabelKodiMetadataDateFormat": "Formato da data de lançamento:",
    "LabelKidsCategories": "Categorias para crianças:",
    "LabelKeepUpTo": "Manter, no máximo:",
    "LabelInternetQuality": "Qualidade para a Internet:",
    "LabelInNetworkSignInWithEasyPasswordHelp": "Utilizar um código PIN para entrar no Jellyfin dentro da rede. A palavra-passe só será necessária fora da rede. Se o código PIN for deixado em branco, não será necessária autenticação dentro da rede.",
    "LabelInNetworkSignInWithEasyPassword": "Activar acesso dentro da rede com código PIN",
    "LabelImportOnlyFavoriteChannels": "Restringir a canais marcados como favoritos",
    "LabelImageType": "Tipo de imagem:",
    "LabelIdentificationFieldHelp": "Uma subcadeia ou expressão regex que não diferencia maiúscula de minúsculas.",
    "LabelIconMaxWidthHelp": "Resolução máxima do ícone que é exposto via upnp:icon.",
    "LabelIconMaxWidth": "Largura máxima do ícone:",
    "LabelIconMaxHeightHelp": "Resolução máxima do ícone que é exposto via upnp:icon.",
    "LabelIconMaxHeight": "Altura máxima do ícone:",
    "LabelHttpsPortHelp": "Número da porta TCP em que o servidor HTTPS do Jellyfin ficará à escuta.",
    "LabelHttpsPort": "Número da porta HTTPS local:",
    "LabelHomeScreenSectionValue": "Secção {0} do Painel Principal:",
    "LabelHomeNetworkQuality": "Qualidade da rede interna:",
    "LabelHardwareAccelerationTypeHelp": "Esta funcionalidade é experimental e está disponível apenas em sistemas suportados.",
    "LabelHardwareAccelerationType": "Aceleração por hardware:",
    "LabelEncoderPreset": "Predefinição para codificação H264:",
    "LabelH264Crf": "CRF para codificação H264:",
    "LabelGroupMoviesIntoCollectionsHelp": "Ao mostrar listas de filmes, filmes que pertençam a uma colecção serão mostrados como um único item agrupado.",
    "LabelGroupMoviesIntoCollections": "Agrupar filmes em colecções",
    "LabelServerNameHelp": "Este nome será utilizado para identificar o servidor. Por omissão, o nome do computador é usado.",
    "LabelFriendlyName": "Nome amigável:",
    "LabelFormat": "Formato:",
    "LabelForgotPasswordUsernameHelp": "Introduza o seu nome de utilizador, se se recordar.",
    "LabelFont": "Tipo de Letra:",
    "LabelFolder": "Pasta:",
    "LabelFinish": "Terminar",
    "LabelFileOrUrl": "Ficheiro ou URL:",
    "LabelFailed": "Falhou",
    "LabelExtractChaptersDuringLibraryScanHelp": "Gerar imagens dos capítulos quando os vídeos forem importados durante a actualização da biblioteca. Caso contrário, serão geradas durante a tarefa agendada de extracção de imagens dos capítulos, permitindo uma actualização mais rápida da biblioteca.",
    "LabelExtractChaptersDuringLibraryScan": "Extrair imagens dos capítulos durante a actualização da biblioteca",
    "LabelBaseUrlHelp": "Pode adicionar uma sub-pasta personalizada aqui para aceder ao servidor através de um URL mais directo.",
    "LabelBaseUrl": "URL Base:",
    "LabelEveryXMinutes": "A cada:",
    "LabelEvent": "Evento:",
    "LabelEpisodeNumber": "Número do episódio:",
    "LabelEnableSingleImageInDidlLimitHelp": "Alguns dispositivos não  interpretarão o ficheiro apropriadamente se múltiplas imagens forem incorporadas no DIDL.",
    "LabelEnableSingleImageInDidlLimit": "Limitar a uma imagem incorporada",
    "LabelEnableRealtimeMonitorHelp": "As alterações serão processadas imediatamente em sistemas de ficheiros suportados.",
    "LabelEnableRealtimeMonitor": "Activar monitorização em tempo real",
    "LabelEnableHardwareDecodingFor": "Activar descodificação por hardware para:",
    "LabelEnableDlnaServerHelp": "Permite que dispositivos UPnP na rede naveguem e reproduzam conteúdo.",
    "LabelEnableDlnaServer": "Activar servidor DLNA",
    "LabelEnableDlnaPlayToHelp": "Detectar dispositivos na rede e oferecer a possibilidade de os controlar.",
    "LabelEnableDlnaPlayTo": "Activar DLNA Play-To",
    "LabelEnableDlnaDebugLoggingHelp": "Esta opção criará longos ficheiros de registo e deve apenas ser usada quando for necessário depurar problemas.",
    "LabelEnableDlnaDebugLogging": "Activar registo de depuração do DLNA",
    "LabelEnableDlnaClientDiscoveryIntervalHelp": "Determina o tempo em segundos entre procuras SSDP executadas pelo Servidor Jellyfin.",
    "LabelEnableDlnaClientDiscoveryInterval": "Intervalo para descoberta de clientes (segundos)",
    "LabelEnableBlastAliveMessagesHelp": "Activar esta opção se o servidor não for convenientemente detectado por outros dispositivos UPnP na rede.",
    "LabelEnableBlastAliveMessages": "Enviar mensagens de reconhecimento",
    "LabelEnableAutomaticPortMapHelp": "Tenta correponder automaticamente a porta pública para a porta local através de UPnP. Isto poderá não funcionar em alguns modelos de routers.",
    "LabelEnableAutomaticPortMap": "Activar a correspondência automática de portas",
    "LabelEmbedAlbumArtDidlHelp": "Alguns dispositivos preferem este método para obter a capa do álbum. Outros pode não ser capazes de reproduzir com esta opção activada.",
    "LabelEmbedAlbumArtDidl": "Incorporar a capa do álbum no DIDL",
    "LabelEasyPinCode": "Código PIN:",
    "LabelDynamicExternalId": "{0} ID:",
    "LabelDropShadow": "Realce:",
    "LabelDropImageHere": "Arraste a imagem para aqui, ou clique para procurar.",
    "LabelDownloadLanguages": "Transferir os idiomas:",
    "LabelDownMixAudioScaleHelp": "Aumentar o volume de áudio durante o downmix. O valor 1 preserva o volume original.",
    "LabelDownMixAudioScale": "Reforço de áudio durante o downmix:",
    "LabelDisplaySpecialsWithinSeasons": "Mostrar episódios especiais dentro das temporadas em que estrearam",
    "LabelDisplayOrder": "Ordem de apresentação:",
    "LabelDisplayName": "Nome para apresentação:",
    "LabelDisplayMode": "Modo de apresentação:",
    "LabelDisplayMissingEpisodesWithinSeasons": "Mostrar episódios em falta dentro das temporadas",
    "LabelDisplayLanguageHelp": "A tradução do Jellyfin é um projeto em desenvolvimento contínuo.",
    "LabelDisplayLanguage": "Idioma:",
    "LabelDiscNumber": "Número do disco:",
    "LabelDidlMode": "Modo DIDL:",
    "LabelDeviceDescription": "Descrição do dispositivo",
    "LabelDefaultUserHelp": "Determina que biblioteca será apresentada aos dispositivos ligados. Pode ser redefinido para cada dispositivo através de perfis.",
    "LabelDefaultUser": "Utilizador por omissão:",
    "LabelDefaultScreen": "Ecrã por omissão:",
    "LabelDeathDate": "Data de falecimento:",
    "LabelRefreshMode": "Mode de actualização:",
    "LabelRecord": "Registo:",
    "LabelPasswordResetProvider": "Provedor de actualização de palavra-passe",
    "LabelMetadataSaversHelp": "Escolha os formato em que deseja guardar os seus metadados.",
    "LabelMetadataReadersHelp": "Ordene as fontes locais de metadados por ordem de prioridade. O primeiro ficheiro a ser encontrado será lido.",
    "LabelMetadataReaders": "Leirores de metadados",
    "LabelMetadataDownloadersHelp": "Active e ordene os seus pesquisadores de metadados por ordem de prioridade.  Pesquisadores com menor prioridade só serão utilizados para completar informação em falta.",
    "LabelLogs": "Registos",
    "LabelKodiMetadataUserHelp": "Guardar dados de utilização em NFO para que outras aplicações os utilizem.",
    "LabelKodiMetadataUser": "Guardar dados de utilização em NFO para:",
    "LabelImageFetchersHelp": "Activar e ordenar os pesquisadores de imagens por ordem de preferência.",
    "Home": "Início",
    "LabelDay": "Dia:",
    "LabelDateTimeLocale": "Formato da data/hora:",
    "LabelDateAddedBehaviorHelp": "Quando os metadados incluirem um valor, este será utilizado antes destas opções.",
    "LabelDateAddedBehavior": "Comportamento da data de adição para novo conteúdo:",
    "LabelDateAdded": "Adicionado a:",
    "LabelDashboardTheme": "Tema do Painel Principal:",
    "LabelCustomRating": "Classificação personalizada:",
    "LabelCustomDeviceDisplayNameHelp": "Forneça um nome a ser mostrado, ou deixe em branco para utilizar o nome reportado pelo dispositivo.",
    "LabelCustomDeviceDisplayName": "Nome a ser mostrado:",
    "LabelCustomCssHelp": "Aplicar um ficheiro de estilos personalizado à interface web.",
    "LabelCustomCss": "CSS personalizado:",
    "LabelCustomCertificatePathHelp": "Localização do ficheiro PKCS #12 que contém um certificado e um chave privada que permitem activar o suporte a ligações TLS em domínios privados.",
    "LabelCustomCertificatePath": "Localização do certificado SSL personalizado:",
    "LabelCurrentPassword": "Palavra-passe actual:",
    "LabelCriticRating": "Avaliação da crítica:",
    "LabelCountry": "País:",
    "LabelContentType": "Tipo de conteúdo:",
    "LabelCommunityRating": "Avaliação da comunidade:",
    "LabelCollection": "Colecção:",
    "LabelChannels": "Canais:",
    "LabelCertificatePasswordHelp": "Se o certificado requer uma palavra-passe, escreva-a aqui.",
    "LabelCertificatePassword": "Palavra-passe do certificado:",
    "LabelCancelled": "Cancelado",
    "LabelCachePathHelp": "Defina uma localização para os ficheiros de cache como, por exemplo, imagens. Deixe em branco para utilizar o padrão do servidor.",
    "LabelCachePath": "Localização da cache:",
    "LabelCache": "Cache:",
    "LabelBirthDate": "Data de nascimento:",
    "LabelBindToLocalNetworkAddressHelp": "Opcional. Indique um endereço IP de um interface de rede local para colocar o servidor à escuta. Quando deixado em branco, o servidor ficará à escuta em todas os interfaces de rede disponíveis. Alterar este parâmetro implica reiniciar o Servidor Jellyfin.",
    "LabelBindToLocalNetworkAddress": "Endereço local para colocar o servidor à escuta:",
    "LabelAutomaticallyRefreshInternetMetadataEvery": "Actualizar metadados automaticamente a partir da Internet:",
    "LabelAuthProvider": "Provedor de autenticação:",
    "LabelAudioSampleRate": "Taxa de amostragem de áudio:",
    "LabelAudioLanguagePreference": "Idioma de áudio preferido:",
    "LabelAudioCodec": "Codec de áudio:",
    "LabelAudioChannels": "Canais de áudio:",
    "LabelAudioBitrate": "Taxa de bits de áudio:",
    "LabelAudio": "Áudio:",
    "LabelArtistsHelp": "Separe múltiplos com ;",
    "LabelArtists": "Artistas:",
    "LabelAppNameExample": "Exemplo: Sickbeard, NzbDrone",
    "LabelAppName": "Nome da aplicação",
    "LabelAllowedRemoteAddressesMode": "Tipo de filtro de IP remoto:",
    "LabelAllowedRemoteAddresses": "Filtro de IP remoto:",
    "LabelAllowServerAutoRestartHelp": "O servidor reiniciará apenas durante períodos em que não esteja a ser usado, quando nenhum utilizador estiver activo.",
    "LabelAllowServerAutoRestart": "Permitir ao servidor reiniciar automaticamente para instalar actualizações",
    "LabelAllowHWTranscoding": "Permitir transcodificação por hardware",
    "LabelAll": "Todos",
    "LabelAlbumArtists": "Artistas do Álbum:",
    "LabelAlbumArtPN": "PN da capa do álbum:",
    "LabelAlbumArtMaxWidthHelp": "Resolução máxima da capa do álbum exposta via upnp:albumArtURI.",
    "LabelAlbumArtMaxWidth": "Largura máxima da capa do álbum:",
    "LabelAlbumArtMaxHeightHelp": "Resolução máxima da capa do álbum exposta via upnp:albumArtURI.",
    "LabelAlbumArtMaxHeight": "Altura máxima da capa do álbum:",
    "LabelAlbumArtHelp": "PN utilizado para a capa do álbum no atributo dlna:profileID/upnp:albumArtURI. Alguns dispositivos requerem um valor específico, independentemente do tamanho da imagem.",
    "LabelAlbum": "Álbum:",
    "LabelAirsBeforeSeason": "Estreou antes da temporada:",
    "LabelAirsBeforeEpisode": "Estreou antes do episódio:",
    "LabelAirsAfterSeason": "Estreou depois da temporada:",
    "LabelAirTime": "Horário:",
    "LabelAirDays": "Dias da Exibição:",
    "LabelAccessStart": "Hora de Início:",
    "LabelAccessEnd": "Hora de Fim:",
    "LabelAccessDay": "Dia da semana:",
    "LabelAbortedByServerShutdown": "(Abortado - Servidor encerrado)",
    "Label3DFormat": "Formato 3D:",
    "Kids": "Crianças",
    "Items": "Itens",
    "ItemCount": "{0} itens",
    "InstantMix": "Mistura instântanea",
    "InstallingPackage": "A instalar {0}",
    "ImportMissingEpisodesHelp": "Quando activado, a informação acerca dos episódios em falta será importada para a base de dados do Servidor Jellyfin e mostrada dentro das temporadas e séries. Isto pode aumentar significativamente a duração da análise da biblioteca.",
    "ImportFavoriteChannelsHelp": "Quando activado, apenas serão importados canais que estão marcados no sintonizador como favoritos.",
    "Images": "Imagens",
    "Identify": "Identificar",
    "HttpsRequiresCert": "Para activar ligações seguras, é necessário fornecer um certificado SSL confiável. Forneça um certificado SSL ou desactive as ligações seguras.",
    "Horizontal": "Horizontal",
    "HideWatchedContentFromLatestMedia": "Ocultar os títulos já vistos do conteúdo recente",
    "Hide": "Esconder",
    "Help": "Ajuda",
    "HeadersFolders": "Pastas",
    "HeaderYears": "Anos",
    "HeaderXmlSettings": "Configurações de XML",
    "HeaderXmlDocumentAttribute": "Atributo do Documento XML",
    "HeaderVideos": "Vídeos",
    "HeaderVideoTypes": "Tipos de Vídeo",
    "HeaderVideoType": "Tipo de Vídeo",
    "HeaderVideoQuality": "Qualidade do Vídeo",
    "HeaderUsers": "Utilizadores",
    "HeaderUser": "Utilizador",
    "HeaderUploadImage": "Enviar Imagem",
    "HeaderUpcomingOnTV": "A Seguir",
    "HeaderTypeText": "Inserir texto",
    "HeaderTuners": "Sintonizadores",
    "HeaderTunerDevices": "Sintonizadores",
    "HeaderTranscodingProfileHelp": "Adicionar perfis de transcodificação que indiquem que formatos deverão ser usados quando a transcodificação é necessária.",
    "HeaderTranscodingProfile": "Perfil da Transcodificação",
    "HeaderTracks": "Faixas",
    "HeaderThisUserIsCurrentlyDisabled": "Este utilizador está desactivado actualmente",
    "HeaderTaskTriggers": "Tarefas Agendadas",
    "HeaderSystemDlnaProfiles": "Perfis de Sistema",
    "HeaderSubtitleProfilesHelp": "Os perfis da legenda descrevem os formatos da legenda suportados pelo dispositivo.",
    "HeaderSubtitleProfiles": "Perfis da Legenda",
    "HeaderSubtitleProfile": "Perfil da Legenda",
    "HeaderSubtitleAppearance": "Aparência das Legendas",
    "HeaderStopRecording": "Parar Gravação",
    "HeaderStatus": "Estado",
    "HeaderStartNow": "Iniciar",
    "HeaderSpecialFeatures": "Extras",
    "HeaderSpecialEpisodeInfo": "Informação do Episódio Especial",
    "HeaderSortOrder": "Direcção de Ordenação",
    "HeaderSortBy": "Ordenar Por",
    "HeaderShutdown": "Encerrar",
    "HeaderSetupLibrary": "Configurar Bibliotecas Multimédia",
    "HeaderSettings": "Configurações",
    "HeaderServerSettings": "Configurações do Servidor",
    "HeaderSeriesStatus": "Estado da Série",
    "HeaderSeriesOptions": "Opções da Série",
    "HeaderSeries": "Série",
    "HeaderSendMessage": "Enviar mensagem",
    "HeaderSelectTranscodingPathHelp": "Procure ou introduza a localização da pasta para guardar os ficheiros temporários de transcodificação. O Servidor Jellyfin deve ter acesso de escrita a essa pasta.",
    "HeaderSelectTranscodingPath": "Seleccione o Local Temporário da Transcodificação",
    "HeaderSelectServerCachePathHelp": "Procure ou introduza a localização da pasta para guardar a cache do servidor. O Servidor Jellyfin deve ter acesso de escrita a essa pasta.",
    "HeaderSelectServerCachePath": "Seleccione a Localização da Cache do Servidor",
    "HeaderSelectServer": "Seleccionar Servidor",
    "HeaderSelectPath": "Seleccione o Local",
    "HeaderSelectMetadataPathHelp": "Procure ou introduza a localização da pasta para guardar os metadados. O Servidor Jellyfin deve ter acesso de escrita a essa pasta.",
    "HeaderSelectMetadataPath": "Seleccione a Localização dos Metadados",
    "HeaderSelectCertificatePath": "Seleccione a Localização do Certificado",
    "HeaderSecondsValue": "{0} Segundos",
    "HeaderSeasons": "Temporadas",
    "HeaderSchedule": "Agendamentos",
    "HeaderScenes": "Cenas",
    "HeaderRunningTasks": "Tarefas em Execução",
    "HeaderRevisionHistory": "Histórico de Versões",
    "HeaderRestart": "Reiniciar",
    "HeaderResponseProfileHelp": "Os perfis de resposta oferecem uma forma de individualizar a informação enviada para o dispositivo ao executar certos ficheiros multimédia.",
    "HeaderResponseProfile": "Perfil de Resposta",
    "HeaderRemoveMediaLocation": "Remover Localização dos ficheiros multimédia",
    "HeaderRemoveMediaFolder": "Excluir Pasta Multimédia",
    "HeaderRemoteControl": "Controlo Remoto",
    "HeaderRecordingPostProcessing": "Pós-Processamento de Gravações",
    "HeaderRecordingOptions": "Opções de Gravação",
    "HeaderRecentlyPlayed": "Reproduzido Recentemente",
    "HeaderProfileServerSettingsHelp": "Estes valores controlam como o Servidor Jellyfin se apresenta a si mesmo ao dispositivo.",
    "HeaderProfileInformation": "Informação do Perfil",
    "HeaderProfile": "Perfil",
    "HeaderPreferredMetadataLanguage": "Idioma Preferido dos Metadados",
    "HeaderPluginInstallation": "Instalar Extensão",
    "HeaderPleaseSignIn": "Iniciar Sessão",
    "HeaderPlaybackError": "Erro na Reprodução",
    "HeaderPlayback": "Reprodução de Multimédia",
    "HeaderPlayOn": "Reproduzir Em",
    "HeaderPlayAll": "Reproduzir Todos",
    "HeaderPinCodeReset": "Redefinir Código PIN",
    "HeaderPhotoAlbums": "Álbuns de Fotografias",
    "HeaderPeople": "Pessoas",
    "HeaderPendingInvitations": "Convites Pendentes",
    "HeaderPaths": "Localizações",
    "HeaderPasswordReset": "Redefinição de Palavra-Passe",
    "HeaderPassword": "Palavra-passe",
    "HeaderParentalRatings": "Classificações Parentais",
    "HeaderOtherItems": "Outros Itens",
    "HeaderOnNow": "No Ar",
    "HeaderNextVideoPlayingInValue": "Reprodução do próximo vídeo começa em {0}",
    "HeaderNextUp": "A Seguir",
    "HeaderNextEpisodePlayingInValue": "Reprodução do próximo episódio começa em {0}",
    "HeaderNewDevices": "Novos Dispositivos",
    "HeaderNewApiKey": "Nova Chave da API",
    "HeaderMyMediaSmall": "A Minha Multimédia (pequeno)",
    "HeaderMyMedia": "O Meu Conteúdo",
    "HeaderMyDevice": "O Meu Dispositivo",
    "HeaderMusicVideos": "Videoclips",
    "HeaderMusicQuality": "Qualidade da Música",
    "HeaderMovies": "Filmes",
    "HeaderMoreLikeThis": "Mais Como Este",
    "HeaderMetadataSettings": "Configurações de Metadados",
    "HeaderMediaInfo": "Informações Multimédia",
    "HeaderMediaFolders": "Pastas Multimédia",
    "HeaderMedia": "Multimédia",
    "HeaderLiveTvTunerSetup": "Configurar Sintonizador de TV",
    "HeaderLiveTv": "TV ao Vivo",
    "HeaderLiveTV": "TV em Directo",
    "HeaderLibrarySettings": "Configurações da Biblioteca",
    "HeaderLibraryOrder": "Ordenação da Biblioteca",
    "HeaderLibraryFolders": "Pastas Multimédia",
    "HeaderLibraryAccess": "Acesso à Biblioteca",
    "HeaderLibraries": "Bibliotecas",
    "HeaderLatestRecordings": "Últimas Gravações",
    "HeaderLatestMusic": "Últimas Músicas",
    "HeaderLatestMovies": "Últimos Filmes",
    "HeaderLatestMedia": "Multimídia Recente",
    "HeaderLatestEpisodes": "Últimos Episódios",
    "HeaderKeepSeries": "Manter Série",
    "HeaderKeepRecording": "Manter Gravação",
    "HeaderItems": "Itens",
    "HeaderInstantMix": "Mistura instantânea",
    "HeaderInstall": "Instalar",
    "HeaderImageSettings": "Configurações de Imagem",
    "HeaderImageOptions": "Opções de Imagem",
    "HeaderIdentifyItemHelp": "Introduza um ou mais critérios de pesquisa. Exclua critérios para aumentar o número de resultados da procura.",
    "HeaderIdentificationHeader": "Cabeçalho de Identificação",
    "HeaderIdentificationCriteriaHelp": "Introduza, pelo menos, um critério de identificação.",
    "HeaderIdentification": "Identificação",
    "HeaderHttpHeaders": "Cabeçalhos HTTP",
    "HeaderHome": "Início",
    "HeaderGuideProviders": "Provedores de Programação de TV",
    "HeaderGenres": "Géneros",
    "HeaderDeleteTaskTrigger": "Excluir Tarefa Agendada",
    "HeaderBranding": "Marca",
    "HeaderFrequentlyPlayed": "Reproduzido Frequentemente",
    "HeaderForgotPassword": "Esqueci-me da palavra-passe",
    "HeaderForKids": "Para Crianças",
    "HeaderFilters": "Filtros",
    "HeaderFetchImages": "Procurar Imagens:",
    "HeaderFeatures": "Recursos",
    "OptionDownloadThumbImage": "Miniatura",
    "OptionDownloadPrimaryImage": "Principal",
    "OptionDownloadImagesInAdvanceHelp": "Por omissão, a maioria das imagens são transferidas apenas quando uma aplicação do Jellyfin as solicita. Active esta opção para descarregar todas as imagens antecipadamente, assim que novos ficheiros multimédia sejam importados. Isto pode aumentar significativamente a duração da análise da biblioteca.",
    "OptionDownloadImagesInAdvance": "Transferir imagens antecipadamente",
    "OptionDownloadBoxImage": "Caixa",
    "OptionDownloadBackImage": "Traseira",
    "OptionDownloadArtImage": "Arte",
    "OptionDislikes": "Não gostos",
    "OptionDisableUserHelp": "Se desactivado, o servidor não permite nenhuma ligação a este utilizador. Ligações existentes serão imediatamente terminadas.",
    "OptionDisableUser": "Desactivar este utilizador",
    "OptionDescending": "Descendente",
    "OptionDatePlayed": "Data de reprodução",
    "OptionDateAddedImportTime": "Usar a data de importação para a biblioteca",
    "OptionDateAddedFileTime": "Usar a data de criação do ficheiro",
    "OptionDateAdded": "Data de adição",
    "OptionDaily": "Diariamente",
    "OptionCustomUsers": "Personalizado",
    "OptionCriticRating": "Classificação dos críticos",
    "OptionContinuing": "A Continuar",
    "OptionCommunityRating": "Classificação da Comunidade",
    "OptionBlockTvShows": "Programas de TV",
    "OptionBlockMusic": "Música",
    "OptionBlockMovies": "Filmes",
    "OptionBlockLiveTvChannels": "Canais de TV em Directo",
    "OptionBlockChannelContent": "Conteúdo do Canal de Internet",
    "OptionBlockBooks": "Livros",
    "OptionAutomatic": "Automático",
    "OptionAscending": "Ascendente",
    "OptionArtist": "Artista",
    "OptionAllowVideoPlaybackTranscoding": "Permitir reprodução de vídeo que necessite de transcodificação",
    "OptionAllowUserToManageServer": "Permitir a este utilizador gerir o servidor",
    "OptionAllowRemoteSharedDevicesHelp": "Dispositivos DLNA são considerados partilhados até que um utilizador comece a controlá-lo.",
    "OptionAllowRemoteSharedDevices": "Permitir controlo remoto de dispositivos partilhados",
    "MessageConfirmDeleteTunerDevice": "Tem a certeza que deseja remover este dispositivo?",
    "MediaInfoStreamTypeVideo": "Vídeo",
    "MapChannels": "Mapear Canais",
    "ManageLibrary": "Gerir biblioteca",
    "LabelSize": "Tamanho:",
    "LabelPlayDefaultAudioTrack": "Reproduzir a faixa de áudio padrão independentemente do idioma",
    "LabelPlaceOfBirth": "Local de nascimento:",
    "OptionAllowRemoteControlOthers": "Permitir controlo remoto de outros utilizadores",
    "OptionAllowMediaPlaybackTranscodingHelp": "Restringir o acesso à transcodificação pode causar falhas de reprodução nas aplicações Jellyfin devido a formatos multimédia não suportados.",
    "OptionAllowMediaPlayback": "Permitir reprodução de média",
    "OptionAllowManageLiveTv": "Permitir gestão de gravações de TV em Direto",
    "OptionAllowLinkSharing": "Permitir partilha nas redes sociais",
    "OptionAllowContentDownloading": "Permitir download dos ficheiros multimédia",
    "OptionAllowBrowsingLiveTv": "Permitir acesso a TV em Directo",
    "OptionAllowAudioPlaybackTranscoding": "Permitir reprodução de áudio que necessite transcodificação",
    "OptionAllUsers": "Todos os utilizadores",
    "OptionAlbumArtist": "Artista do Álbum",
    "OptionAlbum": "Álbum",
    "OptionAdminUsers": "Administradores",
    "OneChannel": "Um canal",
    "NoPluginConfigurationMessage": "Esta extensão não é configurável.",
    "NoNextUpItemsMessage": "Nenhum encontrado. Comece a ver os seus programas!",
    "News": "Notícias",
    "NewCollectionNameExample": "Exemplo: Colecção Guerra das Estrelas",
    "NewCollection": "Nova Colecção",
    "Mute": "Desactivar Som",
    "Movies": "Filmes",
    "MoreUsersCanBeAddedLater": "É possível adicionar utilizadores mais tarde no Painel Principal.",
    "Monday": "Segunda",
    "MinutesBefore": "minutos antes",
    "MinutesAfter": "minutos depois",
    "MessageUnableToConnectToServer": "Não foi possível estabelecer ligação ao servidor. Por favor, certifique-se que o servidor está a correr e tente de novo.",
    "MessageTheFollowingLocationWillBeRemovedFromLibrary": "As seguintes pastas multimédia serão removidas da Biblioteca:",
    "MessageReenableUser": "Veja abaixo como reactivar",
    "MessagePluginInstallDisclaimer": "As extensões desenvolvidas pela comunidade Jellyfin adicionam novas funcionalidades e benefícios, sendo uma óptima forma de extender a experiência de utilização do Jellyfin. Antes de instalar uma extensão, considere os impactos que pode ter  no Servidor Jellyfin, como tempos de actualização da Biblioteca mais longos, adicional processamento em segundo plano e reduzida estabilidade do sistema.",
    "MessagePluginConfigurationRequiresLocalAccess": "Para configurar esta extensão, inicie sessão localmente no servidor.",
    "MessagePleaseEnsureInternetMetadata": "Certifique-se que a transferência de metadados da Internet está activada.",
    "MessagePasswordResetForUsers": "As palavras-passe dos utilizadores abaixo foram repostas. Deverão utilizar o PIN de reposição de palavra-passe para fazer login.",
    "MessageNothingHere": "Nada aqui.",
    "MessageNoTrailersFound": "Nenhum trailer encontrado. Instale o canal Trailer para melhorar sua experiência com filmes, adicionando uma biblioteca de trailers da Internet.",
    "MessageNoPluginsInstalled": "Não existe nenhuma extensão instalada.",
    "MessageNoMovieSuggestionsAvailable": "De momento, não existem sugestões de filmes disponíveis. Veja filmes e avalie-os, e regresse para ver as suas recomendações.",
    "MessageNoAvailablePlugins": "Não existem extensões disponíveis.",
    "MessageLeaveEmptyToInherit": "Deixar em branco para herdar as configurações do item pai, ou o valor global por omissão.",
    "MessageItemsAdded": "Itens adicionados.",
    "MessageItemSaved": "Item guardado.",
    "MessageInvalidUser": "Nome de utilizador ou palavra-passe inválidos. Por favor, tente novamente.",
    "MessageInvalidForgotPasswordPin": "Foi inserido um código PIN inválido ou expirado. Por favor, tente de novo.",
    "MessageInstallPluginFromApp": "Esta extensão deverá ser instalada a partir da aplicação em que tem intenção de a utilizar.",
    "MessageImageTypeNotSelected": "Por favor, seleccione um tipo de imagem da lista.",
    "MessageImageFileTypeAllowed": "Apenas são suportados ficheiros JPEG ou PNG.",
    "MessageForgotPasswordInNetworkRequired": "Por favor, volte a tentar o processo de recuperação de palavra-passe quando se encontrar dentro da sua rede local.",
    "MessageForgotPasswordFileCreated": "Foi criado no servidor o ficheiro abaixo que contém instruções de como prosseguir:",
    "MessageFileReadError": "Ocorreu um erro ao ler este ficheiro.",
    "MessageEnablingOptionLongerScans": "Activar esta opção pode aumentar significativamente a duração da análise da biblioteca.",
    "MessageDownloadQueued": "Transferência pendente.",
    "MessageDirectoryPickerLinuxInstruction": "Em sistemas operativos como Arch Linux, CentOS, Debian, Fedora, OpenSuse ou Ubuntu, é necessário dar permissão ao utilizador que executa o processo Jellyfin para ter, no mínimo, acesso de leitura à pasta.",
    "MessageDirectoryPickerInstruction": "As localizações de rede podem ser introduzidas manualmente caso o botão \"Rede\" não consiga encontrar os dispositivos. Por exemplo, {0} ou {1}.",
    "MessageDirectoryPickerBSDInstruction": "Num sistema operativo BSD, é necessário configurar o disco FreeNAS Jail para permitir o acesso do Servidor Jellyfin.",
    "MessageDeleteTaskTrigger": "Tem a certeza que deseja remover o agendamento desta tarefa?",
    "MessageCreateAccountAt": "Criar uma conta em {0}",
    "MessageContactAdminToResetPassword": "Por favor, contacte o Administrador de sistema para repôr a sua password.",
    "MessageConfirmShutdown": "Tem a certeza que deseja encerrar o servidor?",
    "MessageConfirmRevokeApiKey": "Tem a certeza que deseja revogar esta chave da API? A ligação da aplicação ao Servidor Jellyfin será terminada de imediato.",
    "MessageConfirmRestart": "Tem a certeza que deseja reiniciar o Servidor Jellyfin?",
    "MessageConfirmRemoveMediaLocation": "Tem a certeza que deseja remover esta localização?",
    "MessageConfirmRecordingCancellation": "Cancelar a gravação?",
    "MessageConfirmProfileDeletion": "Tem a certeza de que deseja remover este perfil?",
    "MessageConfirmDeleteGuideProvider": "Tem a certeza que pretende eliminar este provedor de programação de TV?",
    "MessageAreYouSureYouWishToRemoveMediaFolder": "Tem a certeza de que deseja remover esta pasta?",
    "MessageAreYouSureDeleteSubtitles": "Tem a certeza que deseja remover este ficheiro de legendas?",
    "MessageAlreadyInstalled": "Esta versão já se encontra instalada.",
    "Menu": "Menu",
    "MediaIsBeingConverted": "O conteúdo está a ser convertido para um formato compatível com o dispositivo em que o está a reproduzir.",
    "MediaInfoStreamTypeSubtitle": "Legenda",
    "MediaInfoStreamTypeEmbeddedImage": "Imagem Integrada",
    "MediaInfoStreamTypeData": "Dados",
    "MediaInfoStreamTypeAudio": "Áudio",
    "MediaInfoSoftware": "Software",
    "MediaInfoTimestamp": "Data e Hora",
    "MediaInfoSize": "Tamanho",
    "MediaInfoSampleRate": "Taxa de Amostragem",
    "MediaInfoResolution": "Resolução",
    "MediaInfoProfile": "Perfil",
    "MediaInfoPixelFormat": "Formato de Píxeis",
    "MediaInfoPath": "Caminho",
    "MediaInfoLevel": "Nível",
    "MediaInfoChannels": "Canais",
    "MaxParentalRatingHelp": "Conteúdo com uma classificação mais elevada estará indisponivel a este utilizador.",
    "MarkUnplayed": "Marcar como Não Visto",
    "MarkPlayed": "Marcar como Visto",
    "LiveTV": "TV em Directo",
    "LiveBroadcasts": "Emissões em Directo",
    "Live": "Em Directo",
    "LibraryAccessHelp": "Escolha as Bibliotecas a partilhar com este utilizador. Os Administradores podem editar todas as pastas, usando o Gestor de Metadados.",
    "LatestFromLibrary": "Mais Recentes em {0}",
    "LabelZipCode": "Código Postal:",
    "LabelYoureDone": "Concluiu!",
    "LabelYourFirstName": "O seu primeiro nome:",
    "LabelXDlnaDocHelp": "Determina o conteúdo do elemento X_DLNADOC no namespace urn:schemas-dlna-org:device-1-0.",
    "LabelXDlnaCapHelp": "Determina o conteúdo do elemento X_DLNACAP no namespace urn:schemas-dlna-org:device-1-0.",
    "LabelVersionInstalled": "{0} instalado",
    "LabelValue": "Valor:",
    "LabelUsername": "Nome de Utilizador:",
    "LabelUserRemoteClientBitrateLimitHelp": "Esta opção sobrepoẽ-se ao valor global por omissão nas definições de reprodução do servidor.",
    "LabelUserLibraryHelp": "Seleccione a biblioteca de utilizador a mostrar no dispositivo. Deixe em branco para herdar a definição padrão.",
    "LabelUserLibrary": "Biblioteca do Utilizador:",
    "LabelUser": "Utilizador:",
    "LabelUseNotificationServices": "Usar os seguintes serviços:",
    "LabelTypeText": "Texto",
    "LabelType": "Tipo:",
    "LabelTunerType": "Tipo do sintonizador:",
    "LabelTunerIpAddress": "Endereço IP do Sintonizador:",
    "LabelTriggerType": "Tipo do Accionador:",
    "LabelTranscodingVideoCodec": "Codec do vídeo:",
    "LabelTranscodingThreadCountHelp": "Indique o número máximo de processors a utilizadar para transcodificação. Reduzir o número de processos diminuirá a utilização do CPU, mas pode não converter suficientemente rápido para uma experiência de reprodução suave.",
    "LabelTranscodingThreadCount": "Número de processos de transcodificação:",
    "LabelTranscodingTempPathHelp": "Indique uma localização personalizada para os ficheiros de transcodificação em utilização, ou deixe em branco para utilizar o caminho por omissão.",
    "LabelTranscodingContainer": "Contentor:",
    "LabelTranscodingAudioCodec": "Codec de áudio:",
    "LabelTimeLimitHours": "Limite de tempo (horas):",
    "LabelTime": "Tempo:",
    "LabelTextSize": "Tamanho do Texto:",
    "LabelTagline": "Slogan:",
    "LabelSupportedMediaTypes": "Tipos de Conteúdos Suportados:",
    "LabelSubtitlePlaybackMode": "Modo da Legenda:",
    "LabelSubtitleFormatHelp": "Exemplo: srt",
    "LabelStopping": "A Parar",
    "LabelStopWhenPossible": "Parar, quando possível:",
    "LabelStatus": "Estado:",
    "LabelStartWhenPossible": "Começar, quando possível:",
    "LabelSource": "Fonte:",
    "LabelSonyAggregationFlagsHelp": "Determina o conteúdo do elemento aggregationFlags no namespace urn:schemas-sonycom:av.",
    "LabelSonyAggregationFlags": "Marcas de agregação da Sony:",
    "LabelSkipIfGraphicalSubsPresentHelp": "Manter versões em texto das legendas resultará numa transmissão mais eficiente e diminuirá a necessidade de transcodificação de vídeo.",
    "LabelSkipIfGraphicalSubsPresent": "Ignorar se o vídeo já possuir legendas integradas",
    "LabelSkipIfAudioTrackPresentHelp": "Desmarque esta opção para garantir que todos os vídeos têm legendas, independentemente do idioma do áudio.",
    "LabelSkipIfAudioTrackPresent": "Ignorar no caso de o idioma da faixa de áudio principal coincidir com o idioma de transferência",
    "LabelSkipForwardLength": "Avançar reprodução (segundos):",
    "LabelSkipBackLength": "Recuar reprodução (segundos):",
    "LabelSimultaneousConnectionLimit": "Limite de transmissões simultâneas:",
    "LabelServerName": "Nome do servidor:",
    "LabelServerHostHelp": "192.168.1.100:8096 ou https://omeudominio.com",
    "LabelServerHost": "Servidor:",
    "LabelSeriesRecordingPath": "Caminho para gravação de séries (opcional):",
    "LabelSerialNumber": "Número de série",
    "LabelSendNotificationToUsers": "Enviar notificação para:",
    "LabelSelectVersionToInstall": "Seleccione a versão a instalar:",
    "LabelSelectUsers": "Seleccionar utilizadores:",
    "LabelSelectFolderGroupsHelp": "Pastas não selecionadas serão apresentadas sozinhas, na sua própria vista.",
    "LabelSelectFolderGroups": "Agrupar automaticamente o conteúdo das pastas seguintes em vistas como Filmes, Música e TV:",
    "LabelSecureConnectionsMode": "Modo de ligação segura:",
    "LabelSeasonNumber": "Número da temporada:",
    "LabelScreensaver": "Proteção de Ecrã:",
    "LabelScheduledTaskLastRan": "Última execução há {0}. Tempo de execução {1}.",
    "HeaderFeatureAccess": "Acesso a Características",
    "HeaderFavoriteVideos": "Vídeos Favoritos",
    "HeaderFavoriteSongs": "Músicas Favoritas",
    "HeaderFavoriteArtists": "Artistas Favoritos",
    "HeaderFavoriteAlbums": "Álbuns Favoritos",
    "HeaderFavoriteEpisodes": "Episódios Favoritos",
    "HeaderFavoriteShows": "Séries Favoritas",
    "HeaderFavoriteMovies": "Filmes Favoritos",
    "HeaderFavoriteBooks": "Livros Favoritos",
    "HeaderExternalIds": "IDs Externos:",
    "HeaderError": "Erro",
    "HeaderEpisodes": "Episódios",
    "HeaderEnabledFieldsHelp": "Desmarque um campo para bloqueá-lo e evitar que os seus dados sejam alterados.",
    "HeaderEnabledFields": "Campos Activados",
    "HeaderEditImages": "Editar Imagens",
    "HeaderEasyPinCode": "Código PIN",
    "HeaderDownloadSync": "Transferência e Sincronização",
    "HeaderDisplay": "Visualização",
    "HeaderDirectPlayProfileHelp": "Adicionar perfis de reprodução directa que indiquem que formatos o dispositivo pode suportar nativamente.",
    "HeaderDirectPlayProfile": "Perfil da Reprodução Directa",
    "HeaderDevices": "Dispositivos",
    "HeaderDeviceAccess": "Acesso ao Dispositivo",
    "HeaderDeveloperInfo": "Informação do Programador",
    "HeaderDetectMyDevices": "Detectar os Meus Dispositivos",
    "HeaderDeleteProvider": "Apagar Provedor",
    "HeaderDeleteItems": "Remover Itens",
    "FolderTypeBooks": "Livros",
    "Filters": "Filtros",
    "FileReadError": "Ocorreu um erro ao ler o ficheiro.",
    "FileReadCancelled": "A leitura do ficheiro foi cancelada.",
    "FileNotFound": "Ficheiro não encontrado.",
    "File": "Ficheiro",
    "Features": "Funcionalidades",
    "Favorites": "Favoritos",
    "Favorite": "Favoritos",
    "FastForward": "Avanço rápido",
    "FFmpegSavePathNotFound": "Não foi possível encontrar o binário FFmpeg na localização que introduziu. O binário FFprobe também é necessário, e deve estar na mesma pasta. Estes componentes são, por norma, instalados em conjunto. Por favor, verifique o caminho da localização e tente de novo.",
    "Extras": "Extras",
    "ExtractChapterImagesHelp": "Extrair imagens do capítulo permite aos clientes apresentar menus de seleção de cenas com gráficos. O processo poderá ser lento e exigente em recursos, bem como ocupar múltiplos gigabytes em disco. Este processo é corrido quando novos vídeos são encontrados e também através de uma tarefa nocturna agendada. É possível configurar a hora de execução para que, idealmente, não coincida com horas de maior utilização.",
    "ExtraLarge": "Extra Grande",
    "ExitFullscreen": "Sair do ecrã inteiro",
    "EveryNDays": "A cada {0} dias",
    "ErrorSavingTvProvider": "Ocorreu um erro ao guardar o provedor do serviços de TV. Por favor, garanta que está acessível e tente de novo.",
    "ErrorPleaseSelectLineup": "Por favor selecione a programação e tente novamente. Se não houver programações disponíveis, verifique se o seu nome de utilizador, senha e código postal estão correctos.",
    "ErrorMessageStartHourGreaterThanEnd": "A hora de fim deve ser superior à hora de início.",
    "ErrorGettingTvLineups": "Ocorreu um erro ao transferir a programação de TV. Por favor, certifique-se que a sua informação está correcta e tente novamente.",
    "ErrorDeletingItem": "Ocorreu um erro ao apagar o item do Servidor Jellyfin. Por favor, verifique o acesso de escrita do Servidor Jellyfin à pasta e tente de novo.",
    "ErrorAddingXmlTvFile": "Ocorreu um erro ao aceder ao ficheiro XmlTV. Por favor, garanta que o ficheiro está acessível e tente de novo.",
    "ErrorAddingTunerDevice": "Ocorreu um erro ao adicionar o dispositivo de sintonização. Por favor, garanta que está acessível e tente de novo.",
    "ErrorAddingMediaPathToVirtualFolder": "Ocorreu um erro ao adicionar a localização dos seus ficheiros. Por favor, assegure-se que o local é valido e que o processo do Jellyfin Server tenha acesso a essa localização.",
    "Episodes": "Episódios",
    "EndsAtValue": "Termina às {0}",
    "EnableThemeVideosHelp": "Reproduzir vídeos do tema em plano de fundo durante a navegação pela Biblioteca.",
    "EnableThemeVideos": "Vídeos do tema",
    "EnableThemeSongsHelp": "Reproduzir músicas do tema em plano de fundo durante a navegação pela Biblioteca.",
    "EnableThemeSongs": "Músicas do tema",
    "EnableStreamLoopingHelp": "Active esta opção no caso de a transmissão em directo apenas conter alguns segundos de dados e necessitar de ser continuamente requisitada. Activar esta opção quando não é necessário pode causar problemas.",
    "EnablePhotosHelp": "Imagens serão detectadas e mostradas em conjunto com outros ficheiros multimédia.",
    "EnablePhotos": "Mostrar fotografias",
    "EnableNextVideoInfoOverlayHelp": "No final de um vídeo, mostrar informação sobre o próximo vídeo na lista de reprodução.",
    "EnableNextVideoInfoOverlay": "Mostrar informação sobre o próximo vídeo durante a reprodução",
    "EnableHardwareEncoding": "Activar codificação por hardware",
    "EnableExternalVideoPlayersHelp": "O menu de um reprodutor externo será mostrado no início da reprodução de vídeo.",
    "EnableExternalVideoPlayers": "Reprodutores de vídeo externos",
    "EnableDisplayMirroring": "Duplicação de ecrã",
    "EnableColorCodedBackgrounds": "Código de cores para o fundo",
    "EnableCinemaMode": "Modo cinema",
    "EnableBackdropsHelp": "Mostrar imagens de fundo em algumas páginas durante a navegação pela Biblioteca.",
    "EnableBackdrops": "Pano de fundo",
    "EditSubtitles": "Editar legendas",
    "EditMetadata": "Editar metadados",
    "EditImages": "Editar imagens",
    "Edit": "Editar",
    "EasyPasswordHelp": "O código PIN é utilizado para acesso off-line em clientes suportados e pode ser usado para um acesso fácil dentro da rede.",
    "DropShadow": "Sombreado",
    "DrmChannelsNotImported": "Canais com proteção DRM não serão importados.",
    "DownloadsValue": "{0} transferências",
    "Download": "Transferir",
    "DoNotRecord": "Não gravar",
    "DisplayModeHelp": "Seleccione o tipo de ecrã em que o Jellyfin será utilizado.",
    "DisplayMissingEpisodesWithinSeasonsHelp": "Deve também ser activado para as bibliotecas de TV nas configurações do servidor.",
    "DisplayMissingEpisodesWithinSeasons": "Mostrar episódios em falta numa série",
    "DisplayInOtherHomeScreenSections": "Mostrar no ecrã principal em secções como multimédia recente ou continue a ver",
    "DisplayInMyMedia": "Mostrar no ecrã principal",
    "Display": "Visualização",
    "Dislike": "Não gosto",
    "Disconnect": "Desligar",
    "Disc": "Disco",
    "Disabled": "Desactivado",
    "DirectorsValue": "Realização: {0}",
    "DirectorValue": "Realizador: {0}",
    "Director": "Realizador",
    "DirectStreaming": "Reprodução directa",
    "DirectStreamHelp2": "A reprodução directa de um ficheiro requer pouco processamento e não implica perda de qualidade num vídeo.",
    "DirectStreamHelp1": "O tipo de multimédia (H.264, AC3, etc.) e a sua resolução são compatíveis com o dispositivo, no entanto, o formato (mkv, avi, wmv, etc.) não é. O conteúdo é reempacotado em tempo real antes de ser enviado para o dispositivo.",
    "DirectPlaying": "Reprodução directa",
    "DeviceAccessHelp": "Apenas se aplica a dispositivos que podem ser identificados como únicos e que não impedem o acesso ao navegador. Filtrar o acesso a dispositivos a um utilizador, impede-o de utilizar novos dispositivos, até estes serem aprovados aqui.",
    "DetectingDevices": "Procurando dispositivos",
    "Desktop": "Desktop",
    "Descending": "Descendente",
    "Depressed": "Baixo relevo",
    "DeleteUserConfirmation": "Tem a certeza que deseja apagar este utilizador?",
    "DeleteUser": "Apagar Utilizador",
    "DeleteMedia": "Remover multimédia",
    "DeleteImageConfirmation": "Tem a certeza que deseja apagar a imagem?",
    "DeleteImage": "Apagar Imagem",
    "DeleteDeviceConfirmation": "Tem a certeza  que deseja remover este dispositivo? Reaparecerá na próxima vez que o utilizador inicie sessão a partir dele.",
    "Delete": "Remover",
    "DefaultSubtitlesHelp": "As legendas são carregadas com base nas definições por omissão ou forçado nos metadados. As preferências de idioma são consideradas quando existem múltiplas opções disponíveis.",
    "DefaultErrorMessage": "Ocorreu um erro ao processar o pedido. Por favor, tente novamente mais tarde.",
    "Default": "Por omissão",
    "DeathDateValue": "Faleceu: {0}",
    "DatePlayed": "Reproduzido a",
    "DateAdded": "Adicionado a",
    "CustomDlnaProfilesHelp": "Crie um perfil personalizado para um novo dispositivo ou para sobrepor a um perfil de sistema.",
    "CriticRating": "Avaliação da crítica",
    "CopyStreamURLSuccess": "URL copiado com sucesso.",
    "CopyStreamURL": "Copiar URL da corrente",
    "Continuing": "A Continuar",
    "ContinueWatching": "Continuar a ver",
    "Connect": "Ligar",
    "ConfirmEndPlayerSession": "Deseja encerrar o Servidor Jellyfin em {0}?",
    "ConfirmDeletion": "Confirmar remoção",
    "ConfirmDeleteItems": "Apagar estes itens resultará na sua remoção da biblioteca e do sistema de ficheiros. Tem a certeza que deseja continuar?",
    "ConfirmDeleteItem": "Apagar este item resultará na sua remoção da biblioteca e do sistema de ficheiros. Tem a certeza que deseja continuar?",
    "ConfirmDeleteImage": "Apagar a imagem?",
    "ConfigureDateAdded": "Configure a forma como é atribuída a data de adição, no painel de controlo do Servidor Jellyfin, em definições da Biblioteca",
    "Composer": "Compositor",
    "CommunityRating": "Avaliação da comunidade",
    "ColorTransfer": "Transferência de cores",
    "ColorSpace": "Espaço de cores",
    "ColorPrimaries": "Cores primárias",
    "Collections": "Colecções",
    "CinemaModeConfigurationHelp": "O modo cinema traz a experiência do cinema para a sua sala, possibilitando reproduzir trailers e introduções personalizadas antes da longa-metragem.",
    "Channels": "Canais",
    "ChannelNumber": "Número do canal",
    "ChannelNameOnly": "Apenas canal {0}",
    "ChannelAccessHelp": "Selecione os canais para partilhar com este utilizador. Os administradores poderão editar todos os canais utilizando o gestor de metadados.",
    "ChangingMetadataImageSettingsNewContent": "Alterações às definições de transferência de metadados ou capas apenas serão aplicadas a conteúdo novo adicionado à Biblioteca. Para aplicar as alterações aos itens já existentes, necessitará de actualizar manualmente os metadados.",
    "Categories": "Categorias",
    "CancelSeries": "Cancelar gravação de série",
    "CancelRecording": "Cancelar gravação",
    "ButtonWebsite": "Website",
    "ButtonViewWebsite": "Ver website",
    "ButtonUp": "Para cima",
    "ButtonUninstall": "Desinstalar",
    "ButtonTrailer": "Trailer",
    "ButtonSubtitles": "Legendas",
    "ButtonSubmit": "Enviar",
    "ButtonStop": "Parar",
    "ButtonStart": "Iniciar",
    "ButtonSort": "Organizar",
    "ButtonSignOut": "Sair",
    "ButtonSignIn": "Iniciar Sessão",
    "ButtonShutdown": "Encerrar",
    "ButtonShuffle": "Aleatório",
    "ButtonSend": "Enviar",
    "ButtonSettings": "Configurações",
    "ButtonSelectView": "Seleccionar visualização",
    "ButtonSelectServer": "Seleccionar servidor",
    "ButtonSelectDirectory": "Seleccione a Pasta",
    "ButtonSearch": "Procurar",
    "ButtonScanAllLibraries": "Analisar todas as Bibliotecas",
    "ButtonSave": "Guardar",
    "ButtonRevoke": "Revogar",
    "ButtonResume": "Retomar",
    "ButtonRestart": "Reiniciar",
    "ButtonResetPassword": "Redefinir palavra-passe",
    "ButtonResetEasyPassword": "Redefinir código PIN",
    "ButtonRepeat": "Repetir",
    "ButtonRename": "Alterar o nome",
    "ButtonRemove": "Remover",
    "ButtonRefreshGuideData": "Actualizar Programação de TV",
    "ButtonRefresh": "Actualizar",
    "ButtonQuickStartGuide": "Guia de Início Rápido",
    "ButtonProfile": "Perfil",
    "ButtonPreviousTrack": "Faixa anterior",
    "ButtonPlay": "Reproduzir",
    "ButtonPause": "Pausar",
    "ButtonParentalControl": "Controlo parental",
    "ButtonOpen": "Abrir",
    "ButtonOk": "OK",
    "ButtonOff": "Desligado",
    "ButtonNextTrack": "Faixa seguinte",
    "ButtonNew": "Novo",
    "ButtonNetwork": "Rede",
    "ButtonMore": "Mais",
    "ButtonManualLogin": "Início de Sessão Manual",
    "ButtonLibraryAccess": "Acesso à biblioteca",
    "ButtonLearnMore": "Saiba mais",
    "ButtonInfo": "Informação",
    "ButtonHome": "Início",
    "ButtonHelp": "Ajuda",
    "ButtonFullscreen": "Ecrã inteiro",
    "ButtonForgotPassword": "Esqueci-me da palavra-passe",
    "ButtonFilter": "Filtro",
    "ButtonEditOtherUserPreferences": "Editar este perfil de utilizador, imagem e preferências pessoais.",
    "ButtonEditImages": "Editar imagens",
    "ButtonEdit": "Editar",
    "ButtonDownload": "Transferir",
    "ButtonDown": "Para baixo",
    "Auto": "Automático",
    "AlwaysPlaySubtitles": "Mostrar sempre legendas",
    "AllowMediaConversionHelp": "Permitir ou negar acesso à funcionalidade de conversão multimédia.",
    "AllowMediaConversion": "Permitir conversão multimédia",
    "ButtonGuide": "Programação",
    "ButtonGotIt": "Entendido",
    "ButtonDeleteImage": "Remover imagem",
    "ButtonDelete": "Remover",
    "ButtonConnect": "Ligar",
    "ButtonChangeServer": "Alterar Servidor",
    "ButtonCancel": "Cancelar",
    "ButtonBack": "Voltar",
    "OptionMonday": "Segunda",
    "OptionMissingEpisode": "Episódios em Falta",
    "OptionMax": "Máximo",
    "OptionLikes": "Gostos",
    "OptionImdbRating": "Classificação no IMDb",
    "OptionIgnoreTranscodeByteRangeRequestsHelp": "Quando activadas, estas requisições serão honradas mas  ignorararãp o cabeçalho de extensão byte.",
    "OptionHlsSegmentedSubtitles": "Legendas segmentadas HLS",
    "OptionHideUserFromLoginHelp": "Útil para contas de administrador privadas ou ocultas. O utilizador necessita de entrar manualmente, introduzindo o seu nome de utilizador e palavra-passe.",
    "OptionHideUser": "Ocultar este utilizador nos formulários de início de sessão",
    "OptionHasThemeVideo": "Vídeo de Tema",
    "OptionHasThemeSong": "Música de Tema",
    "OptionHasSubtitles": "Legendas",
    "OptionHasSpecialFeatures": "Extras",
    "OptionFriday": "Sexta",
    "OptionFavorite": "Favoritos",
    "OptionExternallyDownloaded": "Download Externo",
    "OptionEveryday": "Todos os dias",
    "OptionEstimateContentLength": "Estimar o tamanho do conteúdo ao transcodificar",
    "OptionEquals": "Igual a",
    "OptionEnded": "Terminado",
    "OptionEnableM2tsModeHelp": "Activar o modo m2ts ao codificar para mpegts.",
    "OptionEnableM2tsMode": "Activar modo M2ts",
    "OptionEnableExternalContentInSuggestionsHelp": "Permitir que trailers da Internet e programas de TV em Directo sejam incluídos no conteúdo sugerido.",
    "OptionEnableAccessToAllLibraries": "Permitir acesso a todas as bibliotecas",
    "OptionEnableAccessFromAllDevices": "Activar acesso de todos os dispositivos",
    "OptionEmbedSubtitles": "Incorporar no contentor",
    "OptionDvd": "DVD",
    "LabelBurnSubtitles": "Integrar legendas:",
    "LabelBlockContentWithTags": "Bloquear conteúdo com as tags:",
    "LabelBlastMessageIntervalHelp": "Determina a duração em segundos entre as mensagens de exploração enviadas pelo servidor.",
    "LabelBlastMessageInterval": "Intervalo para envio de mensagens de reconhecimento (segundos)",
    "LabelBitrate": "Taxa de bits:",
    "LabelBirthYear": "Ano de nascimento:",
    "ButtonAudioTracks": "Faixas de Áudio",
    "ButtonArrowUp": "Cima",
    "ButtonArrowRight": "Direita",
    "ButtonArrowLeft": "Esquerda",
    "ButtonArrowDown": "Baixo",
    "ButtonAddUser": "Adicionar Utilizador",
    "ButtonAddServer": "Adicionar Servidor",
    "ButtonAddScheduledTaskTrigger": "Adicionar tarefa agendada",
    "ButtonAddMediaLibrary": "Adicionar Biblioteca de Multimédia",
    "ButtonAddImage": "Adicionar Imagem",
    "ButtonAdd": "Adicionar",
    "BurnSubtitlesHelp": "Determina se o servidor deve integrar as legendas durante a conversão de vídeo, dependendo do formato da legenda. Evitar a integração de legendas melhora o desempenho do servidor. Selecione Automático para que legendas baseadas em imagem (VOBSUB, PGS, SUB/IDX) e certos formatos ASS/SSA sejam integrados.",
    "BrowsePluginCatalogMessage": "Explore as extensões disponíveis no nosso catálogo.",
    "Browse": "Explorar",
    "BoxRear": "Caixa (verso)",
    "Box": "Caixa",
    "Books": "Livros",
    "BookLibraryHelp": "Livros de texto e áudio são suportados. Consulte o guia de nomenclatura de livros{1}.",
    "Blacklist": "Lista Negra",
    "BirthPlaceValue": "Local de nascimento: {0}",
    "BirthLocation": "Local de nascimento",
    "BirthDateValue": "Nascimento: {0}",
    "Banner": "Insígnia",
    "Backdrops": "Imagens de Fundo",
    "Backdrop": "Imagem de Fundo",
    "AutoBasedOnLanguageSetting": "Automático (baseado no idioma definido)",
    "AuthProviderHelp": "Seleccione um mecanismo de autenticação a ser utilizado para validar as credenciais deste utilizador.",
    "Audio": "Áudio",
    "AttributeNew": "Novo",
    "AspectRatio": "Formato",
    "Ascending": "Crescente",
    "Art": "Capa",
    "AroundTime": "Por volta das {0}",
    "Anytime": "Qualquer altura",
    "AnyLanguage": "Qualquer idioma",
    "Artists": "Artistas",
    "AsManyAsPossible": "Tantos quanto possível",
    "AllowedRemoteAddressesHelp": "Lista de endereços IP ou IP/Máscara, separados por vírgulas, com permissão para se ligar remotamente. Se deixado em branco, todos os endereços remotos serão permitidos.",
    "AllowRemoteAccessHelp": "Se esta opção não for seleccionada, todas as ligações remotas serão bloqueadas.",
    "AllowRemoteAccess": "Permitir ligações remotas a este Servidor Jellyfin.",
    "AllowOnTheFlySubtitleExtractionHelp": "Legendas integradas podem ser extraídas do vídeo e enviadas como texto simples para os clientes para evitar transcodificação. Em certos dispositivos,  é uma operação demorada e pode causar paragens de reprodução durante o processo de extracção. Desactive esta opção para que as legendas sejam integradas no vídeo durante a conversão para um formato suportado pelo dispositivo de destino.",
    "AllowOnTheFlySubtitleExtraction": "Permitir a extracção de legendas em tempo real",
    "AllowHWTranscodingHelp": "Permitir o sintonizador converter emissões em tempo real. Poderá reduzir a necessidade do servidor converter o conteúdo.",
    "AllLibraries": "Todas as bibliotecas",
    "AllLanguages": "Todos os idiomas",
    "AllEpisodes": "Todos os episódios",
    "AllComplexFormats": "Todos os formatos complexos (ASS, SSA, VOBSUB, PGS, SUB/IDX, etc.)",
    "AllChannels": "Todos os canais",
    "All": "Todos",
    "Alerts": "Alertas",
    "Albums": "Álbuns",
    "Aired": "Estreou em",
    "AirDate": "Data de estreia",
    "AdditionalNotificationServices": "Explore o catálogo de extensões para instalar serviços adicionais de notificação.",
    "AddedOnValue": "{0} foi adicionado",
    "AddToPlaylist": "Adicionar à lista de reprodução",
    "AddToPlayQueue": "Adicionar à fila de reprodução",
    "AddToCollection": "Adicionar à colecção",
    "AddItemToCollectionHelp": "Adicione itens às colecções pesquisando-os e utilizando o respetivo menu de toque ou clique direito para os adicionar a uma colecção.",
    "Add": "Adicionar",
    "Actor": "Actor",
    "AccessRestrictedTryAgainLater": "O acesso está actualmente restrito. Por favor, tente mais tarde.",
    "Absolute": "Absoluto",
    "AlwaysPlaySubtitlesHelp": "Legendas correspondentes à língua preferida serão sempre carregadas, independentemente do idioma do áudio.",
    "SearchForMissingMetadata": "Procurar metadados em falta",
    "ScanLibrary": "Analisar biblioteca",
    "HeaderDeleteItem": "Remover item",
    "HeaderDeleteDevice": "Apagar Dispositivo",
    "HeaderDefaultRecordingSettings": "Definições de Gravação por Omissão",
    "HeaderDateIssued": "Data da Emissão",
    "HeaderCustomDlnaProfiles": "Perfis Personalizados",
    "HeaderContinueWatching": "Continuar a Assistir",
    "HeaderContinueListening": "Continuar a Ouvir",
    "HeaderContainerProfileHelp": "Os Perfis do Contentor indicam as limitações de um dispositivo ao reproduzir formatos específicos. Se hourver alguma limitação, o ficheiro multimédia será transcodificado, mesmo se o formato estiver configurado para reprodução directa.",
    "HeaderContainerProfile": "Perfil do Contentor",
    "HeaderConnectionFailure": "Falha de Ligação",
    "HeaderConnectToServer": "Ligar ao Servidor",
    "HeaderConfirmRevokeApiKey": "Revogar Chave da API",
    "HeaderConfirmProfileDeletion": "Confirmar Remoção do Perfil",
    "HeaderConfirmPluginInstallation": "Confirmar Instalação de Extensão",
    "HeaderConfigureRemoteAccess": "Configurar Acesso Remoto",
    "HeaderCodecProfileHelp": "Os perfis do Codec indicam as limitações de um dispositivo ao reproduzir codecs específicos. Se uma limitação ocorrer, o ficheiro multimédia será transcodificado, mesmo se o codec estiver configurado para reprodução direta.",
    "HeaderCodecProfile": "Perfil do Codec",
    "HeaderChapterImages": "Imagens do Capítulo",
    "HeaderChannels": "Canais",
    "HeaderChannelAccess": "Acesso ao Canal",
    "HeaderCastCrew": "Elenco e Equipa",
    "HeaderCancelSeries": "Cancelar Gravação de Série",
    "HeaderCancelRecording": "Cancelar Gravação",
    "HeaderBooks": "Livros",
    "HeaderBlockItemsWithNoRating": "Bloquear conteúdo sem informação de classificação etária ou com informação desconhecida:",
    "HeaderAutomaticUpdates": "Acualizações automáticas",
    "HeaderAudioSettings": "Configurações de Áudio",
    "HeaderAudioBooks": "Livros de Áudio",
    "HeaderApp": "Aplicação",
    "HeaderApiKeysHelp": "As aplicações externas necessitam de uma chave da API para comunicar com o Jellyfin Server. As chaves são emitidas ao entrar com uma conta Jellyfin ou concedendo manualmente a chave à aplicação.",
    "HeaderApiKeys": "Chaves da API",
    "HeaderApiKey": "Chave da API",
    "HeaderAllowMediaDeletionFrom": "Permitir remoção de multimédia a partir de",
    "HeaderAlert": "Alerta",
    "HeaderAlbums": "Álbuns",
    "HeaderAlbumArtists": "Artistas do Álbum",
    "HeaderAdditionalParts": "Partes Adicionais",
    "HeaderAddUser": "Adicionar Utilizador",
    "HeaderAddUpdateImage": "Adicionar/Actualizar Imagem",
    "HeaderAddToPlaylist": "Adicionar à Lista de Reprodução",
    "HeaderAddToCollection": "Adicionar à Colecção",
    "HeaderAddScheduledTaskTrigger": "Adicionar Tarefa Agendada",
    "HeaderActivity": "Actividade",
    "HeaderActiveRecordings": "Gravações Activas",
    "HeaderActiveDevices": "Dispositivos Activos",
    "HeaderAccessScheduleHelp": "Crie uma restrição horária de acesso para limitar o acesso ao Jellyfin a determinadas horas.",
    "HeaderAccessSchedule": "Restrição Horária de Acesso",
    "HardwareAccelerationWarning": "Activar a aceleração por hardware pode causar instabilidade em alguns ambientes. Garanta que o sistema operativo e os controladores da placa gráfica estão actualizados. Se tiver dificuldades em reproduzir vídeo depois de alterar esta opção, pode ser necessário repor a configuração   \\\"None\\\".",
    "HandledByProxy": "Gerido pelo proxy inverso",
    "HDPrograms": "Programas HD",
    "EncoderPresetHelp": "Escolha um valor mais rápido para melhorar o desempenho, ou um valor mais lento para melhorar a qualidade.",
    "H264CrfHelp": "O parâmetro \\\"Constant Rate Factor (CRF)\\\" define  o nível de qualidade usadoi por omissão pelo codificador x264. Os valores variam entre 0 e 51, em que valores mais baixos resultam em maior qualidade (com o custo de ficheiros maiores). Valores  entre 18 e 28 são habitualmente considerados aceitáveis. O valor por omissão é 23, sendo um bom ponto de partida para ajustes.",
    "GuideProviderSelectListings": "Seleccionar Listas",
    "Guide": "Programação",
    "GuestStar": "Estrela convidada",
    "GroupVersions": "Agrupar versões",
    "GroupBySeries": "Agrupar por série",
    "GenresValue": "Géneros: {0}",
    "ErrorAddingListingsToSchedulesDirect": "Ocorreu um erro ao adicionar o alinhamento à sua conta Schedules Direct. As contas Schedules Direct permitem apenas um número limitado de alinhamentos. Poderá ser necessário iniciar sessão na sua conta e remover outras listagens antes de prosseguir.",
    "Ended": "Terminado",
    "DefaultMetadataLangaugeDescription": "Estes são os valores por omissão que podem ser individualizados para cada uma das bibliotecas.",
    "Genres": "Géneros",
    "GenreValue": "Género: {0}",
    "General": "Geral",
    "Fullscreen": "Ecrã inteiro",
    "Friday": "Sexta",
    "FormatValue": "Formato: {0}",
    "Folders": "Directórios",
    "FolderTypeUnset": "Conteúdo Misto",
    "FolderTypeTvShows": "Programas TV",
    "FolderTypeMusicVideos": "Videoclips",
    "FolderTypeMusic": "Música",
    "FolderTypeMovies": "Filmes",
    "OptionIgnoreTranscodeByteRangeRequests": "Ignorar requisições de extensão do byte de transcodificação",
    "OptionEnableAccessToAllChannels": "Permitir acesso a todos os canais",
    "OptionDownloadDiscImage": "Disco",
    "FetchingData": "Buscando Dados Adicionais",
    "EnableStreamLooping": "Habilitar loop do streaming",
    "Down": "Baixar",
    "HeaderTags": "Tags",
    "HeaderNavigation": "Navegar",
    "CopyStreamURLError": "Ocorreu um erro ao copiar o URL.",
    "ButtonSplit": "Dividir",
    "AskAdminToCreateLibrary": "Peça  a um administrador para criar a biblioteca.",
    "AllowFfmpegThrottling": "Transcodificação com falhas",
    "DashboardOperatingSystem": "Sistema Operativo",
    "LabelUserLoginAttemptsBeforeLockout": "Número de tentativas de login falhadas antes do bloqueio do utilizador:",
    "LabelTrackNumber": "Número da faixa:",
    "LabelSportsCategories": "Categorias de Desportos:",
    "Yesterday": "Ontem"
}
