{
    "AccessRestrictedTryAgainLater": "För närvarande är åtkomst begränsad. Försök igen senare.",
    "Actor": "Skådespelare",
    "Add": "Lägg till",
    "AddItemToCollectionHelp": "Lägg till objekt till samlingar genom att först söka efter dem och sen högerklicka eller tappa upp menyn för att lägga till dem.",
    "AddToCollection": "Lägg till i samling",
    "AddToPlayQueue": "Lägg till i spelkö",
    "AddToPlaylist": "Lägg till i spellista",
    "AddedOnValue": "Lade till {0}",
    "AdditionalNotificationServices": "Sök efter fler meddelandetillägg i tilläggskatalogen.",
    "AirDate": "Sändningsdatum",
    "Aired": "Sändes",
    "Albums": "Album",
    "All": "Alla",
    "AllChannels": "Alla kanaler",
    "AllComplexFormats": "Alla komplexa format (ASS, SSA, VOBSUB, PGS, SUB/IDX, etc.)",
    "AllEpisodes": "Alla avsnitt",
    "AllLanguages": "Alla språk",
    "AllLibraries": "Alla bibliotek",
    "AllowHWTranscodingHelp": "Tillåt TV-mottagaren att omkoda strömmar. Det kan minska behovet av omkodning på Jellyfin Servern.",
    "AllowOnTheFlySubtitleExtraction": "Tillåt undertextsextrahering under uppspelning",
    "AllowOnTheFlySubtitleExtractionHelp": "Inbäddade undertexter kan extraheras ur videor och skickas till klienter i textformat för att förhindra omkodning. I vissa system kan detta ta en lång tid och stoppa videouppspelningen under extraheringsprocessen. Avaktivera detta för att bränna in inbäddade undertexter genom omkodning när de inte stöds av klienten.",
    "AllowRemoteAccess": "Tillåt fjärranslutningar till denna Jellyfin-server.",
    "AllowRemoteAccessHelp": "Om avaktiverat så blockeras alla fjärranslutningar.",
    "AlwaysPlaySubtitles": "Visa alltid undertexter",
    "AlwaysPlaySubtitlesHelp": "Undertexter på det önskade språket kommer att laddas oavsett ljudspårets språk.",
    "AnyLanguage": "Vilket språk som helst",
    "Anytime": "När som helst",
    "AroundTime": "Runt {0}",
    "Art": "Grafik",
    "Artists": "Artister",
    "AsManyAsPossible": "Så många som möjligt",
    "AspectRatio": "Bildförhållande",
    "AttributeNew": "Ny",
    "Audio": "Ljud",
    "AutoBasedOnLanguageSetting": "Automatisk (baserad på språkinställning)",
    "Backdrop": "Fondbild",
    "Backdrops": "Fondbilder",
    "Banner": "Banderoll",
    "BirthDateValue": "Född: {0}",
    "BirthLocation": "Födelseort",
    "BirthPlaceValue": "Födelseort:{0}",
    "BookLibraryHelp": "Ljud- och textböcker stöds. Läs {0}boknamngivningsguide{1}.",
    "Books": "Böcker",
    "Box": "Omslag",
    "BoxRear": "Omslag (baksida)",
    "Browse": "Bläddra",
    "BrowsePluginCatalogMessage": "Besök katalogen för att se tillgängliga tillägg.",
    "BurnSubtitlesHelp": "Avgör ifall servern ska \"bränna in\" undertexterna under videokonverteringen, beroende på undertextsformatet. Att undvika inbränning av undertexter kommer att förbättra prestandan på servern. Välj Automatisk för att bränna bild-baserade formats (ex. VOBSUB, PGS, SUB/IDX, etc.) och vissa ASS/SSA undertexter.",
    "ButtonAdd": "Lägg till",
    "ButtonAddMediaLibrary": "Lägg till mediabibliotek",
    "ButtonAddScheduledTaskTrigger": "Lägg till utlösare",
    "ButtonAddServer": "Lägg till server",
    "ButtonAddUser": "Ny användare",
    "ButtonArrowDown": "Ned",
    "ButtonArrowLeft": "Vänster",
    "ButtonArrowRight": "Höger",
    "ButtonArrowUp": "Upp",
    "ButtonAudioTracks": "Ljudspår",
    "ButtonBack": "Föregående",
    "ButtonCancel": "Avbryt",
    "ButtonChangeServer": "Byt server",
    "ButtonConnect": "Anslut",
    "ButtonDelete": "Ta bort",
    "ButtonDeleteImage": "Ta bort bild",
    "ButtonDown": "Ner",
    "ButtonDownload": "Ladda ned",
    "ButtonEdit": "Ändra",
    "ButtonEditImages": "Ändra bilder",
    "ButtonEditOtherUserPreferences": "Ändra den här användarens profil, bild och personliga inställningar.",
    "ButtonFilter": "Filtrera",
    "ButtonForgotPassword": "Glömt Lösenord",
    "ButtonFullscreen": "Fullskärm",
    "ButtonGotIt": "Ok",
    "ButtonHelp": "Hjälp",
    "ButtonHome": "Hem",
    "ButtonLearnMore": "Läs mer",
    "ButtonLibraryAccess": "Biblioteksåtkomst",
    "ButtonManualLogin": "Manuell inloggning",
    "ButtonMore": "Mer",
    "ButtonNetwork": "Nätverk",
    "ButtonNew": "Nytillkommet",
    "ButtonNextTrack": "Nästa spår",
    "ButtonOff": "Av",
    "ButtonOk": "OK",
    "ButtonOpen": "Öppna",
    "ButtonParentalControl": "Föräldralås",
    "ButtonPause": "Paus",
    "ButtonPlay": "Spela upp",
    "ButtonPreviousTrack": "Föregående spår",
    "ButtonProfile": "Profil",
    "ButtonQuickStartGuide": "Snabbstartguide",
    "ButtonRefresh": "Uppdatera",
    "ButtonRefreshGuideData": "Uppdatera programguiden",
    "ButtonRemove": "Ta bort",
    "ButtonRename": "Ändra namn",
    "ButtonRepeat": "Upprepa",
    "ButtonResetEasyPassword": "Återställ enkel pin-kod",
    "ButtonResetPassword": "Återställ lösenord",
    "ButtonRestart": "Starta om",
    "ButtonResume": "Återuppta",
    "ButtonRevoke": "Återkalla",
    "ButtonSave": "Spara",
    "ButtonScanAllLibraries": "Scanna alla bibliotek",
    "ButtonSearch": "Sök",
    "ButtonSelectDirectory": "Välj mapp",
    "ButtonSelectServer": "Välj server",
    "ButtonSelectView": "Välj vy",
    "ButtonSend": "Skicka",
    "ButtonSettings": "Inställningar",
    "ButtonShuffle": "Blanda",
    "ButtonShutdown": "Stäng av",
    "ButtonSignIn": "Logga in",
    "ButtonSignOut": "Logga ut",
    "ButtonSort": "Sortera",
    "ButtonStop": "Stopp",
    "ButtonSubmit": "Bekräfta",
    "ButtonSubtitles": "Undertexter",
    "ButtonUninstall": "Avinstallera",
    "ButtonUp": "Upp",
    "ButtonViewWebsite": "Gå till hemsidan",
    "ButtonWebsite": "Hemsida",
    "CancelRecording": "Avbryt inspelning",
    "CancelSeries": "Avbryt serie",
    "Categories": "Kategorier",
    "ChannelAccessHelp": "Välj kanaler att dela med denna användare. Administratörer kan redigera alla kanaler med hjälp av metadatahanteraren.",
    "ChannelNameOnly": "Endast kanal {0}",
    "ChannelNumber": "Kanalnummer",
    "CinemaModeConfigurationHelp": "Bioläget gör ditt vardagsrum till en biograf genom möjligheten att visa trailers och egna vinjetter innan filmen börjar.",
    "Collections": "Samlingar",
    "CommunityRating": "Användaromdöme",
    "Composer": "Kompositör",
    "ConfigureDateAdded": "Konfigurera hur tillagt datum bestäms i Jellyfin servern under Biblioteksinställningar",
    "ConfirmDeleteImage": "Ta bort bild?",
    "ConfirmDeleteItem": "Tar du bort det här objeketet så tas det bort från både ditt filsystem och mediabibliotek. Är du säker på att du vill fortsätta?",
    "ConfirmDeleteItems": "Tar du bort dessa objekt tas dom också bort ifrån både ditt filsystem och mediabibliotek. Är du säker på att du vill fortsätta?",
    "ConfirmDeletion": "Bekräfta radering",
    "ConfirmEndPlayerSession": "Vill du stänga ner Jellyfin på {0}?",
    "Connect": "Anslut",
    "ContinueWatching": "Fortsätt titta på",
    "Continuing": "Pågående",
    "CriticRating": "Kritikerbetyg",
    "CustomDlnaProfilesHelp": "Skapa en anpassad profil för ny enhet eller för att överlappa en systemprofil.",
    "DateAdded": "Inlagd den",
    "DatePlayed": "Senast visad",
    "DeathDateValue": "Död: {0}",
    "Default": "Standard",
    "DefaultErrorMessage": "Ett fel uppstd vid begäran. Försök igen senare.",
    "DefaultSubtitlesHelp": "Undertexter visas baserat på standardspråk och tvingande undertexter i den inbäddade metadatan. Förvalsspråk kommer väljas när fler val är möjliga.",
    "Delete": "Ta bort",
    "DeleteDeviceConfirmation": "Är du säker på att du vill ta bort den här enheten? Den kommer att dyka upp igen nästa gång en användare kopplar upp sig med den.",
    "DeleteImage": "Ta bort bild",
    "DeleteImageConfirmation": "Är du säker på att du vill ta bort den här bilden?",
    "DeleteMedia": "Ta bort media",
    "DeleteUser": "Ta bort användare",
    "DeleteUserConfirmation": "Är du säker på att du vill radera denna användare?",
    "Depressed": "Nedsänkt",
    "Desktop": "Skrivbord",
    "DetectingDevices": "Söker efter enheter",
    "DeviceAccessHelp": "Detta tillämpas endast för enheter som kan bli unikt identifierade och som inte förhindrar åtkomst till browsern. Filtering av användarenheter kommer att blockera dom från att använda nya enheter tills dom har blivit godkända här.",
    "DirectPlaying": "Direktuppspelning",
    "DirectStreamHelp1": "Innehållet är kompatibelt med enheten vad gäller upplösning och medietyp (H.264, AC3 osv.) men är i ett inkompatibelt filformat (mkv, avi, wmv osv.). Videofilen kommer att packas om i realtid innan den strömmas till enheten.",
    "DirectStreamHelp2": "Direktströmning av en fil använder väldigt lite resurser av CPU'n utan att bildkvaliten försämras.",
    "DirectStreaming": "Direktströmning",
    "Director": "Regissör",
    "DirectorValue": "Regi: {0}",
    "DirectorsValue": "Regi: {0}",
    "Disabled": "Inaktiverad",
    "Disc": "Skiva",
    "Disconnect": "Koppla bort",
    "Dislike": "Ogilla",
    "Display": "Visning",
    "DisplayInMyMedia": "Visa på hemskärmen",
    "DisplayInOtherHomeScreenSections": "Visa sektioner på hemskärmen som till exempel senast media och fortsätt kolla på",
    "DisplayMissingEpisodesWithinSeasons": "Visa saknade avsnitt i säsonger",
    "DisplayMissingEpisodesWithinSeasonsHelp": "Detta måste också vara aktiverat för TV-bibliotek i serverkonfigurationen.",
    "DisplayModeHelp": "Välj vilken typ av skärm som du kör Jellyfin på.",
    "DoNotRecord": "Spela inte in",
    "Down": "Ner",
    "Download": "Ladda ned",
    "DownloadsValue": "Nedladdningar: {0}",
    "DrmChannelsNotImported": "Kanaler med DRM kommer inte att importeras.",
    "DropShadow": "Mjuk",
    "EasyPasswordHelp": "Din enkla pin-kod används för att logga in offline på klienter som stödjer det, och kan också användas för enkel inloggning från ditt nätverk.",
    "Edit": "Ändra",
    "EditImages": "Ändra bilder",
    "EditMetadata": "Redigera metadata",
    "EditSubtitles": "Ändra undertexter",
    "EnableBackdrops": "Fondbilder",
    "EnableBackdropsHelp": "Visar fondbilder i bakgrunden av vissa sidor vid bläddring i biblioteket.",
    "EnableCinemaMode": "Bioläge",
    "EnableColorCodedBackgrounds": "Färgkodade bakgrundsbilder",
    "EnableDisplayMirroring": "Skärmspegling",
    "EnableExternalVideoPlayers": "Externa videospelare",
    "EnableExternalVideoPlayersHelp": "En extern uppspelningsmeny kommer att visas när man startar en videouppspelning.",
    "EnableHardwareEncoding": "Aktivera hårdvaruomkodning",
    "EnableNextVideoInfoOverlay": "Visa info om nästa video under uppspelning",
    "EnableNextVideoInfoOverlayHelp": "Vid slutet av en video, visa information om nästföljande video i spellistan.",
    "EnablePhotos": "Visa foton",
    "EnablePhotosHelp": "Bilder kommer upptäckas och visas tillsammans med andra mediefiler.",
    "EnableThemeSongs": "Signaturmelodi",
    "EnableThemeSongsHelp": "Spela ledmotiv i bakgrunden vid bläddring i biblioteket.",
    "EnableThemeVideos": "Tema-videor",
    "EnableThemeVideosHelp": "Spela tema-videos i bakgrunden vid bläddring i biblioteket.",
    "Ended": "Avslutad",
    "EndsAtValue": "Slutar vid: {0}",
    "Episodes": "Avsnitt",
    "ErrorAddingMediaPathToVirtualFolder": "Det gick inte att lägga till sökvägen. Kontrollera att sökvägen är korrekt och att Jellyfin Server har rättigheter till sökvägen.",
    "ErrorAddingTunerDevice": "Det gick inte att lågga till den här TV-mottagaren. Säkerställ att den går att nå och försök igen.",
    "ErrorDeletingItem": "Det gick inte att ta bort det här objektet från Jellyfin-servern. Kontrollera att Jellyfin-servern har skrivrättigheter till media-mappen och försök igen.",
    "ErrorGettingTvLineups": "Ett fel uppstod vid nedladdningen utav TV-sortimentet. Se till så att uppgifterna stämmer och försök igen.",
    "ErrorMessageStartHourGreaterThanEnd": "Sluttiden måste vara senare än starttiden.",
    "ErrorPleaseSelectLineup": "Välj en lineup och försök igen. Om inga lineups finns tillgängliga, kolla så att användarnamn, lösenord och postnummer stämmer.",
    "ErrorSavingTvProvider": "Ett fel uppstod när TV-tjänsten skulle sparas. Se till att den går att nå och försök igen senare.",
    "EveryNDays": "Var {0}:e dag",
    "ExitFullscreen": "Avsluta fullskärm",
    "ExtraLarge": "Extra Stor",
    "ExtractChapterImagesHelp": "Att extrahera kapitelrutor möjliggör för klienter att visa grafiska menyer för kapitelval. Aktiviteten kan vara långsam, resurs-intensiv och kan kräva flera gigabyte i utrymme. Aktiviteten körs när nya videofiler upptäcks, och är även schemalagd under nattetid. Schemat går att konfigurera under schemalagda aktiviteter. Det är inte rekommenderat att köra den här aktiviteten vid tider med hög belastning.",
    "FFmpegSavePathNotFound": "Det gick inte att hitta FFmpeg med den angivna sökvägen. FFprobe måste även finnas i samma mapp. Dessa komponenter inkluderas normalt i samma nedladdning. Var god undersök sökvägen och försök igen.",
    "Favorite": "Favorit",
    "Favorites": "Favoriter",
    "Features": "Innehåll",
    "File": "Fil",
    "FileNotFound": "Kan inte hitta filen.",
    "FileReadCancelled": "Inläsningen av filen har avbrutits.",
    "FileReadError": "Ett fel inträffade vid inläsningen av filen.",
    "Filters": "Filter",
    "FolderTypeBooks": "Böcker",
    "FolderTypeMovies": "Filmer",
    "FolderTypeMusic": "Musik",
    "FolderTypeMusicVideos": "Musikvideor",
    "FolderTypeTvShows": "TV Serier",
    "FolderTypeUnset": "Blandat Innehåll",
    "Folders": "Mappar",
    "Friday": "Fredag",
    "Fullscreen": "Fullskärm",
    "Genres": "Genrer",
    "GenresValue": "Genrer: {0}",
    "GroupBySeries": "Gruppera efter serie",
    "GroupVersions": "Gruppera versioner",
    "GuestStar": "Gästmedverkande",
    "GuideProviderLogin": "Logga in",
    "GuideProviderSelectListings": "Välj listor",
    "H264CrfHelp": "Constant Rate Factor (CRF) är kvalitetsinställningen för x264-kodeken. Du kan använda värden mellan 0 och 51, där lägre värden resulterar i bättre kvalitet (på bekostnad av större filstorlekar). Rimliga värden ligger mellan 18 och 28. Det förvalda värdet är 23, som du kan använda som utgångspunkt.",
    "EncoderPresetHelp": "Välj ett snabbare värde för öka prestandan, eller ett långsammare värde för att utöka kvaliten.",
    "HDPrograms": "HD-program",
    "HandledByProxy": "Hanteras av reverse proxy",
    "HardwareAccelerationWarning": "Aktivering av hårdvaruacceleration kan innebära instabilitet i vissa miljöer. Säkerställ att ditt operativsystem och dina grafikdrivrutiner är helt uppdaterade. Om du har problem med uppspelning när detta är på behöver du ändra tillbaka inställningen till Auto.",
    "HeaderAccessSchedule": "Schema för åtkomst",
    "HeaderAccessScheduleHelp": "Skapa ett schema för att begränsa åtkomsten till vissa tider.",
    "HeaderActiveDevices": "Aktiva enheter",
    "HeaderActiveRecordings": "Pågående inspelningar",
    "HeaderActivity": "Aktivitet",
    "HeaderAddScheduledTaskTrigger": "Lägg till utlösare",
    "HeaderAddToCollection": "Lägg till samling",
    "HeaderAddToPlaylist": "Lägg till i Spellista",
    "HeaderAddUpdateImage": "Lägg till/uppdatera bild",
    "HeaderAddUser": "Lägg till användare",
    "HeaderAdditionalParts": "Ytterligare delar",
    "HeaderAlbumArtists": "Albumartister",
    "HeaderAlbums": "Album",
    "HeaderAlert": "Varning",
    "HeaderAllowMediaDeletionFrom": "Tillåt mediaborttagning från",
    "HeaderApiKey": "API-nyckel",
    "HeaderApiKeys": "API-nycklar",
    "HeaderApiKeysHelp": "Externa applikationer behöver en API-nyckel för att kommunicera med Jellyfin servern. Nycklar skapas genom att logga in med ett Jellyfin-konto eller genom att manuellt skapa en nyckel till applikationen.",
    "HeaderAudioBooks": "Ljudböcker",
    "HeaderAudioSettings": "Ljudinställningar",
    "HeaderAutomaticUpdates": "Automatiska uppdateringar",
    "HeaderBlockItemsWithNoRating": "Blockera innehåll med ingen eller okänd åldersgräns:",
    "HeaderBooks": "Böcker",
    "HeaderCancelRecording": "Avbryt inspelning",
    "HeaderCancelSeries": "Avbryt serie",
    "HeaderCastAndCrew": "Medverkande",
    "HeaderCastCrew": "Rollista & besättning",
    "HeaderChannelAccess": "Kanalåtkomst",
    "HeaderChannels": "Kanaler",
    "HeaderChapterImages": "Kapitelbilder",
    "HeaderCodecProfile": "Profil för videokodning",
    "HeaderCodecProfileHelp": "Avkodarprofiler bestämmer begränsningarna hos en enhet när den spelar upp olika kodningstyper. Om en begränsning är aktuell kommer innehållet att kodas om, även om kodningstypen sig är inställd för direkt avspelning.",
    "HeaderConfigureRemoteAccess": "Konfigurera fjärråtkomst",
    "HeaderConfirmPluginInstallation": "Bekräfta installation av tillägg",
    "HeaderConfirmProfileDeletion": "Bekräfta radering av profil",
    "HeaderConfirmRevokeApiKey": "Återkalla API-nyckel",
    "HeaderConnectToServer": "Anslut till Server",
    "HeaderConnectionFailure": "Misslyckad anslutning",
    "HeaderContainerProfile": "Behållareprofil",
    "HeaderContainerProfileHelp": "Behållareprofiler bestämmer begränsningarna hos en enhet när den spelar upp olika filformat. Om en begränsning är aktuell kommer innehållet att kodas om, även om formatet i sig är inställt för direkt avspelning.",
    "HeaderContinueListening": "Fortsätt lyssna på",
    "HeaderContinueWatching": "Fortsätt kolla",
    "HeaderCustomDlnaProfiles": "Anpassade profiler",
    "HeaderDateIssued": "Utgivningsdatum",
    "HeaderDefaultRecordingSettings": "Standard inspelningsinställningar",
    "HeaderDeleteDevice": "Ta bort enhet",
    "HeaderDeleteItem": "Radera objekt",
    "HeaderDeleteItems": "Ta bort objekt",
    "HeaderDeleteProvider": "Ta bort källa",
    "HeaderDeleteTaskTrigger": "Ta bort aktivitetsutlösare",
    "HeaderDetectMyDevices": "Upptäck mina enheter",
    "HeaderDeveloperInfo": "Information för utvecklare",
    "HeaderDeviceAccess": "Enhetsåtkomst",
    "HeaderDevices": "Enheter",
    "HeaderDirectPlayProfile": "Profil för direktuppspelning",
    "HeaderDirectPlayProfileHelp": "Ange direktuppspelningsprofiler för att indikera vilka format enheten kan spela upp utan omkodning.",
    "HeaderDisplay": "Visning",
    "HeaderDownloadSync": "Ladda ner & Synka",
    "HeaderEasyPinCode": "Lätt pinkod",
    "HeaderEditImages": "Redigera bilder",
    "HeaderEnabledFields": "Aktiverade fält",
    "HeaderEnabledFieldsHelp": "Bocka ur ett fält för att låsa det och undvik att dess data ändras.",
    "HeaderEpisodes": "Avsnitt",
    "HeaderError": "Fel",
    "HeaderExternalIds": "Externa ID:",
    "HeaderFeatureAccess": "Tillgång till funktioner",
    "HeaderFeatures": "Extramaterial",
    "HeaderFetchImages": "Hämta bilder:",
    "HeaderFilters": "Filter",
    "HeaderForKids": "För barn",
    "HeaderForgotPassword": "Glömt Lösenord",
    "HeaderFrequentlyPlayed": "Ofta spelade",
    "HeaderGenres": "Genrer",
    "HeaderGuideProviders": "Källor för programguide",
    "HeaderHttpHeaders": "HTTP headers",
    "HeaderIdentification": "Identifiering",
    "HeaderIdentificationCriteriaHelp": "Skriv in minst ett kriterie för identifiering.",
    "HeaderIdentificationHeader": "ID-rubrik",
    "HeaderIdentifyItemHelp": "Ange ett eller flera sökkriterier. Ta bort kriterier för att få fler träffar.",
    "HeaderImageSettings": "Bildinställningar",
    "HeaderInstall": "Installera",
    "HeaderInstantMix": "Direktmix",
    "HeaderItems": "Objekt",
    "HeaderKeepRecording": "Fortsätt spela in",
    "HeaderKeepSeries": "Behåll serie",
    "HeaderKodiMetadataHelp": "Jellyfin har stöd för NFO-metadatafiler. För att aktivera eller inaktivera NFO-metadata, använd Metadata-fliken för att konfigurera NFO-stöd för dina mediatyper.",
    "HeaderLatestEpisodes": "Senaste avsnitten",
    "HeaderLatestMedia": "Nytillkommet",
    "HeaderLatestMovies": "Nytillkomna filmer",
    "HeaderLatestMusic": "Nytillkommen musik",
    "HeaderLatestRecordings": "Senaste inspelningar",
    "HeaderLibraries": "Bibliotek",
    "HeaderLibraryAccess": "Biblioteksåtkomst",
    "HeaderLibraryFolders": "Biblioteksmappar",
    "HeaderLibraryOrder": "Biblioteksordning",
    "HeaderLibrarySettings": "Biblioteksinställningar",
    "HeaderLiveTV": "Live-TV",
    "HeaderLiveTv": "Live-TV",
    "HeaderLoginFailure": "Misslyckad inloggning",
    "HeaderMediaFolders": "Mediamappar",
    "HeaderMediaInfo": "Medieinformation",
    "HeaderMetadataSettings": "Metadatainställningar",
    "HeaderMoreLikeThis": "Mer som denna",
    "HeaderMovies": "Filmer",
    "HeaderMusicQuality": "Musikkvalitet",
    "HeaderMusicVideos": "Musikvideor",
    "HeaderMyDevice": "Min enhet",
    "HeaderMyMedia": "Min media",
    "HeaderMyMediaSmall": "Min media (liten)",
    "HeaderNewApiKey": "Ny API-nyckel",
    "HeaderNewDevices": "Nya enheter",
    "HeaderNextEpisodePlayingInValue": "Nästa avsnitt börjar om {0}",
    "HeaderNextUp": "Nästa",
    "HeaderNextVideoPlayingInValue": "Nästa video börjar om {0}",
    "HeaderOnNow": "Visas nu",
    "HeaderOtherItems": "Övriga objekt",
    "HeaderPassword": "Lösenord",
    "HeaderPasswordReset": "Återställning av lösenordet",
    "HeaderPaths": "Sökvägar",
    "HeaderPendingInvitations": "Väntande inbjudningar",
    "HeaderPeople": "Personer",
    "HeaderPhotoAlbums": "Fotoalbum",
    "HeaderPinCodeReset": "Återställ pinkod",
    "HeaderPlayAll": "Spela upp alla",
    "HeaderPlayOn": "Spela på",
    "HeaderPlayback": "Media uppspelning",
    "HeaderPlaybackError": "Uppspelningsfel",
    "HeaderPleaseSignIn": "Var god logga in",
    "HeaderPluginInstallation": "Installation av tillägg",
    "HeaderPreferredMetadataLanguage": "Önskat språk för metadata",
    "HeaderProfile": "Profil",
    "HeaderProfileInformation": "Profilinformation",
    "HeaderProfileServerSettingsHelp": "Dessa inställningar kontrollerar hur Jellyfin Server presenterar sig för enheten.",
    "HeaderRecentlyPlayed": "Nyligen spelade",
    "HeaderRecordingOptions": "Inspelningsalternativ",
    "HeaderRecordingPostProcessing": "Post-proccessing för inspelningar",
    "HeaderRemoteControl": "Fjärrkontroll",
    "HeaderRemoveMediaFolder": "Ta bort mediamapp",
    "HeaderRemoveMediaLocation": "Ta bort mediaplats",
    "HeaderResponseProfile": "Svarsprofil",
    "HeaderResponseProfileHelp": "Svarsprofiler är ett sätt att anpassa den information som sänds till enheten då olika typer av media spelas upp.",
    "HeaderRestart": "Starta om",
    "HeaderRevisionHistory": "Revisionshistorik",
    "HeaderRunningTasks": "Pågående aktiviteter",
    "HeaderScenes": "Kapitel",
    "HeaderSchedule": "Schema",
    "HeaderSeasons": "Säsonger",
    "HeaderSecondsValue": "{0} sekunder",
    "HeaderSelectCertificatePath": "Välj sökväg för certifikat",
    "HeaderSelectMetadataPath": "Välj plats för metadatalagring",
    "HeaderSelectMetadataPathHelp": "Bläddra fram till eller ange plats för lagring av metadata. Katalogen måste vara tillgänglig för skrivning.",
    "HeaderSelectPath": "Välj sökväg",
    "HeaderSelectServer": "Välj server",
    "HeaderSelectServerCachePath": "Välj plats för serverns cache",
    "HeaderSelectServerCachePathHelp": "Bläddra fram till eller ange plats för serverns cache. Katalogen måste vara tillgänglig för skrivning.",
    "HeaderSelectTranscodingPath": "Välj plats för mellanlagring vid omkodning",
    "HeaderSelectTranscodingPathHelp": "Bläddra fram till eller ange plats för omkodarens mellanlagring. Katalogen måste vara tillgänglig för skrivning.",
    "HeaderSendMessage": "Skicka meddelande",
    "HeaderSeries": "Serier",
    "HeaderSeriesOptions": "Seriealternativ",
    "HeaderSeriesStatus": "Seriestatus",
    "HeaderServerSettings": "Serverinställningar",
    "HeaderSettings": "Inställningar",
    "HeaderSetupLibrary": "Sätt upp dina mediabibliotek",
    "HeaderShutdown": "Stäng av",
    "HeaderSortBy": "Sortera efter",
    "HeaderSortOrder": "Sortering",
    "HeaderSpecialEpisodeInfo": "Information om specialavsnitt",
    "HeaderSpecialFeatures": "Extramaterial",
    "HeaderStartNow": "Starta nu",
    "HeaderSubtitleAppearance": "Undertextutseende",
    "HeaderSubtitleDownloads": "Undertextshämtningar",
    "HeaderSubtitleProfile": "Undertextprofil",
    "HeaderSubtitleProfiles": "Undertextprofiler",
    "HeaderSubtitleProfilesHelp": "Undertextprofiler beskriver de undertextformat som stöds av enheten.",
    "HeaderSystemDlnaProfiles": "Systemprofiler",
    "HeaderTags": "Etiketter",
    "HeaderTaskTriggers": "Aktivitetsutlösare",
    "HeaderThisUserIsCurrentlyDisabled": "Den här användaren är inaktiverad",
    "HeaderTracks": "Spår",
    "HeaderTranscodingProfile": "Profil för omkodning",
    "HeaderTranscodingProfileHelp": "Ange omkodningsprofiler för att indikera vilka format som ska användas då omkodning krävs.",
    "HeaderTunerDevices": "TV-mottagare",
    "HeaderTuners": "TV-mottagare",
    "HeaderTypeText": "Ange text",
    "HeaderUpcomingOnTV": "Kommande på TV",
    "HeaderUploadImage": "Ladda upp bild",
    "HeaderUser": "Användare",
    "HeaderUsers": "Användare",
    "HeaderVideoQuality": "Videokvalitet",
    "HeaderVideoType": "Videotyp",
    "HeaderVideoTypes": "Videotyper",
    "HeaderXmlDocumentAttribute": "XML-dokumentattribut",
    "HeaderXmlDocumentAttributes": "XML-dokumentattribut",
    "HeaderXmlSettings": "XML-inställningar",
    "HeaderYears": "År",
    "HeadersFolders": "Mappar",
    "Help": "Hjälp",
    "Hide": "Dölj",
    "HideWatchedContentFromLatestMedia": "Dölj visat innehåll ifrån senaste media",
    "Home": "Hem",
    "Horizontal": "Horisontell",
    "Identify": "Identifiera",
    "Images": "Bilder",
    "ImportFavoriteChannelsHelp": "Aktivera för att endast importera kanaler som är märkta som favoriter på den här TV-mottagaren.",
    "ImportMissingEpisodesHelp": "Om aktiverat importeras information om saknade episoder till din Jellyfin-databas och visas i seriesäsongerna. Detta kan innebära längre tidsåtgång för biblioteksskanningar.",
    "InstallingPackage": "Installerar {0}",
    "InstantMix": "Omedelbar mix",
    "ItemCount": "{0} objekt",
    "Items": "Objekt",
    "Kids": "Barn",
    "Label3DFormat": "3D-format:",
    "LabelAbortedByServerShutdown": "(avbröts eftersom servern stängdes av)",
    "LabelAccessDay": "Veckodag:",
    "LabelAccessEnd": "Sluttid:",
    "LabelAccessStart": "Starttid:",
    "LabelAirDays": "Sändningsdagar:",
    "LabelAirTime": "Sändningstid:",
    "LabelAirsAfterSeason": "Sänds efter säsong:",
    "LabelAirsBeforeEpisode": "Sänds före avsnitt:",
    "LabelAirsBeforeSeason": "Sänds före säsong:",
    "LabelAlbumArtHelp": "PN som används för omslagsbilder, inom attributet dlna:profileID hos upnp:albumArtURI. Vissa enheter kräver ett specifikt värde, oavsett bildens storlek.",
    "LabelAlbumArtMaxHeight": "Skivomslagens maxhöjd:",
    "LabelAlbumArtMaxHeightHelp": "Högsta upplösning hos omslagsbilder presenterade via upnp:albumArtURI.",
    "LabelAlbumArtMaxWidth": "Maximal bredd för omslagsbilder:",
    "LabelAlbumArtMaxWidthHelp": "Högsta upplösning hos omslagsbilder presenterade via upnp:albumArtURI.",
    "LabelAlbumArtPN": "PN för omslagsbilder:",
    "LabelAlbumArtists": "Albumartist:",
    "LabelAll": "Alla",
    "LabelAllowHWTranscoding": "Tillåt hårdvaruomkodning",
    "LabelAllowServerAutoRestart": "Tillåt att servern startas om automatiskt efter uppdateringar",
    "LabelAllowServerAutoRestartHelp": "Servern startas om endast då inga användare är inloggade.",
    "LabelAppName": "Appens namn",
    "LabelAppNameExample": "Exempel: Sickbeard, Sonarr",
    "LabelArtists": "Artister:",
    "LabelArtistsHelp": "Separera med vid flera ;",
    "LabelAudio": "Ljud:",
    "LabelAudioLanguagePreference": "Önskat ljudspråk:",
    "LabelAutomaticallyRefreshInternetMetadataEvery": "Uppdatera metadata automatiskt ifrån internet:",
    "LabelBindToLocalNetworkAddress": "Knyt till lokal nätverksadress:",
    "LabelBindToLocalNetworkAddressHelp": "Valfri. Skriv över den lokala IP-adressen att binda http-servern till. Om den är tom, kommer server knytas till alla tillgängliga adresser. Ändring kräver omstart av Jellyfin server.",
    "LabelBirthDate": "Födelsedatum:",
    "LabelBirthYear": "Födelseår:",
    "LabelBlastMessageInterval": "Sändningsintervall i sekunder för \"jag lever\"-meddelanden",
    "LabelBlastMessageIntervalHelp": "Anger tid i sekunder mellan varje \"jag lever\"-meddelande.",
    "LabelBlockContentWithTags": "Blockera innehåll med etiketterna:",
    "LabelBurnSubtitles": "Bränn untertexter:",
    "LabelCachePath": "Plats för cache:",
    "LabelCachePathHelp": "Ange en sökväg för cachefiler som till exempel bilder. Lämna tomt för att använda serverns standardvärde.",
    "LabelCancelled": "Avbruten",
    "LabelCertificatePassword": "Certifikatslösenord:",
    "LabelCertificatePasswordHelp": "Skriv in lösenordet här om ditt certifikat kräver detta.",
    "LabelChannels": "Kanaler:",
    "LabelCollection": "Samling:",
    "LabelCommunityRating": "Användaromdöme:",
    "LabelContentType": "Innehållstyp:",
    "LabelCountry": "Land:",
    "LabelCriticRating": "Kritikerbetyg:",
    "LabelCurrentPassword": "Nuvarande lösenord:",
    "LabelCustomCertificatePath": "Sökväg för anpassat SSL-certifikat:",
    "LabelCustomCertificatePathHelp": "Lägg upp ditt eget SSL-certifkat i .pfx-format.",
    "LabelCustomCss": "Egen CSS-stil:",
    "LabelCustomCssHelp": "Använd din egen CSS-stil för webbgränssnittet.",
    "LabelCustomDeviceDisplayName": "Visningsnamn:",
    "LabelCustomDeviceDisplayNameHelp": "Ange ett anpassat enhetsnamn. Lämna blankt för att använda det namn enheten själv rapporterar.",
    "LabelCustomRating": "Anpassad åldersgräns:",
    "LabelDashboardTheme": "Kontrollpanelstema:",
    "LabelDateAdded": "Inlagd den:",
    "LabelDateAddedBehavior": "Hantering av datum för nytt innehåll:",
    "LabelDateAddedBehaviorHelp": "Om ett metadatavärde finns kommer det att användas i stället för dessa.",
    "LabelDateTimeLocale": "Språktidsformat:",
    "LabelDay": "Dag:",
    "LabelDeathDate": "Död:",
    "LabelDefaultScreen": "Förvald sektion:",
    "LabelDefaultUser": "Förvald användare:",
    "LabelDefaultUserHelp": "Anger vilket användarbibliotek som skall visas på anslutna enheter. Denna inställning kan ändras på enhetsbasis med hjälp av en enhetsprofiler.",
    "LabelDeviceDescription": "Enhetsbeskrivning",
    "LabelDidlMode": "DIDL-läge:",
    "LabelDiscNumber": "Skivnummer:",
    "LabelDisplayLanguage": "Visningsspråk:",
    "LabelDisplayLanguageHelp": "Att översätta Jellyfin är ett pågående projekt.",
    "LabelDisplayMissingEpisodesWithinSeasons": "Visa saknade avsnitt i säsonger",
    "LabelDisplayMode": "Visningsläge:",
    "LabelDisplayName": "Visningsnamn:",
    "LabelDisplayOrder": "Visningsordning:",
    "LabelDisplaySpecialsWithinSeasons": "Visa specialavsnitt i de säsonger de sändes i",
    "LabelDownMixAudioScale": "Höj nivån vid nedmixning av ljud:",
    "LabelDownMixAudioScaleHelp": "Höj nivån vid nedmixning. Sätt värdet till 1 för att behålla den ursprungliga nivån.",
    "LabelDownloadLanguages": "Språk att hämta:",
    "LabelDropImageHere": "Släpp en bild här, eller klicka för att bläddra.",
    "LabelDropShadow": "Skuggning:",
    "LabelDynamicExternalId": "{0} ID:",
    "LabelEasyPinCode": "Enkel pin-kod:",
    "LabelEmbedAlbumArtDidl": "Bädda in omslagsbilder i Didl",
    "LabelEmbedAlbumArtDidlHelp": "Vissa enheter föredrar den här metoden att ta fram omslagsbilder. Andra kanske avbryter avspelningen om detta val är aktiverat.",
    "LabelEnableAutomaticPortMap": "Aktivera automatisk koppling av portar",
    "LabelEnableAutomaticPortMapHelp": "Automatisk länkning av publik och lokal port via UPnP. Detta kanske inte fungerar med alla routrar. Obs. Ingenting kommer att ändras förrän servern startats om.",
    "LabelEnableBlastAliveMessages": "Skicka ut \"jag lever\"-meddelanden",
    "LabelEnableBlastAliveMessagesHelp": "Aktivera detta om andra UPnP-enheter på nätverket har problem att upptäcka servern.",
    "LabelEnableDlnaClientDiscoveryInterval": "Intervall för upptäckt av klienter (i sekunder)",
    "LabelEnableDlnaClientDiscoveryIntervalHelp": "Ange hur ofta Jellyfin Server söker efter nya DLNA-klienter med hjälp av SSDP-protokollet.",
    "LabelEnableDlnaDebugLogging": "Aktivera DLNA felsökningsloggning",
    "LabelEnableDlnaDebugLoggingHelp": "Detta resulterar i mycket stora loggfiler och rekommenderas bara vid felsökning.",
    "LabelEnableDlnaPlayTo": "Använd DLNA spela-upp-på",
    "LabelEnableDlnaPlayToHelp": "Hitta enheter på ditt nätverk och ge dig möjlighet att fjärrstyra dem.",
    "LabelEnableDlnaServer": "Aktivera DLNA-server",
    "LabelEnableDlnaServerHelp": "Tillåt att UPnP-enheter på ditt nätverk kan se och spela upp innehåll.",
    "LabelEnableHardwareDecodingFor": "Aktivera hårdvaruomkodning för:",
    "LabelEnableRealtimeMonitor": "Aktivera bevakning av mappar i realtid",
    "LabelEnableRealtimeMonitorHelp": "Förändringar upptäcks omedelbart (i filsystem som stödjer detta).",
    "LabelEnableSingleImageInDidlLimit": "Begränsa till en inbäddad bild",
    "LabelEnableSingleImageInDidlLimitHelp": "Visa enheter kommer inte renderas ordentligt om flera bilder bäddas in i Didl.",
    "LabelEndDate": "Slutdatum:",
    "LabelEpisodeNumber": "Avsnittsnummer:",
    "LabelEvent": "Händelse:",
    "LabelEveryXMinutes": "Varje:",
    "LabelExtractChaptersDuringLibraryScan": "Extrahera kapitelbildrutor vid genomsökning av biblioteket",
    "LabelExtractChaptersDuringLibraryScanHelp": "Om aktiverat extraheras kapitelbildrutor när videor importeras vid genomsökning av biblioteket. Om avaktiverat kommer extrahering att ske vid schemalagd kapitelbildrutebehandling, för att snabba upp den regelbundna genomsökningen av biblioteket.",
    "LabelFailed": "Misslyckades",
    "LabelFileOrUrl": "Fil eller URL:",
    "LabelFinish": "Klart",
    "LabelFont": "Typsnitt:",
    "LabelForgotPasswordUsernameHelp": "Skriv ditt användarnamn, om du kommer ihåg det.",
    "LabelFriendlyName": "Visningsnamn:",
    "LabelServerNameHelp": "Det här namnet används för att identifiera servern. Ifall det lämnas tomt används datorns namn.",
    "LabelGroupMoviesIntoCollections": "Gruppera filmer i samlingsboxar",
    "LabelGroupMoviesIntoCollectionsHelp": "I filmlistor visas filmer som ingår i en samlingsbox som ett enda objekt.",
    "LabelH264Crf": "H264-omkodning CRF:",
    "LabelEncoderPreset": "H264-omkodningsförval:",
    "LabelHardwareAccelerationType": "Hårdvaruacceleration:",
    "LabelHardwareAccelerationTypeHelp": "Endast tillgängligt på hårdvara med stöd.",
    "LabelHomeNetworkQuality": "Hemnätverkskvalitet:",
    "LabelHomeScreenSectionValue": "Hemskärmsdel {0}:",
    "LabelHttpsPort": "Lokalt portnummer för HTTPS:",
    "LabelHttpsPortHelp": "Den lokala tcp-port som Jellyfin Server ska lyssna på https.",
    "LabelIconMaxHeight": "Maxhöjd på ikoner:",
    "LabelIconMaxHeightHelp": "Högsta upplösning hos ikoner som visas via upnp:icon.",
    "LabelIconMaxWidth": "Maxbredd på ikoner:",
    "LabelIconMaxWidthHelp": "Högsta upplösning på ikoner som visas via upnp:icon.",
    "LabelIdentificationFieldHelp": "En skiftlägesokänslig delsträng eller regex-uttryck.",
    "LabelImageFetchersHelp": "Aktivera och rangordna dina hämtare baserat på prioritet.",
    "LabelImageType": "Typ av bild:",
    "LabelImportOnlyFavoriteChannels": "Endast favoritkanaler",
    "LabelInNetworkSignInWithEasyPassword": "Tillåt inloggning från mitt nätverk med min enkla pin-kod",
    "LabelInNetworkSignInWithEasyPasswordHelp": "Om aktiv kommer du kunna använda din enkla pin-kod för att logga in på Jellyfin-appar från ditt lokala nätverk. Ditt vanliga lösenord behövs bara om du är hemifrån. Om din enkla pin-kod är tom behöver du inget lösenord för att logga in från ditt lokala nätverk.",
    "LabelInternetQuality": "Internetkvalitet:",
    "LabelKeepUpTo": "Behåll upp till:",
    "LabelKidsCategories": "Barnkategorier:",
    "LabelKodiMetadataDateFormat": "Format för premiärdatum:",
    "LabelKodiMetadataDateFormatHelp": "Alla datum i nfo-filer kommer att läsas och skrivas i detta format.",
    "LabelKodiMetadataEnableExtraThumbs": "Kopiera extrafanart till extrathumbs",
    "LabelKodiMetadataEnableExtraThumbsHelp": "När bilder hämtas från Internet kan de sparas i både extrafanart- och extrathumbs-mapparna för att ge maximal kompatibilitet med Kodi-skins.",
    "LabelKodiMetadataEnablePathSubstitution": "Aktivera sökvägsutbyte",
    "LabelKodiMetadataEnablePathSubstitutionHelp": "Aktiverar sökvägsutbyte enligt serverns inställningar.",
    "LabelKodiMetadataSaveImagePaths": "Spara bildsökvägar i nfo-filer",
    "LabelKodiMetadataSaveImagePathsHelp": "Detta rekommenderas om du har bilder med filnamn som inte uppfyller Kodis riktlinjer.",
    "LabelKodiMetadataUser": "Spara 'visad-data' för användare till nfo's för:",
    "LabelKodiMetadataUserHelp": "Aktivera detta för att spara visningsinformation till Nfo-filer som kan användas av andra program.",
    "LabelLanNetworks": "LAN nätverk:",
    "LabelLanguage": "Språk:",
    "LabelLineup": "Uppsättning:",
    "LabelLocalHttpServerPortNumber": "Lokalt portnummer för HTTP:",
    "LabelLocalHttpServerPortNumberHelp": "Den lokala tcp-port som Jellyfin Server ska lyssna på http.",
    "LabelLockItemToPreventChanges": "Lås det här objektet för att förhindra ändringar",
    "LabelLoginDisclaimer": "Ansvarsbegränsning vid inloggning:",
    "LabelLoginDisclaimerHelp": "Detta visas längst ned på inloggningssidan.",
    "LabelLogs": "Loggfiler:",
    "LabelManufacturer": "Tillverkare:",
    "LabelManufacturerUrl": "Tillverkarens webaddress",
    "LabelMatchType": "Matchningstyp:",
    "LabelMaxBackdropsPerItem": "Högsta antal fondbilder per objekt:",
    "LabelMaxChromecastBitrate": "Strömningskvalitet för Chromecast:",
    "LabelMaxParentalRating": "Högsta tillåtna åldersgräns:",
    "LabelMaxResumePercentage": "Högsta gräns för återupptagande i procent:",
    "LabelMaxResumePercentageHelp": "Objekt betraktas som färdigspelade om uppspelningen stoppas efter denna tidpunkt.",
    "LabelMaxScreenshotsPerItem": "Högsta antal skärmdumpar per objekt:",
    "LabelMaxStreamingBitrate": "Maximal strömningskvalite:",
    "LabelMaxStreamingBitrateHelp": "Ange högsta bithastighet för strömning.",
    "LabelMessageText": "Meddelandetext:",
    "LabelMessageTitle": "Meddelandetitel:",
    "LabelMetadataDownloadLanguage": "Önskat språk:",
    "LabelMetadataDownloadersHelp": "Aktivera och rangordna dina hämtare baserat på prioritet. Lägre prioriterade hämtare används endast för att fylla i saknad information.",
    "LabelMetadataPath": "Plats för metadata:",
    "LabelMetadataPathHelp": "Enge en anpassad sökväg för hämtade bilder och metadata.",
    "LabelMetadataReaders": "Metadataläsare:",
    "LabelMetadataReadersHelp": "Rangordna dina lokala metadatakällor i prioritetsordning. Först hittade fil läses in.",
    "LabelMetadataSavers": "Metadatasparare:",
    "LabelMetadataSaversHelp": "Välj de filformat du vill använda för att spara dina metadata.",
    "LabelMethod": "Metod:",
    "LabelMinBackdropDownloadWidth": "Hämta enbart fondbilder bredare än:",
    "LabelMinResumeDuration": "Minsta tid för återupptagande:",
    "LabelMinResumeDurationHelp": "Objekt med speltid kortare än så här kan ej återupptas.",
    "LabelMinResumePercentage": "Lägsta gräns för återupptagande i procent:",
    "LabelMinResumePercentageHelp": "Objekt betraktas som ej spelade om uppspelningen stoppas före denna tidpunkt.",
    "LabelMinScreenshotDownloadWidth": "Hämta enbart skärmdumpar bredare än:",
    "LabelModelDescription": "Modellbeskrivning",
    "LabelModelName": "Modellnamn",
    "LabelModelNumber": "Modellnummer",
    "LabelModelUrl": "Länk till modellen",
    "LabelMonitorUsers": "Övervaka aktivitet från:",
    "LabelMovieCategories": "Filmkategorier:",
    "LabelMoviePrefix": "Film prefix:",
    "LabelMoviePrefixHelp": "Om ett prefix har lagts till filmertitlarna, skriv in det här så att servern kan hantera dessa korrekt.",
    "LabelMovieRecordingPath": "Inspelningssökväg för film (valfri):",
    "LabelMusicStreamingTranscodingBitrate": "Bithastighet vid omkodning av musik:",
    "LabelMusicStreamingTranscodingBitrateHelp": "Ange högsta bithastighet vid strömning av musik.",
    "LabelName": "Namn:",
    "LabelNewName": "Nytt namn:",
    "LabelNewPassword": "Nytt lösenord:",
    "LabelNewPasswordConfirm": "Bekräfta nytt lösenord:",
    "LabelNewsCategories": "Nyhetskategorier:",
    "LabelNext": "Nästa",
    "LabelNotificationEnabled": "Aktivera denna meddelandetyp",
    "LabelNumber": "Nr:",
    "LabelNumberOfGuideDays": "Antal dagars tablå att hämta:",
    "LabelNumberOfGuideDaysHelp": "Hämtning av en längre periods tablå ger möjlighet att boka inspelningar och se program längre fram i tiden, men ger längre nedladdningstid. \"Auto\" väljer baserat på antalet kanaler.",
    "LabelOptionalNetworkPath": "(Valfri) Delad nätverksmapp:",
    "LabelOptionalNetworkPathHelp": "Om denna mappen delas på ditt nätverk, kan den delade sökvägen tillåta Jellyfin-appar på andra enheter att streama mediafiler direkt.",
    "LabelOriginalAspectRatio": "Ursprungligt bildförhållande:",
    "LabelOriginalTitle": "Original titel:",
    "LabelOverview": "Synopsis:",
    "LabelParentNumber": "Parentnummer:",
    "LabelParentalRating": "Åldersgräns:",
    "LabelPassword": "Lösenord:",
    "LabelPasswordConfirm": "Lösenord (bekräfta):",
    "LabelPasswordRecoveryPinCode": "Pin-kod:",
    "LabelPath": "Sökväg:",
    "LabelPersonRole": "Roll:",
    "LabelPersonRoleHelp": "Exempel: glassbilsförare",
    "LabelPlaceOfBirth": "Födelseort:",
    "LabelPlayDefaultAudioTrack": "Använd det förvalda ljudspåret oavsett språk",
    "LabelPlaylist": "Spellista:",
    "LabelPreferredDisplayLanguage": "Föredraget visningsspråk:",
    "LabelPreferredDisplayLanguageHelp": "Att översätta Jellyfin är ett pågående projekt.",
    "LabelPreferredSubtitleLanguage": "Önskat språk för undertexter:",
    "LabelPrevious": "Föregående",
    "LabelProfileAudioCodecs": "Kodning av ljud:",
    "LabelProfileCodecs": "Videokodningar:",
    "LabelProfileCodecsHelp": "Åtskilda med kommatecken, detta kan lämnas tomt för att gälla för alla kodningsformat.",
    "LabelProfileContainer": "Behållare:",
    "LabelProfileContainersHelp": "Åtskilda med kommatecken, detta kan lämnas tomt för att gälla för alla behållare.",
    "LabelProfileVideoCodecs": "Kodning av video:",
    "LabelProtocol": "Protokoll:",
    "LabelProtocolInfo": "Protokollinfo:",
    "LabelProtocolInfoHelp": "Värde att använda vid svar på GetProtocolInfo-begäran från enheter.",
    "LabelPublicHttpPort": "Publikt portnummer för HTTP:",
    "LabelPublicHttpPortHelp": "Det publika portnumret som ska mappas till den lokala porten för HTTP.",
    "LabelPublicHttpsPort": "Publikt portnummer för HTTPS:",
    "LabelPublicHttpsPortHelp": "Det publika portnumret som ska mappas till den lokala porten för HTTPS.",
    "LabelReadHowYouCanContribute": "Se hur du kan hjälpa till.",
    "LabelReasonForTranscoding": "Orsak för omkodning:",
    "LabelRecord": "Spela in:",
    "LabelRecordingPath": "Standard inspelningssökväg:",
    "LabelRecordingPathHelp": "Ange sökvägen för att spara ner inspelningar. Om det lämnas tomt kommer serverns programdata sökväg att användas.",
    "LabelRefreshMode": "Uppdateringsläge:",
    "LabelReleaseDate": "Premiärdatum:",
    "LabelRemoteClientBitrateLimit": "Maximal hastighet för strömning till Internet (Mbps):",
    "LabelRemoteClientBitrateLimitHelp": "En valfri bitfrekvensgräns för enskilda strömmar utanför det lokala nätverket. Detta är användbart för att förhindra enheter från att begära högre bitfrekvens än din internetuppkoppling kan hantera. Detta kan innebära högre processorbelastning för att omkoda videor till lägre bitfrekvens.",
    "LabelRuntimeMinutes": "Speltid (min):",
    "LabelSaveLocalMetadata": "Spara grafik till mediamapparna",
    "LabelSaveLocalMetadataHelp": "Om grafik sparas tillsammans med media är de enkelt åtkomliga för redigering.",
    "LabelScheduledTaskLastRan": "Senast körd {0}, tog {1}.",
    "LabelScreensaver": "Skärmsläckare:",
    "LabelSeasonNumber": "Säsongsnummer:",
    "LabelSelectFolderGroups": "Gruppera automatiskt innehåll från dessa mappar i vyer, t ex Filmer, Musik eller TV:",
    "LabelSelectFolderGroupsHelp": "Ej valda mappar kommer att visas för sig själva i en egen vy.",
    "LabelSelectUsers": "Välj användare:",
    "LabelSelectVersionToInstall": "Välj version att installera:",
    "LabelSendNotificationToUsers": "Skicka meddelande till:",
    "LabelSerialNumber": "Serienummer",
    "LabelSeriesRecordingPath": "Inspelningssökväg för TV-serier (valfri):",
    "LabelServerHost": "Värd:",
    "LabelServerHostHelp": "192.168.1.100:8096 eller https://min.server.com",
    "LabelSimultaneousConnectionLimit": "Begränsning för samtidiga strömmar:",
    "LabelSkin": "Skal:",
    "LabelSkipBackLength": "'Hoppa bakåt'-längd:",
    "LabelSkipForwardLength": "'Hoppa framåt'-längd:",
    "LabelSkipIfAudioTrackPresent": "Hoppa över om det förvalda ljudspårets språk är samma som det hämtade",
    "LabelSkipIfAudioTrackPresentHelp": "Bocka ur denna för att ge undertexter åt alla videor oavsett ljudspårets språk.",
    "LabelSkipIfGraphicalSubsPresent": "Hoppa över om videofilen redan innehåller inbäddade undertexter",
    "LabelSkipIfGraphicalSubsPresentHelp": "Att även ha externa undertexter resulterar i en effektivare uppspelning och minskar risken för omkodning.",
    "LabelSonyAggregationFlags": "\"Aggregation flags\" för Sony:",
    "LabelSonyAggregationFlagsHelp": "Anger innehållet i elementet  aggregationFlags  i namnutrymmet urn:schemas-sonycom:av.",
    "LabelSortBy": "Sortera efter:",
    "LabelSortOrder": "Sortering:",
    "LabelSortTitle": "Sorteringstitel:",
    "LabelSoundEffects": "Ljudeffekter:",
    "LabelSource": "Källa:",
    "LabelSpecialSeasonsDisplayName": "Visningsnamn för specialsäsong:",
    "LabelSportsCategories": "Sportkategorier:",
    "LabelStartWhenPossible": "Starta när det är möjligt:",
    "LabelStopWhenPossible": "Stoppa när det är möjligt:",
    "LabelStopping": "Avbryter",
    "LabelSubtitleDownloaders": "Undertextskällor:",
    "LabelSubtitleFormatHelp": "Exempel: srt",
    "LabelSubtitlePlaybackMode": "Undertextläge:",
    "LabelSubtitles": "Undertexter:",
    "LabelSupportedMediaTypes": "Mediaformat som stöds:",
    "LabelTVHomeScreen": "Hemskärm i TV-läge:",
    "LabelTag": "Etikett:",
    "LabelTagline": "Slogan:",
    "LabelTextBackgroundColor": "Bakgrundsfärg för text:",
    "LabelTextColor": "Textfärg:",
    "LabelTextSize": "Textstorlek:",
    "LabelTheme": "Tema:",
    "LabelTime": "Tid:",
    "LabelTimeLimitHours": "Tidsbegränsning (timmar):",
    "LabelTitle": "Titel:",
    "LabelTrackNumber": "Spår nr:",
    "LabelTranscodingAudioCodec": "Ljudkodning:",
    "LabelTranscodingContainer": "Behållare:",
    "LabelTranscodingTempPathHelp": "Ange en egen sökväg där omkodningar skall sparas för klienter. Lämna blankt för att använda förvald plats.",
    "LabelTranscodingThreadCount": "Trådar för omkodning:",
    "LabelTranscodingThreadCountHelp": "Välj maximala antalet trådar som ska användas vid omkodning. Att minska antalet trådar sänker cpu-belastningan men ökar även risken att omkodning inte kan ske snabbt nog för felfri uppspelning.",
    "LabelTranscodingVideoCodec": "Videokodning:",
    "LabelTriggerType": "Typ av utlösare:",
    "LabelTunerIpAddress": "IP-adress till TV-mottagare:",
    "LabelTunerType": "Typ av TV-mottagare:",
    "LabelType": "Typ:",
    "LabelUseNotificationServices": "Använd följande tjänster:",
    "LabelUser": "Användare:",
    "LabelUserLibrary": "Användarbibliotek:",
    "LabelUserLibraryHelp": "Välj vilken användares bibliotek som skall visas på enheten. Lämna detta tomt för att använda standardbiblioteket.",
    "LabelUserRemoteClientBitrateLimitHelp": "Kommer att skriva över det globala standard-värdet satt under serverns uppspelningsinställningar.",
    "LabelUsername": "Användarnamn:",
    "LabelVaapiDevice": "VA API-enhet:",
    "LabelVaapiDeviceHelp": "Detta är renderingsnoden som används för hårdvaruacceleration.",
    "LabelValue": "Värde:",
    "LabelVersionInstalled": "{0} installerade",
    "LabelXDlnaCapHelp": "Anger innehållet i elementet X_DLNACAP i namnutrymmet urn:schemas-dlna-org:device-1-0.",
    "LabelXDlnaDocHelp": "Anger innehållet i elementet X_DLNADOC i namnutrymmet urn:schemas-dlna-org:device-1-0.",
    "LabelYear": "År:",
    "LabelYourFirstName": "Ditt förnamn:",
    "LabelYoureDone": "Klart!",
    "LabelZipCode": "Postnummer:",
    "LabelffmpegPath": "FFmpeg-sökväg:",
    "LabelffmpegPathHelp": "Sökvägen till FFmpeg-filen, eller mappen som innehåller FFmpeg.",
    "Large": "Stor",
    "LatestFromLibrary": "Senaste {0}",
    "LearnHowYouCanContribute": "Se hur du kan hjälpa till.",
    "LibraryAccessHelp": "Ange vilka mediemappar den här användaren ska ha tillgång till. Administratörer har rätt att redigera alla mappar i metadatahanteraren.",
    "Like": "Gilla",
    "LinksValue": "Länkar: {0}",
    "List": "Lista",
    "LiveBroadcasts": "Livesändningar",
    "LiveTV": "Live-TV",
    "Logo": "Logotyp",
    "ManageRecording": "Hantera inspelning",
    "MapChannels": "Mappa kanaler",
    "MarkPlayed": "Markera som spelad",
    "MarkUnplayed": "Markera som ospelad",
    "MaxParentalRatingHelp": "Innehåll med högre gräns visas ej för den här användaren.",
    "MediaInfoAnamorphic": "Anamorfisk",
    "MediaInfoAspectRatio": "Bildförhållande",
    "MediaInfoBitDepth": "Färgdjup",
    "MediaInfoBitrate": "Bithastighet",
    "MediaInfoChannels": "Kanaler",
    "MediaInfoCodec": "Kodningsformat",
    "MediaInfoCodecTag": "Kodningsetikett",
    "MediaInfoDefault": "Förval",
    "MediaInfoExternal": "Externa",
    "MediaInfoForced": "Tvingade",
    "MediaInfoFramerate": "Bildfrekvens",
    "MediaInfoInterlaced": "Sammanflätad",
    "MediaInfoLanguage": "Språk",
    "MediaInfoLevel": "Nivå",
    "MediaInfoPath": "Sökväg",
    "MediaInfoPixelFormat": "Pixelformat",
    "MediaInfoProfile": "Profil",
    "MediaInfoRefFrames": "Referensbildrutor",
    "MediaInfoResolution": "Upplösning",
    "MediaInfoSampleRate": "Samplingsfrekvens",
    "MediaInfoSize": "Storlek",
    "MediaInfoTimestamp": "Tidsstämpel",
    "MediaIsBeingConverted": "Media håller på att konverteras till ett format som är kompatibelt med enheten som ska användas.",
    "Menu": "Meny",
    "MessageAlreadyInstalled": "Den här versionen är redan installerad.",
    "MessageAreYouSureDeleteSubtitles": "Är du säker på att du vill radera den här undertextfilen?",
    "MessageAreYouSureYouWishToRemoveMediaFolder": "Är du säker på att du vill ta bort den här mappen?",
    "MessageConfirmDeleteGuideProvider": "Är du säker på att du vill ta bort den här programguideskällan?",
    "MessageConfirmDeleteTunerDevice": "Är du säker på att du vill ta bort den här enheten?",
    "MessageConfirmProfileDeletion": "Är du säker på att du vill ta bort den här profilen?",
    "MessageConfirmRecordingCancellation": "Är du säker på att du vill avbryta denna inspelning?",
    "MessageConfirmRemoveMediaLocation": "Är du säker på att du vill ta bort den här platsen?",
    "MessageConfirmRestart": "Är du säker på att du vill starta om Jellyfin server?",
    "MessageConfirmRevokeApiKey": "Är du säker på att du vill återkalla den här api-nyckeln? Applikationens koppling till Jellyfin Server kommer avslutas abrupt.",
    "MessageConfirmShutdown": "Är du säker på att du vill stänga av servern?",
    "MessageContactAdminToResetPassword": "Vänligen kontakta din systemadministratör för att återställa ditt lösenord.",
    "MessageCreateAccountAt": "Skapa ett konto på {0}",
    "MessageDeleteTaskTrigger": "Vill du ta bort denna aktivitetsutlösare?",
    "MessageDirectoryPickerBSDInstruction": "Om du kör BSD kan du behöva konfiguerara din lagring inom FreeNAS Jail för att ge Jellyfin åtkomst till det.",
    "MessageDirectoryPickerInstruction": "Nätverkssökvägar kan anges manuellt om \"Nätverk\" inte hittar dina enheter. T ex {0} eller {1}.",
    "MessageDirectoryPickerLinuxInstruction": "För Linux på ArchLinux, CentOS, Debian, Fedora, OpenSuse, eller Ubuntu, behöver du ge systemanvändaren för Jellyfin minst läsrättigheter till dina lagringsplatser.",
    "MessageDownloadQueued": "Nedladdning köad.",
    "MessageEnablingOptionLongerScans": "Aktivering av detta alternativ kan innebära att biblioteksskanningar tar längre tid.",
    "MessageFileReadError": "Ett fel uppstod när filen lästes in. Var god försök igen.",
    "MessageForgotPasswordFileCreated": "Följande fil har skapats på din server och innehåller information om hur du går vidare:",
    "MessageForgotPasswordInNetworkRequired": "Försök igen innanför ditt hemma-nätverk, att starta återställningen av lösenordet.",
    "MessageInstallPluginFromApp": "Detta tillägg måste installeras inifrån den app det skall användas i.",
    "MessageInvalidForgotPasswordPin": "Koden har gått ut eller så är den felaktig. Försök igen.",
    "MessageInvalidUser": "Felaktigt användarnamn eller lösenord. Försök igen.",
    "MessageItemSaved": "Objektet har sparats.",
    "MessageItemsAdded": "Objekt tillagda.",
    "MessageLeaveEmptyToInherit": "Lämna tomt för att ärva inställningarna från överordnat objekt, eller använda globalt förval.",
    "MessageNoAvailablePlugins": "Inga tillägg tillgängliga.",
    "MessageNoMovieSuggestionsAvailable": "Det finns inga filmförslag för tillfället. Efter att ha sett ett antal filmer kan du återkomma hit för att se dina förslag.",
    "MessageNoPluginsInstalled": "Inga tillägg har installerats.",
    "MessageNoTrailersFound": "Hittade inga trailers. Installera Trailer-kanalen och öka biokänslan genom att lägga till ett bibliotek av trailers.",
    "MessageNothingHere": "Ingenting här.",
    "MessagePasswordResetForUsers": "Lösenord har tagots bort från följande användare. För att logga in, använd ett blankt lösenord.",
    "MessagePlayAccessRestricted": "Uppspelning av detta innehållet är för närvarande begränsat. Kontakta din server administratör för mer information.",
    "MessagePleaseEnsureInternetMetadata": "Var god se till att hämtning av metadata via Internet är aktiverad.",
    "MessagePleaseWait": "Vänligen vänta. Detta kan ta ett tag.",
    "MessagePluginConfigurationRequiresLocalAccess": "Logga in på din din lokala Jellyfin Server för att konfigurera det här tillägget.",
    "MessagePluginInstallDisclaimer": "Tillägg skapade av Jellyfin-användare är ett bra sätt att förbättra din Jellyfin-upplevelse med ytterligare funktionalitet. Observera att detta kan påverka din Jellyfin-server så som längre tidsåtgång för biblioteksskanningar, ytterligare bakgrundsprocesser och minskad systemstabilitet.",
    "MessageReenableUser": "Se nedan för att aktivera igen",
    "MessageSettingsSaved": "Inställningarna har sparats.",
    "MessageTheFollowingLocationWillBeRemovedFromLibrary": "Följande mediaplatser kommer att tas bort från ditt bibliotek:",
    "MessageUnableToConnectToServer": "Vi kunde inte upprätta anslutning till vald server just nu. Försäkra dig om att den är påslagen och försök igen.",
    "MessageUnsetContentHelp": "Innehåll kommer visas som enkla mappar. För bästa resultat, använd en metadata-hanterare för att ställa in typ av innehåll för undermapparna.",
    "MessageYouHaveVersionInstalled": "Version {0} är installerad.",
    "MetadataManager": "Metadata-hanteraren",
    "MinutesAfter": "minuter efter",
    "MinutesBefore": "minuter före",
    "Mobile": "Mobil",
    "Monday": "Måndag",
    "MoreFromValue": "Mer från {0}",
    "MoreUsersCanBeAddedLater": "Flera användare kan skapas senare i Kontrollpanelen.",
    "MoveLeft": "Vänster",
    "MoveRight": "Höger",
    "MovieLibraryHelp": "Läs om {0} namngivningsguide för filmer{1}.",
    "Movies": "Filmer",
    "Mute": "Tyst",
    "MySubtitles": "Mina undertexter",
    "Name": "Namn",
    "Never": "Aldrig",
    "NewCollection": "Ny samling",
    "NewCollectionHelp": "Samlingar gör det möjligt att skapa personanpassade grupperingar av filmer eller annat innehåll.",
    "NewCollectionNameExample": "Exemple: Star Wars-samling",
    "NewEpisodes": "Nya avsnitt",
    "NewEpisodesOnly": "Endast nya avsnitt",
    "News": "Nyheter",
    "Next": "Nästa",
    "No": "Nej",
    "NoNewDevicesFound": "Inga nya enheter hittades. För att lägga tilll en ny tuner, stäng denna rutan och mata in enhetsinformation manuellt.",
    "NoNextUpItemsMessage": "Hittade inget. Sätt igång och titta!",
    "NoPluginConfigurationMessage": "Detta tillägg har inga inställningar att konfigurera.",
    "NoSubtitleSearchResultsFound": "Inga resultat hittades.",
    "NoSubtitles": "Inga undertexter",
    "NoSubtitlesHelp": "Undertexter kommer inte visas per standard. Det kan fortfarande sättas på manuellt under uppspelning.",
    "None": "Inga",
    "NumLocationsValue": "{0} mappar",
    "Off": "Av",
    "OneChannel": "En kanal",
    "OnlyForcedSubtitles": "Endast tvingande undertexter",
    "OnlyForcedSubtitlesHelp": "Endast undertexter markerade som tvingande kommer att laddas.",
    "OnlyImageFormats": "Endast image-format (VOBSUB, PGS, SUB, etc)",
    "OptionAdminUsers": "Administratörer",
    "OptionAlbumArtist": "Albumartist",
    "OptionAllUsers": "Alla användare",
    "OptionAllowAudioPlaybackTranscoding": "Tillåt ljuduppspelning som kräver omkodning",
    "OptionAllowBrowsingLiveTv": "Tillåt Live-TV åtkomst",
    "OptionAllowContentDownloading": "Tillåt nedladdning av media",
    "OptionAllowLinkSharing": "Tillåt delning för sociala medier",
    "OptionAllowLinkSharingHelp": "Endast webbsidor med medieinformation delas. Mediefiler delas aldrig publikt. Delningar är tidsbegränsade och upphör efter {0} dagar.",
    "OptionAllowManageLiveTv": "Tillåt hantering av Live-TV inspelningar",
    "OptionAllowMediaPlayback": "Tillåt mediauppspelning",
    "OptionAllowMediaPlaybackTranscodingHelp": "Att förhindra åtkomst till omkodning kan orsaka uppspelningsfel i Jellyfin-appar på grund av mediaformat som inte stöds.",
    "OptionAllowRemoteControlOthers": "Tillåt fjärrstyrning av andra användare",
    "OptionAllowRemoteSharedDevices": "Tillåt fjärrstyrning av delade enheter",
    "OptionAllowRemoteSharedDevicesHelp": "DLNA-enheter betraktas som delade tills en användare börjar kontrollera den.",
    "OptionAllowSyncTranscoding": "Tillåt nedladdning som kräver omkodning",
    "OptionAllowUserToManageServer": "Tillåt denna användare att administrera servern",
    "OptionAllowVideoPlaybackRemuxing": "Tillåt videouppspelning som kräver konvertering utan omkodning",
    "OptionAllowVideoPlaybackTranscoding": "Tillåt videouppspelning som kräver omkodning",
    "OptionAscending": "Stigande",
    "OptionAutomaticallyGroupSeries": "Slå ihop serier automatiskt som ligger utspritt under flera kataloger",
    "OptionAutomaticallyGroupSeriesHelp": "Serier som är spridda över flera mappar i det här biblioteket kommer automatiskt att slås ihop till en enda serie.",
    "OptionBlockBooks": "Böcker",
    "OptionBlockChannelContent": "Kanalinnehåll från Internet",
    "OptionBlockLiveTvChannels": "TV-kanaler",
    "OptionBlockMovies": "Filmer",
    "OptionBlockMusic": "Musik",
    "OptionBlockTvShows": "TV-serier",
    "OptionBluray": "Blu-ray",
    "OptionCommunityRating": "Allmänhetens betyg",
    "OptionContinuing": "Pågående",
    "OptionCriticRating": "Kritikerbetyg",
    "OptionCustomUsers": "Anpassad",
    "OptionDaily": "Dagligen",
    "OptionDateAdded": "Tillagd den",
    "OptionDateAddedFileTime": "Använd datum då filen skapades",
    "OptionDateAddedImportTime": "Använd datum för inläsning i biblioteket",
    "OptionDatePlayed": "Senast visad",
    "OptionDescending": "Sjunkande",
    "OptionDisableUser": "Spärra den här användaren",
    "OptionDisableUserHelp": "Spärrade användare tillåts ej kontakta servern. Eventuella pågående anslutningar avbryts omedelbart.",
    "OptionDislikes": "Ogillar",
    "OptionDisplayFolderView": "Visa en mappvy för att visa enkla mediamappar",
    "OptionDisplayFolderViewHelp": "Visa mappar jämsides med dina andra media bibliotek. Detta kan vara bra om du vill ha en enkel mapp visning.",
    "OptionDownloadArtImage": "Grafik",
    "OptionDownloadBackImage": "Baksida",
    "OptionDownloadBannerImage": "Banderoll",
    "OptionDownloadBoxImage": "Konvolut",
    "OptionDownloadDiscImage": "Skiva",
    "OptionDownloadImagesInAdvance": "Hämta bilder i förväg",
    "OptionDownloadImagesInAdvanceHelp": "Som standard hämtas de flesta bilder endast när en Jellyfin-app begär det. Aktivera den här inställningen för att hämta alla bilder i förväg när nya filer importeras till biblioteket. Detta kan innebära längre bibliotekssökningar.",
    "OptionDownloadLogoImage": "Logotyp",
    "OptionDownloadMenuImage": "Meny",
    "OptionDownloadPrimaryImage": "Huvudbild",
    "OptionDownloadThumbImage": "Miniatyr",
    "OptionDvd": "DVD",
    "OptionEmbedSubtitles": "Infoga i container",
    "OptionEnableAccessFromAllDevices": "Aktivera åtkomst från alla enheter",
    "OptionEnableAccessToAllChannels": "Aktivera åtkomst till alla kanaler",
    "OptionEnableAccessToAllLibraries": "Aktivera åtkomst till alla bibliotek",
    "OptionEnableExternalContentInSuggestions": "Aktivera externt innehåll under förslag",
    "OptionEnableExternalContentInSuggestionsHelp": "Tillåt internet trailers och livetv-program att visas under förslag på innehåll.",
    "OptionEnableForAllTuners": "Aktivera för alla TV-mottagare",
    "OptionEnableM2tsMode": "Tillåt M2ts-läge",
    "OptionEnableM2tsModeHelp": "Aktivera m2ts-läge när omkodning sker till mpegts.",
    "OptionEnded": "Avslutad",
    "OptionEquals": "Lika med",
    "OptionEstimateContentLength": "Upskattad innehållslängd vid omkodning",
    "OptionEveryday": "Varje dag",
    "OptionExternallyDownloaded": "Extern nerladdning",
    "OptionExtractChapterImage": "Aktivera extrahering av kapitelbilder",
    "OptionFavorite": "Favoriter",
    "OptionFriday": "Fredag",
    "OptionHasSpecialFeatures": "Extramaterial",
    "OptionHasSubtitles": "Undertexter",
    "OptionHasThemeSong": "Ledmotiv",
    "OptionHasThemeVideo": "Temavideo",
    "OptionHideUser": "Visa inte den här användaren på inloggningssidorna",
    "OptionHideUserFromLoginHelp": "Användbart för privata konton eller gömda administratörskonton. Användaren beöver logga in manuellt genom att skriva sitt användarnamn och lösenord.",
    "OptionHlsSegmentedSubtitles": "HLS-segmenterade undertexter",
    "OptionHomeVideos": "Foton",
    "OptionIgnoreTranscodeByteRangeRequests": "Ignorera begäran om \"byte range\" vid omkodning",
    "OptionIgnoreTranscodeByteRangeRequestsHelp": "Om aktiverad kommer begäran att uppfyllas, men \"byte range\"-rubriken ignoreras.",
    "OptionImdbRating": "Betyg på IMDB",
    "OptionLikes": "Gillar",
    "OptionMissingEpisode": "Saknade avsnitt",
    "OptionMonday": "Måndag",
    "OptionNameSort": "Namn",
    "OptionNew": "Ny...",
    "OptionNone": "Inga",
    "OptionOnAppStartup": "När servern startar",
    "OptionOnInterval": "Med visst intervall",
    "OptionParentalRating": "Föräldraklassning",
    "OptionPlainStorageFolders": "Visa alla mappar som vanliga lagringsmappar",
    "OptionPlainStorageFoldersHelp": "Om aktiverad representeras alla mappar i DIDL som \"object.container.storageFolder\" i stället för en mera specifik typ, t ex \"object.container.person.musicArtist\".",
    "OptionPlainVideoItems": "Visa alla videor som objekt utan specifikt format",
    "OptionPlainVideoItemsHelp": "Om aktiverad representeras alla videor i DIDL som \"object.item.videoItem\"  i stället för en mera specifik typ, t ex \"object.item.videoItem.movie\".",
    "OptionPlayCount": "Antal visningar",
    "OptionPlayed": "Visad",
    "OptionPremiereDate": "Premiärdatum",
    "OptionProfileAudio": "Ljud",
    "OptionProfilePhoto": "Foto",
    "OptionProfileVideoAudio": "Videoljudspår",
    "OptionProtocolHls": "Live-strömning via Http",
    "OptionReleaseDate": "Premiärdatum",
    "OptionReportByteRangeSeekingWhenTranscoding": "Meddela att servern stödjer bytebaserad sökning vid omkodning",
    "OptionReportByteRangeSeekingWhenTranscodingHelp": "Detta krävs för vissa enheter som inte kan utföra tidssökning på ett tillfredsställande sätt.",
    "OptionRequirePerfectSubtitleMatch": "Ladda endast ner undertexter som matchar mina videofiler exakt",
    "OptionRequirePerfectSubtitleMatchHelp": "Att kräva en perfekt matchning filtrerar undertexter till att bara inkludera de som testats och verifierats med din exakta videofil. Stänger du av detta ökas chansen att undertexter laddas ned, men ökar chanserna att de är osynkade eller felaktiga.",
    "OptionResumable": "Kan återupptas",
    "OptionRuntime": "Speltid",
    "OptionSaturday": "Lördag",
    "OptionSaveMetadataAsHidden": "Spara metadata och bilder som dolda filer",
    "OptionSpecialEpisode": "Specialavsnitt",
    "OptionSubstring": "Delsträng",
    "OptionSunday": "Söndag",
    "OptionThursday": "Torsdag",
    "OptionTrackName": "Spårnamn",
    "OptionTuesday": "Tisdag",
    "OptionTvdbRating": "TVDB-betyg",
    "OptionUnairedEpisode": "Ej sända avsnitt",
    "OptionUnplayed": "Ej visad",
    "OptionWakeFromSleep": "Vakna ur energisparläge",
    "OptionWednesday": "Onsdag",
    "OptionWeekdays": "Veckodagar",
    "OptionWeekends": "Helger",
    "OptionWeekly": "Varje vecka",
    "OriginalAirDateValue": "Ursprungligt sändningsdatum: {0}",
    "Overview": "Översikt",
    "PackageInstallCancelled": "Installationen av {0} avbröts.",
    "PackageInstallCompleted": "Installationen av {0} slutfördes.",
    "PackageInstallFailed": "Installationen av {0} misslyckades.",
    "ParentalRating": "Parental Rating",
    "PasswordMatchError": "Lösenordet och bekräftelsen måste överensstämma.",
    "PasswordResetComplete": "Lösenordet har återställts.",
    "PasswordResetConfirmation": "Är du säker på att du vill återställa lösenordet?",
    "PasswordResetHeader": "Återställ lösenord",
    "PasswordSaved": "Lösenordet har sparats.",
    "People": "Personer",
    "PerfectMatch": "Perfekt matchning",
    "Photos": "Bilder",
    "PictureInPicture": "Bild i bild",
    "PinCodeResetComplete": "Pinkoden har återställts.",
    "PinCodeResetConfirmation": "Är du säker på att du vill återställa pinkoden?",
    "PlaceFavoriteChannelsAtBeginning": "Placera favoritkanaler i början",
    "Play": "Spela upp",
    "PlayAllFromHere": "Spela upp alla fr o m här",
    "PlayCount": "Antal visningar",
    "PlayFromBeginning": "Spela från början",
    "PlayNext": "Spela nästa",
    "PlayNextEpisodeAutomatically": "Spela nästa avsnitt automatiskt",
    "Played": "Visad",
    "Playlists": "Spellistor",
    "PleaseAddAtLeastOneFolder": "Lägg till minst en katalog till det här biblioteket genom att klicka på Lägg till-knappen.",
    "PleaseConfirmPluginInstallation": "Klicka på OK för att bekräfta att du har läst ovanstående och önskar fortsätta med installationen av tillägget.",
    "PleaseEnterNameOrId": "Ange ett namn eller externt id.",
    "PleaseRestartServerName": "Vänligen starta om Jellyfin Server - {0}.",
    "PleaseSelectTwoItems": "Var god välj minst två objekt.",
    "PluginInstalledMessage": "Tillägget har installerats. Jellyfin Server behöver startas om för att verkställa ändringarna.",
    "PreferEmbeddedTitlesOverFileNames": "Föredra inbäddade titlar över filnamnen",
    "PreferEmbeddedTitlesOverFileNamesHelp": "Det här bestämmer visningstiteln när ingen internet metadata eller lokal metadata finns att tillgå.",
    "Premiere": "Premiär",
    "Premieres": "Premiärer",
    "Previous": "Föregående",
    "Primary": "Primär",
    "Producer": "Producent",
    "ProductionLocations": "Produktionsplatser",
    "Programs": "Program",
    "Quality": "Kvalitet",
    "QueueAllFromHere": "Köa alla fr o m här",
    "Raised": "Upphöjd",
    "Rate": "Betygsätt",
    "RecentlyWatched": "Nyligen sedda",
    "RecommendationBecauseYouLike": "Eftersom du gillar {0}",
    "RecommendationBecauseYouWatched": "Eftersom du tittade på {0}",
    "RecommendationDirectedBy": "Regi: {0}",
    "RecommendationStarring": "I rollerna: {0}",
    "Record": "Spela in",
    "RecordSeries": "Spela in serie",
    "RecordingCancelled": "Inspelning avbruten.",
    "RecordingScheduled": "Inspelning schemalagd.",
    "Recordings": "Inspelningar",
    "Refresh": "Uppdatera",
    "RefreshDialogHelp": "Metadata uppdateras baserat på inställningar och internettjänster som har aktiverats under Jellyfin servers kontrollpanel.",
    "RefreshMetadata": "Uppdatera metadata",
    "RefreshQueued": "Uppdatering köad.",
    "ReleaseDate": "Releasedatum",
    "RememberMe": "Kom ihåg mig",
    "RemoveFromCollection": "Ta bort från samling",
    "RemoveFromPlaylist": "Ta bort från spellista",
    "Repeat": "Upprepa",
    "RepeatAll": "Upprepa alla",
    "RepeatEpisodes": "Upprepa avsnitt",
    "RepeatMode": "Repeat-läge",
    "RepeatOne": "Upprepa en gång",
    "ReplaceAllMetadata": "Ersätt all metadata",
    "ReplaceExistingImages": "Skriv över befintliga bilder",
    "RestartPleaseWaitMessage": "Vänligen vänta medan Jellyfin-servern stängs av och startar om. Detta kan ta en minut eller två.",
    "ResumeAt": "Återuppta från {0}",
    "RunAtStartup": "Kör vid uppstart",
    "Runtime": "Speltid",
    "Saturday": "Lördag",
    "Save": "Spara",
    "SaveSubtitlesIntoMediaFolders": "Spara undertexter till mediamappar",
    "ScanForNewAndUpdatedFiles": "Sök efter nya och uppdaterade filer",
    "ScanLibrary": "Scanna bibliotek",
    "Schedule": "Schema",
    "Screenshot": "Skärmdump",
    "Screenshots": "Skärmbilder",
    "Search": "Sök",
    "SearchForCollectionInternetMetadata": "Sök på internet efter grafik och metadata",
    "SearchForMissingMetadata": "Sök efter saknad metadata",
    "SearchForSubtitles": "Sök efter undertexter",
    "SearchResults": "Sökresultat",
    "SendMessage": "Skicka meddelande",
    "Series": "Serier",
    "SeriesCancelled": "Serieinspelningen har avbokats.",
    "SeriesRecordingScheduled": "Serieinspelning schemalagd.",
    "SeriesSettings": "Serieinställningar",
    "SeriesYearToPresent": "{0} - nu",
    "ServerNameIsRestarting": "Jellyfin Server - {0} startas om.",
    "ServerNameIsShuttingDown": "Jellyfin Server - {0} stängs ner.",
    "ServerRestartNeededAfterPluginInstall": "Jellyfin-servern behöver startas om efter ett tillägg installeras.",
    "ServerUpdateNeeded": "Den här Jellyfin servern behöver uppdateras. För att ladda ner senaste versionen, gå till {0}",
    "Settings": "Inställningar",
    "SettingsSaved": "Inställningarna sparade.",
    "SettingsWarning": "Ändring av dessa alternativ kan innebära instabilitet eller anslutningsproblem. Återställ dessa till standardvärdena om du upplever några problem.",
    "Share": "Dela",
    "ShowIndicatorsFor": "Visa indikatorer för:",
    "ShowTitle": "Visa titel",
    "ShowYear": "Visa år",
    "Shows": "Serier",
    "Shuffle": "Blanda",
    "SimultaneousConnectionLimitHelp": "Maximalt antal tillåtna simultanströmmar. Välj 0 för att inte begränsa.",
    "SkipEpisodesAlreadyInMyLibrary": "Spela inte in avsnitt som redan finns i mitt bibliotek",
    "SkipEpisodesAlreadyInMyLibraryHelp": "Avsnitt kommer att jämföras med säsongs- och avsnittsnummer, när det finns.",
    "Small": "Liten",
    "SmallCaps": "Små bokstäver",
    "SmartSubtitlesHelp": "Undertexter som matchar förvalsspråket kommer visas när ljudspåret är på ett annat språk.",
    "Songs": "Låtar",
    "Sort": "Sortera",
    "SortByValue": "Sortera efter {0}",
    "SortChannelsBy": "Sortera kanaler efter:",
    "SortName": "Sorteringstitel",
    "Sports": "Sport",
    "StopRecording": "Avbryt inspelning",
    "Studios": "Studior",
    "SubtitleAppearanceSettingsAlsoPassedToCastDevices": "Dessa inställningar gäller också för alla uppspelningar på Chromecast som startas av den här enheten.",
    "SubtitleAppearanceSettingsDisclaimer": "Dessa inställningar kommer inte gälla för grafiska undertexter (PGS, DVD, etc), eller undertexter som har en egen inbäddad stil (ASS/SSA).",
    "SubtitleDownloadersHelp": "Aktivera och rangordna dina källor baserat på prioritet.",
    "Subtitles": "Undertexter",
    "Suggestions": "Förslag",
    "Sunday": "Söndag",
    "Sync": "Synk",
    "SystemDlnaProfilesHelp": "Systemprofiler är skrivskyddade. Ändringar av en systemprofil resulterar att en ny anpassad profil skapas.",
    "TabAdvanced": "Avancerat",
    "TabAlbumArtists": "Albumartister",
    "TabAlbums": "Album",
    "TabArtists": "Artister",
    "TabCatalog": "Katalog",
    "TabChannels": "Kanaler",
    "TabCodecs": "Kodningsformat",
    "TabCollections": "Samlingar",
    "TabContainers": "Behållare",
    "TabDashboard": "Kontrollpanel",
    "TabDevices": "Enheter",
    "TabDirectPlay": "Direktuppspelning",
    "TabDisplay": "Visning",
    "TabEpisodes": "Avsnitt",
    "TabFavorites": "Favoriter",
    "TabGenres": "Genrer",
    "TabGuide": "TV-guide",
    "TabLatest": "Nytillkommet",
    "TabLiveTV": "Live-TV",
    "TabLogs": "Loggfiler",
    "TabMovies": "Filmer",
    "TabMusic": "Musik",
    "TabMusicVideos": "Musikvideor",
    "TabMyPlugins": "Mina tillägg",
    "TabNetworks": "TV-bolag",
    "TabNfoSettings": "NFO-inställingar",
    "TabNotifications": "Meddelanden",
    "TabOther": "Övrigt",
    "TabParentalControl": "Föräldralås",
    "TabPassword": "Lösenord",
    "TabPlayback": "Uppspelning",
    "TabPlaylist": "Spellista",
    "TabPlaylists": "Spellistor",
    "TabPlugins": "Tillägg",
    "TabProfile": "Profil",
    "TabProfiles": "Profiler",
    "TabRecordings": "Inspelningar",
    "TabResponses": "Svar",
    "TabResumeSettings": "Återuppta",
    "TabScheduledTasks": "Schemalagda aktiviteter",
    "TabSeries": "Serie",
    "TabSettings": "Inställningar",
    "TabShows": "Serier",
    "TabSongs": "Låtar",
    "TabStreaming": "Strömning",
    "TabSuggestions": "Förslag",
    "TabTranscoding": "Omkodning",
    "TabUpcoming": "Kommande",
    "TabUsers": "Användare",
    "Tags": "Etiketter",
    "TagsValue": "Etiketter: {0}",
    "TellUsAboutYourself": "Berätta om dig själv",
    "ThemeSongs": "Signaturmelodier",
    "ThemeVideos": "Temavideos",
    "TheseSettingsAffectSubtitlesOnThisDevice": "Dessa inställningar påverkar undertexter på den här enheten",
    "ThisWizardWillGuideYou": "Den här guiden hjälper dig att göra de första inställningarna. För att börja var vänlig välj önskat språk.",
    "Thumb": "Miniatyr",
    "Thursday": "Torsdag",
    "TitleHardwareAcceleration": "Hårdvaruacceleration",
    "TitleHostingSettings": "Värdinställningar",
    "TitlePlayback": "Uppspelning",
    "TrackCount": "{0} spår",
    "Transcoding": "Omkodning",
    "Tuesday": "Tisdag",
    "TvLibraryHelp": "Läs om {0} namngivningsguide för TV-serier{1}.",
    "UninstallPluginConfirmation": "Är du säker på att du vill avinstallera {0}?",
    "UninstallPluginHeader": "Avinstallera tillägg",
    "Unmute": "Muting av",
    "Unplayed": "Inte spelad",
    "Unrated": "Ej klassad",
    "Up": "Upp",
    "Upload": "Ladda upp",
    "UserProfilesIntro": "Jellyfin har inbyggt stöd för användarprofiler som tillåter att varje användare har sina egna inställningar för visning, spelartillstånd och föräldralås.",
    "ValueAlbumCount": "{0} album",
    "ValueAudioCodec": "Audiokodning: {0}",
    "ValueCodec": "Kodning: {0}",
    "ValueConditions": "Villkor: {0}",
    "ValueDiscNumber": "Skiva {0}",
    "ValueEpisodeCount": "{0} avsnitt",
    "ValueMovieCount": "{0} filmer",
    "ValueMusicVideoCount": "{0} musikvideor",
    "ValueOneEpisode": "1 avsnitt",
    "ValueOneMovie": "1 film",
    "ValueOneMusicVideo": "1 musikvideo",
    "ValueOneSeries": "1 serie",
    "ValueOneSong": "1 låt",
    "ValueSeconds": "{0} sekunder",
    "ValueSeriesCount": "{0} serier",
    "ValueSongCount": "{0} låtar",
    "ValueSpecialEpisodeName": "Specialavsnitt - {0}",
    "ValueTimeLimitMultiHour": "Tidsbegränsning: {0} timmar",
    "ValueTimeLimitSingleHour": "Tidsbegränsning: 1 timme",
    "ValueVideoCodec": "Videokodning: {0}",
    "Vertical": "Vertikal",
    "ViewAlbum": "Bläddra album",
    "ViewArtist": "Bläddra artist",
    "ViewPlaybackInfo": "Visa uppspelningsinfo",
    "Watched": "Sedd",
    "Wednesday": "Onsdag",
    "WelcomeToProject": "Välkommen till Jellyfin!",
    "WizardCompleted": "Det är allt vi behöver veta just nu. Jellyfin har börjat samla information om ditt mediebibliotek. Kolla in några av våra appar och klicka sedan på <b>avsluta</b> för att se <b>kontrollpanelen</b>.",
    "Writer": "Manusförfattare",
    "XmlDocumentAttributeListHelp": "Dessa attribut tillämpas på rotelementet i alla XML-svar.",
    "XmlTvKidsCategoriesHelp": "Program med dessa kategorier kommer visas som program för barn. Separerade med '|'.",
    "XmlTvMovieCategoriesHelp": "Program med dessa kategorier kommer visas som filmer. Separerade med '|'.",
    "XmlTvNewsCategoriesHelp": "Program med dessa kategorier kommer visas som nyhetsprogram. Separerade med '|'.",
    "XmlTvPathHelp": "En sökväg till en XML-fil för tv. Jellyfin kommer läsa in den här filen och regelbundet leta efter uppdateringar. Du är själv ansvarig för att skapa och uppdatera filen.",
    "XmlTvSportsCategoriesHelp": "Program med dessa kategorier kommer visas som sportprogram. Separerade med '|'.",
    "Yes": "Ja",
    "Yesterday": "Igår",
    "HeaderFavoriteMovies": "Favoritfilmer",
    "HeaderAudioLanguages": "Ljudspråk",
    "HeaderAppearsOn": "Medverkar i",
    "HeaderApp": "Applikation",
    "HeaderAdmin": "Administratör",
    "Guide": "Guide",
    "GenreValue": "Genre: {0}",
    "General": "Allmänt",
    "FastForward": "Snabbspola",
    "Extras": "Extramaterial",
    "ErrorAddingXmlTvFile": "Det uppstod ett problem vid läsningen av XMLTV filen. Kontrollera att filen är tillgänglig och försök igen.",
    "ErrorAddingListingsToSchedulesDirect": "Det uppstod ett problem när din lista skulle läggas till på ditt Schedules Direct konto. Schedules Direct tillåter bara ett begränsat antal listor per konto. Du kanske behöver logga in på Schedules Direct hemsidan och ta bort andras listningar från ditt konto innan du fortsätter.",
    "EnableStreamLoopingHelp": "Aktivera enbart detta om direktsändningen enbart innehåller några sekunders data och behöver bli kontinuerligt uppdaterad. Att aktivera denna funktion i onödan kan skapa problem.",
    "EnableStreamLooping": "Loopa direktsändningar",
    "Descending": "Fallande",
    "DefaultMetadataLangaugeDescription": "Detta är dina standardinställningar och de kan ändras individuellt för varje bibliotek.",
    "ColorTransfer": "Färgöverföring",
    "ColorSpace": "Färgrymd",
    "ColorPrimaries": "Färgprimärer",
    "Channels": "Kanaler",
    "ChangingMetadataImageSettingsNewContent": "Ändringar angående nedladdning av metadata eller illustrationer kommer enbart att appliceras på nytt innehåll läggs till i ditt bibliotek. För att applicera ändringarna till redan tillagt innehåll så behöver du uppdatera metadata manuellt.",
    "ButtonTrailer": "Trailer",
    "ButtonStart": "Börja",
    "ButtonInfo": "Information",
    "ButtonGuide": "Guide",
    "Blacklist": "Svartlista",
    "Auto": "Automatisk",
    "AuthProviderHelp": "Välj en autentiserings leverantör som ska användas för att autentisera denna användarens lösenord.",
    "Ascending": "Stigande",
    "AllowedRemoteAddressesHelp": "Kommaavgränsad lista av IP-adresser eller IP/nätmask poster för nätverk som kommer bli tillåtna att ansluta avlägset. Om fältet lämnas tomt så kommer alla avlägsna adresser tillåtas.",
    "AllowMediaConversionHelp": "Tillåt eller neka tillgång till media konvertings funktionen.",
    "AllowMediaConversion": "Tillåt media konvertering",
    "Alerts": "Alarm",
    "HeaderMedia": "Media",
    "HeaderHome": "Hem",
    "HeaderFavoriteVideos": "Favoritvideor",
    "HeaderFavoriteSongs": "Favoritlåtar",
    "HeaderFavoriteArtists": "Favoritartister",
    "HeaderFavoriteAlbums": "Favoritalbum",
    "HeaderFavoriteEpisodes": "Favoritavsnitt",
    "HeaderFavoriteShows": "Favoritserier",
    "HeaderFavoriteBooks": "Favoritböcker",
    "FormatValue": "Format: {0}",
    "CopyStreamURLSuccess": "Videoadress kopierad.",
    "CopyStreamURL": "Kopiera videoadress",
    "FetchingData": "Hämtar ytterligare data",
    "HeaderFetcherSettings": "Hämtar inställningar",
    "ButtonAddImage": "Lägg till Bild",
    "HeaderStopRecording": "Stoppa inspelning",
    "HeaderImageOptions": "Bildalternativ",
    "Absolute": "Komplett",
    "HeaderFavoritePeople": "Favoritmänniskor",
    "HeaderRestartingServer": "Startar om server",
    "HeaderStatus": "Status",
    "LabelPostProcessor": "Program för efterbehandling:",
    "LabelPleaseRestart": "Ändringar genomförs efter att webbklienten manuellt har laddats om .",
    "LabelPlayer": "Spelare:",
    "LabelMetadata": "Metadata:",
    "LabelFormat": "Format:",
    "LabelFolder": "Mapp:",
    "LabelBaseUrl": "Bas-RL:",
    "LabelAuthProvider": "Autentiseringsleverantör:",
    "LabelAudioCodec": "Ljudkodek:",
    "LabelAudioChannels": "Ljudkanaler:",
    "LabelAllowedRemoteAddressesMode": "Fjärr-IP-adressfilterläge:",
    "LabelAllowedRemoteAddresses": "Fjärr-IP-adressfilter:",
    "HttpsRequiresCert": "För att aktivera säkra anslutningar måste du tillhandahålla ett pålitligt SSL-certifikat, till exempel \"Let's Encrypt\". Vänligen ange ett certifikat eller inaktivera säkra anslutningar.",
    "HeaderTypeImageFetchers": "Bildhämtare",
    "HeaderLiveTvTunerSetup": "Ställ in Live-TV-mottagare",
    "ButtonSplit": "Dela upp",
    "LabelCache": "Cache:",
    "LabelAlbum": "Album:",
    "HeaderVideos": "Videor",
    "LabelBitrate": "Bithastighet:",
    "LabelStreamType": "Stream typ:",
    "LabelStatus": "Status:",
    "LabelSize": "Storlek:",
    "LabelServerName": "Servernamn:",
    "LabelSecureConnectionsMode": "Säker uppkopplings läge:",
    "EnableFastImageFadeInHelp": "Aktivera snabbare fade-in animationer för laddade bilder",
    "EnableFastImageFadeIn": "Snabb bild fade-in",
    "LabelPostProcessorArgumentsHelp": "Använd {path} som sökväg till inspelade filen.",
    "LabelPostProcessorArguments": "Post-processor kommandoradsargument:",
    "LabelDroppedFrames": "Tappade ramar:",
    "LabelAudioSampleRate": "Ljudprovfrekvens:",
    "LabelAudioBitrate": "Ljudbithastighet:",
    "LabelAudioBitDepth": "Ljudbitdjup:",
    "LabelPlayMethod": "Spelmetod:",
    "LabelPlayerDimensions": "Spelare dimensioner:",
    "LabelPasswordResetProvider": "Lösenords Återställning Leverantör:",
    "LabelBaseUrlHelp": "Du kan lägga till en egen underkategori här för att få tillgång till servern från en mer unik URL.",
    "LabelCorruptedFrames": "Skadade ramar:",
    "HeaderParentalRatings": "Föräldrabetyg",
    "HeaderNavigation": "Navigering",
    "HeaderBranding": "Märke",
    "CopyStreamURLError": "Kunde inte kopiera videoadress.",
    "AskAdminToCreateLibrary": "Fråga en administratör för att skapa ett bibliotek.",
    "Whitelist": "Vitlista",
    "VideoRange": "Video räckvidd",
    "ValueOneAlbum": "1 album",
    "ValueMinutes": "{0} min",
    "ValueContainer": "Behållare: {0}",
    "UserAgentHelp": "Stöd en egen user-agent HTTP rubrik.",
    "Uniform": "Enhetlig",
    "Trailers": "Trailers",
    "TabTrailers": "Trailers",
    "TabServer": "Server",
    "TabNetworking": "Nätverk",
    "TabMetadata": "Metadata",
    "TabInfo": "Info",
    "TabAccess": "Tillgång",
    "TV": "TV",
    "SubtitleOffset": "Undertext justering",
    "Smart": "Smart",
    "Smaller": "Mindre",
    "ShowAdvancedSettings": "Visa avancerade inställningar",
    "SeriesDisplayOrderHelp": "Ordna avsnitt via sändnings datum, DVD ordning, eller absolut numrering.",
    "SelectAdminUsername": "Vänligen välj ett användarnamn för admin kontot.",
    "SaveSubtitlesIntoMediaFoldersHelp": "Spara undertexter vid video filer kommer göra det mer enklare att hantera.",
    "Rewind": "Spola tillbaka",
    "RequiredForAllRemoteConnections": "Krävs för alla fjärr kopplingar",
    "RecordingPathChangeMessage": "Ändring av din inspelnings mapp kommer inte migrera existerande inspelningar från gamla platsen till den nya. Du behöver flytta dom manuellt om så önskas.",
    "PreferredNotRequired": "Föredragen, men inte krävande",
    "PlaybackData": "Uppspelnings Data",
    "PasswordResetProviderHelp": "Välj en Lösenords Återställnings Provider att använda när denna användare begär att återställa lösenordet",
    "OptionThumbCard": "Miniatyr kort",
    "OptionThumb": "Miniatyr",
    "OptionSaveMetadataAsHiddenHelp": "Ändring av detta kommer att tilldelas till ny metadata som sparas. Existerande metadata filer kommer att uppdateras nästa gång dom sparas av Jellyfin Server.",
    "OptionResElement": "res element",
    "OptionRegex": "Regex",
    "OptionRandom": "Slumpmässig",
    "OptionProtocolHttp": "HTTP",
    "OptionProfileVideo": "Video",
    "OptionPosterCard": "Omslags kort",
    "OptionPoster": "Omslag",
    "OptionMax": "Max",
    "OptionLoginAttemptsBeforeLockoutHelp": "Ett värde av noll menas att använda standard av tre försök för normala användare och fem för administratörer. -1 kommer att stänga av denna funktion.",
    "OptionLoginAttemptsBeforeLockout": "Avgör hur många felaktiga inloggnings försök som kan utföras innan kontot låses.",
    "OptionList": "List",
    "OptionIsSD": "SD",
    "OptionIsHD": "HD",
    "OptionHasTrailer": "Trailer",
    "OptionCaptionInfoExSamsung": "CaptionInfoEx (Samsung)",
    "OptionBlockTrailers": "Trailers",
    "OptionBanner": "Banner",
    "OptionAutomatic": "Auto",
    "OptionAuto": "Auto",
    "OptionArtist": "Artist",
    "OptionForceRemoteSourceTranscoding": "Tvinga omkodning på fjärr media källor (som LiveTV)",
    "OptionAlbum": "Album",
    "Option3D": "3D",
    "Normal": "Normal",
    "NoCreatedLibraries": "Ser ut som du inte har skapat några bibliotek än. {0}Vill du skapa ett nu?{1}",
    "NextUp": "Nästa på tur",
    "MusicVideo": "Musik Video",
    "MusicLibraryHelp": "Granska {0}musik döpnings guiden{1}.",
    "MusicArtist": "Musik Artist",
    "MusicAlbum": "Musik Album",
    "MoreMediaInfo": "Medieinformation",
    "MetadataSettingChangeHelp": "Ändring av metadata inställningar kommer att ske på nytt innehåll som är tillagt framledes. För att uppdatera existerat innehåll, öppna detalj skärmen och tryck på uppdatera knappen, eller utför bulk uppdateringar med metadata hanteraren.",
    "Metadata": "Metadata",
    "MessageNoServersAvailable": "Inga servrar har hittats med automatiska server sökningen.",
    "MessageNoCollectionsAvailable": "Samlingar tillåter dig att njuta av personlig gruppering av Filmer, Serier och Albums. Tryck på + knapen för att skapa samlingar.",
    "MessageImageTypeNotSelected": "Vänligen välj en bild typ från rullningslisten.",
    "MessageImageFileTypeAllowed": "Endast JPEG och PNG filer stöds.",
    "MessageConfirmAppExit": "Vill du avsluta?",
    "MediaInfoStreamTypeVideo": "Video",
    "MediaInfoStreamTypeSubtitle": "Undertext",
    "MediaInfoStreamTypeEmbeddedImage": "Inbäddad bild",
    "MediaInfoStreamTypeData": "Data",
    "MediaInfoStreamTypeAudio": "Ljud",
    "MediaInfoSoftware": "Mjukvara",
    "MediaInfoLayout": "Design",
    "MediaInfoContainer": "Behållare",
    "ManageLibrary": "Hantera bibliotek",
    "Live": "Live",
    "LeaveBlankToNotSetAPassword": "Du kan lämna detta fält tomt för att inte ange lösenord.",
    "LaunchWebAppOnStartupHelp": "Öppna webbgränssnittet i din standardwebbläsare när servern först startar. Detta händer inte när du använder starta om-funktionen.",
    "LaunchWebAppOnStartup": "Öppna webbgränssnittet när servern startar",
    "LanNetworksHelp": "Kommatecken separerad lista på IP adresser eller IP/nätmask inlägg för nätverk som anses vara på lokala nätverket för att tvinga fram bandbredd begränsningar. Om angett, alla andra IP adresser kommer att anses vara på ett externt nätverk och kommer tilldelas till det externa bandbredd begränsningarna. Om lämnat tomt, endast serverns subnet anses vara på det lokala nätverket.",
    "LabelXDlnaDoc": "X-DLNA-dokumentation:",
    "LabelXDlnaCap": "X-DLNA-begränsning:",
    "LabelWeb": "Webb:",
    "LabelVideoResolution": "Video upplösning:",
    "LabelVideoCodec": "Video codec:",
    "LabelVideoBitrate": "Video bitrate:",
    "LabelVideo": "Video:",
    "DashboardArchitecture": "Arkitektur: {0}",
    "DashboardOperatingSystem": "Operativsystem: {0}",
    "DashboardServerName": "Server: {0}",
    "DashboardVersionNumber": "Version: {0}",
    "LabelVersion": "Version:",
    "LabelUserLoginAttemptsBeforeLockout": "Felaktiga inloggnings försök innan användare blir utelåst:",
    "LabelUserAgent": "Användar agent:",
    "LabelTypeText": "Text",
    "LabelTypeMetadataDownloaders": "{0} metadata nerladdare:",
    "LabelTranscodingProgress": "Omkodning progress:",
    "LabelTranscodingFramerate": "Omkodning framerate:",
    "LabelTranscodes": "Omkodningar:",
    "LabelTranscodePath": "Omkodning sökväg:",
    "PlaybackErrorNoCompatibleStream": "Klienten kunde inte identifieras och servern skickar inte ett kompatibelt medieformat.",
    "AllowFfmpegThrottlingHelp": "När omkodningen går uppspelningen långt i förväg pausas den tills vidare för att spara resurser. Detta fungerar bäst när du kollar utan att spola mycket; stäng av ifall spelaren krånglar.",
    "AllowFfmpegThrottling": "Begränsad omkodning"
}
