{
    "Add": "新增",
    "All": "全部",
    "AllowRemoteAccessHelp": "如果未勾選，所有連線都將被阻擋。",
    "Browse": "瀏覽",
    "BrowsePluginCatalogMessage": "瀏覽我們的插件目錄來查看可用的模組。",
    "ButtonAdd": "新增",
    "ButtonAddServer": "新增伺服器",
    "ButtonAddUser": "新增使用者",
    "ButtonCancel": "取消",
    "ButtonDelete": "刪除",
    "ButtonDeleteImage": "刪除圖像",
    "ButtonEdit": "編輯",
    "ButtonEditImages": "編輯圖片",
    "ButtonFilter": "過濾",
    "ButtonForgotPassword": "忘記密碼",
    "ButtonGotIt": "我知道了",
    "ButtonGuide": "節目表",
    "ButtonHome": "首頁",
    "ButtonNew": "建立",
    "ButtonOk": "確定",
    "ButtonPlay": "播放",
    "ButtonQuickStartGuide": "快速開始指南",
    "ButtonRefresh": "重新整理",
    "ButtonRefreshGuideData": "更新電視節目表",
    "ButtonRemove": "清除",
    "ButtonResetPassword": "重設密碼",
    "ButtonSave": "保存",
    "ButtonSearch": "搜尋",
    "ButtonSelectDirectory": "選擇目錄",
    "ButtonSelectServer": "選擇伺服器",
    "ButtonSignIn": "登入",
    "ButtonSignOut": "登出",
    "ButtonSort": "排序",
    "ConfirmDeleteItem": "刪除此項目時，也會一併從檔案系統及媒體櫃中刪除。確定要刪除嗎？",
    "ConfirmDeletion": "確定刪除",
    "Continuing": "持續",
    "CustomDlnaProfilesHelp": "為新的設備新增自訂設定檔或覆蓋原有系統設定。",
    "Delete": "刪除",
    "DeleteImage": "刪除圖像",
    "DeleteImageConfirmation": "你確定要刪除這張圖像？",
    "DeleteUser": "刪除使用者",
    "Dislike": "不喜歡",
    "Download": "下載",
    "Edit": "編輯",
    "EditImages": "編輯圖片",
    "Ended": "完結",
    "EndsAtValue": "完結於{0}",
    "Favorite": "加到最愛",
    "File": "檔案",
    "FileNotFound": "未找到檔案。",
    "FileReadError": "在讀取檔案時發生錯誤。",
    "FolderTypeMovies": "電影",
    "FolderTypeMusic": "音樂",
    "FolderTypeMusicVideos": "MV",
    "FolderTypeTvShows": "TV",
    "Friday": "星期五",
    "GuideProviderLogin": "登入",
    "HeaderActiveRecordings": "正在錄影的節目",
    "HeaderAddUser": "增加使用者",
    "HeaderAdditionalParts": "附加部份",
    "HeaderAdmin": "管理",
    "HeaderAutomaticUpdates": "自動更新",
    "HeaderCastCrew": "拍攝人員及演員",
    "HeaderChannels": "頻道",
    "HeaderCustomDlnaProfiles": "自訂設定檔",
    "HeaderDeleteItem": "刪除項目",
    "HeaderEasyPinCode": "簡易 PIN 碼",
    "HeaderFeatureAccess": "可以使用的功能",
    "HeaderFetchImages": "抓取圖像：",
    "HeaderForgotPassword": "忘記密碼",
    "HeaderFrequentlyPlayed": "經常播放",
    "HeaderGuideProviders": "節目表提供者",
    "HeaderImageSettings": "圖像設置",
    "HeaderInstantMix": "瞬時混播",
    "HeaderLatestEpisodes": "最新節目單元",
    "HeaderLatestMovies": "最新電影",
    "HeaderLatestRecordings": "最新錄影的節目",
    "HeaderLatestSongs": "最新歌曲",
    "HeaderLatestTrailers": "最新預告",
    "HeaderLinks": "鏈接",
    "HeaderLiveTV": "電視直播",
    "HeaderLiveTv": "電視",
    "HeaderMediaFolders": "媒體資料夾",
    "HeaderMusicVideos": "MV",
    "HeaderNewRecording": "新錄製",
    "HeaderNewUsers": "新使用者",
    "HeaderNextUp": "接下來",
    "HeaderNowPlaying": "正在播放",
    "HeaderParentalRating": "Parental Rating",
    "HeaderPaths": "路徑",
    "HeaderPlayAll": "全部播放",
    "HeaderPleaseSignIn": "請登入",
    "HeaderPreferredMetadataLanguage": "首選媒體資料語言",
    "HeaderRecentlyPlayed": "最近播放",
    "HeaderScenes": "場景",
    "HeaderSelectServer": "選擇伺服器",
    "HeaderSelectServerCachePath": "選擇伺服器快取路徑",
    "HeaderSeries": "系列",
    "HeaderSpecialFeatures": "特色",
    "HeaderStatus": "狀態",
    "HeaderSystemDlnaProfiles": "系統設定",
    "HeaderUsers": "使用者",
    "Help": "說明",
    "ItemCount": "{0}個項目",
    "LabelAllowServerAutoRestart": "允許伺服器自動重新啟動去安裝更新資料",
    "LabelAllowServerAutoRestartHelp": "伺服器只會在沒有使用者在使用時重新啟動。",
    "LabelAudioLanguagePreference": "音頻語言偏好選項：",
    "LabelCachePath": "緩存路徑：",
    "LabelCollection": "收藏櫃：",
    "LabelContentType": "內容類型：",
    "LabelCountry": "國家：",
    "LabelCurrentPassword": "當前的密碼：",
    "LabelDay": "日：",
    "LabelDisplayMissingEpisodesWithinSeasons": "顯示節目季度內缺少的單元",
    "LabelEnableDlnaClientDiscoveryInterval": "尋找客戶端時間間隔（秒）",
    "LabelEnableDlnaDebugLogging": "記錄 DLNA 除錯資料到日誌",
    "LabelEnableDlnaDebugLoggingHelp": "將會建立非常大的日誌檔案，建議在進行故障排除時啟用。",
    "LabelEnableDlnaPlayTo": "播放到DLNA設備",
    "LabelEnableRealtimeMonitor": "啟用實時監控",
    "LabelEnableRealtimeMonitorHelp": "支持的檔案系統上的更改，將會立即處理。",
    "LabelEvent": "事件：",
    "LabelEveryXMinutes": "每：",
    "LabelFinish": "完成",
    "LabelServerNameHelp": "名稱將用於辨識服務器，預設是伺服器的電腦名稱。",
    "LabelLanguage": "語言：",
    "LabelMaxBackdropsPerItem": "每個項目背景的最大數目：",
    "LabelMaxParentalRating": "最大允許的家長評級：",
    "LabelMaxResumePercentage": "最大繼續播放百分比:",
    "LabelMaxResumePercentageHelp": "媒體若於該時間後停止，會被認定為已播放。",
    "LabelMaxScreenshotsPerItem": "每件物品截圖的最大數量：",
    "LabelMetadataPath": "中繼資料資料夾路徑：",
    "LabelMinBackdropDownloadWidth": "最小背景下載寬度：",
    "LabelMinResumeDuration": "最小繼續播放時間：",
    "LabelMinResumeDurationHelp": "以秒為單位的最短影片長度，它將保存播放位置並讓您繼續播放。",
    "LabelMinResumePercentage": "最低繼續播放百分比：",
    "LabelMinResumePercentageHelp": "媒體如果在這個時間之前停止，會被認定為未播放。",
    "LabelMinScreenshotDownloadWidth": "最小截圖下載寬度：",
    "LabelName": "名字：",
    "LabelNewPassword": "新密碼：",
    "LabelNewPasswordConfirm": "確認新密碼：",
    "LabelNext": "下一個",
    "LabelPassword": "密碼：",
    "LabelPlaylist": "播放清單：",
    "LabelPrevious": "上一個",
    "LabelRefreshMode": "更新模式：",
    "LabelSaveLocalMetadata": "將媒體圖像及資料檔存到媒體所在的資料夾",
    "LabelSaveLocalMetadataHelp": "直接儲存圖片及資料到媒體所在的資料夾能使編輯更容易。",
    "LabelTime": "時間：",
    "LabelTriggerType": "觸發類型：",
    "LabelUser": "使用者：",
    "LabelYourFirstName": "你的名字：",
    "LabelYoureDone": "完成！",
    "LibraryAccessHelp": "選擇媒體資料夾與此使用者共享。管理員將可以使用中繼資料管理器編輯所有的媒體資料夾。",
    "Like": "喜歡",
    "MaxParentalRatingHelp": "具有較高的家長評級內容將從這使用者被隱藏。",
    "MessageAreYouSureDeleteSubtitles": "您真的要刪除這個字幕檔嗎？",
    "MessageDownloadQueued": "下載已排程。",
    "MessageItemsAdded": "已新增項目。",
    "MessageNoMovieSuggestionsAvailable": "目前並沒有推薦的電影。開始觀看並對您的電影評分後，我們就會為您推薦您可能會喜歡的內容。",
    "MessageNothingHere": "這裡沒有什麼。",
    "MessagePasswordResetForUsers": "下列使用者的密碼已被重新設置。該使用者現在可以使用在密碼重置時所使用之 PIN 代碼進行登入。",
    "MessagePleaseEnsureInternetMetadata": "請確保已啟用從互聯網下載媒體資料。",
    "Monday": "星期一",
    "MoreUsersCanBeAddedLater": "也可於控制台內新增使用者。",
    "MySubtitles": "我的字幕",
    "NewCollection": "新合集",
    "NewCollectionHelp": "收藏櫃讓您能夠建立個人化的影音及其他媒體的分類。",
    "NewCollectionNameExample": "例子：星球大戰合集",
    "NoNextUpItemsMessage": "沒有找到。開始看你的節目！",
    "NoSubtitleSearchResultsFound": "無結果。",
    "OptionAlbum": "專輯",
    "OptionAlbumArtist": "專輯歌手",
    "OptionAllowBrowsingLiveTv": "允許使用電視",
    "OptionAllowManageLiveTv": "允許管理電視節目錄影",
    "OptionAllowUserToManageServer": "允許該使用者管理伺服器",
    "OptionArtist": "歌手",
    "OptionAscending": "升序",
    "OptionAutomatic": "自動",
    "OptionBlockLiveTvChannels": "電視頻道",
    "OptionBluray": "藍光",
    "OptionCommunityRating": "社區評分",
    "OptionContinuing": "持續",
    "OptionCriticRating": "評論家評價",
    "OptionDaily": "每日",
    "OptionDateAdded": "新增日期",
    "OptionDatePlayed": "播放日期",
    "OptionDescending": "降序",
    "OptionDisableUser": "停用該使用者",
    "OptionDisableUserHelp": "被停用的使用者將被伺服器封鎖，即便正處於連線狀態也將被中斷。",
    "OptionDislikes": "不喜歡",
    "OptionDownloadArtImage": "圖像",
    "OptionDownloadBackImage": "媒體包裝背面",
    "OptionDownloadBoxImage": "媒體包裝",
    "OptionDownloadDiscImage": "光碟",
    "OptionDownloadLogoImage": "標誌",
    "OptionDownloadMenuImage": "菜單",
    "OptionDownloadPrimaryImage": "主要圖",
    "OptionDownloadThumbImage": "縮略圖",
    "OptionDvd": "DVD",
    "OptionEnded": "完結",
    "OptionFavorite": "我的最愛",
    "OptionFriday": "星期五",
    "OptionHasSubtitles": "字幕",
    "OptionHasThemeSong": "主題曲",
    "OptionHasThemeVideo": "主題影片",
    "OptionHideUser": "在登入頁面隱藏此使用者",
    "OptionImdbRating": "IMDB評分",
    "OptionIsHD": "高清",
    "OptionIsSD": "標清",
    "OptionLikes": "喜歡",
    "OptionMissingEpisode": "缺少了的單元",
    "OptionMonday": "星期一",
    "OptionNameSort": "名字",
    "OptionNew": "新增...",
    "OptionOnAppStartup": "在伺服器啟動",
    "OptionOnInterval": "每時段",
    "OptionParentalRating": "家長評級",
    "OptionPlayCount": "播放次數",
    "OptionPlayed": "已播放",
    "OptionPremiereDate": "首映日期",
    "OptionResumable": "可恢復",
    "OptionRuntime": "播放長度",
    "OptionSaturday": "星期六",
    "OptionSpecialEpisode": "特集",
    "OptionSunday": "星期天",
    "OptionThursday": "星期四",
    "OptionTrackName": "曲目名稱",
    "OptionTuesday": "星期二",
    "OptionTvdbRating": "TVDB 評分",
    "OptionUnairedEpisode": "還未發佈的單元",
    "OptionUnplayed": "未播放",
    "OptionWakeFromSleep": "從休眠中回復",
    "OptionWednesday": "星期三",
    "OptionWeekly": "每週",
    "OriginalAirDateValue": "原始播出日期：{0}",
    "ParentalRating": "Parental Rating",
    "PasswordMatchError": "密碼和密碼確認必須一致。",
    "PasswordResetComplete": "密碼已重設。",
    "PasswordResetConfirmation": "你確定要重設密碼？",
    "PasswordSaved": "密碼已保存。",
    "Play": "播放",
    "Record": "開始錄影",
    "RecordSeries": "錄製整個系列",
    "RecordingCancelled": "已取消排程錄製。",
    "RecordingScheduled": "已排程錄製。",
    "Refresh": "重新整理",
    "RefreshDialogHelp": "詳細資料的更新方式會依據Jellyfin的設定及已經啟用的網路服務來進行。",
    "ReplaceAllMetadata": "取代所有詳細資料",
    "ReplaceExistingImages": "取代現有圖片",
    "Saturday": "星期六",
    "Save": "保存",
    "Search": "搜尋",
    "SearchForCollectionInternetMetadata": "在互聯網上搜索媒體圖像和資料",
    "SearchForMissingMetadata": "搜尋遺失的詳細資料",
    "SearchForSubtitles": "搜尋字幕",
    "SeriesRecordingScheduled": "已排程錄製整個系列。",
    "ServerUpdateNeeded": "此Jellyfin伺服器需要更新，請至{0}取得最新版本",
    "SettingsSaved": "設置已保存。",
    "Share": "分享",
    "Subtitles": "字幕",
    "Sunday": "星期天",
    "TabAdvanced": "進階",
    "TabAlbumArtists": "專輯歌手",
    "TabAlbums": "專輯",
    "TabArtists": "歌手",
    "TabCatalog": "目錄",
    "TabChannels": "頻道",
    "TabEpisodes": "單元",
    "TabGenres": "類型",
    "TabGuide": "節目表",
    "TabInfo": "資訊",
    "TabLatest": "最新",
    "TabLiveTV": "電視",
    "TabMetadata": "媒體資料",
    "TabMovies": "電影",
    "TabMusic": "音樂",
    "TabMyPlugins": "我的插件",
    "TabNetworks": "網絡",
    "TabPassword": "密碼",
    "TabPlaylist": "播放清單",
    "TabProfile": "設定",
    "TabProfiles": "設定",
    "TabRecordings": "錄影",
    "TabSeries": "電視劇",
    "TabServer": "伺服器",
    "TabSettings": "設定",
    "TabShows": "節目",
    "TabSongs": "歌曲",
    "TabSuggestions": "建議",
    "TabTrailers": "預告",
    "TabTranscoding": "轉碼中",
    "TabUpcoming": "接下來",
    "TellUsAboutYourself": "請自我介紹一下你自己",
    "ThisWizardWillGuideYou": "此精靈將帶你完成安裝過程。開始之前，請選擇您慣用的語言。",
    "Thursday": "星期四",
    "TrackCount": "{0}個曲目",
    "Tuesday": "星期二",
    "UninstallPluginConfirmation": "你確定要卸載{0}？",
    "UninstallPluginHeader": "卸載插件",
    "UserProfilesIntro": "Jellyfin 可單獨對使用者進行設定，所有使用者擁有自己的顯示設置，播放狀態和家長控制。",
    "Users": "使用者",
    "VersionNumber": "版本 {0}",
    "Wednesday": "星期三",
    "WelcomeToProject": "歡迎使用 Jellyfin！",
    "WizardCompleted": "這就是我們所需的全部資訊，Jellyfin 現在正在收集你的媒體櫃的資料，在這段時間內，不妨參考我們推出的應用程式。按一下<b>完成</b>進入<b>伺服器總覽頁</b>。",
    "Actor": "演員",
    "AddToPlayQueue": "加入播放清單",
    "AddToPlaylist": "加入播放列表",
    "Absolute": "絕對",
    "AccessRestrictedTryAgainLater": "目前存取受限，請稍後再試。",
    "AddedOnValue": "已加入 {0}",
    "AdditionalNotificationServices": "請瀏覽附加元件目錄以安裝額外的通知服務。",
    "Albums": "專輯",
    "Alerts": "警示",
    "AllChannels": "所有節目",
    "AllComplexFormats": "所有複雜格式 (ASS, SSA, VOBSUB, PGS, SUB/IDX, 等)",
    "AllLanguages": "所有語言",
    "AllLibraries": "所有媒體",
    "AllowMediaConversion": "允許媒體轉檔",
    "AllowMediaConversionHelp": "授予或拒絕存取媒體轉檔功能。",
    "AllowRemoteAccess": "允許遠端存取這個Jellyfin 伺服器。",
    "AlwaysPlaySubtitles": "總是顯示字幕",
    "AlwaysPlaySubtitlesHelp": "將會載符合語音設定的字幕，無論語音是哪一個語言。",
    "AnyLanguage": "任何語言",
    "Anytime": "任何時間",
    "AroundTime": "大概在 {0} 左右",
    "Art": "圖像",
    "Artists": "演出者",
    "AsManyAsPossible": "越多越好",
    "Ascending": "由少到多",
    "AspectRatio": "長寬比",
    "AttributeNew": "新增",
    "Audio": "音訊",
    "Auto": "自動",
    "AutoBasedOnLanguageSetting": "自動(根據語言設定)",
    "Backdrop": "背景",
    "Backdrops": "背景",
    "Banner": "橫幅",
    "BirthDateValue": "生於: {0}",
    "BirthLocation": "出生地",
    "BirthPlaceValue": "出生地: {0}",
    "Blacklist": "黑名單",
    "Books": "圖書",
    "ButtonAccept": "接受",
    "ButtonAddMediaLibrary": "新增媒體櫃",
    "ButtonArrowLeft": "左",
    "ButtonArrowRight": "右",
    "ButtonArrowUp": "上",
    "ButtonAudioTracks": "音軌",
    "ButtonBack": "回去",
    "ButtonChangeServer": "更換伺服器",
    "AddItemToCollectionHelp": "利用搜尋並使用右鍵或點擊目錄將項目新增到收藏中。",
    "AddToCollection": "加入收藏",
    "AirDate": "播出日期",
    "Aired": "已播於",
    "AllEpisodes": "所有集數",
    "AllowHWTranscodingHelp": "若啟用，將會允許調諧器同步轉檔，這會減少 Jellyfin 伺服器轉檔必要。",
    "AllowOnTheFlySubtitleExtraction": "允許同步字幕截取",
    "AllowOnTheFlySubtitleExtractionHelp": "可以從影片中提取內建字幕並以純文字的形式給 Jellyfin 應用程式以避免影片轉碼。在某些系統中這個提取的進程可能會花費較長時間並導致影片播放出現停滯。若停用這個選項，當內置字幕不被播放端設備支援時，字幕將透過影片轉碼燒進影片中。",
    "AllowedRemoteAddressesHelp": "可以從非本地連線的IP位址，用冒號分隔，若留白，則允許所有IP。",
    "BookLibraryHelp": "支援有聲書和電子書。請瀏覽 Jellyfin 書籍命名指南。",
    "Box": "盒子",
    "BoxRear": "盒子（背面）",
    "BurnSubtitlesHelp": "根據字幕格式決定伺服器在轉換影片時是否燒錄字幕。避免燒錄字幕會提高伺服器性能。選擇「自動」以燒錄基於圖片的字幕格式（如 VOBSUB, PGS, SUB/IDX 等）和一些複雜的 ASS/SSA 字幕。",
    "ButtonArrowDown": "下",
    "ButtonConnect": "連結",
    "ButtonDown": "下",
    "ButtonDownload": "下載",
    "ButtonEditOtherUserPreferences": "編輯此使用者的內容，大頭貼和個人設定。",
    "ButtonFullscreen": "全螢幕",
    "ButtonHelp": "幫助",
    "ButtonInfo": "詳細資料",
    "ButtonLearnMore": "瞭解更多",
    "ButtonLibraryAccess": "媒體庫存取",
    "ButtonManualLogin": "手動登入",
    "ButtonMore": "更多",
    "ButtonNetwork": "網路",
    "ButtonNextTrack": "下一首",
    "ButtonOff": "關",
    "ButtonOpen": "開",
    "ButtonParentalControl": "家庭管理",
    "ButtonPause": "暫停",
    "ButtonPreviousTrack": "上一首",
    "ButtonProfile": "個人首頁",
    "ButtonRename": "重新命名",
    "ButtonRepeat": "重覆播放",
    "ButtonResetEasyPassword": "重設簡單PIN碼",
    "ButtonRestart": "重新啟動",
    "ButtonResume": "繼續播放",
    "ButtonRevoke": "撤銷",
    "ButtonScanAllLibraries": "掃描所有媒體庫",
    "ButtonSelectView": "選擇顯示方式",
    "ButtonSend": "傳送",
    "ButtonSettings": "設定",
    "ButtonShuffle": "隨機播放",
    "ButtonShutdown": "關機",
    "ButtonStart": "開始",
    "ButtonStop": "停止",
    "ButtonSubmit": "提交",
    "ButtonSubtitles": "字幕",
    "ButtonTrailer": "預告片",
    "ButtonUninstall": "解除安裝",
    "ButtonUp": "上",
    "ButtonViewWebsite": "查看網站",
    "ButtonWebsite": "網站",
    "CancelRecording": "取消錄影",
    "CancelSeries": "取消系列",
    "Categories": "類別",
    "ChangingMetadataImageSettingsNewContent": "更改影片詳細資料或媒體圖像像的下載設定僅對以後添加至媒體庫中的新内容生效，若要更改已存在的資料，您需要手動更新中繼資料。",
    "ChannelAccessHelp": "選擇此使用者之共享頻道。管理員將能夠使用資料管理器編輯所有資料夾。",
    "ChannelNameOnly": "只在頻道 {0}",
    "ChannelNumber": "頻道號碼",
    "Channels": "頻道",
    "CinemaModeConfigurationHelp": "劇影院模式直接為您的客廳帶來劇場級體驗，同時還可以播放預告片和自定開場白。",
    "CinemaModeConfigurationHelp2": "Jellyfin 應用程式將有一個用於啟動或關閉劇院模式的設定。 電視的應用程式預設開啟劇院模式。",
    "CinemaModeFeatureDescription": "劇院模式用預告片和自定開場白帶給您最真實的劇院體驗。",
    "CloudSyncFeatureDescription": "將您的媒體備份到雲端當作簡單的備份，收藏和轉檔。",
    "Collections": "合輯",
    "Composer": "作曲家",
    "ConfigureDateAdded": "調整伺服器怎麼判定媒體褲的「新增日期」",
    "ConfirmDeleteImage": "刪除圖片？",
    "ConfirmDeleteItems": "刪除這些項目會將檔案從系統和媒體庫中刪除。你真的要繼續嗎？",
    "ConfirmEndPlayerSession": "您要在 {0} 秒後將 Jellyfin關機嗎？",
    "Connect": "連結",
    "ContinueWatching": "繼續觀看",
    "CriticRating": "影評評分",
    "DateAdded": "新增日期",
    "DatePlayed": "播放日期",
    "DeathDateValue": "死於： {0}",
    "Default": "預設",
    "ButtonAddScheduledTaskTrigger": "新增觸發",
    "CategoryPlugin": "外掛元件",
    "ColorPrimaries": "三原色",
    "ColorSpace": "色彩空間",
    "ColorTransfer": "色彩傳輸",
    "CommunityRating": "公眾評分",
    "DefaultCameraUploadPathHelp": "請選擇自訂上傳路徑。若留白, 將會使用預設資料夾。如果使用自訂路徑，則還需要在Jellyfin庫設置中作為“媒體庫”添加。",
    "DefaultErrorMessage": "處理請求時發生錯誤。請稍後再試。",
    "DefaultMetadataLangaugeDescription": "這些預設設定可以在你的媒體庫中單獨設定。",
    "DefaultSubtitlesHelp": "字幕將基於內建資料中的「預設」標記和「強制」標記來載入，當有多個選項可用時，將根據語言偏好決定。",
    "DeleteDeviceConfirmation": "你確定你要刪除這個裝置嗎？當有使用者用這個裝置登入時，這個裝置會再次出現。",
    "DeleteMedia": "刪除媒體",
    "DeleteUserConfirmation": "你確定要刪除此使用者？",
    "Descending": "降序",
    "Desktop": "桌面",
    "DetectingDevices": "正在偵測裝置",
    "DeviceAccessHelp": "只適用於用唯一辨識方法的裝置，並不會阻止瀏覽器存取。已過濾的使用者裝置會被拒絕存取，直到他們被批准。",
    "DeviceLastUsedByUserName": "最後被 {0} 使用",
    "DirectPlayError": "直接播放錯誤",
    "DirectPlaying": "直接播放",
    "DirectStreamHelp1": "媒體在畫質和媒體類型（H.264，AC3等）方面與裝置相容。但是在不相容的檔案格式（.mkv，.avi，.wmv等）中，在影片傳輸到裝置之前，將會重新轉檔。",
    "DirectStreamHelp2": "直接串流檔案會占用非常少的處理效能並且影片的品質不會有任何損失。",
    "DirectStreaming": "直接串流",
    "Director": "導演",
    "DirectorValue": "導演： {0}",
    "DirectorsValue": "導演： {0}",
    "Disabled": "已停用",
    "Disc": "光碟",
    "Disconnect": "斷開連結",
    "Display": "顯示",
    "DisplayInMyMedia": "在主畫面顯示",
    "DisplayInOtherHomeScreenSections": "在“最新媒體”和“繼續觀看“等主畫面區塊中顯示",
    "DisplayMissingEpisodesWithinSeasons": "顯示每季缺少的劇集",
    "DisplayMissingEpisodesWithinSeasonsHelp": "必須在 Jellyfin 伺服器的電視媒體庫設定中啟用該功能。",
    "DisplayModeHelp": "選擇您正在運行Jellyfin的螢幕類型。",
    "DoNotRecord": "不要錄",
    "Down": "下",
    "DownloadItemLimitHelp": "非必要。 設置要下載的項目數限制。",
    "Downloaded": "已下載",
    "Downloading": "下載中",
    "DownloadingDots": "下載中…",
    "Downloads": "下載",
    "DownloadsValue": "{0} 個下載",
    "DrmChannelsNotImported": "受 DMR 保護的頻道將不會被導入。",
    "DropShadow": "背景投影",
    "DvrFeatureDescription": "使用Jellyfin DVR安排個人直播電視錄製，系列錄製等。",
    "EasyPasswordHelp": "你的簡易 PIN 碼將會用於在支援的 Jellyfin 應用上進行離線存取，同時也可被用於區域網路的登入。",
    "EditMetadata": "編輯數據",
    "EditSubtitles": "編輯字幕",
    "EnableBackdrops": "背景",
    "EnableBackdropsHelp": "瀏覽媒體庫時背景圖將作為頁面的背景。",
    "EnableCinemaMode": "影院模式",
    "EnableColorCodedBackgrounds": "色彩背景",
    "EnableDisplayMirroring": "鏡像顯示器",
    "EnableExternalVideoPlayers": "外部影片播放器",
    "EnableExternalVideoPlayersHelp": "當你開始播放影片時，將會顯示外部播放器選單。",
    "EnableHardwareEncoding": "啟用硬體編碼",
    "EnableNextVideoInfoOverlay": "在播放時顯示下一個影片資訊",
    "EnableNextVideoInfoOverlayHelp": "在影片結束前，顯示當前播放列表中下一個影片的資訊。",
    "EnablePhotos": "顯示圖片",
    "EnablePhotosHelp": "圖片將被偵測到並和其他媒體檔案一起顯示。",
    "EnableStreamLooping": "自動循環播放直播",
    "EnableStreamLoopingHelp": "如果直播僅包含了幾秒鐘的數據並且需要被不斷的請求，請啟用此項。如果在沒有相關問題的情況下啟動此項，可能會導致一些問題。",
    "EnableThemeSongs": "主題曲",
    "EnableThemeSongsHelp": "瀏覽媒體庫時主題曲將作為背景音樂播放。",
    "EnableThemeVideos": "啟用主題影片",
    "EnableThemeVideosHelp": "瀏覽媒體庫時主題影片將作為背景影片播放。",
    "EnterFFmpegLocation": "輸入 FFmpeg 路徑",
    "Episodes": "劇集",
    "Error": "錯誤",
    "ErrorAddingListingsToSchedulesDirect": "在將電視節目時間表添加到您的Schedules Direct賬號時出現錯誤。每個Schedules Direct賬號只允許有限的時間表。您在繼續前可能需要登入Schedules Direct網站并刪除賬號中的其它列表。",
    "ErrorAddingGuestAccount1": "新增Jellyfin Connect時發生錯誤。你的賓客有建立Jellyfin帳號嗎？他們可以在 {0} 創建帳號。",
    "ErrorAddingGuestAccount2": "若你還是遇到問題，請發送email至 {0} 並附上你和他們的email帳號。",
    "ErrorAddingJellyfinConnectAccount1": "新增Jellyfin Connect時發生錯誤。您有建立Jellyfin帳號嗎？您可以在 {0} 創建帳號。",
    "ErrorAddingJellyfinConnectAccount2": "若你還是遇到問題，請用發生問題的email帳號發送email至 {0}。",
    "ErrorAddingJellyfinConnectAccount3": "這個 Jellyfin 帳號已經被連接至一個本地帳號。一個 Jellyfin帳號 只能同時被連接到一個本機帳號。",
    "ErrorAddingMediaPathToVirtualFolder": "新增媒體路徑時發生錯誤，請確認路徑是否有效，且你的 Jellyfin 伺服器有對該位置的存取權。",
    "ErrorAddingTunerDevice": "新增調諧器設備時發生錯誤，請確認它是否可被存取後再試一次。",
    "ErrorAddingXmlTvFile": "存取 XMLTV 文件時發生錯誤。請確認該檔案是否存在後再試一次。",
    "ErrorConnectServerUnreachable": "處理請求時發生錯誤。您的伺服器無法與我們位於 {0} 的 Jellyfin Connect伺服器溝通。請確認你的伺服器有網路連結且防火牆或其他安全性程式允許這個程式對外溝通。",
    "ErrorDeletingItem": "從Jellyfin伺服器刪除項目時發生錯誤。請確認伺服器有那個磁碟的寫入權限並再試一次。",
    "ErrorGettingTvLineups": "下載電視節目表時發生錯誤，請確認你的資訊是正確的然後再試一次。",
    "ErrorMessagePasswordNotMatchConfirm": "密碼和密碼確認必須吻合。",
    "ErrorMessageStartHourGreaterThanEnd": "結束時間必須在開始時間後。",
    "ErrorMessageUsernameInUse": "用戶名已存在。請重新選個名稱再試。",
    "ErrorPleaseSelectLineup": "請選擇節目表，然後再試一次。如果沒有可用的節目表，請檢查您的使用者名稱、密碼和郵遞區號是否正確。",
    "ErrorReachingJellyfinConnect": "連接 Jellyfin Connect 伺服器時發生錯誤。請確認你的網絡狀態是否穩定後再試一次。",
    "ErrorRemovingJellyfinConnectAccount": "移除 Jellyfin Connect 帳號時發生錯誤。請確認你的網絡狀態是否穩定後再試一次。",
    "ErrorSavingTvProvider": "儲存電視供應商時發生錯誤。請確認它是可存取後再試一次。",
    "EveryNDays": "每 {0} 天",
    "ExitFullscreen": "結束全螢幕",
    "ExtraLarge": "特大",
    "ExtractChapterImagesHelp": "擷取章節圖片將允許 Jellyfin 顯示圖片形式的章節選單，過程可能會非常緩慢、佔用大量 CPU 資源，並且可能需要幾 GB 的硬碟空間。\n擷取會在影片被偵測到時啟動，同時也可作為一個夜間計劃任務運行，這個任務可以在「計劃任務」選項中進行設定，不建議在尖峰時刻使用時間進行這個任務。",
    "Extras": "額外",
    "FFmpegSavePathNotFound": "我們無法通過你輸入的路徑找到 FFmpeg。 FFprobe 同樣也是必要且應該被放在同一個資料夾中。他們通常會被打包在一起以供下載。請檢查這個路徑然後再試一次。",
    "FastForward": "快轉",
    "Favorites": "我的最愛",
    "Features": "功能",
    "FileReadCancelled": "檔案讀取已取消。",
    "Fill": "填滿",
    "Filters": "濾鏡",
    "FolderTypeBooks": "書籍",
    "FolderTypeInherit": "延用",
    "FolderTypeMixed": "混合媒體",
    "FolderTypeUnset": "混合內容",
    "Folders": "資料夾",
    "FormatValue": "格式：{0}",
    "FreeAppsFeatureDescription": "享受免費的Jellyfin應用程式。",
    "Fullscreen": "全螢幕",
    "General": "一般",
    "GenreValue": "類型 : {0}",
    "Genres": "風格",
    "GenresValue": "類型 : {0}",
    "GroupBySeries": "按系列分組",
    "GroupVersions": "按版本分組",
    "GuestStar": "特邀明星",
    "GuestUserNotFound": "未找到用戶。請確保用戶名稱正確後重試，或者嘗試輸入他們的電子郵件地址。",
    "Guide": "指南",
    "GuideProviderSelectListings": "選擇列表",
    "H264CrfHelp": "The Constant Rate Factor (CRF) 是 x264 編碼器的默認畫質設置。此方法允許編碼器自動分配位元速率來試著達到一定輸出品質。讓每個畫格得到它需要的位元數來保持所需的品質等級。CRF 會得到最佳的位元速率分配結果。",
    "EncoderPresetHelp": "速度越慢則會得到更好的壓縮編碼效率。",
    "HDPrograms": "HD節目",
    "HandledByProxy": "由反向代理處理",
    "HardwareAccelerationWarning": "啟動硬體加速可能在某些環境下導致系統不穩定。請確認你的作業系統和影片驅動程式是最新的。如果你在開啟此項後播放影片產生困難，那麼你需要將此選項設回”自動“。",
    "HeaderAccessSchedule": "存取時程",
    "HeaderAccessScheduleHelp": "建立一個存取時程以限制可存取的時段。",
    "HeaderActiveDevices": "運行中裝置",
    "HeaderActivity": "活動",
    "HeaderAddDevice": "新增裝置",
    "HeaderAddLocalUser": "新增本機使用者",
    "HeaderAddScheduledTaskTrigger": "新增觸發",
    "HeaderAddTag": "加標籤",
    "HeaderAddToCollection": "加到收藏",
    "HeaderAddToPlaylist": "加到播放列表",
    "HeaderAddUpdateImage": "新增/更新圖片",
    "HeaderAdvanced": "進階",
    "HeaderAirDays": "播出天數",
    "HeaderAlbumArtists": "專輯演出者",
    "HeaderAlbums": "專輯",
    "HeaderAlert": "通知",
    "HeaderAllowMediaDeletionFrom": "允許從中刪除媒體",
    "HeaderApiKey": "API 金鑰",
    "HeaderApiKeys": "API 金鑰",
    "HeaderApiKeysHelp": "外部應用程式需要有一個 API 金鑰以用於和 Jellyfin 伺服器溝通。金鑰將在通過 Jellyfin 帳戶登入時自動發行，或者你可以手動為應用程式產生一個金鑰。",
    "HeaderApp": "應用程式",
    "HeaderAppearsOn": "同時出現於",
    "HeaderAudio": "音訊",
    "HeaderAudioBooks": "有聲書",
    "HeaderAudioSettings": "音訊設定",
    "HeaderAudioTracks": "音軌",
    "HeaderBackdrops": "背景",
    "HeaderBlockItemsWithNoRating": "封鎖沒有評級或設置不允許的內容：",
    "HeaderBooks": "書籍",
    "HeaderBranding": "品牌",
    "HeaderBrandingHelp": "選擇外觀，滿足您和團體的要求。",
    "HeaderCameraUpload": "相片上傳",
    "HeaderCameraUploadHelp": "Jellyfin 應用程式能自動上傳你通過裝置拍攝的照片至你的 Jellyfin 伺服器。",
    "HeaderCancelRecording": "取消錄製",
    "HeaderCancelSeries": "取消系列",
    "HeaderCancelSyncJob": "取消同步",
    "HeaderCastAndCrew": "演員與工作人員",
    "HeaderChannelAccess": "節目存取",
    "HeaderChapterImages": "章節圖片",
    "HeaderChapters": "章節",
    "HeaderCinemaMode": "劇院模式",
    "HeaderClients": "客戶端",
    "HeaderCloudSync": "雲端同步",
    "HeaderCodecProfile": "編碼設定檔",
    "HeaderCodecProfileHelp": "編碼器的設定檔標明了設備播放特定編碼時的限制；如果在限制之內則媒體將被轉碼，否則編碼器將被設定為直接播放。",
    "HeaderCollections": "收藏",
    "HeaderColumns": "列",
    "HeaderConfigureRemoteAccess": "設定遠端控制",
    "HeaderConfirm": "確認",
    "HeaderConfirmDeletion": "確認刪除",
    "HeaderConfirmPluginInstallation": "確認插件安裝",
    "HeaderConfirmProfileDeletion": "確認刪除個人資料",
    "HeaderConfirmRecordingCancellation": "確認取消錄製",
    "HeaderConfirmRecordingDeletion": "確認刪除錄影",
    "HeaderConfirmRemoveUser": "移除用戶",
    "HeaderConfirmRevokeApiKey": "撤銷 API 金鑰",
    "HeaderConfirmSeriesCancellation": "確認系列取消",
    "HeaderConfirmation": "確認",
    "HeaderConnectToServer": "連結至伺服器",
    "HeaderConnectionFailure": "連結失敗",
    "HeaderContainerProfile": "影片容器設定檔",
    "HeaderContainerProfileHelp": "影片容器的設定檔標明了設備播放特定媒體格式時的限制。如果在限制之內則媒體將被轉碼，否則媒體格式將被設定為直接播放。",
    "HeaderContinueListening": "繼續聆聽",
    "HeaderContinueWatching": "繼續觀賞",
    "HeaderConvertYourRecordings": "為你的錄制轉檔",
    "HeaderCredits": "製作人員名單",
    "HeaderDashboardUserPassword": "用戶的密碼被管理在每個用戶的私人配置設置中。",
    "HeaderDate": "日期",
    "HeaderDateIssued": "發布日期",
    "HeaderDefaultRecordingSettings": "預設錄製設定",
    "HeaderDeleteDevice": "刪除裝置",
    "HeaderDeleteImage": "刪除圖片",
    "HeaderDeleteItems": "刪除項目",
    "HeaderDeleteProvider": "刪除供應者",
    "HeaderDeleteTaskTrigger": "刪除任務觸發條件",
    "HeaderDestination": "目的地",
    "HeaderDetectMyDevices": "偵測我的設備",
    "HeaderDeveloperInfo": "開發者訊息",
    "HeaderDevice": "裝置",
    "HeaderDeviceAccess": "允許裝置存取",
    "HeaderDevices": "裝置",
    "HeaderDirectPlayProfile": "直接播放設定檔",
    "HeaderDirectPlayProfileHelp": "新增直接播放設定檔，標明哪些媒體格式設備可以自己處理。",
    "HeaderDisplay": "顯示",
    "HeaderDownloadSettings": "下載設定",
    "HeaderDownloadSubtitlesFor": "下載字幕：",
    "HeaderDownloadSync": "下載與同步",
    "HeaderEditImages": "編輯圖片",
    "HeaderEmbeddedImage": "內嵌圖片",
    "HeaderEnabledFields": "已啟用的欄位",
    "HeaderEnabledFieldsHelp": "反選欄位以鎖定並不讓其數據被更改。",
    "HeaderEpisodes": "集數",
    "HeaderError": "錯誤",
    "HeaderExport": "輸出",
    "HeaderExternalIds": "外部 ID:",
    "HeaderExternalPlayerPlayback": "外部播放器播放",
    "HeaderExternalServices": "外部服務",
    "HeaderFavoriteAlbums": "最愛專輯",
    "HeaderFavoriteArtists": "最愛演出者",
    "HeaderFavoriteCollections": "最愛收藏",
    "HeaderFavoriteEpisodes": "最愛級數",
    "HeaderFavoriteMovies": "最愛電影",
    "HeaderFavoritePlaylists": "最愛播放列表",
    "HeaderFavoriteShows": "最愛節目",
    "HeaderFavoriteSongs": "最愛歌曲",
    "HeaderFavoriteVideos": "最愛的影片",
    "HeaderFeatures": "功能",
    "HeaderFetcherSettings": "擷取器設置",
    "HeaderFilters": "篩選條件",
    "HeaderForKids": "給兒童",
    "HeaderForgotKey": "忘記金鑰",
    "HeaderFreeApps": "免費Jellyfin應用程式",
    "HeaderGenres": "類型",
    "HeaderGuests": "賓客",
    "HeaderHomePage": "主畫面",
    "HeaderHomeScreen": "主畫面",
    "HeaderHomeScreenSettings": "主畫面設定",
    "HeaderHttpHeaders": "Http 標頭",
    "HeaderIdentification": "身份識別",
    "HeaderIdentificationCriteriaHelp": "至少輸入一個識別標準。",
    "HeaderIdentificationHeader": "身份識別標題",
    "HeaderIdentifyItemHelp": "輸入一個或多個搜索條件。刪除條件可得到更多搜索結果。",
    "HeaderImageBackdrop": "背景",
    "HeaderImageLogo": "商標",
    "HeaderImageOptions": "圖片選項",
    "HeaderImagePrimary": "主要",
    "HeaderImages": "圖片",
    "HeaderInstall": "安裝",
    "HeaderInvitationSent": "邀請已傳送",
    "HeaderInvitations": "邀請",
    "HeaderInviteUser": "邀請使用者",
    "HeaderInviteUserHelp": "通過 Jellyfin Connect 與朋友分享你的媒體比以往任何時候都更為簡單。",
    "HeaderInviteWithJellyfinConnect": "通過 Jellyfin Connect 邀請",
    "HeaderItems": "項目",
    "HeaderJellyfinAccountAdded": "Jellyfin 帳戶已添加",
    "HeaderJellyfinAccountRemoved": "已移除 Jellyfin 帳戶",
    "HeaderKeepRecording": "繼續錄製",
    "HeaderKeepSeries": "保存系列",
    "HeaderKodiMetadataHelp": "要啟用或禁用 NFO 元數據, 請在 Jellyfin “建立媒體庫”頁面中編輯該媒體庫, 然後找到“元數據儲存”部分。",
    "HeaderLanguage": "語言",
    "HeaderLatestChannelItems": "最近節目項目",
    "HeaderLatestChannelMedia": "最近節目項目",
    "HeaderLatestDownloadedVideos": "最近下載影片",
    "HeaderLatestFrom": "最新發行：{0}",
    "HeaderLatestFromChannel": "最新的 {0}",
    "HeaderLatestItems": "最新項目",
    "HeaderLatestMedia": "最新媒體",
    "HeaderLatestMusic": "最新音樂",
    "HeaderLatestTvRecordings": "最新錄製",
    "HeaderLearnMore": "知道更多",
    "HeaderLibraries": "媒體庫",
    "HeaderLibrary": "媒體庫",
    "HeaderLibraryAccess": "媒體庫存取",
    "HeaderLibraryFolders": "媒體庫資料夾",
    "HeaderLibraryOrder": "媒體庫排序",
    "HeaderLibrarySettings": "媒體庫設定",
    "HeaderLiveTvTunerSetup": "電視直播調諧器安裝",
    "HeaderLoginFailure": "登入失敗",
    "HeaderManagement": "管理",
    "HeaderMedia": "媒體",
    "HeaderMediaInfo": "媒體資訊",
    "HeaderMediaLocations": "媒體位址",
    "HeaderMenu": "目錄",
    "HeaderMetadataSettings": "數據設定",
    "HeaderMissing": "不見了",
    "HeaderMoreLikeThis": "更多類似的",
    "HeaderMovies": "電影",
    "HeaderMusicQuality": "音質",
    "HeaderMyDevice": "我的裝置",
    "HeaderMyMedia": "我的媒體",
    "HeaderMyMediaSmall": "我的媒體",
    "HeaderMyViews": "我的觀看記錄",
    "HeaderName": "名字",
    "HeaderNavigation": "導覽",
    "HeaderNetwork": "網路",
    "HeaderNewApiKey": "新 API 金鑰",
    "HeaderNewApiKeyHelp": "允許一個應用程式存取Jellyfin伺服器。",
    "HeaderNewDevices": "新裝置",
    "HeaderNewServer": "新伺服器",
    "HeaderNextEpisodePlayingInValue": "下一集在 {0} 後播放",
    "HeaderNextVideoPlayingInValue": "下一部影片在 {0} 後播放",
    "HeaderNotifications": "通知",
    "HeaderNumberOfPlayers": "播放器",
    "HeaderOffline": "離線",
    "HeaderOfflineDownloads": "離線媒體",
    "HeaderOfflineDownloadsDescription": "下載媒體以離線使用。",
    "HeaderOfflineSync": "離線同步",
    "HeaderOnNow": "現正播放",
    "HeaderOptions": "選項",
    "HeaderOtherDisplaySettings": "顯示設定",
    "HeaderOtherItems": "其他項目",
    "HeaderOverview": "綜覽",
    "HeaderPassword": "密碼",
    "HeaderPasswordReset": "重設密碼",
    "HeaderPeople": "使用者",
    "HeaderPersonInfo": "使用者資訊",
    "HeaderPhotoAlbums": "相簿",
    "HeaderPhotoInfo": "相片資訊",
    "HeaderPinCodeReset": "重設PIN碼",
    "HeaderPlayMyMedia": "播放我的媒體",
    "HeaderPlayOn": "播放在",
    "HeaderPlayback": "媒體播放",
    "HeaderPlaybackError": "播放錯誤",
    "HeaderPlaylists": "播放列表",
    "HeaderPluginInstallation": "插件安裝",
    "HeaderProgram": "程式",
    "HeaderRecentActivity": "最近活動",
    "HeaderRecordingGroups": "錄影群",
    "HeaderRecordingOptions": "錄影選項",
    "HeaderRecordingPostProcessing": "錄影後製",
    "HeaderReleaseDate": "發行日期",
    "HeaderRemoteControl": "遙控",
    "HeaderRemoveMediaFolder": "刪除媒體資料夾",
    "HeaderRemoveMediaLocation": "刪除媒體位址",
    "HeaderRequireManualLogin": "需要手動輸入帳號：",
    "HeaderRequireManualLoginHelp": "停用時，Jellyfin應用程式將呈現圖像式使用者選單",
    "HeaderResetTuner": "重設調諧器",
    "HeaderResolution": "畫質",
    "HeaderRestart": "重新啟動",
    "HeaderRestartingJellyfinServer": "重新啟動Jellyfin伺服器",
    "HeaderResult": "結果",
    "HeaderResume": "續播",
    "HeaderResumeSettings": "續播設定",
    "HeaderReviews": "評價",
    "HeaderRevisionHistory": "更改紀錄",
    "HeaderRunningTasks": "正在進行的工作",
    "HeaderScreenSavers": "螢幕保護程式",
    "HeaderSeason": "季",
    "HeaderSeasonNumber": "季數",
    "HeaderSeasons": "季數",
    "HeaderSecondsValue": "{0} 秒",
    "HeaderSelectAudio": "選擇音軌",
    "HeaderSelectDevices": "選擇裝置",
    "HeaderSelectExternalPlayer": "選擇外接播放器",
    "HeaderSelectMediaPath": "選擇媒體位址",
    "HeaderSelectPath": "選擇位址",
    "HeaderSelectSubtitles": "選擇字幕",
    "HeaderSelectTranscodingPath": "選擇轉碼暫放位址",
    "HeaderSelectTranscodingPathHelp": "瀏覽或輸入轉碼用來存暫時資料的位址。資料夾需可讀取。",
    "HeaderSelectUploadPath": "選擇上傳位址",
    "HeaderSendMessage": "傳送訊息",
    "HeaderSeriesOptions": "系列選項",
    "HeaderSeriesRecordings": "系列錄影",
    "HeaderSeriesStatus": "系列狀態",
    "HeaderServerSettings": "伺服器設定",
    "HeaderServices": "服務",
    "HeaderSettings": "設定",
    "HeaderSetupLibrary": "設置你的媒體庫",
    "HeaderShareMediaFolders": "分享媒體資料夾",
    "HeaderShutdown": "關機",
    "HeaderSortBy": "分類",
    "HeaderSortOrder": "分類順序",
    "HeaderSource": "來源",
    "HeaderSpecialEpisodeInfo": "特集資訊",
    "HeaderSpecials": "特機",
    "HeaderSplitMedia": "分隔媒體",
    "HeaderStartNow": "開始播放",
    "HeaderStopRecording": "停止錄影",
    "HeaderSubtitleAppearance": "字幕外觀",
    "HeaderSubtitleDownloads": "字幕下載",
    "HeaderSubtitles": "字幕",
    "HeaderSupportTheTeam": "支持Jellyfin團隊",
    "HeaderTags": "標籤",
    "HeaderThisUserIsCurrentlyDisabled": "這個使用者目前停用",
    "HeaderTime": "時間",
    "HeaderToAccessPleaseEnterEasyPinCode": "請輸入您的簡易PIN碼",
    "HeaderTopPlugins": "熱門插件",
    "HeaderTrack": "軌",
    "HeaderTracks": "軌",
    "HeaderTrailers": "預告片",
    "HeaderTryPlayback": "嘗試播放",
    "HeaderTunerDevices": "調諧器裝置",
    "BobAndWeaveWithHelp": "Bob and weave (高品質，轉檔慢)",
    "ButtonPurchase": "購買",
    "ButtonRestorePreviousPurchase": "恢復購買",
    "ButtonUnlockWithPurchase": "購買已解鎖",
    "LabelIpAddressValue": "IP 位置: {0}",
    "LabelRunningTimeValue": "運行時間: {0}",
    "MessageApplicationUpdated": "Jellyfin Server 已經更新",
    "MessageNamedServerConfigurationUpdatedWithValue": "伺服器設定 {0} 部分已經更新",
    "MessageServerConfigurationUpdated": "伺服器設定已經更新",
    "Movies": "電影",
    "Photos": "相片",
    "Playlists": "播放清單",
    "PluginInstalledWithName": "{0} 已安裝",
    "PluginUninstalledWithName": "{0} 已移除",
    "PluginUpdatedWithName": "{0} 已更新",
    "ProviderValue": "提供商： {0}",
    "Shows": "節目",
    "Songs": "歌曲",
    "Sync": "同步",
    "ValueSpecialEpisodeName": "特典 - {0}",
    "AuthProviderHelp": "選擇用於驗證使用者密碼的身份驗證提供者。",
    "HeaderParentalRatings": "家長評級",
    "HeaderPendingInvitations": "等待邀請",
    "HeaderProfile": "設定檔",
    "HeaderProfileInformation": "設定檔信息",
    "HeaderProfileServerSettingsHelp": "這些數值將控制 Jellyfin 伺服器如何呈現給設備。",
    "HeaderResponseProfile": "回覆設定檔",
    "HeaderResponseProfileHelp": "當播放某些類型的媒體時，回覆設定檔提供一種方法來發送自定訊息到設備。",
    "HeaderRestartingServer": "重新啟動伺服器",
    "HeaderSchedule": "日程表",
    "HeaderSelectCertificatePath": "選擇證書路徑",
    "HeaderSelectMetadataPath": "選擇數據路徑",
    "HeaderSubtitleProfile": "字幕設定檔",
    "HeaderSubtitleProfiles": "字幕設定檔",
    "HeaderSubtitleProfilesHelp": "字幕設定檔描述設備所支援的字幕格式。",
    "HeaderTaskTriggers": "任務觸發",
    "HeaderTranscodingProfile": "轉碼設定",
    "HeaderTranscodingProfileHelp": "新增轉碼設定檔標明哪些媒體格式需要轉碼處理。",
    "HeaderTuners": "調諧器",
    "HeaderTypeImageFetchers": "{0} 圖片獲取程序",
    "HeaderTypeText": "輸入文字",
    "HeaderUpcomingOnTV": "即將播放",
    "HeaderUploadImage": "上傳圖片",
    "HeaderUser": "使用者",
    "HeaderVideoQuality": "影片畫質",
    "HeaderVideoType": "影片類型",
    "HeaderVideoTypes": "影片類型",
    "HeaderVideos": "影片",
    "HeaderXmlDocumentAttribute": "XML檔案屬性",
    "HeaderXmlDocumentAttributes": "XML檔案屬性",
    "HeaderXmlSettings": "XML設置",
    "HeaderYears": "年份",
    "HeadersFolders": "資料夾",
    "Hide": "隱藏",
    "HideWatchedContentFromLatestMedia": "從最新媒體中隱藏已觀看的內容",
    "Home": "首頁",
    "Horizontal": "橫向",
    "HttpsRequiresCert": "要啟用安全連線，您需要提供受信任的SSL證書，如 Let's Encrypt。 請提供證書，或停用安全連線。",
    "Identify": "識別",
    "Images": "圖片",
    "ImportFavoriteChannelsHelp": "如果啟用，只有在調諧器設備中被標記為我的最愛的頻道才會被導入。",
    "ImportMissingEpisodesHelp": "如果啟用，有關缺失劇集的數據導入您的Jellyfin媒體庫，並在季節和系列中顯示。 這可能會導致媒體庫掃描延長。",
    "InstallingPackage": "正在安装 {0}",
    "InstantMix": "即時混音",
    "Items": "項目",
    "Kids": "兒童",
    "Label3DFormat": "3D格式：",
    "LabelAbortedByServerShutdown": "(因為伺服器關閉被中止)",
    "LabelAccessDay": "一周中的何時：",
    "LabelAccessEnd": "結束時間：",
    "LabelAccessStart": "開始時間：",
    "LabelAirDays": "播出日期：",
    "LabelAirTime": "播出時間：",
    "LabelAirsAfterSeason": "已播放劇集季度：",
    "LabelAirsBeforeEpisode": "集播出前：",
    "LabelAirsBeforeSeason": "尚未播放劇集季度：",
    "LabelAlbum": "專輯：",
    "LabelAlbumArtHelp": "PN 在 upnp:albumArtURI 裡的 dlna:profileID 屬性用於專輯封面。某些設備不管圖像的尺寸大小，都會要求特定的值。",
    "LabelAlbumArtMaxHeight": "專輯封面最大高度：",
    "LabelAlbumArtMaxHeightHelp": "通過 upnp:albumArtURI 顯示的專輯封面超鏈接的最大分辨率。",
    "LabelAlbumArtMaxWidth": "專輯封面最大寬度：",
    "LabelAlbumArtMaxWidthHelp": "通過upnp:albumArtURI顯示的專輯封面超鏈接的最大分辨率。",
    "LabelAlbumArtPN": "專輯封面PN ：",
    "LabelAlbumArtists": "專輯作家：",
    "LabelAll": "所有",
    "LabelAllowHWTranscoding": "允許硬體轉碼",
    "LabelAllowedRemoteAddresses": "遠端IP地址過濾：",
    "LabelAllowedRemoteAddressesMode": "遠端IP地址過濾模式：",
    "LabelAppName": "APP名稱",
    "LabelAppNameExample": "例如： Sickbeard, Sonarr",
    "LabelArtists": "藝人：",
    "LabelArtistsHelp": "分開多重使用 ;",
    "LabelAudio": "音頻：",
    "LabelAuthProvider": "認證提供者：",
    "LabelAutomaticallyRefreshInternetMetadataEvery": "從網路自動刷新數據：",
    "LabelBindToLocalNetworkAddress": "聯結本地網絡地址:",
    "LabelBindToLocalNetworkAddressHelp": "(可選的）覆蓋 HTTP 服務器綁定的本地 IP 地址。如果留空，服務器將會監聽所有可用的地址。改變這個值需要重啟 Jellyfin 伺服器\n。",
    "LabelBirthDate": "出生日期：",
    "LabelBirthYear": "出生年份：",
    "LabelBlastMessageInterval": "活動信號的時間間隔（秒）",
    "LabelBlastMessageIntervalHelp": "確定伺服器活動消息之間的持續時間（秒）。",
    "LabelBlockContentWithTags": "通過標籤鎖定內容：",
    "LabelBurnSubtitles": "燒錄字幕：",
    "LabelCache": "快取：",
    "LabelCachePathHelp": "選擇指定所需的快取檔案（像是圖片）路徑。保留空白以使用預設設定。",
    "LabelCancelled": "已取消",
    "LabelCertificatePassword": "證書密碼：",
    "LabelCertificatePasswordHelp": "如果你的證書需要密碼，請在此輸入它。",
    "LabelChannels": "頻道：",
    "LabelCommunityRating": "討論區評分:",
    "LabelCriticRating": "影評評分：",
    "LabelCustomCertificatePath": "自訂 SSL 證書路徑：",
    "LabelCustomCertificatePathHelp": "提供包含證書和金鑰的 PKCS #12 文件的路徑以在自訂域名上啟用 TLS。",
    "LabelCustomCss": "自訂 CSS：",
    "LabelCustomCssHelp": "於 Web 介面套用您的自訂樣式。",
    "LabelCustomDeviceDisplayName": "顯示名稱：",
    "Depressed": "凹陷",
    "HeaderHome": "主頁",
    "HeaderSelectMetadataPathHelp": "瀏覽或者輸入路徑以用於保存中繼資料，請確保資料夾可以寫入。",
    "HeaderSelectServerCachePathHelp": "瀏覽或者輸入路徑以用於伺服器快取檔案。請確保該資料夾可以被寫入。",
    "LabelCustomDeviceDisplayNameHelp": "指定自訂的顯示名稱，或者留空以使用設備自己報告的名稱。",
    "LabelCustomRating": "自訂分級：",
    "LabelDashboardTheme": "儀表板佈景主題：",
    "LabelDateAdded": "新增日期：",
    "LabelDateAddedBehavior": "新内容加入的日期應使用：",
    "LabelDateTimeLocale": "設定時區：",
    "LabelDeathDate": "死亡時間：",
    "LabelDefaultScreen": "預設螢幕：",
    "LabelDefaultUser": "預設使用者：",
    "LabelDeviceDescription": "裝置說明",
    "LabelDidlMode": "DIDL 模式：",
    "LabelDiscNumber": "光碟編號：",
    "LabelDisplayLanguage": "顯示語言：",
    "LabelDisplayLanguageHelp": "翻譯 Jellyfin 是個進行中的專案。",
    "LabelDisplayMode": "顯示模式：",
    "LabelDisplayName": "顯示名稱：",
    "MessageNoPluginsInstalled": "您尚未安裝任何模組。",
    "Mobile": "手機",
    "Option3D": "3D",
    "OptionEveryday": "每天",
    "OptionMax": "最大",
    "LabelAudioBitDepth": "音訊位元深度：",
    "LabelBaseUrl": "根路徑：",
    "LabelIconMaxHeight": "Icon 最高高度：",
    "LabelHttpsPortHelp": "Jellyfin 的 HTTPS 伺服器應綁定的 TCP 端口。",
    "LabelIconMaxHeightHelp": "通過 upnp:icon 的圖標最大解析度。",
    "CopyStreamURL": "複製串流連結",
    "MediaInfoDefault": "預設",
    "MediaInfoStreamTypeAudio": "音訊",
    "LabelDateAddedBehaviorHelp": "如果原本就有中繼資料，則將始終在這些選項之一之前使用它。",
    "LabelScreensaver": "螢幕保護程式：",
    "LabelSeasonNumber": "季：",
    "LabelDropImageHere": "拖移圖片到這裡，或是點擊來選取。",
    "LabelImageType": "圖片格式：",
    "LabelIdentificationFieldHelp": "不區分大小寫的子字符串或正則表達式。",
    "Large": "大",
    "LabelTranscodingAudioCodec": "音訊編碼：",
    "MessageSettingsSaved": "設定已儲存.",
    "LabelTranscodePath": "轉檔路徑：",
    "LabelTranscodes": "轉檔：",
    "MinutesAfter": "分後",
    "LabelVersion": "版本：",
    "LabelVersionInstalled": "{0} 已安裝",
    "DashboardVersionNumber": "版本：{0}",
    "DashboardServerName": "伺服器：{0}",
    "NoSubtitles": "沒有字幕",
    "List": "清單",
    "OptionAllowMediaPlayback": "允許播放媒體",
    "OneChannel": "單聲道",
    "RecommendationDirectedBy": "由 {0} 執導",
    "RefreshQueued": "已排到佇列中。",
    "ReleaseDate": "釋出日期",
    "RepeatOne": "單曲重複",
    "ResumeAt": "從 {0} 繼續播放",
    "Settings": "設定",
    "TabAccess": "存取",
    "TabDevices": "裝置",
    "TabDirectPlay": "直接播放",
    "ThemeSongs": "主題曲",
    "ThemeVideos": "主題曲影片",
    "Upload": "上傳",
    "PasswordResetHeader": "重設密碼",
    "ScanLibrary": "掃描媒體庫",
    "ValueAudioCodec": "音訊編碼：{0}",
    "ValueCodec": "編碼：{0}",
    "ValueSongCount": "{0} 首歌",
    "LabelFileOrUrl": "檔案或路徑：",
    "LabelKodiMetadataSaveImagePaths": "在 nfo 檔案中儲存圖片路徑",
    "LabelLanNetworks": "區域網路：",
    "LabelMetadataPathHelp": "指定自訂路徑來儲存下載的圖片與中繼資料。",
    "LabelZipCode": "郵遞區號：",
    "LabelffmpegPath": "FFmpeg 路徑：",
    "LearnHowYouCanContribute": "了解如何貢獻。",
    "Played": "已看過",
    "RefreshMetadata": "重新抓取中繼資料",
    "RememberMe": "記住我",
    "Screenshots": "截圖",
    "SendMessage": "傳送訊息",
    "ShowAdvancedSettings": "顯示進階選項",
    "ShowTitle": "顯示標題",
    "ShowYear": "顯示年份",
    "Shuffle": "隨ㄔㄧ",
    "Smart": "智慧",
    "HeaderFavoriteBooks": "最愛的書籍",
    "LabelAudioBitrate": "音訊比特率：",
    "LabelAudioCodec": "音訊編碼：",
    "LabelBitrate": "比特率：",
    "LabelAudioChannels": "音訊聲道：",
    "LabelAudioSampleRate": "音訊取樣率：",
    "LabelFont": "字體：",
    "LabelFolder": "資料夾：",
    "LabelDisplayOrder": "顯示順序：",
    "LabelEnableBlastAliveMessages": "活動訊息",
    "LabelEnableDlnaServer": "啟用 DLNA 伺服器",
    "LabelEnableDlnaServerHelp": "允許網絡上的 UPnP 設備瀏覽和播放內容。",
    "LabelEnableHardwareDecodingFor": "為以下啟用硬體解碼：",
    "LabelEpisodeNumber": "集：",
    "LabelBaseUrlHelp": "您可以在此處新增自訂路徑來進入伺服器。",
    "LabelExtractChaptersDuringLibraryScan": "於媒體庫掃描時擷取章節圖片",
    "LabelHttpsPort": "本地 HTTPS 端口：",
    "LabelFailed": "失敗",
    "LabelSubtitles": "字幕：",
    "LabelSupportedMediaTypes": "支援的媒體類型：",
    "LabelTextBackgroundColor": "文字背景顏色：",
    "LabelTextColor": "文字顏色：",
    "LabelTextSize": "文字大小：",
    "LabelTheme": "主題：",
    "LabelTimeLimitHours": "時間限制（小時）：",
    "LabelTitle": "標題：",
    "LabelTrackNumber": "追蹤編號：",
    "LabelTranscodingFramerate": "轉檔幀率：",
    "LabelTranscodingProgress": "轉檔進度：",
    "LabelType": "類型：",
    "LabelTypeMetadataDownloaders": "{0} 個中繼資料下載器：",
    "LabelTypeText": "文本",
    "LabelUsername": "使用者名稱：",
    "DashboardOperatingSystem": "作業系統：{0}",
    "LabelVideo": "影片：",
    "LabelVideoCodec": "影片編碼：",
    "LabelYear": "年：",
    "LatestFromLibrary": "最新 {0}",
    "Logo": "標誌",
    "ManageLibrary": "管理媒體庫",
    "MarkPlayed": "標記為已播放",
    "MarkUnplayed": "標記為未播放",
    "MediaInfoBitrate": "比特率",
    "MediaInfoChannels": "聲道",
    "MediaInfoCodec": "編碼",
    "MediaInfoContainer": "影片容器",
    "MediaInfoExternal": "外部",
    "MediaInfoForced": "強迫",
    "MediaInfoFramerate": "幀率",
    "MediaInfoLanguage": "語言",
    "MediaInfoLayout": "佈局",
    "MediaInfoPath": "路徑",
    "MessageAreYouSureYouWishToRemoveMediaFolder": "您確定要移除此媒體資料夾嗎？",
    "MessageConfirmDeleteTunerDevice": "您確定要刪除這部裝置嗎？",
    "MessageConfirmRecordingCancellation": "取消錄製？",
    "MessageImageFileTypeAllowed": "僅支援 JPEG 和 PNG。",
    "MessageInvalidUser": "錯誤的使用者名稱或密碼，請再試一次。",
    "MessageItemSaved": "項目已儲存。",
    "MessagePleaseWait": "請稍候。",
    "MinutesBefore": "分前",
    "MoreMediaInfo": "媒體資訊",
    "MoveLeft": "移到左邊",
    "MoveRight": "移到右邊",
    "MusicAlbum": "專輯",
    "MusicArtist": "演出者",
    "MusicVideo": "MV",
    "Name": "名稱",
    "NewEpisodes": "新集數",
    "NewEpisodesOnly": "僅限新集數",
    "NextUp": "即將播放",
    "No": "不要",
    "Off": "關閉",
    "OptionAdminUsers": "管理員",
    "OptionAllowRemoteControlOthers": "允許其他使用者遠端控制",
    "OptionAuto": "自動",
    "OptionBlockBooks": "書",
    "OptionBlockChannelContent": "網路頻道內容",
    "OptionHasTrailer": "預告",
    "OptionNone": "無",
    "OptionPosterCard": "海報卡片",
    "OptionProfileAudio": "音訊",
    "OptionProfileVideo": "影片",
    "OptionProfileVideoAudio": "影片與圖片",
    "OptionReleaseDate": "釋出日期",
    "OptionWeekends": "假日",
    "PlayNextEpisodeAutomatically": "自動播放下一集",
    "RecentlyWatched": "最近觀賞",
    "RecommendationBecauseYouLike": "因為您喜歡 {0}",
    "SearchResults": "搜尋結果",
    "TabPlaylists": "播放清單",
    "TabPlugins": "模組",
    "Transcoding": "轉檔",
    "ValueTimeLimitMultiHour": "時間限制：{0} 小時",
    "ValueVideoCodec": "影片編碼：{0}",
    "ViewAlbum": "查看專輯",
    "LabelKodiMetadataDateFormatHelp": "NFO 檔案中的所有日期都將使用此格式。",
    "LabelServerHostHelp": "192.168.1.100:8096 或是 https://myserver.com",
    "LabelServerName": "伺服器名稱：",
    "LabelTag": "標記：",
    "LabelTranscodingTempPathHelp": "指定轉檔後的儲存路徑，留空將使用預設值。",
    "LabelffmpegPathHelp": "路徑指向 FFmpeg，或是包含其的資料夾。",
    "ManageRecording": "管理錄影",
    "MessageAlreadyInstalled": "已安裝此版本。",
    "MessageConfirmRestart": "您確定要重新啟動嗎？",
    "Metadata": "ˊ中繼資料",
    "OptionAllUsers": "所有使用者",
    "OptionHomeVideos": "圖片",
    "OptionPoster": "海報",
    "OptionProfilePhoto": "圖片",
    "OptionRegex": "正則表達式",
    "OptionThumb": "預覽",
    "OptionThumbCard": "預覽卡片",
    "RecommendationBecauseYouWatched": "因為您看過 {0}",
    "RepeatMode": "重複模式",
    "Runtime": "運行時間",
    "TV": "電視",
    "TabUsers": "使用者",
    "Trailers": "預告",
    "LabelImageFetchersHelp": "按優先級啟用並排列您喜歡的圖片抓取器。",
    "LabelDownMixAudioScale": "縮混時的音訊增強：",
    "LabelDownMixAudioScaleHelp": "縮混時增強音訊。其中一個音軌將保持原始音量。",
    "LabelDownloadLanguages": "下載語言：",
    "LabelDynamicExternalId": "{0} Id:",
    "LabelEasyPinCode": "簡易代碼：",
    "LabelEnableAutomaticPortMap": "啟用自動端口映射",
    "LabelEnableSingleImageInDidlLimit": "限制單個嵌入式圖片",
    "LabelEndDate": "結束日期：",
    "LabelLockItemToPreventChanges": "鎖定此項目來避免被更改",
    "LabelManufacturer": "製造商：",
    "LabelLoginDisclaimerHelp": "顯示在登入頁面底部的訊息。",
    "LabelManufacturerUrl": "製造商網址",
    "LabelMaxChromecastBitrate": "Chromecast 串流解析度：",
    "LabelOriginalTitle": "原始標題：",
    "LabelSelectUsers": "選擇使用者：",
    "LabelSelectVersionToInstall": "選擇要安裝的版本：",
    "LabelSendNotificationToUsers": "傳送通知給：",
    "LabelSortBy": "排序依：",
    "LabelVideoBitrate": "影片比特率：",
    "MediaInfoSize": "大小",
    "MediaInfoTimestamp": "時間戳",
    "MediaInfoSoftware": "軟體",
    "MediaInfoStreamTypeData": "檔案",
    "MediaInfoStreamTypeEmbeddedImage": "內嵌語言",
    "MediaInfoStreamTypeSubtitle": "字幕",
    "MediaInfoStreamTypeVideo": "影片",
    "Menu": "選單",
    "MetadataManager": "中繼資料管理器",
    "NoPluginConfigurationMessage": "這個模組沒有設定選項可供更改。",
    "NoSubtitlesHelp": "字幕不會自動讀取，但可於播放時手動選取。",
    "Normal": "正常",
    "OptionAllowContentDownloading": "允許下載及同步媒體",
    "OptionAllowLinkSharing": "允許分享到社群媒體",
    "OptionBlockMusic": "音樂",
    "OptionBlockTrailers": "預告",
    "OptionBlockTvShows": "電視節目",
    "OptionList": "清單",
    "TabMusicVideos": "MV",
    "Yesterday": "昨天",
    "Yes": "是",
    "ButtonAddImage": "新增圖片",
    "LabelForgotPasswordUsernameHelp": "假如您還記得的話，請輸入您的使用者名稱。",
    "LabelFormat": "格式：",
    "LabelFriendlyName": "好聽的名字：",
    "LabelGroupMoviesIntoCollections": "將電影分組",
    "LabelKodiMetadataDateFormat": "釋出日期格式：",
    "LabelIconMaxWidth": "Icon 最寬寬度：",
    "LabelGroupMoviesIntoCollectionsHelp": "顯示電影列表時，屬於相同集合的電影將作為分組項目顯示。",
    "LabelEncoderPreset": "H264 解碼品質：",
    "LabelHardwareAccelerationType": "硬體加速：",
    "LabelIconMaxWidthHelp": "通過 upnp:icon 的圖標最大解析度。",
    "LabelImportOnlyFavoriteChannels": "僅限收藏的頻道",
    "LabelInNetworkSignInWithEasyPassword": "啟用以簡易密碼進行區域網路登入",
    "LabelH264Crf": "H264 編碼 CRF:",
    "LabelMaxStreamingBitrate": "最大串流畫質：",
    "LabelMaxStreamingBitrateHelp": "指定最大串流比特率。",
    "LabelMessageText": "訊息文字：",
    "LabelMessageTitle": "訊息標題：",
    "LabelMetadataDownloadLanguage": "首選下載語言：",
    "LabelMetadata": "中繼資料：",
    "LabelMethod": "方法：",
    "LabelNewName": "新名稱：",
    "LabelProfileAudioCodecs": "音訊編碼：",
    "LabelProfileCodecs": "編碼：",
    "LabelProfileVideoCodecs": "影片編碼：",
    "Live": "直播",
    "NumLocationsValue": "{0} 個資料夾",
    "RemoveFromPlaylist": "從播放清單中移除",
    "Repeat": "重複",
    "RepeatAll": "重複全部",
    "Screenshot": "截圖",
    "Suggestions": "建議",
    "TabCodecs": "編碼",
    "TabContainers": "影片容器",
    "TabDashboard": "控制台",
    "TabDisplay": "顯示",
    "TabFavorites": "最愛",
    "TabLogs": "日誌",
    "TabNotifications": "通知",
    "TabOther": "其他",
    "TabParentalControl": "家長控制",
    "TabScheduledTasks": "已排程的任務",
    "TabStreaming": "串流",
    "TagsValue": "標記：{0}",
    "Thumb": "縮圖",
    "TabResumeSettings": "繼續播放",
    "ValueAlbumCount": "{0} 張專輯",
    "ValueContainer": "影片容器：{0}",
    "ValueEpisodeCount": "{0} 集",
    "ValueDiscNumber": "光碟#{0}",
    "ValueMinutes": "{0} 分",
    "ValueMovieCount": "{0} 部電影",
    "ValueMusicVideoCount": "{0} 部 MV",
    "ValueOneAlbum": "1 張專輯",
    "ValueOneEpisode": "1 集",
    "ValueOneMovie": "1 部電影",
    "ValueOneMusicVideo": "1 部 MV",
    "ValueOneSong": "1 首歌",
    "ValueSeconds": "{0} 秒",
    "ValueTimeLimitSingleHour": "時間限制：1 小時",
    "ViewArtist": "查看演出者",
    "Watched": "已看過",
    "Whitelist": "白名單",
    "Tags": "標記",
    "OptionProtocolHttp": "HTTP",
    "TabNfoSettings": "NFO 設定",
    "FetchingData": "獲取額外資料",
    "LabelTranscodingVideoCodec": "影片編碼：",
    "MediaInfoBitDepth": "位元深度",
    "Mute": "靜音",
    "MessageConfirmShutdown": "你確定要關閉伺服器嗎？",
    "Never": "從不",
    "OptionBlockMovies": "電影",
    "CopyStreamURLSuccess": "連結複製成功。",
    "PerfectMatch": "最佳配對",
    "PictureInPicture": "浮窗播放",
    "PlayFromBeginning": "從頭開始播放",
    "PlayNext": "播放下一個",
    "Next": "下一個",
    "OptionCaptionInfoExSamsung": "CaptionInfoEx（三星）",
    "People": "人物",
    "OptionEnableExternalContentInSuggestions": "在建議中啟用外部內容",
    "OptionEnableM2tsMode": "啟用 M2ts 模式",
    "LabelKeepUpTo": "保持：",
    "LabelKidsCategories": "兒童分類：",
    "LabelKodiMetadataEnablePathSubstitution": "啟用路徑替換",
    "LabelKodiMetadataEnableExtraThumbs": "複製 extrafanart 到 extrathumbs 欄位",
    "LabelMovieCategories": "電影分類：",
    "LabelMoviePrefix": "電影前綴：",
    "LabelProfileContainer": "影片容器:",
    "LabelDropShadow": "陰影：",
    "LabelSecureConnectionsMode": "安全連接模式：",
    "LabelTVHomeScreen": "電視模式主畫面：",
    "LabelTranscodingContainer": "影片容器：",
    "MovieLibraryHelp": "查看 {0}Jellyfin 電影命名指南{1}。",
    "None": "無",
    "LinksValue": "連結：{0}",
    "OptionAllowMediaPlaybackTranscodingHelp": "由於不支持的媒體格式，限制轉檔可能會導致 Jellyfin 應用程式播放失敗。",
    "MediaInfoLevel": "等級",
    "MessageNoTrailersFound": "沒有任何預告片，安裝 Trailer channel 來優化你的電影體驗。",
    "OptionHasSpecialFeatures": "特色",
    "RecommendationStarring": "主演 {0}",
    "Rewind": "倒帶",
    "RunAtStartup": "開機時啟動",
    "SubtitleOffset": "字幕偏移",
    "TabPlayback": "播放",
    "Unrated": "尚未評等",
    "Up": "上",
    "ValueOneSeries": "1 劇集",
    "Writer": "編劇",
    "XmlTvMovieCategoriesHelp": "有這些類別的節目會被當作電影。用「|」分隔多個。",
    "ValueSeriesCount": "{0} 劇集",
    "LabelHardwareAccelerationTypeHelp": "硬件加速需要額外的配置。",
    "LabelHomeNetworkQuality": "區域網路畫質：",
    "LabelHomeScreenSectionValue": "主畫面模塊 {0}：",
    "LabelMetadataDownloadersHelp": "啟用媒體屬性下載器的優先次序，愈下次序只會用來填補缺少的信息。",
    "LabelMetadataReaders": "中繼資料閱讀器：",
    "LabelMetadataSaversHelp": "選取儲存中繼資料的檔案格式。",
    "LabelModelNumber": "型號",
    "LabelNewsCategories": "新分類：",
    "LabelValue": "數值：",
    "OptionBanner": "橫幅",
    "OptionDownloadBannerImage": "橫幅",
    "OptionEnableAccessToAllChannels": "允許存取所有頻道",
    "OptionEnableAccessToAllLibraries": "允許存取所有媒體庫",
    "OptionEnableForAllTuners": "开启所有调谐器",
    "OptionExtractChapterImage": "開啟章節圖片擷取",
    "OptionEnableM2tsModeHelp": "當編碼為 MPEGTS 時啟用 M2TS 模式。",
    "OptionEquals": "等於",
    "OptionEstimateContentLength": "轉檔時，估計內容長度",
    "OptionExternallyDownloaded": "外部下載",
    "OptionHlsSegmentedSubtitles": "HLS 分段字幕",
    "OptionLoginAttemptsBeforeLockout": "確定在被封鎖之前可以登入失敗幾次。",
    "OptionRequirePerfectSubtitleMatch": "只下載與我的影片檔案完美匹配的字幕",
    "PlayCount": "播放次數",
    "Series": "電視劇",
    "SeriesCancelled": "電視劇已取消。",
    "SeriesDisplayOrderHelp": "按播出日期、DVD 順序或編號對劇集進行排序。",
    "SeriesSettings": "系列設定",
    "SeriesYearToPresent": "{0} - 現在",
    "ServerNameIsRestarting": "Jellyfin Server - {0} 重啟中。",
    "ServerNameIsShuttingDown": "Jellyfin 伺服器 - {0} 正在關閉。",
    "SimultaneousConnectionLimitHelp": "允許的同時串流的最大數量。輸入 0 表示無限制。",
    "SkipEpisodesAlreadyInMyLibrary": "不錄製我的媒體庫裡已存在的劇集",
    "SmallCaps": "小型大寫字母",
    "SortChannelsBy": "頻道排序方式：",
    "SortName": "排序名稱",
    "Sports": "體育",
    "StopRecording": "停止錄影",
    "LabelDefaultUserHelp": "確定哪些使用者媒體庫將顯示在連接裝置上。這可以為每個裝置提供不同的使用者設定檔。",
    "LabelEnableBlastAliveMessagesHelp": "若此伺服器無法被其他 UPnP 裝置偵測到，請啟用此選項。",
    "LabelEnableDlnaClientDiscoveryIntervalHelp": "由 Jellyfin 決定進行 SSDP 搜尋之間的持續時間（以秒為單位）。",
    "LabelEnableDlnaPlayToHelp": "偵測您網路裡的設備並遠端控制它們。",
    "LabelExtractChaptersDuringLibraryScanHelp": "當媒體庫匯入影片並掃描時，將擷取章節圖片。\n否則，章節圖片將在之後的計畫任務中擷取，而媒體庫會更快完成掃描。",
    "LabelMoviePrefixHelp": "若前綴套用到電影標題，請在此處輸入它來方便伺服器能夠正確處理。",
    "LabelMovieRecordingPath": "電影錄製路徑（選用）：",
    "LabelNotificationEnabled": "啟用這個通知",
    "LabelProfileContainersHelp": "以逗號分隔。留空則適用於所有影片容器。",
    "LabelSelectFolderGroupsHelp": "未選中的資料夾將在其自己的檢視中顯示。",
    "LabelSerialNumber": "序號",
    "LabelSeriesRecordingPath": "電視劇錄影路徑（選用）：",
    "LabelServerHost": "主機：",
    "LabelSimultaneousConnectionLimit": "同時串流限制：",
    "LabelSize": "大小：",
    "LabelSkin": "主題：",
    "LabelSkipBackLength": "跳過長度：",
    "LabelSkipIfGraphicalSubsPresentHelp": "保留文字版本的字幕會更有效率傳遞，減低影片轉碼的機會。",
    "LabelStopWhenPossible": "當可能時自動停止：",
    "LabelStopping": "停止",
    "LabelTagline": "個性宣言：",
    "LabelSubtitleDownloaders": "字幕下載器：",
    "LabelSubtitleFormatHelp": "例如：SRT",
    "LabelSubtitlePlaybackMode": "字幕模式：",
    "LabelTranscodingThreadCount": "轉檔執行緒數：",
    "LabelTunerIpAddress": "調諧器 IP 位址：",
    "LabelTunerType": "調諧器類型：",
    "LabelUseNotificationServices": "使用以下服務：",
    "LabelUserAgent": "使用者代理：",
    "LabelUserLibrary": "使用者程式庫：",
    "LabelUserLibraryHelp": "選擇在裝置上顯示的使用者媒體庫，留空則使用預設設定值。",
    "LabelUserLoginAttemptsBeforeLockout": "使用者被封鎖前可嘗試的次數：",
    "LabelVaapiDeviceHelp": "此渲染節點用來硬體加速。",
    "LabelWeb": "網站：",
    "LabelXDlnaCapHelp": "決定在 urn:schemas-dlna-org:device-1-0 namespace 中的 X_DLNACAP 元素的內容。",
    "LabelXDlnaDocHelp": "決定在 urn:schemas-dlna-org:device-1-0 namespace 中的 X-Dlna doc 元素的內容。",
    "LaunchWebAppOnStartup": "在啟動伺服器時啟動使用者介面",
    "LabelUserRemoteClientBitrateLimitHelp": "覆蓋伺服器重播設定中設置的預設全域值。",
    "LabelTranscodingThreadCountHelp": "選擇轉檔時要使用的最大執行緒數，減少執行緒數將降低 CPU 使用率，但轉換速度可能不足以提供流暢的播放體驗。",
    "LabelXDlnaCap": "X-DLNA 上限：",
    "LabelXDlnaDoc": "X-DLNA 檔案：",
    "LeaveBlankToNotSetAPassword": "您可以將此欄位留空來將密碼設定為無。",
    "LiveTV": "電視直播",
    "MapChannels": "映射頻道",
    "MediaInfoAnamorphic": "畸形",
    "MediaInfoAspectRatio": "長寬比",
    "MediaInfoCodecTag": "編碼標籤",
    "MediaInfoInterlaced": "隔行掃描",
    "MediaInfoPixelFormat": "像素格式",
    "MediaInfoProfile": "設定檔",
    "MediaInfoRefFrames": "參考幀",
    "MediaInfoResolution": "解析度",
    "MediaIsBeingConverted": "媒體正在轉換為相容播放裝置的格式。",
    "MessageConfirmDeleteGuideProvider": "您確定要刪除此指南提供者嗎？",
    "MessageConfirmProfileDeletion": "您確定要刪除這個設定檔嗎？",
    "MessageConfirmRemoveMediaLocation": "您確定要移除這個位置嗎？",
    "MessageConfirmRevokeApiKey": "您確定要撤銷這個 API 金鑰嗎？這個應用程式與 Jellyfin 伺服器的連接將立即中斷。",
    "MessageCreateAccountAt": "在 {0} 建立使用者",
    "MessageDeleteTaskTrigger": "您確定要刪除這個任務觸發器嗎？",
    "MessageDirectoryPickerBSDInstruction": "對於 BSD 系統，您需要設定包含您 FreeNAS Jail 虛擬機的儲存以便 Jellyfin 存取。",
    "MessageDirectoryPickerInstruction": "在網路按鈕無法找到您的裝置的情況下，網路路徑可被手動輸入。例如：{0} 或 {1}。",
    "MessageDirectoryPickerLinuxInstruction": "使用 Linux on Arch Linux、CentOS、Debian、Fedora、openSUSE 或 Ubuntu 作業系統，您必須授權使用者至少讀取權限來存取您的儲存路徑。",
    "MessageEnablingOptionLongerScans": "啟用這個選項可能會延長媒體庫的掃描時間。",
    "MessageFileReadError": "讀取檔案時發生錯誤。",
    "MessageForgotPasswordInNetworkRequired": "請檢查您的區域網路後再試一次來開始密碼重置流程。",
    "MessageForgotPasswordFileCreated": "已在伺服器上建立了以下檔案，並包含有關後續步驟說明：",
    "MessageNoAvailablePlugins": "沒有可用的模組。",
    "MessageNoServersAvailable": "無法自動偵測伺服器。",
    "MessageLeaveEmptyToInherit": "保留為空以繼承父項或全域預設值的設定。",
    "MessageNoCollectionsAvailable": "分組能夠讓您享受個性化的影片、劇集和專輯。點擊＋按鈕開始建立分組。",
    "MessagePlayAccessRestricted": "此內容的播放受到限制，聯繫您的伺服器管理員以獲取更多訊息。",
    "MessagePluginConfigurationRequiresLocalAccess": "請直接登入你的本地伺服器以設定這個模組。",
    "MessagePluginInstallDisclaimer": "安裝 Jellyfin 社區成員建立的模組來獲取額外的功能可以最佳化您的 Jellyfin。但他們可能會對你的 Jellyfin 伺服器造成的影響，如更長的媒體庫掃描時間、額外的背景資料處理和降低系統穩定性等。",
    "MessageReenableUser": "請參閱以下以重新啟用",
    "MessageUnableToConnectToServer": "無法連上所選的伺服器，請確保該伺服器正在運作中。",
    "MessageYouHaveVersionInstalled": "你目前安裝了 {0} 版本。",
    "MoreFromValue": "更多來自 {0}",
    "News": "新聞",
    "NoNewDevicesFound": "找不到裝置，要添加新調諧器，請關閉此對話框並手動輸入裝置訊息。",
    "OnlyForcedSubtitles": "僅顯示強制字幕",
    "OnlyImageFormats": "僅圖片格式（VOBSUB、PGS、SUB 等）",
    "OptionAllowLinkSharingHelp": "只有網頁包含的媒體訊息會被共享，媒體檔案本身不會被公開共享，共享的內容會在 {0} 天後到期。",
    "OptionAllowRemoteSharedDevices": "允許遠端控制共享裝置",
    "OptionAllowSyncTranscoding": "允許需要轉檔的媒體下載和同步",
    "OptionAllowVideoPlaybackRemuxing": "允許播放需轉換但無需重新編碼的影片",
    "MessageTheFollowingLocationWillBeRemovedFromLibrary": "以下媒體位置將從您的媒體庫中刪除：",
    "MetadataSettingChangeHelp": "更改中繼資料設定將影響新增的新內容。要重新整理現有內容，請打開詳細訊息視窗並點選「重新整理」按鈕，或使用中繼資料管理器執行批次重新整理。",
    "MusicLibraryHelp": "查看{0}音樂命名指南{1}。",
    "OptionAutomaticallyGroupSeries": "自動合併分布在不同資料夾的電視劇",
    "OptionAutomaticallyGroupSeriesHelp": "分布在這個媒體庫的多個文件夾中的同一部電視劇將會自動整合成一部電視劇。",
    "OptionDateAddedImportTime": "使用加入媒體庫時的掃描日期",
    "OptionDisplayFolderView": "顯示「資料夾」類別來瀏覽你的媒體資料夾",
    "OptionEmbedSubtitles": "在影片容器中嵌入",
    "OptionDownloadImagesInAdvance": "提前下載圖片",
    "OptionEnableAccessFromAllDevices": "允許所有裝置存取",
    "OptionDownloadImagesInAdvanceHelp": "預設情況下，大多數圖片僅在Jellyfin應用程式請求時下載。啟用此選項可於匯入新媒體後提前下載所有圖片，可能會延長的媒體庫掃描時間。",
    "OptionEnableExternalContentInSuggestionsHelp": "允許將網際網路預告片和直播電視節目包含在建議的內容中。",
    "OptionHideUserFromLoginHelp": "對私人或隱藏的管理員帳戶很有用，但需手動輸入使用者名稱和密碼登入。",
    "OptionPlainStorageFolders": "顯示所有資料夾作為一般存儲資料夾",
    "OptionPlainVideoItems": "顯示所有影片為一般影片項目",
    "OptionPlainVideoItemsHelp": "所有影片在 DIDL 中顯示為「object.item.videoItem」，而不是一個更具體的類型，如「object.item.videoItem.movie」。",
    "OptionProtocolHls": "HTTP 直播串流",
    "OptionReportByteRangeSeekingWhenTranscoding": "轉檔時，回報伺服器支持的位元組查詢",
    "OptionSaveMetadataAsHidden": "儲存媒體資料和圖片為隱藏文件",
    "OptionSubstring": "子串",
    "OptionWeekdays": "工作日",
    "Overview": "概述",
    "PackageInstallCancelled": "{0}  安裝被取消。",
    "PlayAllFromHere": "從這裡開始全部播放",
    "PleaseAddAtLeastOneFolder": "請點擊新增按鈕，新增至少一個資料夾到這個媒體庫。",
    "PleaseConfirmPluginInstallation": "點擊「OK」以確認您已經閱讀了上述內容並希望繼續安裝模組。",
    "PleaseEnterNameOrId": "請輸入一個名稱或一個外部 ID。",
    "PleaseRestartServerName": "請重啟 Jellyfin 伺服器 - {0}。",
    "PleaseSelectTwoItems": "請至少選擇 2 個項目。",
    "PreferEmbeddedTitlesOverFileNames": "優先使用內建的標題而不是檔案名稱",
    "PreferEmbeddedTitlesOverFileNamesHelp": "這將在沒有網路上的中繼資料或本地中繼資料可用時顯示預設標題。",
    "PreferredNotRequired": "首選，但非必需",
    "Premiere": "首映",
    "Premieres": "首映",
    "Previous": "上一個",
    "Primary": "封面圖",
    "Producer": "監製",
    "ProductionLocations": "產地",
    "Programs": "節目",
    "Quality": "品質",
    "PackageInstallFailed": "{0} 安裝失敗。",
    "QueueAllFromHere": "將這裡的全部內容加入佇列",
    "Raised": "提高",
    "Rate": "評等",
    "Recordings": "錄影",
    "ServerRestartNeededAfterPluginInstall": "安裝模組後，Jellyfin 伺服器需要重啟以使模組生效。",
    "ShowIndicatorsFor": "顯示指標：",
    "Sort": "排序",
    "Studios": "工作室",
    "TheseSettingsAffectSubtitlesOnThisDevice": "這些設定僅影響該裝置的字幕顯示",
    "TitleHardwareAcceleration": "硬體加速",
    "TitleHostingSettings": "主機設定",
    "Uniform": "輪廓",
    "Unmute": "取消靜音",
    "Unplayed": "尚未播放",
    "TvLibraryHelp": "查看{0}電視命名指南{1}。",
    "LabelMonitorUsers": "監控活動：",
    "LabelPleaseRestart": "改動將在手動重啟用戶端後生效。",
    "LabelProfileCodecsHelp": "以逗號分隔。留空則適用於所有編解碼器。",
    "OptionPlainStorageFoldersHelp": "如果啟用，所有文件夾在DIDL中顯示為「object.container.storageFolder 」，而不是一個更具體的類型，如「object.container.person.musicArtist」。",
    "LabelInNetworkSignInWithEasyPasswordHelp": "你可以在你的家庭網路中使用你的簡易 PIN 碼登錄 Jellyfin 應用程式，僅在你使用外部網路時才需要輸入密碼，如果 PIN 碼留空，那麼在你的區域網路中便不需輸入密碼。",
    "LabelReleaseDate": "釋出日期：",
    "LabelRemoteClientBitrateLimit": "網際網路串流傳輸位元率限制（Mbps）：",
    "LanNetworksHelp": "在强制頻寬限制時，認作本地網路上的 IP 地址或 IP/網路掩碼條目的逗號分隔列表。如果設置此項，所有其它 IP 地址將被視作在外部網路上，并且將受到外部頻寬限制。如果保留爲空，則只將服務器的子網視作本地網路。",
    "OptionIgnoreTranscodeByteRangeRequests": "忽略轉檔位元組範圍請求",
    "OptionIgnoreTranscodeByteRangeRequestsHelp": "如果啟用，這些請求會被兌現，但會忽略的位元組範圍標頭。",
    "OptionLoginAttemptsBeforeLockoutHelp": "若值為 0，則表示將允許普通使用者嘗試三次、管理員嘗試五次的預設值，設定為 -1 來停用此功能。",
    "OptionRequirePerfectSubtitleMatchHelp": "僅下載經過測試並確認跟此影片檔案完美匹配的字幕。取消勾選這個項目可以增加找到並下載字幕的可能性，但可能會下載時間軸、翻譯不正確的字幕。",
    "PluginInstalledMessage": "這個模組安裝成功，但 Jellyfin 伺服器需要重啟以使模組生效。",
    "RecordingPathChangeMessage": "更改錄製資料夾不會將現有錄製從舊位置遷移到新的，您需要手動移動它們。",
    "RestartPleaseWaitMessage": "Jellyfin 伺服器將重新啟動，這將花費幾分鐘時間。",
    "LabelEmbedAlbumArtDidl": "於 Didl 中嵌入專輯封面",
    "LabelEnableAutomaticPortMapHelp": "自動嘗試映射公共連接埠到 UPnP 本地連接埠。這可能無法用於某些路由器。",
    "LabelEmbedAlbumArtDidlHelp": "有些裝置使用這個方式來取得專輯封面，啟用這個選項可能導致其他設備播放失敗。",
    "SettingsWarning": "更改這些值可能會導致不穩定或連線故障。如果您遇到任何問題，建議將它們重新更改為預設值。",
    "LabelEnableSingleImageInDidlLimitHelp": "若在 Didl 中嵌入多個圖片，某些裝置可能無法正常顯示。",
    "SortByValue": "排序方式：{0}",
    "LabelLineup": "排隊：",
    "LabelLocalHttpServerPortNumber": "本地 HTTP 端口：",
    "LabelLocalHttpServerPortNumberHelp": "Jellyfin HTTP 伺服器監聽的 TCP 端口。",
    "SubtitleAppearanceSettingsAlsoPassedToCastDevices": "這些設定也會被套用在任何透過此裝置發起的 Chromecast 播放。",
    "LabelLoginDisclaimer": "登入字句：",
    "LabelLogs": "日誌：",
    "SubtitleDownloadersHelp": "按優先順序啟用並排列您的首選字幕下載程式。",
    "LabelMatchType": "匹配的類型：",
    "SystemDlnaProfilesHelp": "系統設定檔案是唯讀的，更改系統設定檔案將被儲存到自訂的新設定檔案。",
    "LabelNumber": "編號：",
    "LabelNumberOfGuideDays": "下載電視指南日數：",
    "OnlyForcedSubtitlesHelp": "只有標記為「強制」的字幕會被載入。",
    "PackageInstallCompleted": "{0} 安裝完成。",
    "OptionDisplayFolderViewHelp": "在其他媒體庫旁邊顯示資料夾，對想要一個普通的資料夾檢視很有用。",
    "LabelReasonForTranscoding": "轉檔原因：",
    "LabelRecord": "錄影：",
    "LabelRecordingPath": "預設錄影路徑：",
    "LabelRecordingPathHelp": "指定用於存儲轉檔的位置，留空將使用伺服器的程式根目錄。",
    "LabelRemoteClientBitrateLimitHelp": "所有網路裝置都有可選的流位元率限制，這對於防止設備請求比網路連接所能處理的更高的位元率非常有用。這可能會導致伺服器上的 CPU 負載增加，以便將影片轉檔到較低的位元率。",
    "SmartSubtitlesHelp": "當音訊為外語時，將載入與語言偏好匹配的字幕。",
    "SubtitleAppearanceSettingsDisclaimer": "這些設定將不會套用在圖形字幕（如 PGS、DVD 等），或者一些有著自己的內建樣式的字幕（ASS/SSA)。",
    "UserAgentHelp": "提供自訂的使用者代理 HTTP 標頭。",
    "LabelRuntimeMinutes": "播放時長（分鐘）：",
    "LabelScheduledTaskLastRan": "最後執行 {0}，花費時間 {1}。",
    "LabelSkipForwardLength": "快轉長度：",
    "LabelSkipIfAudioTrackPresent": "如果預設音軌的語言和下載語言一樣則跳過",
    "LabelSkipIfAudioTrackPresentHelp": "取消此項，無論音訊語言是否一致，所有影片都會下載字幕。",
    "LabelSkipIfGraphicalSubsPresent": "跳過有內嵌字幕的影片",
    "LabelSonyAggregationFlags": "Sony 整合標誌：",
    "LabelSonyAggregationFlagsHelp": "決定在 urn:schemas-dlna-org:device-1-0 namespace 中的 aggregationFlags 元素的內容。",
    "LabelSortOrder": "排列順序：",
    "LabelSortTitle": "短標題：",
    "LabelSoundEffects": "音效：",
    "LabelSource": "來源：",
    "LabelSpecialSeasonsDisplayName": "SP 季顯示名稱：",
    "LabelSportsCategories": "體育分類：",
    "LabelStartWhenPossible": "當可能時自動開始：",
    "LabelVaapiDevice": "VA API 裝置：",
    "DashboardArchitecture": "結構：{0}",
    "MediaInfoSampleRate": "採樣率",
    "MessageContactAdminToResetPassword": "請聯繫您的管理員來重置密碼。",
    "MessageUnsetContentHelp": "內容將顯示為純資料夾，建議使用中繼資料管理器設置子資料夾的內容類型。",
    "OptionAllowAudioPlaybackTranscoding": "允許播放需要轉檔的音訊",
    "OptionCustomUsers": "自訂",
    "OptionDateAddedFileTime": "使用檔案建立日期",
    "OptionReportByteRangeSeekingWhenTranscodingHelp": "這對一些時間跳轉緩慢的裝置是必要的。",
    "XmlTvNewsCategoriesHelp": "有這些類別的節目會被當作新聞節目。用「|」分隔多個。",
    "LabelKodiMetadataEnableExtraThumbsHelp": "為了相容 Kodi 主題，下載的圖片將被同時儲存在 extrafanart 和 extrathumbs 資料夾中。",
    "LabelInternetQuality": "網路畫質：",
    "LabelKodiMetadataEnablePathSubstitutionHelp": "允許將圖片的路徑以伺服器路徑來替換。",
    "LabelKodiMetadataSaveImagePathsHelp": "如果您的圖片檔案名稱不符合 Kodi 規範，建議啟用。",
    "LabelKodiMetadataUser": "儲存這些使用者的觀看資料到 NFO 檔案裏：",
    "LabelKodiMetadataUserHelp": "儲存觀看資料到 NFO 檔案中以便其他應用程式使用。",
    "LabelMetadataReadersHelp": "優先排序您的首選資料屬性來源，首個找到的文件將被讀取。",
    "LabelMetadataSavers": "中繼資料儲存方式：",
    "LabelModelDescription": "型號描述",
    "LabelModelName": "型號名稱",
    "LabelModelUrl": "型號網址",
    "LabelMusicStreamingTranscodingBitrate": "音樂轉檔比特率：",
    "LabelMusicStreamingTranscodingBitrateHelp": "指定音樂串流時的最大比特率。",
    "LabelOptionalNetworkPathHelp": "如果這個資料夾在網路上分享，提供網路分享路徑可以供其他 Jellyfin 應用程式直接存取媒體檔案。",
    "LabelOriginalAspectRatio": "原始長寬比：",
    "LabelOverview": "內容概述：",
    "LabelParentalRating": "家長分級：",
    "LabelPasswordConfirm": "確認密碼：",
    "LabelPasswordResetProvider": "密碼重設提供者：",
    "LabelPasswordRecoveryPinCode": "PIN 碼：",
    "LabelPath": "路徑：",
    "LabelPersonRole": "角色：",
    "LabelPersonRoleHelp": "例如：冰淇淋車司機",
    "LabelPlaceOfBirth": "出生地：",
    "LabelPlayDefaultAudioTrack": "無論如何都播放預設音軌",
    "LabelPlayer": "播放器：",
    "LabelPlayMethod": "播放方式：",
    "LabelParentNumber": "父編號：",
    "LabelPostProcessor": "後處理應用程式:",
    "LabelPostProcessorArguments": "處理器後命令行參數:",
    "LabelPostProcessorArgumentsHelp": "使用 {path} 作為錄製檔案的路徑。",
    "LabelPreferredDisplayLanguage": "首選語言：",
    "LabelPreferredDisplayLanguageHelp": "翻譯 Jellyfin 是一個進行中的項目。",
    "LabelPreferredSubtitleLanguage": "字幕語言偏好：",
    "LabelProtocol": "協議:",
    "LabelProtocolInfo": "協議資訊：",
    "LabelPublicHttpPort": "公開 HTTP 端口：",
    "LabelPublicHttpsPort": "公開 HTTPS 端口：",
    "LabelProtocolInfoHelp": "當響應來自裝置的 GetProtocolInfo（獲取協議訊息）請求時，該值將被使用。",
    "LabelPublicHttpPortHelp": "公開連接埠應映射到本地 HTTP 連接埠。",
    "LabelPublicHttpsPortHelp": "公開連接埠應映射到本地 HTTPS 連接埠。",
    "LabelReadHowYouCanContribute": "了解如何作出貢獻。",
    "LabelSelectFolderGroups": "自動將以下資料夾中的內容分組到視圖中，例如電影、音樂和電視：",
    "LabelStatus": "狀態：",
    "LiveBroadcasts": "直播",
    "MessageImageTypeNotSelected": "在下拉選單中選取圖片類型。",
    "RemoveFromCollection": "從收藏移除",
    "RepeatEpisodes": "重複劇集",
    "RequiredForAllRemoteConnections": "所有遠端連接都需要",
    "SaveSubtitlesIntoMediaFolders": "保存字幕到媒體所在資料夾",
    "SaveSubtitlesIntoMediaFoldersHelp": "將字幕存儲在影片檔案旁邊可以讓管理更方便。",
    "ScanForNewAndUpdatedFiles": "掃描新的和有修改的文件",
    "Schedule": "排程",
    "TabCollections": "收藏",
    "TabNetworking": "網路",
    "TitlePlayback": "播放",
    "ValueConditions": "條件：{0}",
    "Vertical": "垂直",
    "VideoRange": "影片範圍",
    "ViewPlaybackInfo": "查看播放訊息",
    "XmlTvSportsCategoriesHelp": "有這些類別的節目會被當作體育節目。用「|」分隔多個。",
    "XmlTvPathHelp": "XML 電視檔案的路徑，Jellyfin 將讀取該檔案並定期檢查其更新，您負責建立和更新檔案。",
    "MessageInvalidForgotPasswordPin": "簡易代碼錯誤或已過期，請再試一次。",
    "OptionAllowVideoPlaybackTranscoding": "允許播放需要轉檔的影片",
    "Small": "小",
    "Smaller": "更小",
    "XmlTvKidsCategoriesHelp": "有這些類別的節目會被當作兒童節目。用「|」分隔多個。",
    "TabResponses": "響應",
    "LabelDisplaySpecialsWithinSeasons": "顯示劇集季度中的特集",
    "LabelNumberOfGuideDaysHelp": "下載更多電視指南資料會提供更好時間表查看能力，但將需要更長的下載時間。自動基於頻道數目來選擇。",
    "LabelOptionalNetworkPath": "（選用）分享的網路資料夾：",
    "MessageInstallPluginFromApp": "必須從要在其中使用它的應用程式中安裝此模組。",
    "OptionResElement": "res 元素",
    "PinCodeResetComplete": "PIN 碼已被重設。",
    "PinCodeResetConfirmation": "你確定要重設 PIN 碼？",
    "PasswordResetProviderHelp": "選擇密碼重設提供者以便使用者重設密碼",
    "PlaceFavoriteChannelsAtBeginning": "將喜愛的頻道置頂",
    "PlaybackData": "恢復播放資料",
    "OptionRandom": "隨機",
    "HeaderFavoritePeople": "最愛人物",
    "XmlDocumentAttributeListHelp": "這些屬性會在每一個XML回應的根元素上應用。",
    "SkipEpisodesAlreadyInMyLibraryHelp": "劇集將使用季和劇集編號進行比較。",
    "SelectAdminUsername": "請為管理員賬戶選擇一個用戶名。",
    "CopyStreamURLError": "複製網址的時候發生錯誤.",
    "OptionSaveMetadataAsHiddenHelp": "更改此項將應用於以後保存的元數據。現有元數據文件將在下一次 Jellyfin 伺服器保存它們時被更新。",
    "OptionAllowRemoteSharedDevicesHelp": "DLNA 設備在用戶對它們進行控制前都被視作共享的。",
    "OptionForceRemoteSourceTranscoding": "强制遠端轉碼（像電視直播一樣）",
    "MessageConfirmAppExit": "您要退出嗎？",
    "LaunchWebAppOnStartupHelp": "伺服器啓動時在默認游覽器中打開網頁端。使用重啓伺服器功能時此項不生效。",
    "LabelVideoResolution": "視頻解析度：",
    "LabelStreamType": "串流類型：",
    "EnableFastImageFadeInHelp": "為已加載的圖片啓用更快的淡入動畫",
    "EnableFastImageFadeIn": "快速圖片淡入",
    "LabelPlayerDimensions": "播放器尺寸：",
    "LabelDroppedFrames": "丟棄的幀：",
    "LabelCorruptedFrames": "損壞的幀：",
    "ButtonSplit": "拆分"
}
