<?xml version="1.0"?>
<doc>
    <assembly>
        <name>Emby.Drawing</name>
    </assembly>
    <members>
        <member name="T:Emby.Drawing.ImageProcessor">
            <summary>
            Class ImageProcessor.
            </summary>
        </member>
        <member name="M:Emby.Drawing.ImageProcessor.#ctor(Microsoft.Extensions.Logging.ILogger{Emby.Drawing.ImageProcessor},MediaBrowser.Controller.IServerApplicationPaths,MediaBrowser.Model.IO.IFileSystem,MediaBrowser.Controller.Drawing.IImageEncoder,MediaBrowser.Controller.MediaEncoding.IMediaEncoder)">
            <summary>
            Initializes a new instance of the <see cref="T:Emby.Drawing.ImageProcessor"/> class.
            </summary>
            <param name="logger">The logger.</param>
            <param name="appPaths">The server application paths.</param>
            <param name="fileSystem">The filesystem.</param>
            <param name="imageEncoder">The image encoder.</param>
            <param name="mediaEncoder">The media encoder.</param>
        </member>
        <member name="P:Emby.Drawing.ImageProcessor.SupportedInputFormats">
            <inheritdoc />
        </member>
        <member name="P:Emby.Drawing.ImageProcessor.SupportsImageCollageCreation">
            <inheritdoc />
        </member>
        <member name="M:Emby.Drawing.ImageProcessor.ProcessImage(MediaBrowser.Controller.Drawing.ImageProcessingOptions,System.IO.Stream)">
            <inheritdoc />
        </member>
        <member name="M:Emby.Drawing.ImageProcessor.GetSupportedImageOutputFormats">
            <inheritdoc />
        </member>
        <member name="M:Emby.Drawing.ImageProcessor.SupportsTransparency(System.String)">
            <inheritdoc />
        </member>
        <member name="M:Emby.Drawing.ImageProcessor.ProcessImage(MediaBrowser.Controller.Drawing.ImageProcessingOptions)">
            <inheritdoc />
        </member>
        <member name="M:Emby.Drawing.ImageProcessor.GetCacheFilePath(System.String,MediaBrowser.Model.Drawing.ImageDimensions,System.Int32,System.DateTime,MediaBrowser.Model.Drawing.ImageFormat,System.Boolean,System.Double,System.Nullable{System.Int32},System.Nullable{System.Int32},System.String,System.String)">
            <summary>
            Gets the cache file path based on a set of parameters.
            </summary>
        </member>
        <member name="M:Emby.Drawing.ImageProcessor.GetImageDimensions(MediaBrowser.Controller.Entities.BaseItem,MediaBrowser.Controller.Entities.ItemImageInfo)">
            <inheritdoc />
        </member>
        <member name="M:Emby.Drawing.ImageProcessor.GetImageDimensions(System.String)">
            <inheritdoc />
        </member>
        <member name="M:Emby.Drawing.ImageProcessor.GetImageBlurHash(System.String)">
            <inheritdoc />
        </member>
        <member name="M:Emby.Drawing.ImageProcessor.GetImageCacheTag(MediaBrowser.Controller.Entities.BaseItem,MediaBrowser.Controller.Entities.ItemImageInfo)">
            <inheritdoc />
        </member>
        <member name="M:Emby.Drawing.ImageProcessor.GetImageCacheTag(MediaBrowser.Controller.Entities.BaseItem,MediaBrowser.Model.Entities.ChapterInfo)">
            <inheritdoc />
        </member>
        <member name="M:Emby.Drawing.ImageProcessor.GetImageCacheTag(Jellyfin.Data.Entities.User)">
            <inheritdoc />
        </member>
        <member name="M:Emby.Drawing.ImageProcessor.GetCachePath(System.String,System.String,System.String)">
            <summary>
            Gets the cache path.
            </summary>
            <param name="path">The path.</param>
            <param name="uniqueName">Name of the unique.</param>
            <param name="fileExtension">The file extension.</param>
            <returns>System.String.</returns>
            <exception cref="T:System.ArgumentNullException">
            path
            or
            uniqueName
            or
            fileExtension.
            </exception>
        </member>
        <member name="M:Emby.Drawing.ImageProcessor.GetCachePath(System.String,System.String)">
            <summary>
            Gets the cache path.
            </summary>
            <param name="path">The path.</param>
            <param name="filename">The filename.</param>
            <returns>System.String.</returns>
            <exception cref="T:System.ArgumentNullException">
            path
            or
            filename.
            </exception>
        </member>
        <member name="M:Emby.Drawing.ImageProcessor.CreateImageCollage(MediaBrowser.Controller.Drawing.ImageCollageOptions)">
            <inheritdoc />
        </member>
        <member name="M:Emby.Drawing.ImageProcessor.Dispose">
            <inheritdoc />
        </member>
        <member name="T:Emby.Drawing.NullImageEncoder">
            <summary>
            A fallback implementation of <see cref="T:MediaBrowser.Controller.Drawing.IImageEncoder" />.
            </summary>
        </member>
        <member name="P:Emby.Drawing.NullImageEncoder.SupportedInputFormats">
            <inheritdoc />
        </member>
        <member name="P:Emby.Drawing.NullImageEncoder.SupportedOutputFormats">
            <inheritdoc />
        </member>
        <member name="P:Emby.Drawing.NullImageEncoder.Name">
            <inheritdoc />
        </member>
        <member name="P:Emby.Drawing.NullImageEncoder.SupportsImageCollageCreation">
            <inheritdoc />
        </member>
        <member name="P:Emby.Drawing.NullImageEncoder.SupportsImageEncoding">
            <inheritdoc />
        </member>
        <member name="M:Emby.Drawing.NullImageEncoder.GetImageSize(System.String)">
            <inheritdoc />
        </member>
        <member name="M:Emby.Drawing.NullImageEncoder.EncodeImage(System.String,System.DateTime,System.String,System.Boolean,System.Nullable{MediaBrowser.Model.Drawing.ImageOrientation},System.Int32,MediaBrowser.Controller.Drawing.ImageProcessingOptions,MediaBrowser.Model.Drawing.ImageFormat)">
            <inheritdoc />
        </member>
        <member name="M:Emby.Drawing.NullImageEncoder.CreateImageCollage(MediaBrowser.Controller.Drawing.ImageCollageOptions)">
            <inheritdoc />
        </member>
        <member name="M:Emby.Drawing.NullImageEncoder.GetImageBlurHash(System.Int32,System.Int32,System.String)">
            <inheritdoc />
        </member>
    </members>
</doc>
